case_index,rep,threads,thread_order,order,method,schedule_index,case,seed,kvik_threads,blas_threads,numba_pool_ceiling,cache_bytes,n,m,cell,trait,rho,fst,stratum,n_null,lambda_gc,rejection_0.05,rejection_0.01,rejection_0.001
1,1,1,1,1,mixmogam-he,1,/Users/au507860/REPOS/mixmogam/benchmarks/results/20261003-hapnest-kvik-n50000-m20000/rho0.8_fst0_rep01/unstructured_mixed,20262486,1,1,8,4000000000.0,50000,20000,unstructured,mixed,0.8,0,all_null,3300,0.9514282687379741,0.04878787878787879,0.008484848484848486,0.0009090909090909091
1,1,1,1,1,mixmogam-he,1,/Users/au507860/REPOS/mixmogam/benchmarks/results/20261003-hapnest-kvik-n50000-m20000/rho0.8_fst0_rep01/unstructured_mixed,20262486,1,1,8,4000000000.0,50000,20000,unstructured,mixed,0.8,0,loading_q1,678,1.0112352281592727,0.038348082595870206,0.0058997050147492625,0.0
1,1,1,1,1,mixmogam-he,1,/Users/au507860/REPOS/mixmogam/benchmarks/results/20261003-hapnest-kvik-n50000-m20000/rho0.8_fst0_rep01/unstructured_mixed,20262486,1,1,8,4000000000.0,50000,20000,unstructured,mixed,0.8,0,loading_q2,668,0.9503617205004834,0.0374251497005988,0.0074850299401197605,0.0014970059880239522
1,1,1,1,1,mixmogam-he,1,/Users/au507860/REPOS/mixmogam/benchmarks/results/20261003-hapnest-kvik-n50000-m20000/rho0.8_fst0_rep01/unstructured_mixed,20262486,1,1,8,4000000000.0,50000,20000,unstructured,mixed,0.8,0,loading_q3,692,0.9720209816428528,0.0476878612716763,0.011560693641618497,0.001445086705202312
1,1,1,1,1,mixmogam-he,1,/Users/au507860/REPOS/mixmogam/benchmarks/results/20261003-hapnest-kvik-n50000-m20000/rho0.8_fst0_rep01/unstructured_mixed,20262486,1,1,8,4000000000.0,50000,20000,unstructured,mixed,0.8,0,loading_q4,653,0.8482879948066488,0.05666156202143951,0.007656967840735069,0.0015313935681470138
1,1,1,1,1,mixmogam-he,1,/Users/au507860/REPOS/mixmogam/benchmarks/results/20261003-hapnest-kvik-n50000-m20000/rho0.8_fst0_rep01/unstructured_mixed,20262486,1,1,8,4000000000.0,50000,20000,unstructured,mixed,0.8,0,loading_q5,609,1.060820351639817,0.06568144499178982,0.009852216748768473,0.0
1,1,1,1,1,mixmogam-he,1,/Users/au507860/REPOS/mixmogam/benchmarks/results/20261003-hapnest-kvik-n50000-m20000/rho0.8_fst0_rep01/unstructured_mixed,20262486,1,1,8,4000000000.0,50000,20000,unstructured,mixed,0.8,0,maf_q1,655,0.9909053142588419,0.04885496183206107,0.007633587786259542,0.0
1,1,1,1,1,mixmogam-he,1,/Users/au507860/REPOS/mixmogam/benchmarks/results/20261003-hapnest-kvik-n50000-m20000/rho0.8_fst0_rep01/unstructured_mixed,20262486,1,1,8,4000000000.0,50000,20000,unstructured,mixed,0.8,0,maf_q2,608,1.0086670165805989,0.03453947368421053,0.008223684210526315,0.0
1,1,1,1,1,mixmogam-he,1,/Users/au507860/REPOS/mixmogam/benchmarks/results/20261003-hapnest-kvik-n50000-m20000/rho0.8_fst0_rep01/unstructured_mixed,20262486,1,1,8,4000000000.0,50000,20000,unstructured,mixed,0.8,0,maf_q3,660,0.9302792832386542,0.05454545454545454,0.010606060606060607,0.0
1,1,1,1,1,mixmogam-he,1,/Users/au507860/REPOS/mixmogam/benchmarks/results/20261003-hapnest-kvik-n50000-m20000/rho0.8_fst0_rep01/unstructured_mixed,20262486,1,1,8,4000000000.0,50000,20000,unstructured,mixed,0.8,0,maf_q4,701,0.9057029180933973,0.05991440798858773,0.008559201141226819,0.0014265335235378032
1,1,1,1,1,mixmogam-he,1,/Users/au507860/REPOS/mixmogam/benchmarks/results/20261003-hapnest-kvik-n50000-m20000/rho0.8_fst0_rep01/unstructured_mixed,20262486,1,1,8,4000000000.0,50000,20000,unstructured,mixed,0.8,0,maf_q5,676,0.967300786344928,0.04437869822485207,0.0073964497041420114,0.0029585798816568047
1,1,1,1,1,mixmogam-he,1,/Users/au507860/REPOS/mixmogam/benchmarks/results/20261003-hapnest-kvik-n50000-m20000/rho0.8_fst0_rep01/unstructured_mixed,20262486,1,1,8,4000000000.0,50000,20000,unstructured,mixed,0.8,0,ld_q1,679,0.952061460544903,0.050073637702503684,0.005891016200294551,0.0014727540500736377
1,1,1,1,1,mixmogam-he,1,/Users/au507860/REPOS/mixmogam/benchmarks/results/20261003-hapnest-kvik-n50000-m20000/rho0.8_fst0_rep01/unstructured_mixed,20262486,1,1,8,4000000000.0,50000,20000,unstructured,mixed,0.8,0,ld_q2,636,0.92991425293193,0.05188679245283019,0.007861635220125786,0.0
1,1,1,1,1,mixmogam-he,1,/Users/au507860/REPOS/mixmogam/benchmarks/results/20261003-hapnest-kvik-n50000-m20000/rho0.8_fst0_rep01/unstructured_mixed,20262486,1,1,8,4000000000.0,50000,20000,unstructured,mixed,0.8,0,ld_q3,634,0.9542727871788313,0.04416403785488959,0.011041009463722398,0.0
1,1,1,1,1,mixmogam-he,1,/Users/au507860/REPOS/mixmogam/benchmarks/results/20261003-hapnest-kvik-n50000-m20000/rho0.8_fst0_rep01/unstructured_mixed,20262486,1,1,8,4000000000.0,50000,20000,unstructured,mixed,0.8,0,ld_q4,681,0.9359928728801623,0.0513950073421439,0.004405286343612335,0.0014684287812041115
1,1,1,1,1,mixmogam-he,1,/Users/au507860/REPOS/mixmogam/benchmarks/results/20261003-hapnest-kvik-n50000-m20000/rho0.8_fst0_rep01/unstructured_mixed,20262486,1,1,8,4000000000.0,50000,20000,unstructured,mixed,0.8,0,ld_q5,670,0.984679758111334,0.04626865671641791,0.013432835820895522,0.0014925373134328358
1,1,1,1,2,ldak-kvik,2,/Users/au507860/REPOS/mixmogam/benchmarks/results/20261003-hapnest-kvik-n50000-m20000/rho0.8_fst0_rep01/unstructured_mixed,20262486,,1,,,50000,20000,unstructured,mixed,0.8,0,all_null,3300,0.9434594183942085,0.04787878787878788,0.008787878787878787,0.0006060606060606061
1,1,1,1,2,ldak-kvik,2,/Users/au507860/REPOS/mixmogam/benchmarks/results/20261003-hapnest-kvik-n50000-m20000/rho0.8_fst0_rep01/unstructured_mixed,20262486,,1,,,50000,20000,unstructured,mixed,0.8,0,loading_q1,678,0.9524047481919276,0.035398230088495575,0.0058997050147492625,0.0
1,1,1,1,2,ldak-kvik,2,/Users/au507860/REPOS/mixmogam/benchmarks/results/20261003-hapnest-kvik-n50000-m20000/rho0.8_fst0_rep01/unstructured_mixed,20262486,,1,,,50000,20000,unstructured,mixed,0.8,0,loading_q2,668,0.9726592860475809,0.03592814371257485,0.008982035928143712,0.0
1,1,1,1,2,ldak-kvik,2,/Users/au507860/REPOS/mixmogam/benchmarks/results/20261003-hapnest-kvik-n50000-m20000/rho0.8_fst0_rep01/unstructured_mixed,20262486,,1,,,50000,20000,unstructured,mixed,0.8,0,loading_q3,692,0.989334239257513,0.049132947976878616,0.011560693641618497,0.001445086705202312
1,1,1,1,2,ldak-kvik,2,/Users/au507860/REPOS/mixmogam/benchmarks/results/20261003-hapnest-kvik-n50000-m20000/rho0.8_fst0_rep01/unstructured_mixed,20262486,,1,,,50000,20000,unstructured,mixed,0.8,0,loading_q4,653,0.8098948553291315,0.05666156202143951,0.007656967840735069,0.0015313935681470138
1,1,1,1,2,ldak-kvik,2,/Users/au507860/REPOS/mixmogam/benchmarks/results/20261003-hapnest-kvik-n50000-m20000/rho0.8_fst0_rep01/unstructured_mixed,20262486,,1,,,50000,20000,unstructured,mixed,0.8,0,loading_q5,609,1.0066879535379432,0.06403940886699508,0.009852216748768473,0.0
1,1,1,1,2,ldak-kvik,2,/Users/au507860/REPOS/mixmogam/benchmarks/results/20261003-hapnest-kvik-n50000-m20000/rho0.8_fst0_rep01/unstructured_mixed,20262486,,1,,,50000,20000,unstructured,mixed,0.8,0,maf_q1,655,0.9042143833694357,0.05343511450381679,0.007633587786259542,0.0
1,1,1,1,2,ldak-kvik,2,/Users/au507860/REPOS/mixmogam/benchmarks/results/20261003-hapnest-kvik-n50000-m20000/rho0.8_fst0_rep01/unstructured_mixed,20262486,,1,,,50000,20000,unstructured,mixed,0.8,0,maf_q2,608,1.0067588379992964,0.03453947368421053,0.006578947368421052,0.0
1,1,1,1,2,ldak-kvik,2,/Users/au507860/REPOS/mixmogam/benchmarks/results/20261003-hapnest-kvik-n50000-m20000/rho0.8_fst0_rep01/unstructured_mixed,20262486,,1,,,50000,20000,unstructured,mixed,0.8,0,maf_q3,660,0.8882129305744314,0.04696969696969697,0.010606060606060607,0.0
1,1,1,1,2,ldak-kvik,2,/Users/au507860/REPOS/mixmogam/benchmarks/results/20261003-hapnest-kvik-n50000-m20000/rho0.8_fst0_rep01/unstructured_mixed,20262486,,1,,,50000,20000,unstructured,mixed,0.8,0,maf_q4,701,0.92720777987435,0.05848787446504993,0.011412268188302425,0.0014265335235378032
1,1,1,1,2,ldak-kvik,2,/Users/au507860/REPOS/mixmogam/benchmarks/results/20261003-hapnest-kvik-n50000-m20000/rho0.8_fst0_rep01/unstructured_mixed,20262486,,1,,,50000,20000,unstructured,mixed,0.8,0,maf_q5,676,0.9949251455930558,0.04437869822485207,0.0073964497041420114,0.0014792899408284023
1,1,1,1,2,ldak-kvik,2,/Users/au507860/REPOS/mixmogam/benchmarks/results/20261003-hapnest-kvik-n50000-m20000/rho0.8_fst0_rep01/unstructured_mixed,20262486,,1,,,50000,20000,unstructured,mixed,0.8,0,ld_q1,679,0.9173472227561904,0.050073637702503684,0.005891016200294551,0.0014727540500736377
1,1,1,1,2,ldak-kvik,2,/Users/au507860/REPOS/mixmogam/benchmarks/results/20261003-hapnest-kvik-n50000-m20000/rho0.8_fst0_rep01/unstructured_mixed,20262486,,1,,,50000,20000,unstructured,mixed,0.8,0,ld_q2,636,0.9675677855056436,0.05345911949685535,0.009433962264150943,0.0
1,1,1,1,2,ldak-kvik,2,/Users/au507860/REPOS/mixmogam/benchmarks/results/20261003-hapnest-kvik-n50000-m20000/rho0.8_fst0_rep01/unstructured_mixed,20262486,,1,,,50000,20000,unstructured,mixed,0.8,0,ld_q3,634,0.9422363039358516,0.03943217665615142,0.011041009463722398,0.0
1,1,1,1,2,ldak-kvik,2,/Users/au507860/REPOS/mixmogam/benchmarks/results/20261003-hapnest-kvik-n50000-m20000/rho0.8_fst0_rep01/unstructured_mixed,20262486,,1,,,50000,20000,unstructured,mixed,0.8,0,ld_q4,681,0.9037803706827099,0.05286343612334802,0.004405286343612335,0.0014684287812041115
1,1,1,1,2,ldak-kvik,2,/Users/au507860/REPOS/mixmogam/benchmarks/results/20261003-hapnest-kvik-n50000-m20000/rho0.8_fst0_rep01/unstructured_mixed,20262486,,1,,,50000,20000,unstructured,mixed,0.8,0,ld_q5,670,0.9883624205925422,0.04328358208955224,0.013432835820895522,0.0
1,1,4,2,1,ldak-kvik,3,/Users/au507860/REPOS/mixmogam/benchmarks/results/20261003-hapnest-kvik-n50000-m20000/rho0.8_fst0_rep01/unstructured_mixed,20262486,,4,,,50000,20000,unstructured,mixed,0.8,0,all_null,3300,0.9434594183942085,0.04787878787878788,0.008787878787878787,0.0006060606060606061
1,1,4,2,1,ldak-kvik,3,/Users/au507860/REPOS/mixmogam/benchmarks/results/20261003-hapnest-kvik-n50000-m20000/rho0.8_fst0_rep01/unstructured_mixed,20262486,,4,,,50000,20000,unstructured,mixed,0.8,0,loading_q1,678,0.9524047481919276,0.035398230088495575,0.0058997050147492625,0.0
1,1,4,2,1,ldak-kvik,3,/Users/au507860/REPOS/mixmogam/benchmarks/results/20261003-hapnest-kvik-n50000-m20000/rho0.8_fst0_rep01/unstructured_mixed,20262486,,4,,,50000,20000,unstructured,mixed,0.8,0,loading_q2,668,0.9726592860475809,0.03592814371257485,0.008982035928143712,0.0
1,1,4,2,1,ldak-kvik,3,/Users/au507860/REPOS/mixmogam/benchmarks/results/20261003-hapnest-kvik-n50000-m20000/rho0.8_fst0_rep01/unstructured_mixed,20262486,,4,,,50000,20000,unstructured,mixed,0.8,0,loading_q3,692,0.989334239257513,0.049132947976878616,0.011560693641618497,0.001445086705202312
1,1,4,2,1,ldak-kvik,3,/Users/au507860/REPOS/mixmogam/benchmarks/results/20261003-hapnest-kvik-n50000-m20000/rho0.8_fst0_rep01/unstructured_mixed,20262486,,4,,,50000,20000,unstructured,mixed,0.8,0,loading_q4,653,0.8098948553291315,0.05666156202143951,0.007656967840735069,0.0015313935681470138
1,1,4,2,1,ldak-kvik,3,/Users/au507860/REPOS/mixmogam/benchmarks/results/20261003-hapnest-kvik-n50000-m20000/rho0.8_fst0_rep01/unstructured_mixed,20262486,,4,,,50000,20000,unstructured,mixed,0.8,0,loading_q5,609,1.0066879535379432,0.06403940886699508,0.009852216748768473,0.0
1,1,4,2,1,ldak-kvik,3,/Users/au507860/REPOS/mixmogam/benchmarks/results/20261003-hapnest-kvik-n50000-m20000/rho0.8_fst0_rep01/unstructured_mixed,20262486,,4,,,50000,20000,unstructured,mixed,0.8,0,maf_q1,655,0.9042143833694357,0.05343511450381679,0.007633587786259542,0.0
1,1,4,2,1,ldak-kvik,3,/Users/au507860/REPOS/mixmogam/benchmarks/results/20261003-hapnest-kvik-n50000-m20000/rho0.8_fst0_rep01/unstructured_mixed,20262486,,4,,,50000,20000,unstructured,mixed,0.8,0,maf_q2,608,1.0067588379992964,0.03453947368421053,0.006578947368421052,0.0
1,1,4,2,1,ldak-kvik,3,/Users/au507860/REPOS/mixmogam/benchmarks/results/20261003-hapnest-kvik-n50000-m20000/rho0.8_fst0_rep01/unstructured_mixed,20262486,,4,,,50000,20000,unstructured,mixed,0.8,0,maf_q3,660,0.8882129305744314,0.04696969696969697,0.010606060606060607,0.0
1,1,4,2,1,ldak-kvik,3,/Users/au507860/REPOS/mixmogam/benchmarks/results/20261003-hapnest-kvik-n50000-m20000/rho0.8_fst0_rep01/unstructured_mixed,20262486,,4,,,50000,20000,unstructured,mixed,0.8,0,maf_q4,701,0.92720777987435,0.05848787446504993,0.011412268188302425,0.0014265335235378032
1,1,4,2,1,ldak-kvik,3,/Users/au507860/REPOS/mixmogam/benchmarks/results/20261003-hapnest-kvik-n50000-m20000/rho0.8_fst0_rep01/unstructured_mixed,20262486,,4,,,50000,20000,unstructured,mixed,0.8,0,maf_q5,676,0.9949251455930558,0.04437869822485207,0.0073964497041420114,0.0014792899408284023
1,1,4,2,1,ldak-kvik,3,/Users/au507860/REPOS/mixmogam/benchmarks/results/20261003-hapnest-kvik-n50000-m20000/rho0.8_fst0_rep01/unstructured_mixed,20262486,,4,,,50000,20000,unstructured,mixed,0.8,0,ld_q1,679,0.9173472227561904,0.050073637702503684,0.005891016200294551,0.0014727540500736377
1,1,4,2,1,ldak-kvik,3,/Users/au507860/REPOS/mixmogam/benchmarks/results/20261003-hapnest-kvik-n50000-m20000/rho0.8_fst0_rep01/unstructured_mixed,20262486,,4,,,50000,20000,unstructured,mixed,0.8,0,ld_q2,636,0.9675677855056436,0.05345911949685535,0.009433962264150943,0.0
1,1,4,2,1,ldak-kvik,3,/Users/au507860/REPOS/mixmogam/benchmarks/results/20261003-hapnest-kvik-n50000-m20000/rho0.8_fst0_rep01/unstructured_mixed,20262486,,4,,,50000,20000,unstructured,mixed,0.8,0,ld_q3,634,0.9422363039358516,0.03943217665615142,0.011041009463722398,0.0
1,1,4,2,1,ldak-kvik,3,/Users/au507860/REPOS/mixmogam/benchmarks/results/20261003-hapnest-kvik-n50000-m20000/rho0.8_fst0_rep01/unstructured_mixed,20262486,,4,,,50000,20000,unstructured,mixed,0.8,0,ld_q4,681,0.9037803706827099,0.05286343612334802,0.004405286343612335,0.0014684287812041115
1,1,4,2,1,ldak-kvik,3,/Users/au507860/REPOS/mixmogam/benchmarks/results/20261003-hapnest-kvik-n50000-m20000/rho0.8_fst0_rep01/unstructured_mixed,20262486,,4,,,50000,20000,unstructured,mixed,0.8,0,ld_q5,670,0.9883624205925422,0.04328358208955224,0.013432835820895522,0.0
1,1,4,2,2,mixmogam-he,4,/Users/au507860/REPOS/mixmogam/benchmarks/results/20261003-hapnest-kvik-n50000-m20000/rho0.8_fst0_rep01/unstructured_mixed,20262486,4,1,8,4000000000.0,50000,20000,unstructured,mixed,0.8,0,all_null,3300,0.9514280749882431,0.04878787878787879,0.008484848484848486,0.0009090909090909091
1,1,4,2,2,mixmogam-he,4,/Users/au507860/REPOS/mixmogam/benchmarks/results/20261003-hapnest-kvik-n50000-m20000/rho0.8_fst0_rep01/unstructured_mixed,20262486,4,1,8,4000000000.0,50000,20000,unstructured,mixed,0.8,0,loading_q1,678,1.0112347914178443,0.038348082595870206,0.0058997050147492625,0.0
1,1,4,2,2,mixmogam-he,4,/Users/au507860/REPOS/mixmogam/benchmarks/results/20261003-hapnest-kvik-n50000-m20000/rho0.8_fst0_rep01/unstructured_mixed,20262486,4,1,8,4000000000.0,50000,20000,unstructured,mixed,0.8,0,loading_q2,668,0.9503622340548789,0.0374251497005988,0.0074850299401197605,0.0014970059880239522
1,1,4,2,2,mixmogam-he,4,/Users/au507860/REPOS/mixmogam/benchmarks/results/20261003-hapnest-kvik-n50000-m20000/rho0.8_fst0_rep01/unstructured_mixed,20262486,4,1,8,4000000000.0,50000,20000,unstructured,mixed,0.8,0,loading_q3,692,0.9720191552574248,0.0476878612716763,0.011560693641618497,0.001445086705202312
1,1,4,2,2,mixmogam-he,4,/Users/au507860/REPOS/mixmogam/benchmarks/results/20261003-hapnest-kvik-n50000-m20000/rho0.8_fst0_rep01/unstructured_mixed,20262486,4,1,8,4000000000.0,50000,20000,unstructured,mixed,0.8,0,loading_q4,653,0.8482894759605801,0.05666156202143951,0.007656967840735069,0.0015313935681470138
1,1,4,2,2,mixmogam-he,4,/Users/au507860/REPOS/mixmogam/benchmarks/results/20261003-hapnest-kvik-n50000-m20000/rho0.8_fst0_rep01/unstructured_mixed,20262486,4,1,8,4000000000.0,50000,20000,unstructured,mixed,0.8,0,loading_q5,609,1.0608217455553406,0.06568144499178982,0.009852216748768473,0.0
1,1,4,2,2,mixmogam-he,4,/Users/au507860/REPOS/mixmogam/benchmarks/results/20261003-hapnest-kvik-n50000-m20000/rho0.8_fst0_rep01/unstructured_mixed,20262486,4,1,8,4000000000.0,50000,20000,unstructured,mixed,0.8,0,maf_q1,655,0.9909018979280263,0.04885496183206107,0.007633587786259542,0.0
1,1,4,2,2,mixmogam-he,4,/Users/au507860/REPOS/mixmogam/benchmarks/results/20261003-hapnest-kvik-n50000-m20000/rho0.8_fst0_rep01/unstructured_mixed,20262486,4,1,8,4000000000.0,50000,20000,unstructured,mixed,0.8,0,maf_q2,608,1.0086672150126479,0.03453947368421053,0.008223684210526315,0.0
1,1,4,2,2,mixmogam-he,4,/Users/au507860/REPOS/mixmogam/benchmarks/results/20261003-hapnest-kvik-n50000-m20000/rho0.8_fst0_rep01/unstructured_mixed,20262486,4,1,8,4000000000.0,50000,20000,unstructured,mixed,0.8,0,maf_q3,660,0.930279113373679,0.05454545454545454,0.010606060606060607,0.0
1,1,4,2,2,mixmogam-he,4,/Users/au507860/REPOS/mixmogam/benchmarks/results/20261003-hapnest-kvik-n50000-m20000/rho0.8_fst0_rep01/unstructured_mixed,20262486,4,1,8,4000000000.0,50000,20000,unstructured,mixed,0.8,0,maf_q4,701,0.9057015551271281,0.05991440798858773,0.008559201141226819,0.0014265335235378032
1,1,4,2,2,mixmogam-he,4,/Users/au507860/REPOS/mixmogam/benchmarks/results/20261003-hapnest-kvik-n50000-m20000/rho0.8_fst0_rep01/unstructured_mixed,20262486,4,1,8,4000000000.0,50000,20000,unstructured,mixed,0.8,0,maf_q5,676,0.9673013390600688,0.04437869822485207,0.0073964497041420114,0.0029585798816568047
1,1,4,2,2,mixmogam-he,4,/Users/au507860/REPOS/mixmogam/benchmarks/results/20261003-hapnest-kvik-n50000-m20000/rho0.8_fst0_rep01/unstructured_mixed,20262486,4,1,8,4000000000.0,50000,20000,unstructured,mixed,0.8,0,ld_q1,679,0.952058981110498,0.050073637702503684,0.005891016200294551,0.0014727540500736377
1,1,4,2,2,mixmogam-he,4,/Users/au507860/REPOS/mixmogam/benchmarks/results/20261003-hapnest-kvik-n50000-m20000/rho0.8_fst0_rep01/unstructured_mixed,20262486,4,1,8,4000000000.0,50000,20000,unstructured,mixed,0.8,0,ld_q2,636,0.9299137631083358,0.05188679245283019,0.007861635220125786,0.0
1,1,4,2,2,mixmogam-he,4,/Users/au507860/REPOS/mixmogam/benchmarks/results/20261003-hapnest-kvik-n50000-m20000/rho0.8_fst0_rep01/unstructured_mixed,20262486,4,1,8,4000000000.0,50000,20000,unstructured,mixed,0.8,0,ld_q3,634,0.9542718598550607,0.04416403785488959,0.011041009463722398,0.0
1,1,4,2,2,mixmogam-he,4,/Users/au507860/REPOS/mixmogam/benchmarks/results/20261003-hapnest-kvik-n50000-m20000/rho0.8_fst0_rep01/unstructured_mixed,20262486,4,1,8,4000000000.0,50000,20000,unstructured,mixed,0.8,0,ld_q4,681,0.9359890219347404,0.0513950073421439,0.004405286343612335,0.0014684287812041115
1,1,4,2,2,mixmogam-he,4,/Users/au507860/REPOS/mixmogam/benchmarks/results/20261003-hapnest-kvik-n50000-m20000/rho0.8_fst0_rep01/unstructured_mixed,20262486,4,1,8,4000000000.0,50000,20000,unstructured,mixed,0.8,0,ld_q5,670,0.9846803696232739,0.04626865671641791,0.013432835820895522,0.0014925373134328358
2,1,4,1,1,mixmogam-he,5,/Users/au507860/REPOS/mixmogam/benchmarks/results/20261003-hapnest-kvik-n50000-m20000/rho0.8_fst0.05_rep01/confounded-pc_mixed,20262486,4,1,8,4000000000.0,50000,20000,confounded-pc,mixed,0.8,0.05,all_null,3300,0.9775947948294511,0.055757575757575756,0.014242424242424242,0.0027272727272727275
2,1,4,1,1,mixmogam-he,5,/Users/au507860/REPOS/mixmogam/benchmarks/results/20261003-hapnest-kvik-n50000-m20000/rho0.8_fst0.05_rep01/confounded-pc_mixed,20262486,4,1,8,4000000000.0,50000,20000,confounded-pc,mixed,0.8,0.05,loading_q1,623,1.2163456995932311,0.06741573033707865,0.02247191011235955,0.008025682182985553
2,1,4,1,1,mixmogam-he,5,/Users/au507860/REPOS/mixmogam/benchmarks/results/20261003-hapnest-kvik-n50000-m20000/rho0.8_fst0.05_rep01/confounded-pc_mixed,20262486,4,1,8,4000000000.0,50000,20000,confounded-pc,mixed,0.8,0.05,loading_q2,633,0.949936984146045,0.06635071090047394,0.011058451816745656,0.00315955766192733
2,1,4,1,1,mixmogam-he,5,/Users/au507860/REPOS/mixmogam/benchmarks/results/20261003-hapnest-kvik-n50000-m20000/rho0.8_fst0.05_rep01/confounded-pc_mixed,20262486,4,1,8,4000000000.0,50000,20000,confounded-pc,mixed,0.8,0.05,loading_q3,678,0.95179058266346,0.048672566371681415,0.011799410029498525,0.0
2,1,4,1,1,mixmogam-he,5,/Users/au507860/REPOS/mixmogam/benchmarks/results/20261003-hapnest-kvik-n50000-m20000/rho0.8_fst0.05_rep01/confounded-pc_mixed,20262486,4,1,8,4000000000.0,50000,20000,confounded-pc,mixed,0.8,0.05,loading_q4,693,0.8857421869334852,0.05194805194805195,0.015873015873015872,0.002886002886002886
2,1,4,1,1,mixmogam-he,5,/Users/au507860/REPOS/mixmogam/benchmarks/results/20261003-hapnest-kvik-n50000-m20000/rho0.8_fst0.05_rep01/confounded-pc_mixed,20262486,4,1,8,4000000000.0,50000,20000,confounded-pc,mixed,0.8,0.05,loading_q5,673,1.0204301251165087,0.04606240713224369,0.010401188707280832,0.0
2,1,4,1,1,mixmogam-he,5,/Users/au507860/REPOS/mixmogam/benchmarks/results/20261003-hapnest-kvik-n50000-m20000/rho0.8_fst0.05_rep01/confounded-pc_mixed,20262486,4,1,8,4000000000.0,50000,20000,confounded-pc,mixed,0.8,0.05,maf_q1,666,0.922848184259145,0.04354354354354354,0.0075075075075075074,0.0045045045045045045
2,1,4,1,1,mixmogam-he,5,/Users/au507860/REPOS/mixmogam/benchmarks/results/20261003-hapnest-kvik-n50000-m20000/rho0.8_fst0.05_rep01/confounded-pc_mixed,20262486,4,1,8,4000000000.0,50000,20000,confounded-pc,mixed,0.8,0.05,maf_q2,623,1.1534440587688741,0.05457463884430177,0.016051364365971106,0.0032102728731942215
2,1,4,1,1,mixmogam-he,5,/Users/au507860/REPOS/mixmogam/benchmarks/results/20261003-hapnest-kvik-n50000-m20000/rho0.8_fst0.05_rep01/confounded-pc_mixed,20262486,4,1,8,4000000000.0,50000,20000,confounded-pc,mixed,0.8,0.05,maf_q3,649,1.1477719220602542,0.06471494607087827,0.020030816640986132,0.0
2,1,4,1,1,mixmogam-he,5,/Users/au507860/REPOS/mixmogam/benchmarks/results/20261003-hapnest-kvik-n50000-m20000/rho0.8_fst0.05_rep01/confounded-pc_mixed,20262486,4,1,8,4000000000.0,50000,20000,confounded-pc,mixed,0.8,0.05,maf_q4,682,0.8440888854816283,0.05718475073313783,0.011730205278592375,0.002932551319648094
2,1,4,1,1,mixmogam-he,5,/Users/au507860/REPOS/mixmogam/benchmarks/results/20261003-hapnest-kvik-n50000-m20000/rho0.8_fst0.05_rep01/confounded-pc_mixed,20262486,4,1,8,4000000000.0,50000,20000,confounded-pc,mixed,0.8,0.05,maf_q5,680,0.9671304377384571,0.058823529411764705,0.016176470588235296,0.0029411764705882353
2,1,4,1,1,mixmogam-he,5,/Users/au507860/REPOS/mixmogam/benchmarks/results/20261003-hapnest-kvik-n50000-m20000/rho0.8_fst0.05_rep01/confounded-pc_mixed,20262486,4,1,8,4000000000.0,50000,20000,confounded-pc,mixed,0.8,0.05,ld_q1,706,0.9045570105263848,0.036827195467422094,0.0084985835694051,0.0
2,1,4,1,1,mixmogam-he,5,/Users/au507860/REPOS/mixmogam/benchmarks/results/20261003-hapnest-kvik-n50000-m20000/rho0.8_fst0.05_rep01/confounded-pc_mixed,20262486,4,1,8,4000000000.0,50000,20000,confounded-pc,mixed,0.8,0.05,ld_q2,646,1.048533024725934,0.05108359133126935,0.01238390092879257,0.0030959752321981426
2,1,4,1,1,mixmogam-he,5,/Users/au507860/REPOS/mixmogam/benchmarks/results/20261003-hapnest-kvik-n50000-m20000/rho0.8_fst0.05_rep01/confounded-pc_mixed,20262486,4,1,8,4000000000.0,50000,20000,confounded-pc,mixed,0.8,0.05,ld_q3,652,1.0229871858518544,0.06134969325153374,0.019938650306748466,0.003067484662576687
2,1,4,1,1,mixmogam-he,5,/Users/au507860/REPOS/mixmogam/benchmarks/results/20261003-hapnest-kvik-n50000-m20000/rho0.8_fst0.05_rep01/confounded-pc_mixed,20262486,4,1,8,4000000000.0,50000,20000,confounded-pc,mixed,0.8,0.05,ld_q4,636,1.00037613287617,0.05817610062893082,0.0110062893081761,0.0015723270440251573
2,1,4,1,1,mixmogam-he,5,/Users/au507860/REPOS/mixmogam/benchmarks/results/20261003-hapnest-kvik-n50000-m20000/rho0.8_fst0.05_rep01/confounded-pc_mixed,20262486,4,1,8,4000000000.0,50000,20000,confounded-pc,mixed,0.8,0.05,ld_q5,660,0.9149521784709604,0.07272727272727272,0.019696969696969695,0.006060606060606061
2,1,4,1,2,ldak-kvik,6,/Users/au507860/REPOS/mixmogam/benchmarks/results/20261003-hapnest-kvik-n50000-m20000/rho0.8_fst0.05_rep01/confounded-pc_mixed,20262486,,4,,,50000,20000,confounded-pc,mixed,0.8,0.05,all_null,3300,0.9189495137745044,0.04787878787878788,0.013333333333333334,0.0030303030303030303
2,1,4,1,2,ldak-kvik,6,/Users/au507860/REPOS/mixmogam/benchmarks/results/20261003-hapnest-kvik-n50000-m20000/rho0.8_fst0.05_rep01/confounded-pc_mixed,20262486,,4,,,50000,20000,confounded-pc,mixed,0.8,0.05,loading_q1,623,1.1575233789025936,0.06260032102728733,0.02086677367576244,0.008025682182985553
2,1,4,1,2,ldak-kvik,6,/Users/au507860/REPOS/mixmogam/benchmarks/results/20261003-hapnest-kvik-n50000-m20000/rho0.8_fst0.05_rep01/confounded-pc_mixed,20262486,,4,,,50000,20000,confounded-pc,mixed,0.8,0.05,loading_q2,633,0.9748980153364033,0.05529225908372828,0.009478672985781991,0.00315955766192733
2,1,4,1,2,ldak-kvik,6,/Users/au507860/REPOS/mixmogam/benchmarks/results/20261003-hapnest-kvik-n50000-m20000/rho0.8_fst0.05_rep01/confounded-pc_mixed,20262486,,4,,,50000,20000,confounded-pc,mixed,0.8,0.05,loading_q3,678,0.8455446821648991,0.04424778761061947,0.008849557522123894,0.0
2,1,4,1,2,ldak-kvik,6,/Users/au507860/REPOS/mixmogam/benchmarks/results/20261003-hapnest-kvik-n50000-m20000/rho0.8_fst0.05_rep01/confounded-pc_mixed,20262486,,4,,,50000,20000,confounded-pc,mixed,0.8,0.05,loading_q4,693,0.8213698239370185,0.047619047619047616,0.015873015873015872,0.004329004329004329
2,1,4,1,2,ldak-kvik,6,/Users/au507860/REPOS/mixmogam/benchmarks/results/20261003-hapnest-kvik-n50000-m20000/rho0.8_fst0.05_rep01/confounded-pc_mixed,20262486,,4,,,50000,20000,confounded-pc,mixed,0.8,0.05,loading_q5,673,0.858850229217672,0.031203566121842496,0.01188707280832095,0.0
2,1,4,1,2,ldak-kvik,6,/Users/au507860/REPOS/mixmogam/benchmarks/results/20261003-hapnest-kvik-n50000-m20000/rho0.8_fst0.05_rep01/confounded-pc_mixed,20262486,,4,,,50000,20000,confounded-pc,mixed,0.8,0.05,maf_q1,666,0.8812680356434675,0.03753753753753754,0.0075075075075075074,0.0045045045045045045
2,1,4,1,2,ldak-kvik,6,/Users/au507860/REPOS/mixmogam/benchmarks/results/20261003-hapnest-kvik-n50000-m20000/rho0.8_fst0.05_rep01/confounded-pc_mixed,20262486,,4,,,50000,20000,confounded-pc,mixed,0.8,0.05,maf_q2,623,1.0920683110372191,0.04654895666131621,0.016051364365971106,0.0032102728731942215
2,1,4,1,2,ldak-kvik,6,/Users/au507860/REPOS/mixmogam/benchmarks/results/20261003-hapnest-kvik-n50000-m20000/rho0.8_fst0.05_rep01/confounded-pc_mixed,20262486,,4,,,50000,20000,confounded-pc,mixed,0.8,0.05,maf_q3,649,1.0582615477346338,0.060092449922958396,0.01848998459167951,0.0
2,1,4,1,2,ldak-kvik,6,/Users/au507860/REPOS/mixmogam/benchmarks/results/20261003-hapnest-kvik-n50000-m20000/rho0.8_fst0.05_rep01/confounded-pc_mixed,20262486,,4,,,50000,20000,confounded-pc,mixed,0.8,0.05,maf_q4,682,0.8189524082404066,0.04252199413489736,0.011730205278592375,0.004398826979472141
2,1,4,1,2,ldak-kvik,6,/Users/au507860/REPOS/mixmogam/benchmarks/results/20261003-hapnest-kvik-n50000-m20000/rho0.8_fst0.05_rep01/confounded-pc_mixed,20262486,,4,,,50000,20000,confounded-pc,mixed,0.8,0.05,maf_q5,680,0.8476603188442744,0.052941176470588235,0.013235294117647059,0.0029411764705882353
2,1,4,1,2,ldak-kvik,6,/Users/au507860/REPOS/mixmogam/benchmarks/results/20261003-hapnest-kvik-n50000-m20000/rho0.8_fst0.05_rep01/confounded-pc_mixed,20262486,,4,,,50000,20000,confounded-pc,mixed,0.8,0.05,ld_q1,706,0.8796459955086373,0.028328611898016998,0.0084985835694051,0.0
2,1,4,1,2,ldak-kvik,6,/Users/au507860/REPOS/mixmogam/benchmarks/results/20261003-hapnest-kvik-n50000-m20000/rho0.8_fst0.05_rep01/confounded-pc_mixed,20262486,,4,,,50000,20000,confounded-pc,mixed,0.8,0.05,ld_q2,646,0.9745774267720174,0.04489164086687306,0.010835913312693499,0.0030959752321981426
2,1,4,1,2,ldak-kvik,6,/Users/au507860/REPOS/mixmogam/benchmarks/results/20261003-hapnest-kvik-n50000-m20000/rho0.8_fst0.05_rep01/confounded-pc_mixed,20262486,,4,,,50000,20000,confounded-pc,mixed,0.8,0.05,ld_q3,652,0.9629989906135513,0.04754601226993865,0.019938650306748466,0.003067484662576687
2,1,4,1,2,ldak-kvik,6,/Users/au507860/REPOS/mixmogam/benchmarks/results/20261003-hapnest-kvik-n50000-m20000/rho0.8_fst0.05_rep01/confounded-pc_mixed,20262486,,4,,,50000,20000,confounded-pc,mixed,0.8,0.05,ld_q4,636,0.8957995655718701,0.050314465408805034,0.009433962264150943,0.0015723270440251573
2,1,4,1,2,ldak-kvik,6,/Users/au507860/REPOS/mixmogam/benchmarks/results/20261003-hapnest-kvik-n50000-m20000/rho0.8_fst0.05_rep01/confounded-pc_mixed,20262486,,4,,,50000,20000,confounded-pc,mixed,0.8,0.05,ld_q5,660,0.8916799960246357,0.0696969696969697,0.01818181818181818,0.007575757575757576
2,1,1,2,1,ldak-kvik,7,/Users/au507860/REPOS/mixmogam/benchmarks/results/20261003-hapnest-kvik-n50000-m20000/rho0.8_fst0.05_rep01/confounded-pc_mixed,20262486,,1,,,50000,20000,confounded-pc,mixed,0.8,0.05,all_null,3300,0.9189495137745044,0.04787878787878788,0.013333333333333334,0.0030303030303030303
2,1,1,2,1,ldak-kvik,7,/Users/au507860/REPOS/mixmogam/benchmarks/results/20261003-hapnest-kvik-n50000-m20000/rho0.8_fst0.05_rep01/confounded-pc_mixed,20262486,,1,,,50000,20000,confounded-pc,mixed,0.8,0.05,loading_q1,623,1.1575233789025936,0.06260032102728733,0.02086677367576244,0.008025682182985553
2,1,1,2,1,ldak-kvik,7,/Users/au507860/REPOS/mixmogam/benchmarks/results/20261003-hapnest-kvik-n50000-m20000/rho0.8_fst0.05_rep01/confounded-pc_mixed,20262486,,1,,,50000,20000,confounded-pc,mixed,0.8,0.05,loading_q2,633,0.9748980153364033,0.05529225908372828,0.009478672985781991,0.00315955766192733
2,1,1,2,1,ldak-kvik,7,/Users/au507860/REPOS/mixmogam/benchmarks/results/20261003-hapnest-kvik-n50000-m20000/rho0.8_fst0.05_rep01/confounded-pc_mixed,20262486,,1,,,50000,20000,confounded-pc,mixed,0.8,0.05,loading_q3,678,0.8455446821648991,0.04424778761061947,0.008849557522123894,0.0
2,1,1,2,1,ldak-kvik,7,/Users/au507860/REPOS/mixmogam/benchmarks/results/20261003-hapnest-kvik-n50000-m20000/rho0.8_fst0.05_rep01/confounded-pc_mixed,20262486,,1,,,50000,20000,confounded-pc,mixed,0.8,0.05,loading_q4,693,0.8213698239370185,0.047619047619047616,0.015873015873015872,0.004329004329004329
2,1,1,2,1,ldak-kvik,7,/Users/au507860/REPOS/mixmogam/benchmarks/results/20261003-hapnest-kvik-n50000-m20000/rho0.8_fst0.05_rep01/confounded-pc_mixed,20262486,,1,,,50000,20000,confounded-pc,mixed,0.8,0.05,loading_q5,673,0.858850229217672,0.031203566121842496,0.01188707280832095,0.0
2,1,1,2,1,ldak-kvik,7,/Users/au507860/REPOS/mixmogam/benchmarks/results/20261003-hapnest-kvik-n50000-m20000/rho0.8_fst0.05_rep01/confounded-pc_mixed,20262486,,1,,,50000,20000,confounded-pc,mixed,0.8,0.05,maf_q1,666,0.8812680356434675,0.03753753753753754,0.0075075075075075074,0.0045045045045045045
2,1,1,2,1,ldak-kvik,7,/Users/au507860/REPOS/mixmogam/benchmarks/results/20261003-hapnest-kvik-n50000-m20000/rho0.8_fst0.05_rep01/confounded-pc_mixed,20262486,,1,,,50000,20000,confounded-pc,mixed,0.8,0.05,maf_q2,623,1.0920683110372191,0.04654895666131621,0.016051364365971106,0.0032102728731942215
2,1,1,2,1,ldak-kvik,7,/Users/au507860/REPOS/mixmogam/benchmarks/results/20261003-hapnest-kvik-n50000-m20000/rho0.8_fst0.05_rep01/confounded-pc_mixed,20262486,,1,,,50000,20000,confounded-pc,mixed,0.8,0.05,maf_q3,649,1.0582615477346338,0.060092449922958396,0.01848998459167951,0.0
2,1,1,2,1,ldak-kvik,7,/Users/au507860/REPOS/mixmogam/benchmarks/results/20261003-hapnest-kvik-n50000-m20000/rho0.8_fst0.05_rep01/confounded-pc_mixed,20262486,,1,,,50000,20000,confounded-pc,mixed,0.8,0.05,maf_q4,682,0.8189524082404066,0.04252199413489736,0.011730205278592375,0.004398826979472141
2,1,1,2,1,ldak-kvik,7,/Users/au507860/REPOS/mixmogam/benchmarks/results/20261003-hapnest-kvik-n50000-m20000/rho0.8_fst0.05_rep01/confounded-pc_mixed,20262486,,1,,,50000,20000,confounded-pc,mixed,0.8,0.05,maf_q5,680,0.8476603188442744,0.052941176470588235,0.013235294117647059,0.0029411764705882353
2,1,1,2,1,ldak-kvik,7,/Users/au507860/REPOS/mixmogam/benchmarks/results/20261003-hapnest-kvik-n50000-m20000/rho0.8_fst0.05_rep01/confounded-pc_mixed,20262486,,1,,,50000,20000,confounded-pc,mixed,0.8,0.05,ld_q1,706,0.8796459955086373,0.028328611898016998,0.0084985835694051,0.0
2,1,1,2,1,ldak-kvik,7,/Users/au507860/REPOS/mixmogam/benchmarks/results/20261003-hapnest-kvik-n50000-m20000/rho0.8_fst0.05_rep01/confounded-pc_mixed,20262486,,1,,,50000,20000,confounded-pc,mixed,0.8,0.05,ld_q2,646,0.9745774267720174,0.04489164086687306,0.010835913312693499,0.0030959752321981426
2,1,1,2,1,ldak-kvik,7,/Users/au507860/REPOS/mixmogam/benchmarks/results/20261003-hapnest-kvik-n50000-m20000/rho0.8_fst0.05_rep01/confounded-pc_mixed,20262486,,1,,,50000,20000,confounded-pc,mixed,0.8,0.05,ld_q3,652,0.9629989906135513,0.04754601226993865,0.019938650306748466,0.003067484662576687
2,1,1,2,1,ldak-kvik,7,/Users/au507860/REPOS/mixmogam/benchmarks/results/20261003-hapnest-kvik-n50000-m20000/rho0.8_fst0.05_rep01/confounded-pc_mixed,20262486,,1,,,50000,20000,confounded-pc,mixed,0.8,0.05,ld_q4,636,0.8957995655718701,0.050314465408805034,0.009433962264150943,0.0015723270440251573
2,1,1,2,1,ldak-kvik,7,/Users/au507860/REPOS/mixmogam/benchmarks/results/20261003-hapnest-kvik-n50000-m20000/rho0.8_fst0.05_rep01/confounded-pc_mixed,20262486,,1,,,50000,20000,confounded-pc,mixed,0.8,0.05,ld_q5,660,0.8916799960246357,0.0696969696969697,0.01818181818181818,0.007575757575757576
2,1,1,2,2,mixmogam-he,8,/Users/au507860/REPOS/mixmogam/benchmarks/results/20261003-hapnest-kvik-n50000-m20000/rho0.8_fst0.05_rep01/confounded-pc_mixed,20262486,1,1,8,4000000000.0,50000,20000,confounded-pc,mixed,0.8,0.05,all_null,3300,0.9775946464390946,0.055757575757575756,0.014242424242424242,0.0027272727272727275
2,1,1,2,2,mixmogam-he,8,/Users/au507860/REPOS/mixmogam/benchmarks/results/20261003-hapnest-kvik-n50000-m20000/rho0.8_fst0.05_rep01/confounded-pc_mixed,20262486,1,1,8,4000000000.0,50000,20000,confounded-pc,mixed,0.8,0.05,loading_q1,623,1.216344768592789,0.06741573033707865,0.02247191011235955,0.008025682182985553
2,1,1,2,2,mixmogam-he,8,/Users/au507860/REPOS/mixmogam/benchmarks/results/20261003-hapnest-kvik-n50000-m20000/rho0.8_fst0.05_rep01/confounded-pc_mixed,20262486,1,1,8,4000000000.0,50000,20000,confounded-pc,mixed,0.8,0.05,loading_q2,633,0.9499374801986538,0.06635071090047394,0.011058451816745656,0.00315955766192733
2,1,1,2,2,mixmogam-he,8,/Users/au507860/REPOS/mixmogam/benchmarks/results/20261003-hapnest-kvik-n50000-m20000/rho0.8_fst0.05_rep01/confounded-pc_mixed,20262486,1,1,8,4000000000.0,50000,20000,confounded-pc,mixed,0.8,0.05,loading_q3,678,0.9517915523372819,0.048672566371681415,0.011799410029498525,0.0
2,1,1,2,2,mixmogam-he,8,/Users/au507860/REPOS/mixmogam/benchmarks/results/20261003-hapnest-kvik-n50000-m20000/rho0.8_fst0.05_rep01/confounded-pc_mixed,20262486,1,1,8,4000000000.0,50000,20000,confounded-pc,mixed,0.8,0.05,loading_q4,693,0.8857409217321263,0.05194805194805195,0.015873015873015872,0.002886002886002886
2,1,1,2,2,mixmogam-he,8,/Users/au507860/REPOS/mixmogam/benchmarks/results/20261003-hapnest-kvik-n50000-m20000/rho0.8_fst0.05_rep01/confounded-pc_mixed,20262486,1,1,8,4000000000.0,50000,20000,confounded-pc,mixed,0.8,0.05,loading_q5,673,1.0204323831806144,0.04606240713224369,0.010401188707280832,0.0
2,1,1,2,2,mixmogam-he,8,/Users/au507860/REPOS/mixmogam/benchmarks/results/20261003-hapnest-kvik-n50000-m20000/rho0.8_fst0.05_rep01/confounded-pc_mixed,20262486,1,1,8,4000000000.0,50000,20000,confounded-pc,mixed,0.8,0.05,maf_q1,666,0.9228482849481031,0.04354354354354354,0.0075075075075075074,0.0045045045045045045
2,1,1,2,2,mixmogam-he,8,/Users/au507860/REPOS/mixmogam/benchmarks/results/20261003-hapnest-kvik-n50000-m20000/rho0.8_fst0.05_rep01/confounded-pc_mixed,20262486,1,1,8,4000000000.0,50000,20000,confounded-pc,mixed,0.8,0.05,maf_q2,623,1.1534419850575375,0.05457463884430177,0.016051364365971106,0.0032102728731942215
2,1,1,2,2,mixmogam-he,8,/Users/au507860/REPOS/mixmogam/benchmarks/results/20261003-hapnest-kvik-n50000-m20000/rho0.8_fst0.05_rep01/confounded-pc_mixed,20262486,1,1,8,4000000000.0,50000,20000,confounded-pc,mixed,0.8,0.05,maf_q3,649,1.1477729204638722,0.06471494607087827,0.020030816640986132,0.0
2,1,1,2,2,mixmogam-he,8,/Users/au507860/REPOS/mixmogam/benchmarks/results/20261003-hapnest-kvik-n50000-m20000/rho0.8_fst0.05_rep01/confounded-pc_mixed,20262486,1,1,8,4000000000.0,50000,20000,confounded-pc,mixed,0.8,0.05,maf_q4,682,0.844087810733709,0.05718475073313783,0.011730205278592375,0.002932551319648094
2,1,1,2,2,mixmogam-he,8,/Users/au507860/REPOS/mixmogam/benchmarks/results/20261003-hapnest-kvik-n50000-m20000/rho0.8_fst0.05_rep01/confounded-pc_mixed,20262486,1,1,8,4000000000.0,50000,20000,confounded-pc,mixed,0.8,0.05,maf_q5,680,0.9671296255218521,0.058823529411764705,0.016176470588235296,0.0029411764705882353
2,1,1,2,2,mixmogam-he,8,/Users/au507860/REPOS/mixmogam/benchmarks/results/20261003-hapnest-kvik-n50000-m20000/rho0.8_fst0.05_rep01/confounded-pc_mixed,20262486,1,1,8,4000000000.0,50000,20000,confounded-pc,mixed,0.8,0.05,ld_q1,706,0.9045568587105907,0.036827195467422094,0.0084985835694051,0.0
2,1,1,2,2,mixmogam-he,8,/Users/au507860/REPOS/mixmogam/benchmarks/results/20261003-hapnest-kvik-n50000-m20000/rho0.8_fst0.05_rep01/confounded-pc_mixed,20262486,1,1,8,4000000000.0,50000,20000,confounded-pc,mixed,0.8,0.05,ld_q2,646,1.0485335015009334,0.05108359133126935,0.01238390092879257,0.0030959752321981426
2,1,1,2,2,mixmogam-he,8,/Users/au507860/REPOS/mixmogam/benchmarks/results/20261003-hapnest-kvik-n50000-m20000/rho0.8_fst0.05_rep01/confounded-pc_mixed,20262486,1,1,8,4000000000.0,50000,20000,confounded-pc,mixed,0.8,0.05,ld_q3,652,1.0229877864488557,0.06134969325153374,0.019938650306748466,0.003067484662576687
2,1,1,2,2,mixmogam-he,8,/Users/au507860/REPOS/mixmogam/benchmarks/results/20261003-hapnest-kvik-n50000-m20000/rho0.8_fst0.05_rep01/confounded-pc_mixed,20262486,1,1,8,4000000000.0,50000,20000,confounded-pc,mixed,0.8,0.05,ld_q4,636,1.0003750949152237,0.05817610062893082,0.0110062893081761,0.0015723270440251573
2,1,1,2,2,mixmogam-he,8,/Users/au507860/REPOS/mixmogam/benchmarks/results/20261003-hapnest-kvik-n50000-m20000/rho0.8_fst0.05_rep01/confounded-pc_mixed,20262486,1,1,8,4000000000.0,50000,20000,confounded-pc,mixed,0.8,0.05,ld_q5,660,0.9149527675572735,0.07272727272727272,0.019696969696969695,0.006060606060606061
1,2,4,1,1,mixmogam-he,9,/Users/au507860/REPOS/mixmogam/benchmarks/results/20261003-hapnest-kvik-n50000-m20000/rho0.8_fst0_rep01/unstructured_mixed,20262486,4,1,8,4000000000.0,50000,20000,unstructured,mixed,0.8,0,all_null,3300,0.9514280749882431,0.04878787878787879,0.008484848484848486,0.0009090909090909091
1,2,4,1,1,mixmogam-he,9,/Users/au507860/REPOS/mixmogam/benchmarks/results/20261003-hapnest-kvik-n50000-m20000/rho0.8_fst0_rep01/unstructured_mixed,20262486,4,1,8,4000000000.0,50000,20000,unstructured,mixed,0.8,0,loading_q1,678,1.0112347914178443,0.038348082595870206,0.0058997050147492625,0.0
1,2,4,1,1,mixmogam-he,9,/Users/au507860/REPOS/mixmogam/benchmarks/results/20261003-hapnest-kvik-n50000-m20000/rho0.8_fst0_rep01/unstructured_mixed,20262486,4,1,8,4000000000.0,50000,20000,unstructured,mixed,0.8,0,loading_q2,668,0.9503622340548789,0.0374251497005988,0.0074850299401197605,0.0014970059880239522
1,2,4,1,1,mixmogam-he,9,/Users/au507860/REPOS/mixmogam/benchmarks/results/20261003-hapnest-kvik-n50000-m20000/rho0.8_fst0_rep01/unstructured_mixed,20262486,4,1,8,4000000000.0,50000,20000,unstructured,mixed,0.8,0,loading_q3,692,0.9720191552574248,0.0476878612716763,0.011560693641618497,0.001445086705202312
1,2,4,1,1,mixmogam-he,9,/Users/au507860/REPOS/mixmogam/benchmarks/results/20261003-hapnest-kvik-n50000-m20000/rho0.8_fst0_rep01/unstructured_mixed,20262486,4,1,8,4000000000.0,50000,20000,unstructured,mixed,0.8,0,loading_q4,653,0.8482894759605801,0.05666156202143951,0.007656967840735069,0.0015313935681470138
1,2,4,1,1,mixmogam-he,9,/Users/au507860/REPOS/mixmogam/benchmarks/results/20261003-hapnest-kvik-n50000-m20000/rho0.8_fst0_rep01/unstructured_mixed,20262486,4,1,8,4000000000.0,50000,20000,unstructured,mixed,0.8,0,loading_q5,609,1.0608217455553406,0.06568144499178982,0.009852216748768473,0.0
1,2,4,1,1,mixmogam-he,9,/Users/au507860/REPOS/mixmogam/benchmarks/results/20261003-hapnest-kvik-n50000-m20000/rho0.8_fst0_rep01/unstructured_mixed,20262486,4,1,8,4000000000.0,50000,20000,unstructured,mixed,0.8,0,maf_q1,655,0.9909018979280263,0.04885496183206107,0.007633587786259542,0.0
1,2,4,1,1,mixmogam-he,9,/Users/au507860/REPOS/mixmogam/benchmarks/results/20261003-hapnest-kvik-n50000-m20000/rho0.8_fst0_rep01/unstructured_mixed,20262486,4,1,8,4000000000.0,50000,20000,unstructured,mixed,0.8,0,maf_q2,608,1.0086672150126479,0.03453947368421053,0.008223684210526315,0.0
1,2,4,1,1,mixmogam-he,9,/Users/au507860/REPOS/mixmogam/benchmarks/results/20261003-hapnest-kvik-n50000-m20000/rho0.8_fst0_rep01/unstructured_mixed,20262486,4,1,8,4000000000.0,50000,20000,unstructured,mixed,0.8,0,maf_q3,660,0.930279113373679,0.05454545454545454,0.010606060606060607,0.0
1,2,4,1,1,mixmogam-he,9,/Users/au507860/REPOS/mixmogam/benchmarks/results/20261003-hapnest-kvik-n50000-m20000/rho0.8_fst0_rep01/unstructured_mixed,20262486,4,1,8,4000000000.0,50000,20000,unstructured,mixed,0.8,0,maf_q4,701,0.9057015551271281,0.05991440798858773,0.008559201141226819,0.0014265335235378032
1,2,4,1,1,mixmogam-he,9,/Users/au507860/REPOS/mixmogam/benchmarks/results/20261003-hapnest-kvik-n50000-m20000/rho0.8_fst0_rep01/unstructured_mixed,20262486,4,1,8,4000000000.0,50000,20000,unstructured,mixed,0.8,0,maf_q5,676,0.9673013390600688,0.04437869822485207,0.0073964497041420114,0.0029585798816568047
1,2,4,1,1,mixmogam-he,9,/Users/au507860/REPOS/mixmogam/benchmarks/results/20261003-hapnest-kvik-n50000-m20000/rho0.8_fst0_rep01/unstructured_mixed,20262486,4,1,8,4000000000.0,50000,20000,unstructured,mixed,0.8,0,ld_q1,679,0.952058981110498,0.050073637702503684,0.005891016200294551,0.0014727540500736377
1,2,4,1,1,mixmogam-he,9,/Users/au507860/REPOS/mixmogam/benchmarks/results/20261003-hapnest-kvik-n50000-m20000/rho0.8_fst0_rep01/unstructured_mixed,20262486,4,1,8,4000000000.0,50000,20000,unstructured,mixed,0.8,0,ld_q2,636,0.9299137631083358,0.05188679245283019,0.007861635220125786,0.0
1,2,4,1,1,mixmogam-he,9,/Users/au507860/REPOS/mixmogam/benchmarks/results/20261003-hapnest-kvik-n50000-m20000/rho0.8_fst0_rep01/unstructured_mixed,20262486,4,1,8,4000000000.0,50000,20000,unstructured,mixed,0.8,0,ld_q3,634,0.9542718598550607,0.04416403785488959,0.011041009463722398,0.0
1,2,4,1,1,mixmogam-he,9,/Users/au507860/REPOS/mixmogam/benchmarks/results/20261003-hapnest-kvik-n50000-m20000/rho0.8_fst0_rep01/unstructured_mixed,20262486,4,1,8,4000000000.0,50000,20000,unstructured,mixed,0.8,0,ld_q4,681,0.9359890219347404,0.0513950073421439,0.004405286343612335,0.0014684287812041115
1,2,4,1,1,mixmogam-he,9,/Users/au507860/REPOS/mixmogam/benchmarks/results/20261003-hapnest-kvik-n50000-m20000/rho0.8_fst0_rep01/unstructured_mixed,20262486,4,1,8,4000000000.0,50000,20000,unstructured,mixed,0.8,0,ld_q5,670,0.9846803696232739,0.04626865671641791,0.013432835820895522,0.0014925373134328358
1,2,4,1,2,ldak-kvik,10,/Users/au507860/REPOS/mixmogam/benchmarks/results/20261003-hapnest-kvik-n50000-m20000/rho0.8_fst0_rep01/unstructured_mixed,20262486,,4,,,50000,20000,unstructured,mixed,0.8,0,all_null,3300,0.9434594183942085,0.04787878787878788,0.008787878787878787,0.0006060606060606061
1,2,4,1,2,ldak-kvik,10,/Users/au507860/REPOS/mixmogam/benchmarks/results/20261003-hapnest-kvik-n50000-m20000/rho0.8_fst0_rep01/unstructured_mixed,20262486,,4,,,50000,20000,unstructured,mixed,0.8,0,loading_q1,678,0.9524047481919276,0.035398230088495575,0.0058997050147492625,0.0
1,2,4,1,2,ldak-kvik,10,/Users/au507860/REPOS/mixmogam/benchmarks/results/20261003-hapnest-kvik-n50000-m20000/rho0.8_fst0_rep01/unstructured_mixed,20262486,,4,,,50000,20000,unstructured,mixed,0.8,0,loading_q2,668,0.9726592860475809,0.03592814371257485,0.008982035928143712,0.0
1,2,4,1,2,ldak-kvik,10,/Users/au507860/REPOS/mixmogam/benchmarks/results/20261003-hapnest-kvik-n50000-m20000/rho0.8_fst0_rep01/unstructured_mixed,20262486,,4,,,50000,20000,unstructured,mixed,0.8,0,loading_q3,692,0.989334239257513,0.049132947976878616,0.011560693641618497,0.001445086705202312
1,2,4,1,2,ldak-kvik,10,/Users/au507860/REPOS/mixmogam/benchmarks/results/20261003-hapnest-kvik-n50000-m20000/rho0.8_fst0_rep01/unstructured_mixed,20262486,,4,,,50000,20000,unstructured,mixed,0.8,0,loading_q4,653,0.8098948553291315,0.05666156202143951,0.007656967840735069,0.0015313935681470138
1,2,4,1,2,ldak-kvik,10,/Users/au507860/REPOS/mixmogam/benchmarks/results/20261003-hapnest-kvik-n50000-m20000/rho0.8_fst0_rep01/unstructured_mixed,20262486,,4,,,50000,20000,unstructured,mixed,0.8,0,loading_q5,609,1.0066879535379432,0.06403940886699508,0.009852216748768473,0.0
1,2,4,1,2,ldak-kvik,10,/Users/au507860/REPOS/mixmogam/benchmarks/results/20261003-hapnest-kvik-n50000-m20000/rho0.8_fst0_rep01/unstructured_mixed,20262486,,4,,,50000,20000,unstructured,mixed,0.8,0,maf_q1,655,0.9042143833694357,0.05343511450381679,0.007633587786259542,0.0
1,2,4,1,2,ldak-kvik,10,/Users/au507860/REPOS/mixmogam/benchmarks/results/20261003-hapnest-kvik-n50000-m20000/rho0.8_fst0_rep01/unstructured_mixed,20262486,,4,,,50000,20000,unstructured,mixed,0.8,0,maf_q2,608,1.0067588379992964,0.03453947368421053,0.006578947368421052,0.0
1,2,4,1,2,ldak-kvik,10,/Users/au507860/REPOS/mixmogam/benchmarks/results/20261003-hapnest-kvik-n50000-m20000/rho0.8_fst0_rep01/unstructured_mixed,20262486,,4,,,50000,20000,unstructured,mixed,0.8,0,maf_q3,660,0.8882129305744314,0.04696969696969697,0.010606060606060607,0.0
1,2,4,1,2,ldak-kvik,10,/Users/au507860/REPOS/mixmogam/benchmarks/results/20261003-hapnest-kvik-n50000-m20000/rho0.8_fst0_rep01/unstructured_mixed,20262486,,4,,,50000,20000,unstructured,mixed,0.8,0,maf_q4,701,0.92720777987435,0.05848787446504993,0.011412268188302425,0.0014265335235378032
1,2,4,1,2,ldak-kvik,10,/Users/au507860/REPOS/mixmogam/benchmarks/results/20261003-hapnest-kvik-n50000-m20000/rho0.8_fst0_rep01/unstructured_mixed,20262486,,4,,,50000,20000,unstructured,mixed,0.8,0,maf_q5,676,0.9949251455930558,0.04437869822485207,0.0073964497041420114,0.0014792899408284023
1,2,4,1,2,ldak-kvik,10,/Users/au507860/REPOS/mixmogam/benchmarks/results/20261003-hapnest-kvik-n50000-m20000/rho0.8_fst0_rep01/unstructured_mixed,20262486,,4,,,50000,20000,unstructured,mixed,0.8,0,ld_q1,679,0.9173472227561904,0.050073637702503684,0.005891016200294551,0.0014727540500736377
1,2,4,1,2,ldak-kvik,10,/Users/au507860/REPOS/mixmogam/benchmarks/results/20261003-hapnest-kvik-n50000-m20000/rho0.8_fst0_rep01/unstructured_mixed,20262486,,4,,,50000,20000,unstructured,mixed,0.8,0,ld_q2,636,0.9675677855056436,0.05345911949685535,0.009433962264150943,0.0
1,2,4,1,2,ldak-kvik,10,/Users/au507860/REPOS/mixmogam/benchmarks/results/20261003-hapnest-kvik-n50000-m20000/rho0.8_fst0_rep01/unstructured_mixed,20262486,,4,,,50000,20000,unstructured,mixed,0.8,0,ld_q3,634,0.9422363039358516,0.03943217665615142,0.011041009463722398,0.0
1,2,4,1,2,ldak-kvik,10,/Users/au507860/REPOS/mixmogam/benchmarks/results/20261003-hapnest-kvik-n50000-m20000/rho0.8_fst0_rep01/unstructured_mixed,20262486,,4,,,50000,20000,unstructured,mixed,0.8,0,ld_q4,681,0.9037803706827099,0.05286343612334802,0.004405286343612335,0.0014684287812041115
1,2,4,1,2,ldak-kvik,10,/Users/au507860/REPOS/mixmogam/benchmarks/results/20261003-hapnest-kvik-n50000-m20000/rho0.8_fst0_rep01/unstructured_mixed,20262486,,4,,,50000,20000,unstructured,mixed,0.8,0,ld_q5,670,0.9883624205925422,0.04328358208955224,0.013432835820895522,0.0
1,2,1,2,1,ldak-kvik,11,/Users/au507860/REPOS/mixmogam/benchmarks/results/20261003-hapnest-kvik-n50000-m20000/rho0.8_fst0_rep01/unstructured_mixed,20262486,,1,,,50000,20000,unstructured,mixed,0.8,0,all_null,3300,0.9434594183942085,0.04787878787878788,0.008787878787878787,0.0006060606060606061
1,2,1,2,1,ldak-kvik,11,/Users/au507860/REPOS/mixmogam/benchmarks/results/20261003-hapnest-kvik-n50000-m20000/rho0.8_fst0_rep01/unstructured_mixed,20262486,,1,,,50000,20000,unstructured,mixed,0.8,0,loading_q1,678,0.9524047481919276,0.035398230088495575,0.0058997050147492625,0.0
1,2,1,2,1,ldak-kvik,11,/Users/au507860/REPOS/mixmogam/benchmarks/results/20261003-hapnest-kvik-n50000-m20000/rho0.8_fst0_rep01/unstructured_mixed,20262486,,1,,,50000,20000,unstructured,mixed,0.8,0,loading_q2,668,0.9726592860475809,0.03592814371257485,0.008982035928143712,0.0
1,2,1,2,1,ldak-kvik,11,/Users/au507860/REPOS/mixmogam/benchmarks/results/20261003-hapnest-kvik-n50000-m20000/rho0.8_fst0_rep01/unstructured_mixed,20262486,,1,,,50000,20000,unstructured,mixed,0.8,0,loading_q3,692,0.989334239257513,0.049132947976878616,0.011560693641618497,0.001445086705202312
1,2,1,2,1,ldak-kvik,11,/Users/au507860/REPOS/mixmogam/benchmarks/results/20261003-hapnest-kvik-n50000-m20000/rho0.8_fst0_rep01/unstructured_mixed,20262486,,1,,,50000,20000,unstructured,mixed,0.8,0,loading_q4,653,0.8098948553291315,0.05666156202143951,0.007656967840735069,0.0015313935681470138
1,2,1,2,1,ldak-kvik,11,/Users/au507860/REPOS/mixmogam/benchmarks/results/20261003-hapnest-kvik-n50000-m20000/rho0.8_fst0_rep01/unstructured_mixed,20262486,,1,,,50000,20000,unstructured,mixed,0.8,0,loading_q5,609,1.0066879535379432,0.06403940886699508,0.009852216748768473,0.0
1,2,1,2,1,ldak-kvik,11,/Users/au507860/REPOS/mixmogam/benchmarks/results/20261003-hapnest-kvik-n50000-m20000/rho0.8_fst0_rep01/unstructured_mixed,20262486,,1,,,50000,20000,unstructured,mixed,0.8,0,maf_q1,655,0.9042143833694357,0.05343511450381679,0.007633587786259542,0.0
1,2,1,2,1,ldak-kvik,11,/Users/au507860/REPOS/mixmogam/benchmarks/results/20261003-hapnest-kvik-n50000-m20000/rho0.8_fst0_rep01/unstructured_mixed,20262486,,1,,,50000,20000,unstructured,mixed,0.8,0,maf_q2,608,1.0067588379992964,0.03453947368421053,0.006578947368421052,0.0
1,2,1,2,1,ldak-kvik,11,/Users/au507860/REPOS/mixmogam/benchmarks/results/20261003-hapnest-kvik-n50000-m20000/rho0.8_fst0_rep01/unstructured_mixed,20262486,,1,,,50000,20000,unstructured,mixed,0.8,0,maf_q3,660,0.8882129305744314,0.04696969696969697,0.010606060606060607,0.0
1,2,1,2,1,ldak-kvik,11,/Users/au507860/REPOS/mixmogam/benchmarks/results/20261003-hapnest-kvik-n50000-m20000/rho0.8_fst0_rep01/unstructured_mixed,20262486,,1,,,50000,20000,unstructured,mixed,0.8,0,maf_q4,701,0.92720777987435,0.05848787446504993,0.011412268188302425,0.0014265335235378032
1,2,1,2,1,ldak-kvik,11,/Users/au507860/REPOS/mixmogam/benchmarks/results/20261003-hapnest-kvik-n50000-m20000/rho0.8_fst0_rep01/unstructured_mixed,20262486,,1,,,50000,20000,unstructured,mixed,0.8,0,maf_q5,676,0.9949251455930558,0.04437869822485207,0.0073964497041420114,0.0014792899408284023
1,2,1,2,1,ldak-kvik,11,/Users/au507860/REPOS/mixmogam/benchmarks/results/20261003-hapnest-kvik-n50000-m20000/rho0.8_fst0_rep01/unstructured_mixed,20262486,,1,,,50000,20000,unstructured,mixed,0.8,0,ld_q1,679,0.9173472227561904,0.050073637702503684,0.005891016200294551,0.0014727540500736377
1,2,1,2,1,ldak-kvik,11,/Users/au507860/REPOS/mixmogam/benchmarks/results/20261003-hapnest-kvik-n50000-m20000/rho0.8_fst0_rep01/unstructured_mixed,20262486,,1,,,50000,20000,unstructured,mixed,0.8,0,ld_q2,636,0.9675677855056436,0.05345911949685535,0.009433962264150943,0.0
1,2,1,2,1,ldak-kvik,11,/Users/au507860/REPOS/mixmogam/benchmarks/results/20261003-hapnest-kvik-n50000-m20000/rho0.8_fst0_rep01/unstructured_mixed,20262486,,1,,,50000,20000,unstructured,mixed,0.8,0,ld_q3,634,0.9422363039358516,0.03943217665615142,0.011041009463722398,0.0
1,2,1,2,1,ldak-kvik,11,/Users/au507860/REPOS/mixmogam/benchmarks/results/20261003-hapnest-kvik-n50000-m20000/rho0.8_fst0_rep01/unstructured_mixed,20262486,,1,,,50000,20000,unstructured,mixed,0.8,0,ld_q4,681,0.9037803706827099,0.05286343612334802,0.004405286343612335,0.0014684287812041115
1,2,1,2,1,ldak-kvik,11,/Users/au507860/REPOS/mixmogam/benchmarks/results/20261003-hapnest-kvik-n50000-m20000/rho0.8_fst0_rep01/unstructured_mixed,20262486,,1,,,50000,20000,unstructured,mixed,0.8,0,ld_q5,670,0.9883624205925422,0.04328358208955224,0.013432835820895522,0.0
1,2,1,2,2,mixmogam-he,12,/Users/au507860/REPOS/mixmogam/benchmarks/results/20261003-hapnest-kvik-n50000-m20000/rho0.8_fst0_rep01/unstructured_mixed,20262486,1,1,8,4000000000.0,50000,20000,unstructured,mixed,0.8,0,all_null,3300,0.9514282687379741,0.04878787878787879,0.008484848484848486,0.0009090909090909091
1,2,1,2,2,mixmogam-he,12,/Users/au507860/REPOS/mixmogam/benchmarks/results/20261003-hapnest-kvik-n50000-m20000/rho0.8_fst0_rep01/unstructured_mixed,20262486,1,1,8,4000000000.0,50000,20000,unstructured,mixed,0.8,0,loading_q1,678,1.0112352281592727,0.038348082595870206,0.0058997050147492625,0.0
1,2,1,2,2,mixmogam-he,12,/Users/au507860/REPOS/mixmogam/benchmarks/results/20261003-hapnest-kvik-n50000-m20000/rho0.8_fst0_rep01/unstructured_mixed,20262486,1,1,8,4000000000.0,50000,20000,unstructured,mixed,0.8,0,loading_q2,668,0.9503617205004834,0.0374251497005988,0.0074850299401197605,0.0014970059880239522
1,2,1,2,2,mixmogam-he,12,/Users/au507860/REPOS/mixmogam/benchmarks/results/20261003-hapnest-kvik-n50000-m20000/rho0.8_fst0_rep01/unstructured_mixed,20262486,1,1,8,4000000000.0,50000,20000,unstructured,mixed,0.8,0,loading_q3,692,0.9720209816428528,0.0476878612716763,0.011560693641618497,0.001445086705202312
1,2,1,2,2,mixmogam-he,12,/Users/au507860/REPOS/mixmogam/benchmarks/results/20261003-hapnest-kvik-n50000-m20000/rho0.8_fst0_rep01/unstructured_mixed,20262486,1,1,8,4000000000.0,50000,20000,unstructured,mixed,0.8,0,loading_q4,653,0.8482879948066488,0.05666156202143951,0.007656967840735069,0.0015313935681470138
1,2,1,2,2,mixmogam-he,12,/Users/au507860/REPOS/mixmogam/benchmarks/results/20261003-hapnest-kvik-n50000-m20000/rho0.8_fst0_rep01/unstructured_mixed,20262486,1,1,8,4000000000.0,50000,20000,unstructured,mixed,0.8,0,loading_q5,609,1.060820351639817,0.06568144499178982,0.009852216748768473,0.0
1,2,1,2,2,mixmogam-he,12,/Users/au507860/REPOS/mixmogam/benchmarks/results/20261003-hapnest-kvik-n50000-m20000/rho0.8_fst0_rep01/unstructured_mixed,20262486,1,1,8,4000000000.0,50000,20000,unstructured,mixed,0.8,0,maf_q1,655,0.9909053142588419,0.04885496183206107,0.007633587786259542,0.0
1,2,1,2,2,mixmogam-he,12,/Users/au507860/REPOS/mixmogam/benchmarks/results/20261003-hapnest-kvik-n50000-m20000/rho0.8_fst0_rep01/unstructured_mixed,20262486,1,1,8,4000000000.0,50000,20000,unstructured,mixed,0.8,0,maf_q2,608,1.0086670165805989,0.03453947368421053,0.008223684210526315,0.0
1,2,1,2,2,mixmogam-he,12,/Users/au507860/REPOS/mixmogam/benchmarks/results/20261003-hapnest-kvik-n50000-m20000/rho0.8_fst0_rep01/unstructured_mixed,20262486,1,1,8,4000000000.0,50000,20000,unstructured,mixed,0.8,0,maf_q3,660,0.9302792832386542,0.05454545454545454,0.010606060606060607,0.0
1,2,1,2,2,mixmogam-he,12,/Users/au507860/REPOS/mixmogam/benchmarks/results/20261003-hapnest-kvik-n50000-m20000/rho0.8_fst0_rep01/unstructured_mixed,20262486,1,1,8,4000000000.0,50000,20000,unstructured,mixed,0.8,0,maf_q4,701,0.9057029180933973,0.05991440798858773,0.008559201141226819,0.0014265335235378032
1,2,1,2,2,mixmogam-he,12,/Users/au507860/REPOS/mixmogam/benchmarks/results/20261003-hapnest-kvik-n50000-m20000/rho0.8_fst0_rep01/unstructured_mixed,20262486,1,1,8,4000000000.0,50000,20000,unstructured,mixed,0.8,0,maf_q5,676,0.967300786344928,0.04437869822485207,0.0073964497041420114,0.0029585798816568047
1,2,1,2,2,mixmogam-he,12,/Users/au507860/REPOS/mixmogam/benchmarks/results/20261003-hapnest-kvik-n50000-m20000/rho0.8_fst0_rep01/unstructured_mixed,20262486,1,1,8,4000000000.0,50000,20000,unstructured,mixed,0.8,0,ld_q1,679,0.952061460544903,0.050073637702503684,0.005891016200294551,0.0014727540500736377
1,2,1,2,2,mixmogam-he,12,/Users/au507860/REPOS/mixmogam/benchmarks/results/20261003-hapnest-kvik-n50000-m20000/rho0.8_fst0_rep01/unstructured_mixed,20262486,1,1,8,4000000000.0,50000,20000,unstructured,mixed,0.8,0,ld_q2,636,0.92991425293193,0.05188679245283019,0.007861635220125786,0.0
1,2,1,2,2,mixmogam-he,12,/Users/au507860/REPOS/mixmogam/benchmarks/results/20261003-hapnest-kvik-n50000-m20000/rho0.8_fst0_rep01/unstructured_mixed,20262486,1,1,8,4000000000.0,50000,20000,unstructured,mixed,0.8,0,ld_q3,634,0.9542727871788313,0.04416403785488959,0.011041009463722398,0.0
1,2,1,2,2,mixmogam-he,12,/Users/au507860/REPOS/mixmogam/benchmarks/results/20261003-hapnest-kvik-n50000-m20000/rho0.8_fst0_rep01/unstructured_mixed,20262486,1,1,8,4000000000.0,50000,20000,unstructured,mixed,0.8,0,ld_q4,681,0.9359928728801623,0.0513950073421439,0.004405286343612335,0.0014684287812041115
1,2,1,2,2,mixmogam-he,12,/Users/au507860/REPOS/mixmogam/benchmarks/results/20261003-hapnest-kvik-n50000-m20000/rho0.8_fst0_rep01/unstructured_mixed,20262486,1,1,8,4000000000.0,50000,20000,unstructured,mixed,0.8,0,ld_q5,670,0.984679758111334,0.04626865671641791,0.013432835820895522,0.0014925373134328358
2,2,1,1,1,mixmogam-he,13,/Users/au507860/REPOS/mixmogam/benchmarks/results/20261003-hapnest-kvik-n50000-m20000/rho0.8_fst0.05_rep01/confounded-pc_mixed,20262486,1,1,8,4000000000.0,50000,20000,confounded-pc,mixed,0.8,0.05,all_null,3300,0.9775946464390946,0.055757575757575756,0.014242424242424242,0.0027272727272727275
2,2,1,1,1,mixmogam-he,13,/Users/au507860/REPOS/mixmogam/benchmarks/results/20261003-hapnest-kvik-n50000-m20000/rho0.8_fst0.05_rep01/confounded-pc_mixed,20262486,1,1,8,4000000000.0,50000,20000,confounded-pc,mixed,0.8,0.05,loading_q1,623,1.216344768592789,0.06741573033707865,0.02247191011235955,0.008025682182985553
2,2,1,1,1,mixmogam-he,13,/Users/au507860/REPOS/mixmogam/benchmarks/results/20261003-hapnest-kvik-n50000-m20000/rho0.8_fst0.05_rep01/confounded-pc_mixed,20262486,1,1,8,4000000000.0,50000,20000,confounded-pc,mixed,0.8,0.05,loading_q2,633,0.9499374801986538,0.06635071090047394,0.011058451816745656,0.00315955766192733
2,2,1,1,1,mixmogam-he,13,/Users/au507860/REPOS/mixmogam/benchmarks/results/20261003-hapnest-kvik-n50000-m20000/rho0.8_fst0.05_rep01/confounded-pc_mixed,20262486,1,1,8,4000000000.0,50000,20000,confounded-pc,mixed,0.8,0.05,loading_q3,678,0.9517915523372819,0.048672566371681415,0.011799410029498525,0.0
2,2,1,1,1,mixmogam-he,13,/Users/au507860/REPOS/mixmogam/benchmarks/results/20261003-hapnest-kvik-n50000-m20000/rho0.8_fst0.05_rep01/confounded-pc_mixed,20262486,1,1,8,4000000000.0,50000,20000,confounded-pc,mixed,0.8,0.05,loading_q4,693,0.8857409217321263,0.05194805194805195,0.015873015873015872,0.002886002886002886
2,2,1,1,1,mixmogam-he,13,/Users/au507860/REPOS/mixmogam/benchmarks/results/20261003-hapnest-kvik-n50000-m20000/rho0.8_fst0.05_rep01/confounded-pc_mixed,20262486,1,1,8,4000000000.0,50000,20000,confounded-pc,mixed,0.8,0.05,loading_q5,673,1.0204323831806144,0.04606240713224369,0.010401188707280832,0.0
2,2,1,1,1,mixmogam-he,13,/Users/au507860/REPOS/mixmogam/benchmarks/results/20261003-hapnest-kvik-n50000-m20000/rho0.8_fst0.05_rep01/confounded-pc_mixed,20262486,1,1,8,4000000000.0,50000,20000,confounded-pc,mixed,0.8,0.05,maf_q1,666,0.9228482849481031,0.04354354354354354,0.0075075075075075074,0.0045045045045045045
2,2,1,1,1,mixmogam-he,13,/Users/au507860/REPOS/mixmogam/benchmarks/results/20261003-hapnest-kvik-n50000-m20000/rho0.8_fst0.05_rep01/confounded-pc_mixed,20262486,1,1,8,4000000000.0,50000,20000,confounded-pc,mixed,0.8,0.05,maf_q2,623,1.1534419850575375,0.05457463884430177,0.016051364365971106,0.0032102728731942215
2,2,1,1,1,mixmogam-he,13,/Users/au507860/REPOS/mixmogam/benchmarks/results/20261003-hapnest-kvik-n50000-m20000/rho0.8_fst0.05_rep01/confounded-pc_mixed,20262486,1,1,8,4000000000.0,50000,20000,confounded-pc,mixed,0.8,0.05,maf_q3,649,1.1477729204638722,0.06471494607087827,0.020030816640986132,0.0
2,2,1,1,1,mixmogam-he,13,/Users/au507860/REPOS/mixmogam/benchmarks/results/20261003-hapnest-kvik-n50000-m20000/rho0.8_fst0.05_rep01/confounded-pc_mixed,20262486,1,1,8,4000000000.0,50000,20000,confounded-pc,mixed,0.8,0.05,maf_q4,682,0.844087810733709,0.05718475073313783,0.011730205278592375,0.002932551319648094
2,2,1,1,1,mixmogam-he,13,/Users/au507860/REPOS/mixmogam/benchmarks/results/20261003-hapnest-kvik-n50000-m20000/rho0.8_fst0.05_rep01/confounded-pc_mixed,20262486,1,1,8,4000000000.0,50000,20000,confounded-pc,mixed,0.8,0.05,maf_q5,680,0.9671296255218521,0.058823529411764705,0.016176470588235296,0.0029411764705882353
2,2,1,1,1,mixmogam-he,13,/Users/au507860/REPOS/mixmogam/benchmarks/results/20261003-hapnest-kvik-n50000-m20000/rho0.8_fst0.05_rep01/confounded-pc_mixed,20262486,1,1,8,4000000000.0,50000,20000,confounded-pc,mixed,0.8,0.05,ld_q1,706,0.9045568587105907,0.036827195467422094,0.0084985835694051,0.0
2,2,1,1,1,mixmogam-he,13,/Users/au507860/REPOS/mixmogam/benchmarks/results/20261003-hapnest-kvik-n50000-m20000/rho0.8_fst0.05_rep01/confounded-pc_mixed,20262486,1,1,8,4000000000.0,50000,20000,confounded-pc,mixed,0.8,0.05,ld_q2,646,1.0485335015009334,0.05108359133126935,0.01238390092879257,0.0030959752321981426
2,2,1,1,1,mixmogam-he,13,/Users/au507860/REPOS/mixmogam/benchmarks/results/20261003-hapnest-kvik-n50000-m20000/rho0.8_fst0.05_rep01/confounded-pc_mixed,20262486,1,1,8,4000000000.0,50000,20000,confounded-pc,mixed,0.8,0.05,ld_q3,652,1.0229877864488557,0.06134969325153374,0.019938650306748466,0.003067484662576687
2,2,1,1,1,mixmogam-he,13,/Users/au507860/REPOS/mixmogam/benchmarks/results/20261003-hapnest-kvik-n50000-m20000/rho0.8_fst0.05_rep01/confounded-pc_mixed,20262486,1,1,8,4000000000.0,50000,20000,confounded-pc,mixed,0.8,0.05,ld_q4,636,1.0003750949152237,0.05817610062893082,0.0110062893081761,0.0015723270440251573
2,2,1,1,1,mixmogam-he,13,/Users/au507860/REPOS/mixmogam/benchmarks/results/20261003-hapnest-kvik-n50000-m20000/rho0.8_fst0.05_rep01/confounded-pc_mixed,20262486,1,1,8,4000000000.0,50000,20000,confounded-pc,mixed,0.8,0.05,ld_q5,660,0.9149527675572735,0.07272727272727272,0.019696969696969695,0.006060606060606061
2,2,1,1,2,ldak-kvik,14,/Users/au507860/REPOS/mixmogam/benchmarks/results/20261003-hapnest-kvik-n50000-m20000/rho0.8_fst0.05_rep01/confounded-pc_mixed,20262486,,1,,,50000,20000,confounded-pc,mixed,0.8,0.05,all_null,3300,0.9189495137745044,0.04787878787878788,0.013333333333333334,0.0030303030303030303
2,2,1,1,2,ldak-kvik,14,/Users/au507860/REPOS/mixmogam/benchmarks/results/20261003-hapnest-kvik-n50000-m20000/rho0.8_fst0.05_rep01/confounded-pc_mixed,20262486,,1,,,50000,20000,confounded-pc,mixed,0.8,0.05,loading_q1,623,1.1575233789025936,0.06260032102728733,0.02086677367576244,0.008025682182985553
2,2,1,1,2,ldak-kvik,14,/Users/au507860/REPOS/mixmogam/benchmarks/results/20261003-hapnest-kvik-n50000-m20000/rho0.8_fst0.05_rep01/confounded-pc_mixed,20262486,,1,,,50000,20000,confounded-pc,mixed,0.8,0.05,loading_q2,633,0.9748980153364033,0.05529225908372828,0.009478672985781991,0.00315955766192733
2,2,1,1,2,ldak-kvik,14,/Users/au507860/REPOS/mixmogam/benchmarks/results/20261003-hapnest-kvik-n50000-m20000/rho0.8_fst0.05_rep01/confounded-pc_mixed,20262486,,1,,,50000,20000,confounded-pc,mixed,0.8,0.05,loading_q3,678,0.8455446821648991,0.04424778761061947,0.008849557522123894,0.0
2,2,1,1,2,ldak-kvik,14,/Users/au507860/REPOS/mixmogam/benchmarks/results/20261003-hapnest-kvik-n50000-m20000/rho0.8_fst0.05_rep01/confounded-pc_mixed,20262486,,1,,,50000,20000,confounded-pc,mixed,0.8,0.05,loading_q4,693,0.8213698239370185,0.047619047619047616,0.015873015873015872,0.004329004329004329
2,2,1,1,2,ldak-kvik,14,/Users/au507860/REPOS/mixmogam/benchmarks/results/20261003-hapnest-kvik-n50000-m20000/rho0.8_fst0.05_rep01/confounded-pc_mixed,20262486,,1,,,50000,20000,confounded-pc,mixed,0.8,0.05,loading_q5,673,0.858850229217672,0.031203566121842496,0.01188707280832095,0.0
2,2,1,1,2,ldak-kvik,14,/Users/au507860/REPOS/mixmogam/benchmarks/results/20261003-hapnest-kvik-n50000-m20000/rho0.8_fst0.05_rep01/confounded-pc_mixed,20262486,,1,,,50000,20000,confounded-pc,mixed,0.8,0.05,maf_q1,666,0.8812680356434675,0.03753753753753754,0.0075075075075075074,0.0045045045045045045
2,2,1,1,2,ldak-kvik,14,/Users/au507860/REPOS/mixmogam/benchmarks/results/20261003-hapnest-kvik-n50000-m20000/rho0.8_fst0.05_rep01/confounded-pc_mixed,20262486,,1,,,50000,20000,confounded-pc,mixed,0.8,0.05,maf_q2,623,1.0920683110372191,0.04654895666131621,0.016051364365971106,0.0032102728731942215
2,2,1,1,2,ldak-kvik,14,/Users/au507860/REPOS/mixmogam/benchmarks/results/20261003-hapnest-kvik-n50000-m20000/rho0.8_fst0.05_rep01/confounded-pc_mixed,20262486,,1,,,50000,20000,confounded-pc,mixed,0.8,0.05,maf_q3,649,1.0582615477346338,0.060092449922958396,0.01848998459167951,0.0
2,2,1,1,2,ldak-kvik,14,/Users/au507860/REPOS/mixmogam/benchmarks/results/20261003-hapnest-kvik-n50000-m20000/rho0.8_fst0.05_rep01/confounded-pc_mixed,20262486,,1,,,50000,20000,confounded-pc,mixed,0.8,0.05,maf_q4,682,0.8189524082404066,0.04252199413489736,0.011730205278592375,0.004398826979472141
2,2,1,1,2,ldak-kvik,14,/Users/au507860/REPOS/mixmogam/benchmarks/results/20261003-hapnest-kvik-n50000-m20000/rho0.8_fst0.05_rep01/confounded-pc_mixed,20262486,,1,,,50000,20000,confounded-pc,mixed,0.8,0.05,maf_q5,680,0.8476603188442744,0.052941176470588235,0.013235294117647059,0.0029411764705882353
2,2,1,1,2,ldak-kvik,14,/Users/au507860/REPOS/mixmogam/benchmarks/results/20261003-hapnest-kvik-n50000-m20000/rho0.8_fst0.05_rep01/confounded-pc_mixed,20262486,,1,,,50000,20000,confounded-pc,mixed,0.8,0.05,ld_q1,706,0.8796459955086373,0.028328611898016998,0.0084985835694051,0.0
2,2,1,1,2,ldak-kvik,14,/Users/au507860/REPOS/mixmogam/benchmarks/results/20261003-hapnest-kvik-n50000-m20000/rho0.8_fst0.05_rep01/confounded-pc_mixed,20262486,,1,,,50000,20000,confounded-pc,mixed,0.8,0.05,ld_q2,646,0.9745774267720174,0.04489164086687306,0.010835913312693499,0.0030959752321981426
2,2,1,1,2,ldak-kvik,14,/Users/au507860/REPOS/mixmogam/benchmarks/results/20261003-hapnest-kvik-n50000-m20000/rho0.8_fst0.05_rep01/confounded-pc_mixed,20262486,,1,,,50000,20000,confounded-pc,mixed,0.8,0.05,ld_q3,652,0.9629989906135513,0.04754601226993865,0.019938650306748466,0.003067484662576687
2,2,1,1,2,ldak-kvik,14,/Users/au507860/REPOS/mixmogam/benchmarks/results/20261003-hapnest-kvik-n50000-m20000/rho0.8_fst0.05_rep01/confounded-pc_mixed,20262486,,1,,,50000,20000,confounded-pc,mixed,0.8,0.05,ld_q4,636,0.8957995655718701,0.050314465408805034,0.009433962264150943,0.0015723270440251573
2,2,1,1,2,ldak-kvik,14,/Users/au507860/REPOS/mixmogam/benchmarks/results/20261003-hapnest-kvik-n50000-m20000/rho0.8_fst0.05_rep01/confounded-pc_mixed,20262486,,1,,,50000,20000,confounded-pc,mixed,0.8,0.05,ld_q5,660,0.8916799960246357,0.0696969696969697,0.01818181818181818,0.007575757575757576
2,2,4,2,1,ldak-kvik,15,/Users/au507860/REPOS/mixmogam/benchmarks/results/20261003-hapnest-kvik-n50000-m20000/rho0.8_fst0.05_rep01/confounded-pc_mixed,20262486,,4,,,50000,20000,confounded-pc,mixed,0.8,0.05,all_null,3300,0.9189495137745044,0.04787878787878788,0.013333333333333334,0.0030303030303030303
2,2,4,2,1,ldak-kvik,15,/Users/au507860/REPOS/mixmogam/benchmarks/results/20261003-hapnest-kvik-n50000-m20000/rho0.8_fst0.05_rep01/confounded-pc_mixed,20262486,,4,,,50000,20000,confounded-pc,mixed,0.8,0.05,loading_q1,623,1.1575233789025936,0.06260032102728733,0.02086677367576244,0.008025682182985553
2,2,4,2,1,ldak-kvik,15,/Users/au507860/REPOS/mixmogam/benchmarks/results/20261003-hapnest-kvik-n50000-m20000/rho0.8_fst0.05_rep01/confounded-pc_mixed,20262486,,4,,,50000,20000,confounded-pc,mixed,0.8,0.05,loading_q2,633,0.9748980153364033,0.05529225908372828,0.009478672985781991,0.00315955766192733
2,2,4,2,1,ldak-kvik,15,/Users/au507860/REPOS/mixmogam/benchmarks/results/20261003-hapnest-kvik-n50000-m20000/rho0.8_fst0.05_rep01/confounded-pc_mixed,20262486,,4,,,50000,20000,confounded-pc,mixed,0.8,0.05,loading_q3,678,0.8455446821648991,0.04424778761061947,0.008849557522123894,0.0
2,2,4,2,1,ldak-kvik,15,/Users/au507860/REPOS/mixmogam/benchmarks/results/20261003-hapnest-kvik-n50000-m20000/rho0.8_fst0.05_rep01/confounded-pc_mixed,20262486,,4,,,50000,20000,confounded-pc,mixed,0.8,0.05,loading_q4,693,0.8213698239370185,0.047619047619047616,0.015873015873015872,0.004329004329004329
2,2,4,2,1,ldak-kvik,15,/Users/au507860/REPOS/mixmogam/benchmarks/results/20261003-hapnest-kvik-n50000-m20000/rho0.8_fst0.05_rep01/confounded-pc_mixed,20262486,,4,,,50000,20000,confounded-pc,mixed,0.8,0.05,loading_q5,673,0.858850229217672,0.031203566121842496,0.01188707280832095,0.0
2,2,4,2,1,ldak-kvik,15,/Users/au507860/REPOS/mixmogam/benchmarks/results/20261003-hapnest-kvik-n50000-m20000/rho0.8_fst0.05_rep01/confounded-pc_mixed,20262486,,4,,,50000,20000,confounded-pc,mixed,0.8,0.05,maf_q1,666,0.8812680356434675,0.03753753753753754,0.0075075075075075074,0.0045045045045045045
2,2,4,2,1,ldak-kvik,15,/Users/au507860/REPOS/mixmogam/benchmarks/results/20261003-hapnest-kvik-n50000-m20000/rho0.8_fst0.05_rep01/confounded-pc_mixed,20262486,,4,,,50000,20000,confounded-pc,mixed,0.8,0.05,maf_q2,623,1.0920683110372191,0.04654895666131621,0.016051364365971106,0.0032102728731942215
2,2,4,2,1,ldak-kvik,15,/Users/au507860/REPOS/mixmogam/benchmarks/results/20261003-hapnest-kvik-n50000-m20000/rho0.8_fst0.05_rep01/confounded-pc_mixed,20262486,,4,,,50000,20000,confounded-pc,mixed,0.8,0.05,maf_q3,649,1.0582615477346338,0.060092449922958396,0.01848998459167951,0.0
2,2,4,2,1,ldak-kvik,15,/Users/au507860/REPOS/mixmogam/benchmarks/results/20261003-hapnest-kvik-n50000-m20000/rho0.8_fst0.05_rep01/confounded-pc_mixed,20262486,,4,,,50000,20000,confounded-pc,mixed,0.8,0.05,maf_q4,682,0.8189524082404066,0.04252199413489736,0.011730205278592375,0.004398826979472141
2,2,4,2,1,ldak-kvik,15,/Users/au507860/REPOS/mixmogam/benchmarks/results/20261003-hapnest-kvik-n50000-m20000/rho0.8_fst0.05_rep01/confounded-pc_mixed,20262486,,4,,,50000,20000,confounded-pc,mixed,0.8,0.05,maf_q5,680,0.8476603188442744,0.052941176470588235,0.013235294117647059,0.0029411764705882353
2,2,4,2,1,ldak-kvik,15,/Users/au507860/REPOS/mixmogam/benchmarks/results/20261003-hapnest-kvik-n50000-m20000/rho0.8_fst0.05_rep01/confounded-pc_mixed,20262486,,4,,,50000,20000,confounded-pc,mixed,0.8,0.05,ld_q1,706,0.8796459955086373,0.028328611898016998,0.0084985835694051,0.0
2,2,4,2,1,ldak-kvik,15,/Users/au507860/REPOS/mixmogam/benchmarks/results/20261003-hapnest-kvik-n50000-m20000/rho0.8_fst0.05_rep01/confounded-pc_mixed,20262486,,4,,,50000,20000,confounded-pc,mixed,0.8,0.05,ld_q2,646,0.9745774267720174,0.04489164086687306,0.010835913312693499,0.0030959752321981426
2,2,4,2,1,ldak-kvik,15,/Users/au507860/REPOS/mixmogam/benchmarks/results/20261003-hapnest-kvik-n50000-m20000/rho0.8_fst0.05_rep01/confounded-pc_mixed,20262486,,4,,,50000,20000,confounded-pc,mixed,0.8,0.05,ld_q3,652,0.9629989906135513,0.04754601226993865,0.019938650306748466,0.003067484662576687
2,2,4,2,1,ldak-kvik,15,/Users/au507860/REPOS/mixmogam/benchmarks/results/20261003-hapnest-kvik-n50000-m20000/rho0.8_fst0.05_rep01/confounded-pc_mixed,20262486,,4,,,50000,20000,confounded-pc,mixed,0.8,0.05,ld_q4,636,0.8957995655718701,0.050314465408805034,0.009433962264150943,0.0015723270440251573
2,2,4,2,1,ldak-kvik,15,/Users/au507860/REPOS/mixmogam/benchmarks/results/20261003-hapnest-kvik-n50000-m20000/rho0.8_fst0.05_rep01/confounded-pc_mixed,20262486,,4,,,50000,20000,confounded-pc,mixed,0.8,0.05,ld_q5,660,0.8916799960246357,0.0696969696969697,0.01818181818181818,0.007575757575757576
2,2,4,2,2,mixmogam-he,16,/Users/au507860/REPOS/mixmogam/benchmarks/results/20261003-hapnest-kvik-n50000-m20000/rho0.8_fst0.05_rep01/confounded-pc_mixed,20262486,4,1,8,4000000000.0,50000,20000,confounded-pc,mixed,0.8,0.05,all_null,3300,0.9775947948294511,0.055757575757575756,0.014242424242424242,0.0027272727272727275
2,2,4,2,2,mixmogam-he,16,/Users/au507860/REPOS/mixmogam/benchmarks/results/20261003-hapnest-kvik-n50000-m20000/rho0.8_fst0.05_rep01/confounded-pc_mixed,20262486,4,1,8,4000000000.0,50000,20000,confounded-pc,mixed,0.8,0.05,loading_q1,623,1.2163456995932311,0.06741573033707865,0.02247191011235955,0.008025682182985553
2,2,4,2,2,mixmogam-he,16,/Users/au507860/REPOS/mixmogam/benchmarks/results/20261003-hapnest-kvik-n50000-m20000/rho0.8_fst0.05_rep01/confounded-pc_mixed,20262486,4,1,8,4000000000.0,50000,20000,confounded-pc,mixed,0.8,0.05,loading_q2,633,0.949936984146045,0.06635071090047394,0.011058451816745656,0.00315955766192733
2,2,4,2,2,mixmogam-he,16,/Users/au507860/REPOS/mixmogam/benchmarks/results/20261003-hapnest-kvik-n50000-m20000/rho0.8_fst0.05_rep01/confounded-pc_mixed,20262486,4,1,8,4000000000.0,50000,20000,confounded-pc,mixed,0.8,0.05,loading_q3,678,0.95179058266346,0.048672566371681415,0.011799410029498525,0.0
2,2,4,2,2,mixmogam-he,16,/Users/au507860/REPOS/mixmogam/benchmarks/results/20261003-hapnest-kvik-n50000-m20000/rho0.8_fst0.05_rep01/confounded-pc_mixed,20262486,4,1,8,4000000000.0,50000,20000,confounded-pc,mixed,0.8,0.05,loading_q4,693,0.8857421869334852,0.05194805194805195,0.015873015873015872,0.002886002886002886
2,2,4,2,2,mixmogam-he,16,/Users/au507860/REPOS/mixmogam/benchmarks/results/20261003-hapnest-kvik-n50000-m20000/rho0.8_fst0.05_rep01/confounded-pc_mixed,20262486,4,1,8,4000000000.0,50000,20000,confounded-pc,mixed,0.8,0.05,loading_q5,673,1.0204301251165087,0.04606240713224369,0.010401188707280832,0.0
2,2,4,2,2,mixmogam-he,16,/Users/au507860/REPOS/mixmogam/benchmarks/results/20261003-hapnest-kvik-n50000-m20000/rho0.8_fst0.05_rep01/confounded-pc_mixed,20262486,4,1,8,4000000000.0,50000,20000,confounded-pc,mixed,0.8,0.05,maf_q1,666,0.922848184259145,0.04354354354354354,0.0075075075075075074,0.0045045045045045045
2,2,4,2,2,mixmogam-he,16,/Users/au507860/REPOS/mixmogam/benchmarks/results/20261003-hapnest-kvik-n50000-m20000/rho0.8_fst0.05_rep01/confounded-pc_mixed,20262486,4,1,8,4000000000.0,50000,20000,confounded-pc,mixed,0.8,0.05,maf_q2,623,1.1534440587688741,0.05457463884430177,0.016051364365971106,0.0032102728731942215
2,2,4,2,2,mixmogam-he,16,/Users/au507860/REPOS/mixmogam/benchmarks/results/20261003-hapnest-kvik-n50000-m20000/rho0.8_fst0.05_rep01/confounded-pc_mixed,20262486,4,1,8,4000000000.0,50000,20000,confounded-pc,mixed,0.8,0.05,maf_q3,649,1.1477719220602542,0.06471494607087827,0.020030816640986132,0.0
2,2,4,2,2,mixmogam-he,16,/Users/au507860/REPOS/mixmogam/benchmarks/results/20261003-hapnest-kvik-n50000-m20000/rho0.8_fst0.05_rep01/confounded-pc_mixed,20262486,4,1,8,4000000000.0,50000,20000,confounded-pc,mixed,0.8,0.05,maf_q4,682,0.8440888854816283,0.05718475073313783,0.011730205278592375,0.002932551319648094
2,2,4,2,2,mixmogam-he,16,/Users/au507860/REPOS/mixmogam/benchmarks/results/20261003-hapnest-kvik-n50000-m20000/rho0.8_fst0.05_rep01/confounded-pc_mixed,20262486,4,1,8,4000000000.0,50000,20000,confounded-pc,mixed,0.8,0.05,maf_q5,680,0.9671304377384571,0.058823529411764705,0.016176470588235296,0.0029411764705882353
2,2,4,2,2,mixmogam-he,16,/Users/au507860/REPOS/mixmogam/benchmarks/results/20261003-hapnest-kvik-n50000-m20000/rho0.8_fst0.05_rep01/confounded-pc_mixed,20262486,4,1,8,4000000000.0,50000,20000,confounded-pc,mixed,0.8,0.05,ld_q1,706,0.9045570105263848,0.036827195467422094,0.0084985835694051,0.0
2,2,4,2,2,mixmogam-he,16,/Users/au507860/REPOS/mixmogam/benchmarks/results/20261003-hapnest-kvik-n50000-m20000/rho0.8_fst0.05_rep01/confounded-pc_mixed,20262486,4,1,8,4000000000.0,50000,20000,confounded-pc,mixed,0.8,0.05,ld_q2,646,1.048533024725934,0.05108359133126935,0.01238390092879257,0.0030959752321981426
2,2,4,2,2,mixmogam-he,16,/Users/au507860/REPOS/mixmogam/benchmarks/results/20261003-hapnest-kvik-n50000-m20000/rho0.8_fst0.05_rep01/confounded-pc_mixed,20262486,4,1,8,4000000000.0,50000,20000,confounded-pc,mixed,0.8,0.05,ld_q3,652,1.0229871858518544,0.06134969325153374,0.019938650306748466,0.003067484662576687
2,2,4,2,2,mixmogam-he,16,/Users/au507860/REPOS/mixmogam/benchmarks/results/20261003-hapnest-kvik-n50000-m20000/rho0.8_fst0.05_rep01/confounded-pc_mixed,20262486,4,1,8,4000000000.0,50000,20000,confounded-pc,mixed,0.8,0.05,ld_q4,636,1.00037613287617,0.05817610062893082,0.0110062893081761,0.0015723270440251573
2,2,4,2,2,mixmogam-he,16,/Users/au507860/REPOS/mixmogam/benchmarks/results/20261003-hapnest-kvik-n50000-m20000/rho0.8_fst0.05_rep01/confounded-pc_mixed,20262486,4,1,8,4000000000.0,50000,20000,confounded-pc,mixed,0.8,0.05,ld_q5,660,0.9149521784709604,0.07272727272727272,0.019696969696969695,0.006060606060606061
1,3,1,1,1,mixmogam-he,17,/Users/au507860/REPOS/mixmogam/benchmarks/results/20261003-hapnest-kvik-n50000-m20000/rho0.8_fst0_rep01/unstructured_mixed,20262486,1,1,8,4000000000.0,50000,20000,unstructured,mixed,0.8,0,all_null,3300,0.9514282687379741,0.04878787878787879,0.008484848484848486,0.0009090909090909091
1,3,1,1,1,mixmogam-he,17,/Users/au507860/REPOS/mixmogam/benchmarks/results/20261003-hapnest-kvik-n50000-m20000/rho0.8_fst0_rep01/unstructured_mixed,20262486,1,1,8,4000000000.0,50000,20000,unstructured,mixed,0.8,0,loading_q1,678,1.0112352281592727,0.038348082595870206,0.0058997050147492625,0.0
1,3,1,1,1,mixmogam-he,17,/Users/au507860/REPOS/mixmogam/benchmarks/results/20261003-hapnest-kvik-n50000-m20000/rho0.8_fst0_rep01/unstructured_mixed,20262486,1,1,8,4000000000.0,50000,20000,unstructured,mixed,0.8,0,loading_q2,668,0.9503617205004834,0.0374251497005988,0.0074850299401197605,0.0014970059880239522
1,3,1,1,1,mixmogam-he,17,/Users/au507860/REPOS/mixmogam/benchmarks/results/20261003-hapnest-kvik-n50000-m20000/rho0.8_fst0_rep01/unstructured_mixed,20262486,1,1,8,4000000000.0,50000,20000,unstructured,mixed,0.8,0,loading_q3,692,0.9720209816428528,0.0476878612716763,0.011560693641618497,0.001445086705202312
1,3,1,1,1,mixmogam-he,17,/Users/au507860/REPOS/mixmogam/benchmarks/results/20261003-hapnest-kvik-n50000-m20000/rho0.8_fst0_rep01/unstructured_mixed,20262486,1,1,8,4000000000.0,50000,20000,unstructured,mixed,0.8,0,loading_q4,653,0.8482879948066488,0.05666156202143951,0.007656967840735069,0.0015313935681470138
1,3,1,1,1,mixmogam-he,17,/Users/au507860/REPOS/mixmogam/benchmarks/results/20261003-hapnest-kvik-n50000-m20000/rho0.8_fst0_rep01/unstructured_mixed,20262486,1,1,8,4000000000.0,50000,20000,unstructured,mixed,0.8,0,loading_q5,609,1.060820351639817,0.06568144499178982,0.009852216748768473,0.0
1,3,1,1,1,mixmogam-he,17,/Users/au507860/REPOS/mixmogam/benchmarks/results/20261003-hapnest-kvik-n50000-m20000/rho0.8_fst0_rep01/unstructured_mixed,20262486,1,1,8,4000000000.0,50000,20000,unstructured,mixed,0.8,0,maf_q1,655,0.9909053142588419,0.04885496183206107,0.007633587786259542,0.0
1,3,1,1,1,mixmogam-he,17,/Users/au507860/REPOS/mixmogam/benchmarks/results/20261003-hapnest-kvik-n50000-m20000/rho0.8_fst0_rep01/unstructured_mixed,20262486,1,1,8,4000000000.0,50000,20000,unstructured,mixed,0.8,0,maf_q2,608,1.0086670165805989,0.03453947368421053,0.008223684210526315,0.0
1,3,1,1,1,mixmogam-he,17,/Users/au507860/REPOS/mixmogam/benchmarks/results/20261003-hapnest-kvik-n50000-m20000/rho0.8_fst0_rep01/unstructured_mixed,20262486,1,1,8,4000000000.0,50000,20000,unstructured,mixed,0.8,0,maf_q3,660,0.9302792832386542,0.05454545454545454,0.010606060606060607,0.0
1,3,1,1,1,mixmogam-he,17,/Users/au507860/REPOS/mixmogam/benchmarks/results/20261003-hapnest-kvik-n50000-m20000/rho0.8_fst0_rep01/unstructured_mixed,20262486,1,1,8,4000000000.0,50000,20000,unstructured,mixed,0.8,0,maf_q4,701,0.9057029180933973,0.05991440798858773,0.008559201141226819,0.0014265335235378032
1,3,1,1,1,mixmogam-he,17,/Users/au507860/REPOS/mixmogam/benchmarks/results/20261003-hapnest-kvik-n50000-m20000/rho0.8_fst0_rep01/unstructured_mixed,20262486,1,1,8,4000000000.0,50000,20000,unstructured,mixed,0.8,0,maf_q5,676,0.967300786344928,0.04437869822485207,0.0073964497041420114,0.0029585798816568047
1,3,1,1,1,mixmogam-he,17,/Users/au507860/REPOS/mixmogam/benchmarks/results/20261003-hapnest-kvik-n50000-m20000/rho0.8_fst0_rep01/unstructured_mixed,20262486,1,1,8,4000000000.0,50000,20000,unstructured,mixed,0.8,0,ld_q1,679,0.952061460544903,0.050073637702503684,0.005891016200294551,0.0014727540500736377
1,3,1,1,1,mixmogam-he,17,/Users/au507860/REPOS/mixmogam/benchmarks/results/20261003-hapnest-kvik-n50000-m20000/rho0.8_fst0_rep01/unstructured_mixed,20262486,1,1,8,4000000000.0,50000,20000,unstructured,mixed,0.8,0,ld_q2,636,0.92991425293193,0.05188679245283019,0.007861635220125786,0.0
1,3,1,1,1,mixmogam-he,17,/Users/au507860/REPOS/mixmogam/benchmarks/results/20261003-hapnest-kvik-n50000-m20000/rho0.8_fst0_rep01/unstructured_mixed,20262486,1,1,8,4000000000.0,50000,20000,unstructured,mixed,0.8,0,ld_q3,634,0.9542727871788313,0.04416403785488959,0.011041009463722398,0.0
1,3,1,1,1,mixmogam-he,17,/Users/au507860/REPOS/mixmogam/benchmarks/results/20261003-hapnest-kvik-n50000-m20000/rho0.8_fst0_rep01/unstructured_mixed,20262486,1,1,8,4000000000.0,50000,20000,unstructured,mixed,0.8,0,ld_q4,681,0.9359928728801623,0.0513950073421439,0.004405286343612335,0.0014684287812041115
1,3,1,1,1,mixmogam-he,17,/Users/au507860/REPOS/mixmogam/benchmarks/results/20261003-hapnest-kvik-n50000-m20000/rho0.8_fst0_rep01/unstructured_mixed,20262486,1,1,8,4000000000.0,50000,20000,unstructured,mixed,0.8,0,ld_q5,670,0.984679758111334,0.04626865671641791,0.013432835820895522,0.0014925373134328358
1,3,1,1,2,ldak-kvik,18,/Users/au507860/REPOS/mixmogam/benchmarks/results/20261003-hapnest-kvik-n50000-m20000/rho0.8_fst0_rep01/unstructured_mixed,20262486,,1,,,50000,20000,unstructured,mixed,0.8,0,all_null,3300,0.9434594183942085,0.04787878787878788,0.008787878787878787,0.0006060606060606061
1,3,1,1,2,ldak-kvik,18,/Users/au507860/REPOS/mixmogam/benchmarks/results/20261003-hapnest-kvik-n50000-m20000/rho0.8_fst0_rep01/unstructured_mixed,20262486,,1,,,50000,20000,unstructured,mixed,0.8,0,loading_q1,678,0.9524047481919276,0.035398230088495575,0.0058997050147492625,0.0
1,3,1,1,2,ldak-kvik,18,/Users/au507860/REPOS/mixmogam/benchmarks/results/20261003-hapnest-kvik-n50000-m20000/rho0.8_fst0_rep01/unstructured_mixed,20262486,,1,,,50000,20000,unstructured,mixed,0.8,0,loading_q2,668,0.9726592860475809,0.03592814371257485,0.008982035928143712,0.0
1,3,1,1,2,ldak-kvik,18,/Users/au507860/REPOS/mixmogam/benchmarks/results/20261003-hapnest-kvik-n50000-m20000/rho0.8_fst0_rep01/unstructured_mixed,20262486,,1,,,50000,20000,unstructured,mixed,0.8,0,loading_q3,692,0.989334239257513,0.049132947976878616,0.011560693641618497,0.001445086705202312
1,3,1,1,2,ldak-kvik,18,/Users/au507860/REPOS/mixmogam/benchmarks/results/20261003-hapnest-kvik-n50000-m20000/rho0.8_fst0_rep01/unstructured_mixed,20262486,,1,,,50000,20000,unstructured,mixed,0.8,0,loading_q4,653,0.8098948553291315,0.05666156202143951,0.007656967840735069,0.0015313935681470138
1,3,1,1,2,ldak-kvik,18,/Users/au507860/REPOS/mixmogam/benchmarks/results/20261003-hapnest-kvik-n50000-m20000/rho0.8_fst0_rep01/unstructured_mixed,20262486,,1,,,50000,20000,unstructured,mixed,0.8,0,loading_q5,609,1.0066879535379432,0.06403940886699508,0.009852216748768473,0.0
1,3,1,1,2,ldak-kvik,18,/Users/au507860/REPOS/mixmogam/benchmarks/results/20261003-hapnest-kvik-n50000-m20000/rho0.8_fst0_rep01/unstructured_mixed,20262486,,1,,,50000,20000,unstructured,mixed,0.8,0,maf_q1,655,0.9042143833694357,0.05343511450381679,0.007633587786259542,0.0
1,3,1,1,2,ldak-kvik,18,/Users/au507860/REPOS/mixmogam/benchmarks/results/20261003-hapnest-kvik-n50000-m20000/rho0.8_fst0_rep01/unstructured_mixed,20262486,,1,,,50000,20000,unstructured,mixed,0.8,0,maf_q2,608,1.0067588379992964,0.03453947368421053,0.006578947368421052,0.0
1,3,1,1,2,ldak-kvik,18,/Users/au507860/REPOS/mixmogam/benchmarks/results/20261003-hapnest-kvik-n50000-m20000/rho0.8_fst0_rep01/unstructured_mixed,20262486,,1,,,50000,20000,unstructured,mixed,0.8,0,maf_q3,660,0.8882129305744314,0.04696969696969697,0.010606060606060607,0.0
1,3,1,1,2,ldak-kvik,18,/Users/au507860/REPOS/mixmogam/benchmarks/results/20261003-hapnest-kvik-n50000-m20000/rho0.8_fst0_rep01/unstructured_mixed,20262486,,1,,,50000,20000,unstructured,mixed,0.8,0,maf_q4,701,0.92720777987435,0.05848787446504993,0.011412268188302425,0.0014265335235378032
1,3,1,1,2,ldak-kvik,18,/Users/au507860/REPOS/mixmogam/benchmarks/results/20261003-hapnest-kvik-n50000-m20000/rho0.8_fst0_rep01/unstructured_mixed,20262486,,1,,,50000,20000,unstructured,mixed,0.8,0,maf_q5,676,0.9949251455930558,0.04437869822485207,0.0073964497041420114,0.0014792899408284023
1,3,1,1,2,ldak-kvik,18,/Users/au507860/REPOS/mixmogam/benchmarks/results/20261003-hapnest-kvik-n50000-m20000/rho0.8_fst0_rep01/unstructured_mixed,20262486,,1,,,50000,20000,unstructured,mixed,0.8,0,ld_q1,679,0.9173472227561904,0.050073637702503684,0.005891016200294551,0.0014727540500736377
1,3,1,1,2,ldak-kvik,18,/Users/au507860/REPOS/mixmogam/benchmarks/results/20261003-hapnest-kvik-n50000-m20000/rho0.8_fst0_rep01/unstructured_mixed,20262486,,1,,,50000,20000,unstructured,mixed,0.8,0,ld_q2,636,0.9675677855056436,0.05345911949685535,0.009433962264150943,0.0
1,3,1,1,2,ldak-kvik,18,/Users/au507860/REPOS/mixmogam/benchmarks/results/20261003-hapnest-kvik-n50000-m20000/rho0.8_fst0_rep01/unstructured_mixed,20262486,,1,,,50000,20000,unstructured,mixed,0.8,0,ld_q3,634,0.9422363039358516,0.03943217665615142,0.011041009463722398,0.0
1,3,1,1,2,ldak-kvik,18,/Users/au507860/REPOS/mixmogam/benchmarks/results/20261003-hapnest-kvik-n50000-m20000/rho0.8_fst0_rep01/unstructured_mixed,20262486,,1,,,50000,20000,unstructured,mixed,0.8,0,ld_q4,681,0.9037803706827099,0.05286343612334802,0.004405286343612335,0.0014684287812041115
1,3,1,1,2,ldak-kvik,18,/Users/au507860/REPOS/mixmogam/benchmarks/results/20261003-hapnest-kvik-n50000-m20000/rho0.8_fst0_rep01/unstructured_mixed,20262486,,1,,,50000,20000,unstructured,mixed,0.8,0,ld_q5,670,0.9883624205925422,0.04328358208955224,0.013432835820895522,0.0
1,3,4,2,1,ldak-kvik,19,/Users/au507860/REPOS/mixmogam/benchmarks/results/20261003-hapnest-kvik-n50000-m20000/rho0.8_fst0_rep01/unstructured_mixed,20262486,,4,,,50000,20000,unstructured,mixed,0.8,0,all_null,3300,0.9434594183942085,0.04787878787878788,0.008787878787878787,0.0006060606060606061
1,3,4,2,1,ldak-kvik,19,/Users/au507860/REPOS/mixmogam/benchmarks/results/20261003-hapnest-kvik-n50000-m20000/rho0.8_fst0_rep01/unstructured_mixed,20262486,,4,,,50000,20000,unstructured,mixed,0.8,0,loading_q1,678,0.9524047481919276,0.035398230088495575,0.0058997050147492625,0.0
1,3,4,2,1,ldak-kvik,19,/Users/au507860/REPOS/mixmogam/benchmarks/results/20261003-hapnest-kvik-n50000-m20000/rho0.8_fst0_rep01/unstructured_mixed,20262486,,4,,,50000,20000,unstructured,mixed,0.8,0,loading_q2,668,0.9726592860475809,0.03592814371257485,0.008982035928143712,0.0
1,3,4,2,1,ldak-kvik,19,/Users/au507860/REPOS/mixmogam/benchmarks/results/20261003-hapnest-kvik-n50000-m20000/rho0.8_fst0_rep01/unstructured_mixed,20262486,,4,,,50000,20000,unstructured,mixed,0.8,0,loading_q3,692,0.989334239257513,0.049132947976878616,0.011560693641618497,0.001445086705202312
1,3,4,2,1,ldak-kvik,19,/Users/au507860/REPOS/mixmogam/benchmarks/results/20261003-hapnest-kvik-n50000-m20000/rho0.8_fst0_rep01/unstructured_mixed,20262486,,4,,,50000,20000,unstructured,mixed,0.8,0,loading_q4,653,0.8098948553291315,0.05666156202143951,0.007656967840735069,0.0015313935681470138
1,3,4,2,1,ldak-kvik,19,/Users/au507860/REPOS/mixmogam/benchmarks/results/20261003-hapnest-kvik-n50000-m20000/rho0.8_fst0_rep01/unstructured_mixed,20262486,,4,,,50000,20000,unstructured,mixed,0.8,0,loading_q5,609,1.0066879535379432,0.06403940886699508,0.009852216748768473,0.0
1,3,4,2,1,ldak-kvik,19,/Users/au507860/REPOS/mixmogam/benchmarks/results/20261003-hapnest-kvik-n50000-m20000/rho0.8_fst0_rep01/unstructured_mixed,20262486,,4,,,50000,20000,unstructured,mixed,0.8,0,maf_q1,655,0.9042143833694357,0.05343511450381679,0.007633587786259542,0.0
1,3,4,2,1,ldak-kvik,19,/Users/au507860/REPOS/mixmogam/benchmarks/results/20261003-hapnest-kvik-n50000-m20000/rho0.8_fst0_rep01/unstructured_mixed,20262486,,4,,,50000,20000,unstructured,mixed,0.8,0,maf_q2,608,1.0067588379992964,0.03453947368421053,0.006578947368421052,0.0
1,3,4,2,1,ldak-kvik,19,/Users/au507860/REPOS/mixmogam/benchmarks/results/20261003-hapnest-kvik-n50000-m20000/rho0.8_fst0_rep01/unstructured_mixed,20262486,,4,,,50000,20000,unstructured,mixed,0.8,0,maf_q3,660,0.8882129305744314,0.04696969696969697,0.010606060606060607,0.0
1,3,4,2,1,ldak-kvik,19,/Users/au507860/REPOS/mixmogam/benchmarks/results/20261003-hapnest-kvik-n50000-m20000/rho0.8_fst0_rep01/unstructured_mixed,20262486,,4,,,50000,20000,unstructured,mixed,0.8,0,maf_q4,701,0.92720777987435,0.05848787446504993,0.011412268188302425,0.0014265335235378032
1,3,4,2,1,ldak-kvik,19,/Users/au507860/REPOS/mixmogam/benchmarks/results/20261003-hapnest-kvik-n50000-m20000/rho0.8_fst0_rep01/unstructured_mixed,20262486,,4,,,50000,20000,unstructured,mixed,0.8,0,maf_q5,676,0.9949251455930558,0.04437869822485207,0.0073964497041420114,0.0014792899408284023
1,3,4,2,1,ldak-kvik,19,/Users/au507860/REPOS/mixmogam/benchmarks/results/20261003-hapnest-kvik-n50000-m20000/rho0.8_fst0_rep01/unstructured_mixed,20262486,,4,,,50000,20000,unstructured,mixed,0.8,0,ld_q1,679,0.9173472227561904,0.050073637702503684,0.005891016200294551,0.0014727540500736377
1,3,4,2,1,ldak-kvik,19,/Users/au507860/REPOS/mixmogam/benchmarks/results/20261003-hapnest-kvik-n50000-m20000/rho0.8_fst0_rep01/unstructured_mixed,20262486,,4,,,50000,20000,unstructured,mixed,0.8,0,ld_q2,636,0.9675677855056436,0.05345911949685535,0.009433962264150943,0.0
1,3,4,2,1,ldak-kvik,19,/Users/au507860/REPOS/mixmogam/benchmarks/results/20261003-hapnest-kvik-n50000-m20000/rho0.8_fst0_rep01/unstructured_mixed,20262486,,4,,,50000,20000,unstructured,mixed,0.8,0,ld_q3,634,0.9422363039358516,0.03943217665615142,0.011041009463722398,0.0
1,3,4,2,1,ldak-kvik,19,/Users/au507860/REPOS/mixmogam/benchmarks/results/20261003-hapnest-kvik-n50000-m20000/rho0.8_fst0_rep01/unstructured_mixed,20262486,,4,,,50000,20000,unstructured,mixed,0.8,0,ld_q4,681,0.9037803706827099,0.05286343612334802,0.004405286343612335,0.0014684287812041115
1,3,4,2,1,ldak-kvik,19,/Users/au507860/REPOS/mixmogam/benchmarks/results/20261003-hapnest-kvik-n50000-m20000/rho0.8_fst0_rep01/unstructured_mixed,20262486,,4,,,50000,20000,unstructured,mixed,0.8,0,ld_q5,670,0.9883624205925422,0.04328358208955224,0.013432835820895522,0.0
1,3,4,2,2,mixmogam-he,20,/Users/au507860/REPOS/mixmogam/benchmarks/results/20261003-hapnest-kvik-n50000-m20000/rho0.8_fst0_rep01/unstructured_mixed,20262486,4,1,8,4000000000.0,50000,20000,unstructured,mixed,0.8,0,all_null,3300,0.9514280749882431,0.04878787878787879,0.008484848484848486,0.0009090909090909091
1,3,4,2,2,mixmogam-he,20,/Users/au507860/REPOS/mixmogam/benchmarks/results/20261003-hapnest-kvik-n50000-m20000/rho0.8_fst0_rep01/unstructured_mixed,20262486,4,1,8,4000000000.0,50000,20000,unstructured,mixed,0.8,0,loading_q1,678,1.0112347914178443,0.038348082595870206,0.0058997050147492625,0.0
1,3,4,2,2,mixmogam-he,20,/Users/au507860/REPOS/mixmogam/benchmarks/results/20261003-hapnest-kvik-n50000-m20000/rho0.8_fst0_rep01/unstructured_mixed,20262486,4,1,8,4000000000.0,50000,20000,unstructured,mixed,0.8,0,loading_q2,668,0.9503622340548789,0.0374251497005988,0.0074850299401197605,0.0014970059880239522
1,3,4,2,2,mixmogam-he,20,/Users/au507860/REPOS/mixmogam/benchmarks/results/20261003-hapnest-kvik-n50000-m20000/rho0.8_fst0_rep01/unstructured_mixed,20262486,4,1,8,4000000000.0,50000,20000,unstructured,mixed,0.8,0,loading_q3,692,0.9720191552574248,0.0476878612716763,0.011560693641618497,0.001445086705202312
1,3,4,2,2,mixmogam-he,20,/Users/au507860/REPOS/mixmogam/benchmarks/results/20261003-hapnest-kvik-n50000-m20000/rho0.8_fst0_rep01/unstructured_mixed,20262486,4,1,8,4000000000.0,50000,20000,unstructured,mixed,0.8,0,loading_q4,653,0.8482894759605801,0.05666156202143951,0.007656967840735069,0.0015313935681470138
1,3,4,2,2,mixmogam-he,20,/Users/au507860/REPOS/mixmogam/benchmarks/results/20261003-hapnest-kvik-n50000-m20000/rho0.8_fst0_rep01/unstructured_mixed,20262486,4,1,8,4000000000.0,50000,20000,unstructured,mixed,0.8,0,loading_q5,609,1.0608217455553406,0.06568144499178982,0.009852216748768473,0.0
1,3,4,2,2,mixmogam-he,20,/Users/au507860/REPOS/mixmogam/benchmarks/results/20261003-hapnest-kvik-n50000-m20000/rho0.8_fst0_rep01/unstructured_mixed,20262486,4,1,8,4000000000.0,50000,20000,unstructured,mixed,0.8,0,maf_q1,655,0.9909018979280263,0.04885496183206107,0.007633587786259542,0.0
1,3,4,2,2,mixmogam-he,20,/Users/au507860/REPOS/mixmogam/benchmarks/results/20261003-hapnest-kvik-n50000-m20000/rho0.8_fst0_rep01/unstructured_mixed,20262486,4,1,8,4000000000.0,50000,20000,unstructured,mixed,0.8,0,maf_q2,608,1.0086672150126479,0.03453947368421053,0.008223684210526315,0.0
1,3,4,2,2,mixmogam-he,20,/Users/au507860/REPOS/mixmogam/benchmarks/results/20261003-hapnest-kvik-n50000-m20000/rho0.8_fst0_rep01/unstructured_mixed,20262486,4,1,8,4000000000.0,50000,20000,unstructured,mixed,0.8,0,maf_q3,660,0.930279113373679,0.05454545454545454,0.010606060606060607,0.0
1,3,4,2,2,mixmogam-he,20,/Users/au507860/REPOS/mixmogam/benchmarks/results/20261003-hapnest-kvik-n50000-m20000/rho0.8_fst0_rep01/unstructured_mixed,20262486,4,1,8,4000000000.0,50000,20000,unstructured,mixed,0.8,0,maf_q4,701,0.9057015551271281,0.05991440798858773,0.008559201141226819,0.0014265335235378032
1,3,4,2,2,mixmogam-he,20,/Users/au507860/REPOS/mixmogam/benchmarks/results/20261003-hapnest-kvik-n50000-m20000/rho0.8_fst0_rep01/unstructured_mixed,20262486,4,1,8,4000000000.0,50000,20000,unstructured,mixed,0.8,0,maf_q5,676,0.9673013390600688,0.04437869822485207,0.0073964497041420114,0.0029585798816568047
1,3,4,2,2,mixmogam-he,20,/Users/au507860/REPOS/mixmogam/benchmarks/results/20261003-hapnest-kvik-n50000-m20000/rho0.8_fst0_rep01/unstructured_mixed,20262486,4,1,8,4000000000.0,50000,20000,unstructured,mixed,0.8,0,ld_q1,679,0.952058981110498,0.050073637702503684,0.005891016200294551,0.0014727540500736377
1,3,4,2,2,mixmogam-he,20,/Users/au507860/REPOS/mixmogam/benchmarks/results/20261003-hapnest-kvik-n50000-m20000/rho0.8_fst0_rep01/unstructured_mixed,20262486,4,1,8,4000000000.0,50000,20000,unstructured,mixed,0.8,0,ld_q2,636,0.9299137631083358,0.05188679245283019,0.007861635220125786,0.0
1,3,4,2,2,mixmogam-he,20,/Users/au507860/REPOS/mixmogam/benchmarks/results/20261003-hapnest-kvik-n50000-m20000/rho0.8_fst0_rep01/unstructured_mixed,20262486,4,1,8,4000000000.0,50000,20000,unstructured,mixed,0.8,0,ld_q3,634,0.9542718598550607,0.04416403785488959,0.011041009463722398,0.0
1,3,4,2,2,mixmogam-he,20,/Users/au507860/REPOS/mixmogam/benchmarks/results/20261003-hapnest-kvik-n50000-m20000/rho0.8_fst0_rep01/unstructured_mixed,20262486,4,1,8,4000000000.0,50000,20000,unstructured,mixed,0.8,0,ld_q4,681,0.9359890219347404,0.0513950073421439,0.004405286343612335,0.0014684287812041115
1,3,4,2,2,mixmogam-he,20,/Users/au507860/REPOS/mixmogam/benchmarks/results/20261003-hapnest-kvik-n50000-m20000/rho0.8_fst0_rep01/unstructured_mixed,20262486,4,1,8,4000000000.0,50000,20000,unstructured,mixed,0.8,0,ld_q5,670,0.9846803696232739,0.04626865671641791,0.013432835820895522,0.0014925373134328358
2,3,4,1,1,mixmogam-he,21,/Users/au507860/REPOS/mixmogam/benchmarks/results/20261003-hapnest-kvik-n50000-m20000/rho0.8_fst0.05_rep01/confounded-pc_mixed,20262486,4,1,8,4000000000.0,50000,20000,confounded-pc,mixed,0.8,0.05,all_null,3300,0.9775947948294511,0.055757575757575756,0.014242424242424242,0.0027272727272727275
2,3,4,1,1,mixmogam-he,21,/Users/au507860/REPOS/mixmogam/benchmarks/results/20261003-hapnest-kvik-n50000-m20000/rho0.8_fst0.05_rep01/confounded-pc_mixed,20262486,4,1,8,4000000000.0,50000,20000,confounded-pc,mixed,0.8,0.05,loading_q1,623,1.2163456995932311,0.06741573033707865,0.02247191011235955,0.008025682182985553
2,3,4,1,1,mixmogam-he,21,/Users/au507860/REPOS/mixmogam/benchmarks/results/20261003-hapnest-kvik-n50000-m20000/rho0.8_fst0.05_rep01/confounded-pc_mixed,20262486,4,1,8,4000000000.0,50000,20000,confounded-pc,mixed,0.8,0.05,loading_q2,633,0.949936984146045,0.06635071090047394,0.011058451816745656,0.00315955766192733
2,3,4,1,1,mixmogam-he,21,/Users/au507860/REPOS/mixmogam/benchmarks/results/20261003-hapnest-kvik-n50000-m20000/rho0.8_fst0.05_rep01/confounded-pc_mixed,20262486,4,1,8,4000000000.0,50000,20000,confounded-pc,mixed,0.8,0.05,loading_q3,678,0.95179058266346,0.048672566371681415,0.011799410029498525,0.0
2,3,4,1,1,mixmogam-he,21,/Users/au507860/REPOS/mixmogam/benchmarks/results/20261003-hapnest-kvik-n50000-m20000/rho0.8_fst0.05_rep01/confounded-pc_mixed,20262486,4,1,8,4000000000.0,50000,20000,confounded-pc,mixed,0.8,0.05,loading_q4,693,0.8857421869334852,0.05194805194805195,0.015873015873015872,0.002886002886002886
2,3,4,1,1,mixmogam-he,21,/Users/au507860/REPOS/mixmogam/benchmarks/results/20261003-hapnest-kvik-n50000-m20000/rho0.8_fst0.05_rep01/confounded-pc_mixed,20262486,4,1,8,4000000000.0,50000,20000,confounded-pc,mixed,0.8,0.05,loading_q5,673,1.0204301251165087,0.04606240713224369,0.010401188707280832,0.0
2,3,4,1,1,mixmogam-he,21,/Users/au507860/REPOS/mixmogam/benchmarks/results/20261003-hapnest-kvik-n50000-m20000/rho0.8_fst0.05_rep01/confounded-pc_mixed,20262486,4,1,8,4000000000.0,50000,20000,confounded-pc,mixed,0.8,0.05,maf_q1,666,0.922848184259145,0.04354354354354354,0.0075075075075075074,0.0045045045045045045
2,3,4,1,1,mixmogam-he,21,/Users/au507860/REPOS/mixmogam/benchmarks/results/20261003-hapnest-kvik-n50000-m20000/rho0.8_fst0.05_rep01/confounded-pc_mixed,20262486,4,1,8,4000000000.0,50000,20000,confounded-pc,mixed,0.8,0.05,maf_q2,623,1.1534440587688741,0.05457463884430177,0.016051364365971106,0.0032102728731942215
2,3,4,1,1,mixmogam-he,21,/Users/au507860/REPOS/mixmogam/benchmarks/results/20261003-hapnest-kvik-n50000-m20000/rho0.8_fst0.05_rep01/confounded-pc_mixed,20262486,4,1,8,4000000000.0,50000,20000,confounded-pc,mixed,0.8,0.05,maf_q3,649,1.1477719220602542,0.06471494607087827,0.020030816640986132,0.0
2,3,4,1,1,mixmogam-he,21,/Users/au507860/REPOS/mixmogam/benchmarks/results/20261003-hapnest-kvik-n50000-m20000/rho0.8_fst0.05_rep01/confounded-pc_mixed,20262486,4,1,8,4000000000.0,50000,20000,confounded-pc,mixed,0.8,0.05,maf_q4,682,0.8440888854816283,0.05718475073313783,0.011730205278592375,0.002932551319648094
2,3,4,1,1,mixmogam-he,21,/Users/au507860/REPOS/mixmogam/benchmarks/results/20261003-hapnest-kvik-n50000-m20000/rho0.8_fst0.05_rep01/confounded-pc_mixed,20262486,4,1,8,4000000000.0,50000,20000,confounded-pc,mixed,0.8,0.05,maf_q5,680,0.9671304377384571,0.058823529411764705,0.016176470588235296,0.0029411764705882353
2,3,4,1,1,mixmogam-he,21,/Users/au507860/REPOS/mixmogam/benchmarks/results/20261003-hapnest-kvik-n50000-m20000/rho0.8_fst0.05_rep01/confounded-pc_mixed,20262486,4,1,8,4000000000.0,50000,20000,confounded-pc,mixed,0.8,0.05,ld_q1,706,0.9045570105263848,0.036827195467422094,0.0084985835694051,0.0
2,3,4,1,1,mixmogam-he,21,/Users/au507860/REPOS/mixmogam/benchmarks/results/20261003-hapnest-kvik-n50000-m20000/rho0.8_fst0.05_rep01/confounded-pc_mixed,20262486,4,1,8,4000000000.0,50000,20000,confounded-pc,mixed,0.8,0.05,ld_q2,646,1.048533024725934,0.05108359133126935,0.01238390092879257,0.0030959752321981426
2,3,4,1,1,mixmogam-he,21,/Users/au507860/REPOS/mixmogam/benchmarks/results/20261003-hapnest-kvik-n50000-m20000/rho0.8_fst0.05_rep01/confounded-pc_mixed,20262486,4,1,8,4000000000.0,50000,20000,confounded-pc,mixed,0.8,0.05,ld_q3,652,1.0229871858518544,0.06134969325153374,0.019938650306748466,0.003067484662576687
2,3,4,1,1,mixmogam-he,21,/Users/au507860/REPOS/mixmogam/benchmarks/results/20261003-hapnest-kvik-n50000-m20000/rho0.8_fst0.05_rep01/confounded-pc_mixed,20262486,4,1,8,4000000000.0,50000,20000,confounded-pc,mixed,0.8,0.05,ld_q4,636,1.00037613287617,0.05817610062893082,0.0110062893081761,0.0015723270440251573
2,3,4,1,1,mixmogam-he,21,/Users/au507860/REPOS/mixmogam/benchmarks/results/20261003-hapnest-kvik-n50000-m20000/rho0.8_fst0.05_rep01/confounded-pc_mixed,20262486,4,1,8,4000000000.0,50000,20000,confounded-pc,mixed,0.8,0.05,ld_q5,660,0.9149521784709604,0.07272727272727272,0.019696969696969695,0.006060606060606061
2,3,4,1,2,ldak-kvik,22,/Users/au507860/REPOS/mixmogam/benchmarks/results/20261003-hapnest-kvik-n50000-m20000/rho0.8_fst0.05_rep01/confounded-pc_mixed,20262486,,4,,,50000,20000,confounded-pc,mixed,0.8,0.05,all_null,3300,0.9189495137745044,0.04787878787878788,0.013333333333333334,0.0030303030303030303
2,3,4,1,2,ldak-kvik,22,/Users/au507860/REPOS/mixmogam/benchmarks/results/20261003-hapnest-kvik-n50000-m20000/rho0.8_fst0.05_rep01/confounded-pc_mixed,20262486,,4,,,50000,20000,confounded-pc,mixed,0.8,0.05,loading_q1,623,1.1575233789025936,0.06260032102728733,0.02086677367576244,0.008025682182985553
2,3,4,1,2,ldak-kvik,22,/Users/au507860/REPOS/mixmogam/benchmarks/results/20261003-hapnest-kvik-n50000-m20000/rho0.8_fst0.05_rep01/confounded-pc_mixed,20262486,,4,,,50000,20000,confounded-pc,mixed,0.8,0.05,loading_q2,633,0.9748980153364033,0.05529225908372828,0.009478672985781991,0.00315955766192733
2,3,4,1,2,ldak-kvik,22,/Users/au507860/REPOS/mixmogam/benchmarks/results/20261003-hapnest-kvik-n50000-m20000/rho0.8_fst0.05_rep01/confounded-pc_mixed,20262486,,4,,,50000,20000,confounded-pc,mixed,0.8,0.05,loading_q3,678,0.8455446821648991,0.04424778761061947,0.008849557522123894,0.0
2,3,4,1,2,ldak-kvik,22,/Users/au507860/REPOS/mixmogam/benchmarks/results/20261003-hapnest-kvik-n50000-m20000/rho0.8_fst0.05_rep01/confounded-pc_mixed,20262486,,4,,,50000,20000,confounded-pc,mixed,0.8,0.05,loading_q4,693,0.8213698239370185,0.047619047619047616,0.015873015873015872,0.004329004329004329
2,3,4,1,2,ldak-kvik,22,/Users/au507860/REPOS/mixmogam/benchmarks/results/20261003-hapnest-kvik-n50000-m20000/rho0.8_fst0.05_rep01/confounded-pc_mixed,20262486,,4,,,50000,20000,confounded-pc,mixed,0.8,0.05,loading_q5,673,0.858850229217672,0.031203566121842496,0.01188707280832095,0.0
2,3,4,1,2,ldak-kvik,22,/Users/au507860/REPOS/mixmogam/benchmarks/results/20261003-hapnest-kvik-n50000-m20000/rho0.8_fst0.05_rep01/confounded-pc_mixed,20262486,,4,,,50000,20000,confounded-pc,mixed,0.8,0.05,maf_q1,666,0.8812680356434675,0.03753753753753754,0.0075075075075075074,0.0045045045045045045
2,3,4,1,2,ldak-kvik,22,/Users/au507860/REPOS/mixmogam/benchmarks/results/20261003-hapnest-kvik-n50000-m20000/rho0.8_fst0.05_rep01/confounded-pc_mixed,20262486,,4,,,50000,20000,confounded-pc,mixed,0.8,0.05,maf_q2,623,1.0920683110372191,0.04654895666131621,0.016051364365971106,0.0032102728731942215
2,3,4,1,2,ldak-kvik,22,/Users/au507860/REPOS/mixmogam/benchmarks/results/20261003-hapnest-kvik-n50000-m20000/rho0.8_fst0.05_rep01/confounded-pc_mixed,20262486,,4,,,50000,20000,confounded-pc,mixed,0.8,0.05,maf_q3,649,1.0582615477346338,0.060092449922958396,0.01848998459167951,0.0
2,3,4,1,2,ldak-kvik,22,/Users/au507860/REPOS/mixmogam/benchmarks/results/20261003-hapnest-kvik-n50000-m20000/rho0.8_fst0.05_rep01/confounded-pc_mixed,20262486,,4,,,50000,20000,confounded-pc,mixed,0.8,0.05,maf_q4,682,0.8189524082404066,0.04252199413489736,0.011730205278592375,0.004398826979472141
2,3,4,1,2,ldak-kvik,22,/Users/au507860/REPOS/mixmogam/benchmarks/results/20261003-hapnest-kvik-n50000-m20000/rho0.8_fst0.05_rep01/confounded-pc_mixed,20262486,,4,,,50000,20000,confounded-pc,mixed,0.8,0.05,maf_q5,680,0.8476603188442744,0.052941176470588235,0.013235294117647059,0.0029411764705882353
2,3,4,1,2,ldak-kvik,22,/Users/au507860/REPOS/mixmogam/benchmarks/results/20261003-hapnest-kvik-n50000-m20000/rho0.8_fst0.05_rep01/confounded-pc_mixed,20262486,,4,,,50000,20000,confounded-pc,mixed,0.8,0.05,ld_q1,706,0.8796459955086373,0.028328611898016998,0.0084985835694051,0.0
2,3,4,1,2,ldak-kvik,22,/Users/au507860/REPOS/mixmogam/benchmarks/results/20261003-hapnest-kvik-n50000-m20000/rho0.8_fst0.05_rep01/confounded-pc_mixed,20262486,,4,,,50000,20000,confounded-pc,mixed,0.8,0.05,ld_q2,646,0.9745774267720174,0.04489164086687306,0.010835913312693499,0.0030959752321981426
2,3,4,1,2,ldak-kvik,22,/Users/au507860/REPOS/mixmogam/benchmarks/results/20261003-hapnest-kvik-n50000-m20000/rho0.8_fst0.05_rep01/confounded-pc_mixed,20262486,,4,,,50000,20000,confounded-pc,mixed,0.8,0.05,ld_q3,652,0.9629989906135513,0.04754601226993865,0.019938650306748466,0.003067484662576687
2,3,4,1,2,ldak-kvik,22,/Users/au507860/REPOS/mixmogam/benchmarks/results/20261003-hapnest-kvik-n50000-m20000/rho0.8_fst0.05_rep01/confounded-pc_mixed,20262486,,4,,,50000,20000,confounded-pc,mixed,0.8,0.05,ld_q4,636,0.8957995655718701,0.050314465408805034,0.009433962264150943,0.0015723270440251573
2,3,4,1,2,ldak-kvik,22,/Users/au507860/REPOS/mixmogam/benchmarks/results/20261003-hapnest-kvik-n50000-m20000/rho0.8_fst0.05_rep01/confounded-pc_mixed,20262486,,4,,,50000,20000,confounded-pc,mixed,0.8,0.05,ld_q5,660,0.8916799960246357,0.0696969696969697,0.01818181818181818,0.007575757575757576
2,3,1,2,1,ldak-kvik,23,/Users/au507860/REPOS/mixmogam/benchmarks/results/20261003-hapnest-kvik-n50000-m20000/rho0.8_fst0.05_rep01/confounded-pc_mixed,20262486,,1,,,50000,20000,confounded-pc,mixed,0.8,0.05,all_null,3300,0.9189495137745044,0.04787878787878788,0.013333333333333334,0.0030303030303030303
2,3,1,2,1,ldak-kvik,23,/Users/au507860/REPOS/mixmogam/benchmarks/results/20261003-hapnest-kvik-n50000-m20000/rho0.8_fst0.05_rep01/confounded-pc_mixed,20262486,,1,,,50000,20000,confounded-pc,mixed,0.8,0.05,loading_q1,623,1.1575233789025936,0.06260032102728733,0.02086677367576244,0.008025682182985553
2,3,1,2,1,ldak-kvik,23,/Users/au507860/REPOS/mixmogam/benchmarks/results/20261003-hapnest-kvik-n50000-m20000/rho0.8_fst0.05_rep01/confounded-pc_mixed,20262486,,1,,,50000,20000,confounded-pc,mixed,0.8,0.05,loading_q2,633,0.9748980153364033,0.05529225908372828,0.009478672985781991,0.00315955766192733
2,3,1,2,1,ldak-kvik,23,/Users/au507860/REPOS/mixmogam/benchmarks/results/20261003-hapnest-kvik-n50000-m20000/rho0.8_fst0.05_rep01/confounded-pc_mixed,20262486,,1,,,50000,20000,confounded-pc,mixed,0.8,0.05,loading_q3,678,0.8455446821648991,0.04424778761061947,0.008849557522123894,0.0
2,3,1,2,1,ldak-kvik,23,/Users/au507860/REPOS/mixmogam/benchmarks/results/20261003-hapnest-kvik-n50000-m20000/rho0.8_fst0.05_rep01/confounded-pc_mixed,20262486,,1,,,50000,20000,confounded-pc,mixed,0.8,0.05,loading_q4,693,0.8213698239370185,0.047619047619047616,0.015873015873015872,0.004329004329004329
2,3,1,2,1,ldak-kvik,23,/Users/au507860/REPOS/mixmogam/benchmarks/results/20261003-hapnest-kvik-n50000-m20000/rho0.8_fst0.05_rep01/confounded-pc_mixed,20262486,,1,,,50000,20000,confounded-pc,mixed,0.8,0.05,loading_q5,673,0.858850229217672,0.031203566121842496,0.01188707280832095,0.0
2,3,1,2,1,ldak-kvik,23,/Users/au507860/REPOS/mixmogam/benchmarks/results/20261003-hapnest-kvik-n50000-m20000/rho0.8_fst0.05_rep01/confounded-pc_mixed,20262486,,1,,,50000,20000,confounded-pc,mixed,0.8,0.05,maf_q1,666,0.8812680356434675,0.03753753753753754,0.0075075075075075074,0.0045045045045045045
2,3,1,2,1,ldak-kvik,23,/Users/au507860/REPOS/mixmogam/benchmarks/results/20261003-hapnest-kvik-n50000-m20000/rho0.8_fst0.05_rep01/confounded-pc_mixed,20262486,,1,,,50000,20000,confounded-pc,mixed,0.8,0.05,maf_q2,623,1.0920683110372191,0.04654895666131621,0.016051364365971106,0.0032102728731942215
2,3,1,2,1,ldak-kvik,23,/Users/au507860/REPOS/mixmogam/benchmarks/results/20261003-hapnest-kvik-n50000-m20000/rho0.8_fst0.05_rep01/confounded-pc_mixed,20262486,,1,,,50000,20000,confounded-pc,mixed,0.8,0.05,maf_q3,649,1.0582615477346338,0.060092449922958396,0.01848998459167951,0.0
2,3,1,2,1,ldak-kvik,23,/Users/au507860/REPOS/mixmogam/benchmarks/results/20261003-hapnest-kvik-n50000-m20000/rho0.8_fst0.05_rep01/confounded-pc_mixed,20262486,,1,,,50000,20000,confounded-pc,mixed,0.8,0.05,maf_q4,682,0.8189524082404066,0.04252199413489736,0.011730205278592375,0.004398826979472141
2,3,1,2,1,ldak-kvik,23,/Users/au507860/REPOS/mixmogam/benchmarks/results/20261003-hapnest-kvik-n50000-m20000/rho0.8_fst0.05_rep01/confounded-pc_mixed,20262486,,1,,,50000,20000,confounded-pc,mixed,0.8,0.05,maf_q5,680,0.8476603188442744,0.052941176470588235,0.013235294117647059,0.0029411764705882353
2,3,1,2,1,ldak-kvik,23,/Users/au507860/REPOS/mixmogam/benchmarks/results/20261003-hapnest-kvik-n50000-m20000/rho0.8_fst0.05_rep01/confounded-pc_mixed,20262486,,1,,,50000,20000,confounded-pc,mixed,0.8,0.05,ld_q1,706,0.8796459955086373,0.028328611898016998,0.0084985835694051,0.0
2,3,1,2,1,ldak-kvik,23,/Users/au507860/REPOS/mixmogam/benchmarks/results/20261003-hapnest-kvik-n50000-m20000/rho0.8_fst0.05_rep01/confounded-pc_mixed,20262486,,1,,,50000,20000,confounded-pc,mixed,0.8,0.05,ld_q2,646,0.9745774267720174,0.04489164086687306,0.010835913312693499,0.0030959752321981426
2,3,1,2,1,ldak-kvik,23,/Users/au507860/REPOS/mixmogam/benchmarks/results/20261003-hapnest-kvik-n50000-m20000/rho0.8_fst0.05_rep01/confounded-pc_mixed,20262486,,1,,,50000,20000,confounded-pc,mixed,0.8,0.05,ld_q3,652,0.9629989906135513,0.04754601226993865,0.019938650306748466,0.003067484662576687
2,3,1,2,1,ldak-kvik,23,/Users/au507860/REPOS/mixmogam/benchmarks/results/20261003-hapnest-kvik-n50000-m20000/rho0.8_fst0.05_rep01/confounded-pc_mixed,20262486,,1,,,50000,20000,confounded-pc,mixed,0.8,0.05,ld_q4,636,0.8957995655718701,0.050314465408805034,0.009433962264150943,0.0015723270440251573
2,3,1,2,1,ldak-kvik,23,/Users/au507860/REPOS/mixmogam/benchmarks/results/20261003-hapnest-kvik-n50000-m20000/rho0.8_fst0.05_rep01/confounded-pc_mixed,20262486,,1,,,50000,20000,confounded-pc,mixed,0.8,0.05,ld_q5,660,0.8916799960246357,0.0696969696969697,0.01818181818181818,0.007575757575757576
2,3,1,2,2,mixmogam-he,24,/Users/au507860/REPOS/mixmogam/benchmarks/results/20261003-hapnest-kvik-n50000-m20000/rho0.8_fst0.05_rep01/confounded-pc_mixed,20262486,1,1,8,4000000000.0,50000,20000,confounded-pc,mixed,0.8,0.05,all_null,3300,0.9775946464390946,0.055757575757575756,0.014242424242424242,0.0027272727272727275
2,3,1,2,2,mixmogam-he,24,/Users/au507860/REPOS/mixmogam/benchmarks/results/20261003-hapnest-kvik-n50000-m20000/rho0.8_fst0.05_rep01/confounded-pc_mixed,20262486,1,1,8,4000000000.0,50000,20000,confounded-pc,mixed,0.8,0.05,loading_q1,623,1.216344768592789,0.06741573033707865,0.02247191011235955,0.008025682182985553
2,3,1,2,2,mixmogam-he,24,/Users/au507860/REPOS/mixmogam/benchmarks/results/20261003-hapnest-kvik-n50000-m20000/rho0.8_fst0.05_rep01/confounded-pc_mixed,20262486,1,1,8,4000000000.0,50000,20000,confounded-pc,mixed,0.8,0.05,loading_q2,633,0.9499374801986538,0.06635071090047394,0.011058451816745656,0.00315955766192733
2,3,1,2,2,mixmogam-he,24,/Users/au507860/REPOS/mixmogam/benchmarks/results/20261003-hapnest-kvik-n50000-m20000/rho0.8_fst0.05_rep01/confounded-pc_mixed,20262486,1,1,8,4000000000.0,50000,20000,confounded-pc,mixed,0.8,0.05,loading_q3,678,0.9517915523372819,0.048672566371681415,0.011799410029498525,0.0
2,3,1,2,2,mixmogam-he,24,/Users/au507860/REPOS/mixmogam/benchmarks/results/20261003-hapnest-kvik-n50000-m20000/rho0.8_fst0.05_rep01/confounded-pc_mixed,20262486,1,1,8,4000000000.0,50000,20000,confounded-pc,mixed,0.8,0.05,loading_q4,693,0.8857409217321263,0.05194805194805195,0.015873015873015872,0.002886002886002886
2,3,1,2,2,mixmogam-he,24,/Users/au507860/REPOS/mixmogam/benchmarks/results/20261003-hapnest-kvik-n50000-m20000/rho0.8_fst0.05_rep01/confounded-pc_mixed,20262486,1,1,8,4000000000.0,50000,20000,confounded-pc,mixed,0.8,0.05,loading_q5,673,1.0204323831806144,0.04606240713224369,0.010401188707280832,0.0
2,3,1,2,2,mixmogam-he,24,/Users/au507860/REPOS/mixmogam/benchmarks/results/20261003-hapnest-kvik-n50000-m20000/rho0.8_fst0.05_rep01/confounded-pc_mixed,20262486,1,1,8,4000000000.0,50000,20000,confounded-pc,mixed,0.8,0.05,maf_q1,666,0.9228482849481031,0.04354354354354354,0.0075075075075075074,0.0045045045045045045
2,3,1,2,2,mixmogam-he,24,/Users/au507860/REPOS/mixmogam/benchmarks/results/20261003-hapnest-kvik-n50000-m20000/rho0.8_fst0.05_rep01/confounded-pc_mixed,20262486,1,1,8,4000000000.0,50000,20000,confounded-pc,mixed,0.8,0.05,maf_q2,623,1.1534419850575375,0.05457463884430177,0.016051364365971106,0.0032102728731942215
2,3,1,2,2,mixmogam-he,24,/Users/au507860/REPOS/mixmogam/benchmarks/results/20261003-hapnest-kvik-n50000-m20000/rho0.8_fst0.05_rep01/confounded-pc_mixed,20262486,1,1,8,4000000000.0,50000,20000,confounded-pc,mixed,0.8,0.05,maf_q3,649,1.1477729204638722,0.06471494607087827,0.020030816640986132,0.0
2,3,1,2,2,mixmogam-he,24,/Users/au507860/REPOS/mixmogam/benchmarks/results/20261003-hapnest-kvik-n50000-m20000/rho0.8_fst0.05_rep01/confounded-pc_mixed,20262486,1,1,8,4000000000.0,50000,20000,confounded-pc,mixed,0.8,0.05,maf_q4,682,0.844087810733709,0.05718475073313783,0.011730205278592375,0.002932551319648094
2,3,1,2,2,mixmogam-he,24,/Users/au507860/REPOS/mixmogam/benchmarks/results/20261003-hapnest-kvik-n50000-m20000/rho0.8_fst0.05_rep01/confounded-pc_mixed,20262486,1,1,8,4000000000.0,50000,20000,confounded-pc,mixed,0.8,0.05,maf_q5,680,0.9671296255218521,0.058823529411764705,0.016176470588235296,0.0029411764705882353
2,3,1,2,2,mixmogam-he,24,/Users/au507860/REPOS/mixmogam/benchmarks/results/20261003-hapnest-kvik-n50000-m20000/rho0.8_fst0.05_rep01/confounded-pc_mixed,20262486,1,1,8,4000000000.0,50000,20000,confounded-pc,mixed,0.8,0.05,ld_q1,706,0.9045568587105907,0.036827195467422094,0.0084985835694051,0.0
2,3,1,2,2,mixmogam-he,24,/Users/au507860/REPOS/mixmogam/benchmarks/results/20261003-hapnest-kvik-n50000-m20000/rho0.8_fst0.05_rep01/confounded-pc_mixed,20262486,1,1,8,4000000000.0,50000,20000,confounded-pc,mixed,0.8,0.05,ld_q2,646,1.0485335015009334,0.05108359133126935,0.01238390092879257,0.0030959752321981426
2,3,1,2,2,mixmogam-he,24,/Users/au507860/REPOS/mixmogam/benchmarks/results/20261003-hapnest-kvik-n50000-m20000/rho0.8_fst0.05_rep01/confounded-pc_mixed,20262486,1,1,8,4000000000.0,50000,20000,confounded-pc,mixed,0.8,0.05,ld_q3,652,1.0229877864488557,0.06134969325153374,0.019938650306748466,0.003067484662576687
2,3,1,2,2,mixmogam-he,24,/Users/au507860/REPOS/mixmogam/benchmarks/results/20261003-hapnest-kvik-n50000-m20000/rho0.8_fst0.05_rep01/confounded-pc_mixed,20262486,1,1,8,4000000000.0,50000,20000,confounded-pc,mixed,0.8,0.05,ld_q4,636,1.0003750949152237,0.05817610062893082,0.0110062893081761,0.0015723270440251573
2,3,1,2,2,mixmogam-he,24,/Users/au507860/REPOS/mixmogam/benchmarks/results/20261003-hapnest-kvik-n50000-m20000/rho0.8_fst0.05_rep01/confounded-pc_mixed,20262486,1,1,8,4000000000.0,50000,20000,confounded-pc,mixed,0.8,0.05,ld_q5,660,0.9149527675572735,0.07272727272727272,0.019696969696969695,0.006060606060606061
