fst,architecture,trait,prevalence,scenario,method,variant,stratum,replicates,n_null,lambda_gc,lambda_mcse,rate_0.01,up_ratio_0.01,down_ratio_0.01,rate_0.001,up_ratio_0.001,down_ratio_0.001,rate_0.0001,up_ratio_0.0001,down_ratio_0.0001,seconds_median
0.0,mixed,binary,0.05,S0,hratt-bin,p,maf>=0.01,10,19909,0.9851230088085836,0.013085462270467287,0.010497764829976393,0.6630167261037722,1.4365362398915063,0.001054799336983274,0.401828318850771,1.7077703551157768,5.0228539856346375e-05,0.0,1.0045707971269275,5.856553499994334
0.0,mixed,binary,0.05,S0,hratt-bin,p,maf<0.05,10,9741,0.9725300902970151,0.022790271747457652,0.011189816240632379,0.472230777127605,1.7657324709988709,0.0014372241043014065,0.4106354583718304,2.4638127502309826,0.0,0.0,0.0,5.856553499994334
0.0,mixed,binary,0.05,S0,hratt-bin,p,maf>=0.05,10,10168,1.0028209846878304,0.025072316038884854,0.00983477576711251,0.8457907159716758,1.121164437450826,0.0006884343036978757,0.3933910306845004,0.9834775767112509,9.83477576711251e-05,0.0,1.9669551534225016,5.856553499994334
0.0,mixed,binary,0.05,S0,hratt-bin,p_normal,maf>=0.01,10,19909,0.9851230088085836,0.013085462270467287,0.01054799336983274,0.6730624340750414,1.4365362398915063,0.0013059420362650058,0.5022853985634638,2.109598673966548,0.0002009141594253855,0.0,4.01828318850771,5.856553499994334
0.0,mixed,binary,0.05,S0,hratt-bin,p_normal,maf<0.05,10,9741,0.9725300902970151,0.022790271747457652,0.011292475105225337,0.4927625500461965,1.7657324709988709,0.0018478595626732369,0.4106354583718304,3.2850836669746433,0.0003079765937788728,0.0,6.159531875577455,5.856553499994334
0.0,mixed,binary,0.05,S0,hratt-bin,p_normal,maf>=0.05,10,10168,1.0028209846878304,0.025072316038884854,0.00983477576711251,0.8457907159716758,1.121164437450826,0.0007867820613690008,0.5900865460267505,0.9834775767112509,9.83477576711251e-05,0.0,1.9669551534225016,5.856553499994334
0.0,mixed,binary,0.05,S0,hratt-bin,p_model,maf>=0.01,10,19909,0.7319812973561352,0.04886985720196169,0.003867597568938671,0.19086845145411624,0.582651062333618,0.0002009141594253855,0.0,0.401828318850771,5.0228539856346375e-05,0.0,1.0045707971269275,5.856553499994334
0.0,mixed,binary,0.05,S0,hratt-bin,p_model,maf<0.05,10,9741,0.7189749037544221,0.0459912692897046,0.004619648906683092,0.16425418334873218,0.7596755979878863,0.0004106354583718304,0.0,0.8212709167436608,0.0001026588645929576,0.0,2.0531772918591518,5.856553499994334
0.0,mixed,binary,0.05,S0,hratt-bin,p_model,maf>=0.05,10,10168,0.7454096662321239,0.05537173435892121,0.003147128245476003,0.2163650668764752,0.4130605822187254,0.0,0.0,0.0,0.0,0.0,0.0,5.856553499994334
0.0,mixed,binary,0.05,S0,hratt-bin-w,p,maf>=0.01,10,19909,0.9846484074547828,0.01232987576827989,0.01024662213069466,0.6529710181325029,1.3963534080064293,0.001054799336983274,0.5022853985634638,1.607313275403084,5.0228539856346375e-05,0.0,1.0045707971269275,3.0853990630130284
0.0,mixed,binary,0.05,S0,hratt-bin-w,p,maf<0.05,10,9741,0.9813938153707212,0.020372562924344032,0.010984498511446464,0.4927625500461965,1.7041371522430961,0.0014372241043014065,0.4106354583718304,2.4638127502309826,0.0,0.0,0.0,3.0853990630130284
0.0,mixed,binary,0.05,S0,hratt-bin-w,p,maf>=0.05,10,10168,0.9921670336825871,0.026715924458311554,0.009539732494099135,0.8064516129032258,1.101494885916601,0.0006884343036978757,0.5900865460267505,0.7867820613690008,9.83477576711251e-05,0.0,1.9669551534225016,3.0853990630130284
0.0,mixed,binary,0.05,S0,hratt-bin-w,p_normal,maf>=0.01,10,19909,0.9846484074547828,0.01232987576827989,0.0103973077502637,0.6630167261037722,1.4164448239489678,0.0014063991159776986,0.6027424782761566,2.2100557536792405,0.0002009141594253855,0.0,4.01828318850771,3.0853990630130284
0.0,mixed,binary,0.05,S0,hratt-bin-w,p_normal,maf<0.05,10,9741,0.9813938153707212,0.020372562924344032,0.011292475105225337,0.513294322964788,1.7452006980802792,0.0019505184272661945,0.4106354583718304,3.4904013961605584,0.0003079765937788728,0.0,6.159531875577455,3.0853990630130284
0.0,mixed,binary,0.05,S0,hratt-bin-w,p_normal,maf>=0.05,10,10168,0.9921670336825871,0.026715924458311554,0.009539732494099135,0.8064516129032258,1.101494885916601,0.0008851298190401259,0.7867820613690008,0.9834775767112509,9.83477576711251e-05,0.0,1.9669551534225016,3.0853990630130284
0.0,mixed,binary,0.05,S0,hratt-linear,p,maf>=0.01,10,19909,1.0058867339063668,0.013658999975362249,0.010196393590838314,0.6529710181325029,1.38630770003516,0.001456627655834045,0.803656637701542,2.109598673966548,5.0228539856346375e-05,0.0,1.0045707971269275,1.5246682920260355
0.0,mixed,binary,0.05,S0,hratt-linear,p,maf<0.05,10,9741,0.9898154915619217,0.02163617151094156,0.011703110563597166,0.5748896417205626,1.7657324709988709,0.002053177291859152,0.6159531875577456,3.4904013961605584,0.0,0.0,0.0,1.5246682920260355
0.0,mixed,binary,0.05,S0,hratt-linear,p,maf>=0.05,10,10168,1.0314236341171443,0.024145041963101625,0.008752950432730134,0.7277734067663256,1.022816679779701,0.0008851298190401259,0.9834775767112509,0.7867820613690008,9.83477576711251e-05,0.0,1.9669551534225016,1.5246682920260355
0.0,mixed,binary,0.05,S0,ldak-kvik-bin,p,maf>=0.01,10,19909,0.9384109755322954,0.021359168765304973,0.009643879652418504,1.0447536290120045,0.8840223014716962,0.0009543422572705811,1.3059420362650058,0.6027424782761566,0.00010045707971269275,1.0045707971269275,1.0045707971269275,10.128926457982743
0.0,mixed,binary,0.05,S0,ldak-kvik-bin,p,maf<0.05,10,9741,0.9266762391608772,0.025580776088224573,0.010881839646853506,1.1497792834411251,1.026588645929576,0.0009239297813366184,1.2319063751154913,0.6159531875577456,0.0001026588645929576,2.0531772918591518,0.0,10.128926457982743
0.0,mixed,binary,0.05,S0,ldak-kvik-bin,p,maf>=0.05,10,10168,0.9490640273038009,0.0280193999294223,0.008457907159716758,0.9441384736428009,0.7474429583005507,0.000983477576711251,1.3768686073957512,0.5900865460267505,9.83477576711251e-05,0.0,1.9669551534225016,10.128926457982743
0.0,mixed,binary,0.05,S0,logistic,p,maf>=0.01,10,19909,1.0175567170549067,0.014615746811556252,0.00969410819227485,0.5726053543623487,1.3662162840926213,0.0010045707971269276,0.6027424782761566,1.4063991159776985,5.0228539856346375e-05,0.0,1.0045707971269275,1.751425478985766
0.0,mixed,binary,0.05,S0,logistic,p,maf<0.05,10,9741,1.013058262576507,0.027623540584474394,0.010881839646853506,0.472230777127605,1.7041371522430961,0.0009239297813366184,0.2053177291859152,1.6425418334873216,0.0,0.0,0.0,1.751425478985766
0.0,mixed,binary,0.05,S0,logistic,p,maf>=0.05,10,10168,1.0216583628468874,0.019406076564695132,0.008556254917387884,0.6687647521636506,1.042486231313926,0.0010818253343823762,0.9834775767112509,1.180173092053501,9.83477576711251e-05,0.0,1.9669551534225016,1.751425478985766
0.0,mixed,binary,0.05,S5-1:4,hratt-bin,p,maf>=0.01,10,19913,0.9812755342629729,0.014079168827164966,0.010043690051725004,0.9541505549138753,1.0545874554311254,0.0009541505549138753,0.5021845025862501,1.4061166072415006,0.00010043690051725004,0.0,2.0087380103450005,6.231810520490399
0.0,mixed,binary,0.05,S5-1:4,hratt-bin,p,maf<0.05,10,9770,0.9813985845377289,0.02394056427268792,0.010133060388945752,0.7574206755373593,1.2691914022517912,0.0008188331627430911,0.2047082906857728,1.4329580348004094,0.00010235414534288638,0.0,2.0470829068577276,6.231810520490399
0.0,mixed,binary,0.05,S5-1:4,hratt-bin,p,maf>=0.05,10,10143,0.9837867054462869,0.02216993413249733,0.009957606230898156,1.1436458641427585,0.8478753820368726,0.0010844917677215813,0.7887212856156955,1.380262249827467,9.859016070196194e-05,0.0,1.971803214039239,6.231810520490399
0.0,mixed,binary,0.05,S5-1:4,hratt-bin,p_normal,maf>=0.01,10,19913,0.9812755342629729,0.014079168827164966,0.010043690051725004,0.9541505549138753,1.0545874554311254,0.0009541505549138753,0.5021845025862501,1.4061166072415006,0.00010043690051725004,0.0,2.0087380103450005,6.231810520490399
0.0,mixed,binary,0.05,S5-1:4,hratt-bin,p_normal,maf<0.05,10,9770,0.9813985845377289,0.02394056427268792,0.010133060388945752,0.7574206755373593,1.2691914022517912,0.0008188331627430911,0.2047082906857728,1.4329580348004094,0.00010235414534288638,0.0,2.0470829068577276,6.231810520490399
0.0,mixed,binary,0.05,S5-1:4,hratt-bin,p_normal,maf>=0.05,10,10143,0.9837867054462869,0.02216993413249733,0.009957606230898156,1.1436458641427585,0.8478753820368726,0.0010844917677215813,0.7887212856156955,1.380262249827467,9.859016070196194e-05,0.0,1.971803214039239,6.231810520490399
0.0,mixed,binary,0.05,S5-1:4,hratt-bin,p_model,maf>=0.01,10,19913,0.676768455007462,0.014899155610009894,0.0022598302616381257,0.23100487118967508,0.22096118113795007,0.00010043690051725004,0.0,0.20087380103450006,0.0,0.0,0.0,6.231810520490399
0.0,mixed,binary,0.05,S5-1:4,hratt-bin,p_model,maf<0.05,10,9770,0.6812034647622285,0.020001313867492765,0.0020470829068577278,0.18423746161719548,0.22517911975435004,0.00010235414534288638,0.0,0.2047082906857728,0.0,0.0,0.0,6.231810520490399
0.0,mixed,binary,0.05,S5-1:4,hratt-bin,p_model,maf>=0.05,10,10143,0.6770887457751951,0.016034072630890864,0.0024647540175490486,0.27605244996549344,0.21689835354431627,9.859016070196194e-05,0.0,0.19718032140392389,0.0,0.0,0.0,6.231810520490399
0.0,mixed,binary,0.05,S5-1:4,hratt-bin-w,p,maf>=0.01,10,19913,0.9854046660162016,0.01295767041225543,0.010043690051725004,0.9240194847587003,1.0847185255863003,0.0009039321046552504,0.7030583036207503,1.1048059056897503,0.00010043690051725004,0.0,2.0087380103450005,2.9331120415008627
0.0,mixed,binary,0.05,S5-1:4,hratt-bin-w,p,maf<0.05,10,9770,0.9686519325962106,0.021234770494017115,0.010440122824974411,0.8802456499488229,1.2077789150460594,0.0008188331627430911,0.6141248720573184,1.0235414534288638,0.00010235414534288638,0.0,2.0470829068577276,2.9331120415008627
0.0,mixed,binary,0.05,S5-1:4,hratt-bin-w,p,maf>=0.05,10,10143,0.9979849694984742,0.032148624559920555,0.00966183574879227,0.966183574879227,0.966183574879227,0.0009859016070196194,0.7887212856156955,1.1830819284235432,9.859016070196194e-05,0.0,1.971803214039239,2.9331120415008627
0.0,mixed,binary,0.05,S5-1:4,hratt-bin-w,p_normal,maf>=0.01,10,19913,0.9854046660162016,0.01295767041225543,0.010043690051725004,0.9240194847587003,1.0847185255863003,0.0010545874554311254,0.7030583036207503,1.4061166072415006,0.00010043690051725004,0.0,2.0087380103450005,2.9331120415008627
0.0,mixed,binary,0.05,S5-1:4,hratt-bin-w,p_normal,maf<0.05,10,9770,0.9686519325962106,0.021234770494017115,0.010440122824974411,0.8802456499488229,1.2077789150460594,0.0011258955987717503,0.6141248720573184,1.6376663254861823,0.00010235414534288638,0.0,2.0470829068577276,2.9331120415008627
0.0,mixed,binary,0.05,S5-1:4,hratt-bin-w,p_normal,maf>=0.05,10,10143,0.9979849694984742,0.032148624559920555,0.00966183574879227,0.966183574879227,0.966183574879227,0.0009859016070196194,0.7887212856156955,1.1830819284235432,9.859016070196194e-05,0.0,1.971803214039239,2.9331120415008627
0.0,mixed,binary,0.05,S5-1:4,hratt-linear,p,maf>=0.01,10,19913,0.983746883543116,0.016386759679096922,0.009541505549138754,0.8838447245518003,1.0244563852759505,0.0010545874554311254,0.7030583036207503,1.4061166072415006,5.021845025862502e-05,0.0,1.0043690051725003,1.7659437705005985
0.0,mixed,binary,0.05,S5-1:4,hratt-linear,p,maf<0.05,10,9770,0.9858578891585765,0.023864791225529192,0.010440122824974411,0.8393039918116684,1.2487205731832138,0.0014329580348004093,0.8188331627430911,2.0470829068577276,0.0,0.0,0.0,1.7659437705005985
0.0,mixed,binary,0.05,S5-1:4,hratt-linear,p,maf>=0.05,10,10143,0.9824448691218455,0.02191401461520461,0.00867593414177265,0.9267475105984422,0.8084393177560879,0.0006901311249137336,0.5915409642117716,0.7887212856156955,9.859016070196194e-05,0.0,1.971803214039239,1.7659437705005985
0.0,mixed,binary,0.05,S5-1:4,ldak-kvik-bin,p,maf>=0.01,10,19913,0.965537928728455,0.017021724879046633,0.010445437653794003,1.0646311454828503,1.0244563852759505,0.0008537136543966253,0.7030583036207503,1.0043690051725003,0.00010043690051725004,0.0,2.0087380103450005,9.953278541011969
0.0,mixed,binary,0.05,S5-1:4,ldak-kvik-bin,p,maf<0.05,10,9770,0.973934307905326,0.022520769165727435,0.010849539406345957,1.0644831115660185,1.105424769703173,0.0009211873080859775,0.6141248720573184,1.2282497441146367,0.00010235414534288638,0.0,2.0470829068577276,9.953278541011969
0.0,mixed,binary,0.05,S5-1:4,ldak-kvik-bin,p,maf>=0.05,10,10143,0.9617150786397296,0.022541569048419707,0.010056196391600119,1.0647737355811888,0.9464655427388347,0.0007887212856156955,0.7887212856156955,0.7887212856156955,9.859016070196194e-05,0.0,1.971803214039239,9.953278541011969
0.0,mixed,binary,0.05,S5-1:4,logistic-w,p,maf>=0.01,10,19913,0.998857130065397,0.015035644600273852,0.009541505549138754,0.8738010345000754,1.0345000753276754,0.0009541505549138753,0.5021845025862501,1.4061166072415006,0.00010043690051725004,0.0,2.0087380103450005,1.6881670204747934
0.0,mixed,binary,0.05,S5-1:4,logistic-w,p,maf<0.05,10,9770,1.0004526234502533,0.01810200403189964,0.009518935516888434,0.7164790174002047,1.187308085977482,0.0010235414534288639,0.6141248720573184,1.4329580348004094,0.00010235414534288638,0.0,2.0470829068577276,1.6881670204747934
0.0,mixed,binary,0.05,S5-1:4,logistic-w,p,maf>=0.05,10,10143,1.0081809361858858,0.026628174206096422,0.009563245588090309,1.025337671300404,0.8873114463176575,0.0008873114463176575,0.39436064280784777,1.380262249827467,9.859016070196194e-05,0.0,1.971803214039239,1.6881670204747934
0.0,mixed,quantitative,,S0,hratt,p,maf>=0.01,10,19894,0.9926401583265217,0.015828314389006753,0.009651151100834423,0.9450085452900372,0.9852216748768473,0.0009550618276867397,0.904795415703227,1.0053282396702523,5.0266411983512615e-05,1.0053282396702523,0.0,5.207955332996789
0.0,mixed,quantitative,,S0,hratt,p,maf<0.05,10,9748,0.9959584843946745,0.017199195148482702,0.010053344275748872,1.107919573245794,0.9027492819039803,0.001333606893721789,1.2310217480508823,1.4361920393926961,0.0,0.0,0.0,5.207955332996789
0.0,mixed,quantitative,,S0,hratt,p,maf>=0.05,10,10146,0.995556165596744,0.025138421261013365,0.009264734870885078,0.7884880741178789,1.0644589000591365,0.0005913660555884093,0.5913660555884092,0.5913660555884092,9.856100926473487e-05,1.9712201852946976,0.0,5.207955332996789
0.0,mixed,quantitative,,S0,hratt-he,p,maf>=0.01,10,19894,1.0012234571310374,0.015246481383498137,0.009450085452900372,0.9550618276867398,0.9349552628933346,0.0009550618276867397,0.904795415703227,1.0053282396702523,5.0266411983512615e-05,1.0053282396702523,0.0,2.561252875486389
0.0,mixed,quantitative,,S0,hratt-he,p,maf<0.05,10,9748,0.9982591688164492,0.017840115404488797,0.010053344275748872,1.1284366023799752,0.8822322527697989,0.001333606893721789,1.2310217480508823,1.4361920393926961,0.0,0.0,0.0,2.561252875486389
0.0,mixed,quantitative,,S0,hratt-he,p,maf>=0.05,10,10146,0.9995318090811798,0.021798856770037466,0.008870490833826138,0.7884880741178789,0.9856100926473487,0.0005913660555884093,0.5913660555884092,0.5913660555884092,9.856100926473487e-05,1.9712201852946976,0.0,2.561252875486389
0.0,mixed,quantitative,,S0,hratt-w,p,maf>=0.01,10,19894,1.0012234685798456,0.015246482057988953,0.009349552628933347,0.9450085452900372,0.9249019804966322,0.0009550618276867397,0.904795415703227,1.0053282396702523,5.0266411983512615e-05,1.0053282396702523,0.0,4.513095375004923
0.0,mixed,quantitative,,S0,hratt-w,p,maf<0.05,10,9748,0.9982591569134002,0.017840116319544536,0.009848173984407058,1.107919573245794,0.8617152236356175,0.001333606893721789,1.2310217480508823,1.4361920393926961,0.0,0.0,0.0,4.513095375004923
0.0,mixed,quantitative,,S0,hratt-w,p,maf>=0.05,10,10146,0.9995318046854905,0.021798860743751192,0.008870490833826138,0.7884880741178789,0.9856100926473487,0.0005913660555884093,0.5913660555884092,0.5913660555884092,9.856100926473487e-05,1.9712201852946976,0.0,4.513095375004923
0.0,mixed,quantitative,,S0,hratt-w,p_normal,maf>=0.01,10,19894,1.0012234685798456,0.015246482057988953,0.009450085452900372,0.9550618276867398,0.9349552628933346,0.0009550618276867397,0.904795415703227,1.0053282396702523,5.0266411983512615e-05,1.0053282396702523,0.0,4.513095375004923
0.0,mixed,quantitative,,S0,hratt-w,p_normal,maf<0.05,10,9748,0.9982591569134002,0.017840116319544536,0.010053344275748872,1.1284366023799752,0.8822322527697989,0.001333606893721789,1.2310217480508823,1.4361920393926961,0.0,0.0,0.0,4.513095375004923
0.0,mixed,quantitative,,S0,hratt-w,p_normal,maf>=0.05,10,10146,0.9995318046854905,0.021798860743751192,0.008870490833826138,0.7884880741178789,0.9856100926473487,0.0005913660555884093,0.5913660555884092,0.5913660555884092,9.856100926473487e-05,1.9712201852946976,0.0,4.513095375004923
0.0,mixed,quantitative,,S0,hratt-w,p_hc0,maf>=0.01,10,19894,1.0085459991104084,0.01230066685564881,0.008595556449180657,0.864582286116417,0.8545290037197145,0.0009047954157032271,0.904795415703227,0.904795415703227,0.00010053282396702523,1.0053282396702523,1.0053282396702523,4.513095375004923
0.0,mixed,quantitative,,S0,hratt-w,p_hc0,maf<0.05,10,9748,1.0160091453593614,0.015924835874667247,0.00882232252769799,1.0258514567090684,0.7386130488305294,0.001333606893721789,1.2310217480508823,1.4361920393926961,0.00010258514567090685,0.0,2.0517029134181373,4.513095375004923
0.0,mixed,quantitative,,S0,hratt-w,p_hc0,maf>=0.05,10,10146,0.996837437694839,0.021742134832666685,0.008377685787502464,0.709639266706091,0.9658978907944017,0.0004928050463236743,0.5913660555884092,0.39424403705893946,9.856100926473487e-05,1.9712201852946976,0.0,4.513095375004923
0.0,mixed,quantitative,,S0,ldak-kvik,p,maf>=0.01,10,19894,1.0081496849326723,0.016735689414473873,0.009450085452900372,0.9651151100834423,0.9249019804966322,0.001055594651653765,0.8042625917362018,1.306926711571328,0.00015079923595053785,1.0053282396702523,2.0106564793405046,2.847266395983752
0.0,mixed,quantitative,,S0,ldak-kvik,p,maf<0.05,10,9748,1.0007337968850778,0.019962325285638783,0.010566270004103406,1.169470660648338,0.943783340172343,0.0015387771850636028,1.2310217480508823,1.8465326220763234,0.00010258514567090685,0.0,2.0517029134181373,2.847266395983752
0.0,mixed,quantitative,,S0,ldak-kvik,p,maf>=0.05,10,10146,1.0098365311071045,0.01887311180417666,0.008377685787502464,0.7687758722649319,0.9067612852355608,0.0005913660555884093,0.39424403705893946,0.7884880741178789,0.00019712201852946975,1.9712201852946976,1.9712201852946976,2.847266395983752
0.0,mixed,quantitative,,S0,wls-w,p,maf>=0.01,10,19894,1.0331341778063776,0.015583477251044189,0.01040514728058711,1.1058610636372777,0.9751683924801448,0.0008545290037197145,1.0053282396702523,0.7037297677691766,0.0002513320599175631,2.0106564793405046,3.0159847190107567,2.2026338540017605
0.0,mixed,quantitative,,S0,wls-w,p,maf<0.05,10,9748,1.0203968184762675,0.022495385205876336,0.011284366023799754,1.2310217480508823,1.0258514567090684,0.0011284366023799754,1.2310217480508823,1.0258514567090686,0.00030775543701272055,4.1034058268362745,2.0517029134181373,2.2026338540017605
0.0,mixed,quantitative,,S0,wls-w,p,maf>=0.05,10,10146,1.0449797549485225,0.020709155706313865,0.009560417898679282,0.9856100926473487,0.9264734870885077,0.0005913660555884093,0.7884880741178789,0.39424403705893946,0.00019712201852946975,0.0,3.942440370589395,2.2026338540017605
0.0,mixed,quantitative,,S1,hratt,p,maf>=0.01,10,19912,0.9838668629022609,0.017784813963021784,0.010546404178384894,1.1048613901165125,1.004419445560466,0.0009039775010044194,0.7030936118923262,1.1048613901165127,0.0,0.0,0.0,5.1490052704757545
0.0,mixed,quantitative,,S1,hratt,p,maf<0.05,10,9755,1.0188771853999943,0.02898500811289676,0.010661199384930804,1.1891337775499744,0.9431060994361866,0.0009226037929267043,1.0251153254741157,0.8200922603792926,0.0,0.0,0.0,5.1490052704757545
0.0,mixed,quantitative,,S1,hratt,p,maf>=0.05,10,10157,0.9538007092717242,0.016107229213009718,0.010436152407206852,1.0239243871221817,1.0633060943191888,0.0008860884119326573,0.3938170719700699,1.3783597518952446,0.0,0.0,0.0,5.1490052704757545
0.0,mixed,quantitative,,S1,hratt-he,p,maf>=0.01,10,19912,0.9861185226190532,0.016507296440168222,0.01049618320610687,1.1249497790277219,0.974286862193652,0.0009541984732824427,0.8035355564483729,1.1048613901165127,0.0,0.0,0.0,2.7259705000033136
0.0,mixed,quantitative,,S1,hratt-he,p,maf<0.05,10,9755,1.0174712899548495,0.02673974467798779,0.010456176319835982,1.1891337775499744,0.902101486417222,0.0009226037929267043,1.0251153254741157,0.8200922603792926,0.0,0.0,0.0,2.7259705000033136
0.0,mixed,quantitative,,S1,hratt-he,p,maf>=0.05,10,10157,0.9569837481624397,0.014902138682097022,0.01053460667519937,1.0633060943191888,1.0436152407206851,0.0009845426799251747,0.5907256079551049,1.3783597518952446,0.0,0.0,0.0,2.7259705000033136
0.0,mixed,quantitative,,S1,hratt-w,p,maf>=0.01,10,19912,1.00002906964481,0.02088264959894334,0.010445962233828847,1.1651265568501405,0.9240658899156288,0.001155082362394536,1.305745279228606,1.004419445560466,0.0001004419445560466,0.0,2.008838891120932,5.487307666509878
0.0,mixed,quantitative,,S1,hratt-w,p,maf<0.05,10,9755,1.0164823818883835,0.029076942456257176,0.010456176319835982,1.2711430035879037,0.8200922603792927,0.0011276268580215274,1.6401845207585852,0.6150691952844695,0.0,0.0,0.0,5.487307666509878
0.0,mixed,quantitative,,S1,hratt-w,p,maf>=0.05,10,10157,0.9938309133721518,0.026742377395886578,0.010436152407206852,1.0633060943191888,1.0239243871221817,0.0011814512159102097,0.9845426799251747,1.3783597518952446,0.00019690853598503495,0.0,3.938170719700699,5.487307666509878
0.0,mixed,quantitative,,S1,hratt-w,p_normal,maf>=0.01,10,19912,1.00002906964481,0.02088264959894334,0.01049618320610687,1.1751707513057452,0.9240658899156288,0.0012053033346725592,1.4061872237846524,1.004419445560466,0.0001004419445560466,0.0,2.008838891120932,5.487307666509878
0.0,mixed,quantitative,,S1,hratt-w,p_normal,maf<0.05,10,9755,1.0164823818883835,0.029076942456257176,0.010558687852383394,1.291645310097386,0.8200922603792927,0.001230138390568939,1.8452075858534083,0.6150691952844695,0.0,0.0,0.0,5.487307666509878
0.0,mixed,quantitative,,S1,hratt-w,p_normal,maf>=0.05,10,10157,0.9938309133721518,0.026742377395886578,0.010436152407206852,1.0633060943191888,1.0239243871221817,0.0011814512159102097,0.9845426799251747,1.3783597518952446,0.00019690853598503495,0.0,3.938170719700699,5.487307666509878
0.0,mixed,quantitative,,S1,hratt-w,p_hc0,maf>=0.01,10,19912,1.0040979023848684,0.022806444218405733,0.009843310566492567,1.0144636400160707,0.9541984732824427,0.001155082362394536,1.2053033346725592,1.1048613901165127,0.0001506629168340699,1.004419445560466,2.008838891120932,5.487307666509878
0.0,mixed,quantitative,,S1,hratt-w,p_hc0,maf<0.05,10,9755,1.0189149016380545,0.031313080442289316,0.009328549461814455,0.9841107124551512,0.8815991799077396,0.0011276268580215274,1.435161455663762,0.8200922603792926,0.0,0.0,0.0,5.487307666509878
0.0,mixed,quantitative,,S1,hratt-w,p_hc0,maf>=0.05,10,10157,0.9917577902841511,0.028738629553301767,0.010337698139214336,1.0436152407206851,1.0239243871221817,0.0011814512159102097,0.9845426799251747,1.3783597518952446,0.0002953628039775524,1.9690853598503495,3.938170719700699,5.487307666509878
0.0,mixed,quantitative,,S1,linear-w,p,maf>=0.01,10,19912,1.0054170544774192,0.02341766647087371,0.009993973483326637,1.1048613901165125,0.8939333065488148,0.0014061872237846524,1.4061872237846524,1.4061872237846524,0.0001506629168340699,2.008838891120932,1.004419445560466,0.7150048119947314
0.0,mixed,quantitative,,S1,linear-w,p,maf<0.05,10,9755,1.0113511101480164,0.026842009587505593,0.009738595592004101,1.0661199384930804,0.8815991799077396,0.0013326499231163505,1.6401845207585852,1.0251153254741157,0.00020502306509482317,2.0502306509482318,2.0502306509482318,0.7150048119947314
0.0,mixed,quantitative,,S1,linear-w,p,maf>=0.05,10,10157,1.0048595300948557,0.026162902508354183,0.010239243871221817,1.1420695087132027,0.9057792655311607,0.0014768140198877621,1.1814512159102097,1.7721768238653146,9.845426799251748e-05,1.9690853598503495,0.0,0.7150048119947314
0.0,mixed,quantitative,,S1,wls-w,p,maf>=0.01,10,19912,0.9939363605681786,0.02404154802566081,0.009541984732824428,1.03455202892728,0.8738449176376054,0.001004419445560466,1.004419445560466,1.004419445560466,0.0001004419445560466,2.008838891120932,0.0,2.2251324165263213
0.0,mixed,quantitative,,S1,wls-w,p,maf<0.05,10,9755,0.9881341660664411,0.026487881001619733,0.008303434136340338,0.9431060994361866,0.7175807278318811,0.0008200922603792927,1.0251153254741157,0.6150691952844695,0.0,0.0,0.0,2.2251324165263213
0.0,mixed,quantitative,,S1,wls-w,p,maf>=0.05,10,10157,0.9995199469192311,0.024857750125770236,0.010731515211184406,1.122378655114699,1.0239243871221817,0.0011814512159102097,0.9845426799251747,1.3783597518952446,0.00019690853598503495,3.938170719700699,0.0,2.2251324165263213
0.0,mixed,quantitative,,S2,hratt,p,maf>=0.01,10,19908,1.0178751770790924,0.023134862109001814,0.011703837653204742,1.1553144464536869,1.1854530841872613,0.0014064697609001407,1.8083182640144664,1.0046212577858147,0.00010046212577858148,2.0092425155716294,0.0,5.010122604027856
0.0,mixed,quantitative,,S2,hratt,p,maf<0.05,10,9764,1.0154647632724747,0.025476350386418798,0.010753789430561246,1.106104055714871,1.044653830397378,0.0012290045063498567,2.048340843916428,0.40966816878328555,0.00020483408439164277,4.096681687832855,0.0,5.010122604027856
0.0,mixed,quantitative,,S2,hratt,p,maf>=0.05,10,10144,1.021808154666139,0.027579333806610172,0.012618296529968454,1.2026813880126184,1.3209779179810726,0.0015772870662460567,1.5772870662460567,1.5772870662460567,0.0,0.0,0.0,5.010122604027856
0.0,mixed,quantitative,,S2,hratt-he,p,maf>=0.01,10,19908,1.0169955878756591,0.02319355345312825,0.011854530841872614,1.1754068716094033,1.1954992967651195,0.00135623869801085,1.707856138235885,1.0046212577858147,0.0001506931886678722,3.013863773357444,0.0,2.784701000491623
0.0,mixed,quantitative,,S2,hratt-he,p,maf<0.05,10,9764,1.0143303631772747,0.02105560689023335,0.010958623514952888,1.1470708725931995,1.044653830397378,0.0012290045063498567,2.048340843916428,0.40966816878328555,0.0003072511265874642,6.145022531749283,0.0,2.784701000491623
0.0,mixed,quantitative,,S2,hratt-he,p,maf>=0.05,10,10144,1.0194710485971317,0.02808112441040146,0.012716876971608834,1.2026813880126184,1.3406940063091484,0.0014787066246056781,1.3801261829652998,1.5772870662460567,0.0,0.0,0.0,2.784701000491623
0.0,mixed,quantitative,,S2,hratt-w,p,maf>=0.01,10,19908,1.0241478188550326,0.01765812287951592,0.012407072533654813,1.3160538476994172,1.165360659031545,0.0010046212577858146,1.2055455093429777,0.8036970062286517,0.00010046212577858148,2.0092425155716294,0.0,6.682703083002707
0.0,mixed,quantitative,,S2,hratt-w,p,maf<0.05,10,9764,1.007130372776656,0.01790936487165247,0.01321179844326096,1.5772224498156493,1.0651372388365423,0.0010241704219582138,1.6386726751331422,0.40966816878328555,0.00020483408439164277,4.096681687832855,0.0,6.682703083002707
0.0,mixed,quantitative,,S2,hratt-w,p,maf>=0.05,10,10144,1.0406976269665167,0.024086575072543373,0.01163249211356467,1.0646687697160884,1.2618296529968454,0.0009858044164037854,0.7886435331230284,1.1829652996845426,0.0,0.0,0.0,6.682703083002707
0.0,mixed,quantitative,,S2,hratt-w,p_normal,maf>=0.01,10,19908,1.0241478188550326,0.01765812287951592,0.012658227848101266,1.3361462728551334,1.1954992967651195,0.0011050833835643962,1.306007635121559,0.9041591320072332,0.00010046212577858148,2.0092425155716294,0.0,6.682703083002707
0.0,mixed,quantitative,,S2,hratt-w,p_normal,maf<0.05,10,9764,1.007130372776656,0.01790936487165247,0.013723883654240066,1.618189266693978,1.1265874641540352,0.0012290045063498567,1.8435067595247852,0.6145022531749283,0.00020483408439164277,4.096681687832855,0.0,6.682703083002707
0.0,mixed,quantitative,,S2,hratt-w,p_normal,maf>=0.05,10,10144,1.0406976269665167,0.024086575072543373,0.01163249211356467,1.0646687697160884,1.2618296529968454,0.0009858044164037854,0.7886435331230284,1.1829652996845426,0.0,0.0,0.0,6.682703083002707
0.0,mixed,quantitative,,S2,hratt-w,p_hc0,maf>=0.01,10,19908,1.034041069515976,0.017434528860133684,0.011854530841872614,1.2658227848101264,1.105083383564396,0.0011050833835643962,1.306007635121559,0.9041591320072332,5.023106288929074e-05,1.0046212577858147,0.0,6.682703083002707
0.0,mixed,quantitative,,S2,hratt-w,p_hc0,maf<0.05,10,9764,1.0286637868992985,0.019874586712624726,0.012085210979106923,1.4338385907414994,0.9832036050798852,0.0012290045063498567,1.8435067595247852,0.6145022531749283,0.00010241704219582139,2.0483408439164275,0.0,6.682703083002707
0.0,mixed,quantitative,,S2,hratt-w,p_hc0,maf>=0.05,10,10144,1.0452620872041405,0.02311772469041046,0.01163249211356467,1.1041009463722398,1.222397476340694,0.0009858044164037854,0.7886435331230284,1.1829652996845426,0.0,0.0,0.0,6.682703083002707
0.0,mixed,quantitative,,S2,linear-w,p,maf>=0.01,10,19908,1.0780954240939808,0.025628859777435745,0.013461924854329918,1.3461924854329916,1.3461924854329916,0.0016576250753465944,1.908780389793048,1.4064697609001406,0.0001506931886678722,2.0092425155716294,1.0046212577858147,0.7663345414912328
0.0,mixed,quantitative,,S2,linear-w,p,maf<0.05,10,9764,1.0887922225335789,0.028961706347905063,0.015260139287177387,1.5772224498156493,1.474805407619828,0.0017410897173289635,2.867677181482999,0.6145022531749283,0.00020483408439164277,2.0483408439164275,2.0483408439164275,0.7663345414912328
0.0,mixed,quantitative,,S2,linear-w,p,maf>=0.05,10,10144,1.0762527262445536,0.03194407720807985,0.011731072555205047,1.1238170347003156,1.222397476340694,0.0015772870662460567,0.9858044164037855,2.168769716088328,9.858044164037855e-05,1.971608832807571,0.0,0.7663345414912328
0.0,mixed,quantitative,,S2,wls-w,p,maf>=0.01,10,19908,1.0247706177944278,0.020846386154074914,0.011201527024311835,1.1352220212979707,1.105083383564396,0.00135623869801085,1.306007635121559,1.4064697609001406,0.00010046212577858148,1.0046212577858147,1.0046212577858147,2.387592624494573
0.0,mixed,quantitative,,S2,wls-w,p,maf<0.05,10,9764,1.0003870242141295,0.023024012095506276,0.01106104055714871,1.188037689471528,1.024170421958214,0.0010241704219582138,1.6386726751331422,0.40966816878328555,0.00020483408439164277,2.0483408439164275,2.0483408439164275,2.387592624494573
0.0,mixed,quantitative,,S2,wls-w,p,maf>=0.05,10,10144,1.0518808508537612,0.03199894280480525,0.011336750788643534,1.084384858044164,1.1829652996845426,0.0016758675078864353,0.9858044164037855,2.365930599369085,0.0,0.0,0.0,2.387592624494573
0.0,mixed,quantitative,,S3,hratt,p,maf>=0.01,10,19901,0.9873164510724373,0.008977872248726614,0.009597507662931512,0.9044771619516607,1.0150243706346416,0.0011054720868298076,1.5074619365861013,0.7034822370735139,0.00010049746243907341,1.004974624390734,1.004974624390734,4.942837021022569
0.0,mixed,quantitative,,S3,hratt,p,maf<0.05,10,9755,0.9766822111341323,0.013914245707819857,0.009021014864172219,0.8200922603792927,0.9841107124551512,0.0011276268580215274,1.6401845207585852,0.6150691952844695,0.00020502306509482317,2.0502306509482318,2.0502306509482318,4.942837021022569
0.0,mixed,quantitative,,S3,hratt,p,maf>=0.05,10,10146,0.9978392365066607,0.019957760440882138,0.010151783954267692,0.9856100926473487,1.0447466982061895,0.0010841711019120837,1.379854129706288,0.7884880741178789,0.0,0.0,0.0,4.942837021022569
0.0,mixed,quantitative,,S3,hratt-he,p,maf>=0.01,10,19901,0.9884827253743331,0.007693281919859287,0.009698005125370585,0.9245766544394755,1.0150243706346416,0.001055223355610271,1.4069644741470277,0.7034822370735139,0.00010049746243907341,1.004974624390734,1.004974624390734,2.325126062525669
0.0,mixed,quantitative,,S3,hratt-he,p,maf<0.05,10,9755,0.9741370449723652,0.016305357663656823,0.009431060994361865,0.8610968733982574,1.0251153254741159,0.0011276268580215274,1.6401845207585852,0.6150691952844695,0.00020502306509482317,2.0502306509482318,2.0502306509482318,2.325126062525669
0.0,mixed,quantitative,,S3,hratt-he,p,maf>=0.05,10,10146,1.0026638438101618,0.020718776925193767,0.009954661935738221,0.9856100926473487,1.0053222945002955,0.0009856100926473486,1.1827321111768183,0.7884880741178789,0.0,0.0,0.0,2.325126062525669
0.0,mixed,quantitative,,S3,hratt-w,p,maf>=0.01,10,19901,0.9719224442239213,0.018241417898992314,0.011205467061956685,1.5074619365861013,0.7336314758052359,0.0009044771619516607,1.205969549268881,0.6029847746344404,5.024873121953671e-05,1.004974624390734,0.0,7.6075308334839065
0.0,mixed,quantitative,,S3,hratt-w,p,maf<0.05,10,9755,0.948172333182623,0.023516442442542952,0.010558687852383394,1.4556637621732444,0.6560738083034342,0.0010251153254741158,1.6401845207585852,0.4100461301896463,0.00010251153254741159,2.0502306509482318,0.0,7.6075308334839065
0.0,mixed,quantitative,,S3,hratt-w,p,maf>=0.05,10,10146,0.9934225502181,0.02181422864027216,0.011827321111768185,1.5572639463828108,0.8082002759708259,0.000788488074117879,0.7884880741178789,0.7884880741178789,0.0,0.0,0.0,7.6075308334839065
0.0,mixed,quantitative,,S3,hratt-w,p_normal,maf>=0.01,10,19901,0.9719224442239213,0.018241417898992314,0.011356213255615295,1.527561429073916,0.7436812220491433,0.001004974624390734,1.3064670117079544,0.7034822370735139,0.0001507461936586101,3.014923873172202,0.0,7.6075308334839065
0.0,mixed,quantitative,,S3,hratt-w,p_normal,maf<0.05,10,9755,0.948172333182623,0.023516442442542952,0.010866222450025628,1.4966683751922092,0.6765761148129165,0.001230138390568939,1.8452075858534083,0.6150691952844695,0.00030753459764223473,6.150691952844695,0.0,7.6075308334839065
0.0,mixed,quantitative,,S3,hratt-w,p_normal,maf>=0.05,10,10146,0.9934225502181,0.02181422864027216,0.011827321111768185,1.5572639463828108,0.8082002759708259,0.000788488074117879,0.7884880741178789,0.7884880741178789,0.0,0.0,0.0,7.6075308334839065
0.0,mixed,quantitative,,S3,hratt-w,p_hc0,maf>=0.01,10,19901,0.9904913567340188,0.0183700110463741,0.012863675192201397,0.7436812220491433,1.8290538163911363,0.0019597005175619317,0.3014923873172202,3.617908647806643,0.0006029847746344405,0.0,12.059695492688808,7.6075308334839065
0.0,mixed,quantitative,,S3,hratt-w,p_hc0,maf<0.05,10,9755,0.9730696121059553,0.024559158210986327,0.014966683751922092,0.3485392106611994,2.644797539723219,0.0030753459764223477,0.20502306509482315,5.945668887749871,0.0009226037929267043,0.0,18.452075858534084,7.6075308334839065
0.0,mixed,quantitative,,S3,hratt-w,p_hc0,maf>=0.05,10,10146,1.0046020706121914,0.02216374042603423,0.010841711019120836,1.1235955056179774,1.0447466982061895,0.0008870490833826139,0.39424403705893946,1.379854129706288,0.00029568302779420464,0.0,5.913660555884093,7.6075308334839065
0.0,mixed,quantitative,,S3,linear-w,p,maf>=0.01,10,19901,1.112629509380804,0.031368416354142864,0.02014974121903422,0.4622883272197377,3.567659916587106,0.004773629465855987,0.10049746243907341,9.446761469272902,0.0018089543239033215,0.0,36.179086478066424,0.7430566459952388
0.0,mixed,quantitative,,S3,linear-w,p,maf<0.05,10,9755,1.2007414994862449,0.039699419729158796,0.029113275243464888,0.16401845207585855,5.65863659661712,0.00850845720143516,0.0,17.01691440287032,0.003485392106611994,0.0,69.70784213223988,0.7430566459952388
0.0,mixed,quantitative,,S3,linear-w,p,maf>=0.05,10,10146,1.024262708889,0.039009805101549375,0.011531638083973979,0.749063670411985,1.5572639463828108,0.0011827321111768185,0.19712201852946973,2.168342203824167,0.00019712201852946975,0.0,3.942440370589395,0.7430566459952388
0.0,mixed,quantitative,,S3,wls-w,p,maf>=0.01,10,19901,0.9616814827473836,0.013104160830103559,0.010150243706346415,1.6883573689764335,0.3416913722928496,0.0009547258931711974,1.9094517863423948,0.0,5.024873121953671e-05,1.004974624390734,0.0,2.2305560420209076
0.0,mixed,quantitative,,S3,wls-w,p,maf<0.05,10,9755,0.9527615664079674,0.030325725733541302,0.00963608405945669,1.8452075858534085,0.08200922603792928,0.0009226037929267043,1.8452075858534083,0.0,0.0,0.0,0.0,2.2305560420209076
0.0,mixed,quantitative,,S3,wls-w,p,maf>=0.05,10,10146,0.9842916715819552,0.030489776328955352,0.010644589000591367,1.5375517445298639,0.5913660555884092,0.0009856100926473486,1.9712201852946973,0.0,9.856100926473487e-05,1.9712201852946976,0.0,2.2305560420209076
0.0,null,binary,0.01,S0,hratt-bin,p,maf>=0.01,28,557260,0.899525767512578,0.04190286539190452,0.010135304884614005,0.25768940889351466,1.769371568029286,0.0009923554534687579,0.1399705702903492,1.8447403366471666,0.00012202562538133008,0.3230090083623443,2.117503499264257,5.996729395468719
0.0,null,binary,0.01,S0,hratt-bin,p,maf<0.05,28,271692,0.8396916718614714,0.06291571267719143,0.009989252535959836,0.0036806383699188785,1.9941698688220484,0.0008833532087805309,0.0,1.7667064175610618,9.569659761789084e-05,0.0,1.9139319523578169,5.996729395468719
0.0,null,binary,0.01,S0,hratt-bin,p,maf>=0.05,28,285568,1.031681505205735,0.007306155652911505,0.010274260421335724,0.4993556701030928,1.5554964141640522,0.001096061183325863,0.27313984760197224,1.9189825190497536,0.0001470753025549081,0.6303227252353204,2.3111833258628414,5.996729395468719
0.0,null,binary,0.01,S0,hratt-bin,p_normal,maf>=0.01,28,557260,0.899525767512578,0.04190286539190452,0.016816207874241824,0.25338262211535006,3.1098589527330147,0.005543193482396009,0.14355955927215303,10.942827405519866,0.002331048343681585,0.28711911854430605,46.33384775508738,5.996729395468719
0.0,null,binary,0.01,S0,hratt-bin,p_normal,maf<0.05,28,271692,0.8396916718614714,0.06291571267719143,0.023335247265285693,0.03386187300325368,4.633187580053884,0.009635911252447624,0.058890213918702056,19.212932290976546,0.004368917745093709,0.07361276739837758,87.3047421344758,5.996729395468719
0.0,null,binary,0.01,S0,hratt-bin,p_normal,maf>=0.05,28,285568,1.031681505205735,0.007306155652911505,0.010613934334379202,0.4622366651725684,1.6605502017032723,0.0016493444643657553,0.22411474675033619,3.0745741819811747,0.0003922008068130883,0.49025100851636033,7.353765127745405,5.996729395468719
0.0,null,binary,0.01,S0,hratt-bin,p_model,maf>=0.01,28,557260,0.35874593743297833,0.07778017073898948,0.002679180274916556,0.08362344327602914,0.45221261170728205,0.0005168144133797509,0.05383483472705739,0.9797939920324444,9.510820801780139e-05,0.10766966945411477,1.7944944909019127,5.996729395468719
0.0,null,binary,0.01,S0,hratt-bin,p_model,maf<0.05,28,271692,0.36418661714303113,0.07978973265638713,0.002940830057565184,0.0,0.5881660115130368,0.0007545308658333702,0.0,1.5090617316667403,0.0001545868115365929,0.0,3.091736230731858,5.996729395468719
0.0,null,binary,0.01,S0,hratt-bin,p_model,maf>=0.05,28,285568,0.3566902062685644,0.07576935013577739,0.0024302442850739577,0.16318354997758852,0.32286530703720306,0.0002906488121918422,0.10505378753922008,0.4762438368444644,3.851972209771403e-05,0.21010757507844013,0.5602868668758404,5.996729395468719
0.0,null,binary,0.01,S0,hratt-bin-w,p,maf>=0.01,28,557260,1.02014463018418,0.0059620375609005525,0.009930732512651187,0.3204967160750816,1.6656497864551554,0.0010138893873595808,0.1938054050174066,1.833973369701755,0.00010408068047231095,0.3230090083623443,1.7586046010838745,2.8343995834875386
0.0,null,binary,0.01,S0,hratt-bin-w,p,maf<0.05,28,271692,1.0269478411110122,0.01101724103414251,0.009742649765175271,0.0014722553479675515,1.9470576976870868,0.0009532853378089896,0.0,1.9065706756179792,8.833532087805309e-05,0.0,1.7667064175610618,2.8343995834875386
0.0,null,binary,0.01,S0,hratt-bin-w,p,maf>=0.05,28,285568,1.0155281671676957,0.003927004360469595,0.010109676154190946,0.6240194979829673,1.3979157328552219,0.0010715486329000447,0.3781936351411923,1.7649036306588974,0.0001190609592111161,0.6303227252353204,1.750896458987001,2.8343995834875386
0.0,null,binary,0.01,S0,hratt-bin-w,p_normal,maf>=0.01,28,557260,1.02014463018418,0.0059620375609005525,0.012184617593223989,0.31403653590783476,2.1228869827369627,0.0026253454401894984,0.18303843807199513,5.067652442307002,0.0006819079065427269,0.3230090083623443,13.315149122492192,2.8343995834875386
0.0,null,binary,0.01,S0,hratt-bin-w,p_normal,maf<0.05,28,271692,1.0269478411110122,0.01101724103414251,0.014409699218232411,0.013250298131707963,2.868689545514774,0.004045021568540847,0.007361276739837757,8.082681860341857,0.0011925268318537167,0.0,23.850536637074335,2.8343995834875386
0.0,null,binary,0.01,S0,hratt-bin-w,p_normal,maf>=0.05,28,285568,1.0155281671676957,0.003927004360469595,0.010067654639175258,0.6002073061407441,1.4133236216943075,0.001274652622142537,0.3501792917974003,2.1991259524876736,0.00019610040340654414,0.6303227252353204,3.2916853428955624,2.8343995834875386
0.0,null,binary,0.01,S0,hratt-linear,p,maf>=0.01,28,557260,1.0206436078071983,0.0033240946315173567,0.011149194271973585,0.3312636830204931,1.8985751713742238,0.00210135304884614,0.2189283278900334,3.9837777698022467,0.0005221978968524566,0.2512292287262678,10.192728708322864,1.238284687511623
0.0,null,binary,0.01,S0,hratt-linear,p,maf<0.05,28,271692,1.0312225778496407,0.005896018201122962,0.012492086627504674,0.0007361276739837757,2.497681197826951,0.0030475685702928317,0.0,6.095137140585663,0.000850227463451261,0.0,17.00454926902522,1.238284687511623
0.0,null,binary,0.01,S0,hratt-linear,p,maf>=0.05,28,285568,1.0106420551911055,0.003532849732106929,0.009871554235768713,0.6457306140744061,1.3285802330793366,0.0012011149708650829,0.42721873599282834,1.9750112057373377,0.00021010757507844015,0.49025100851636033,3.7119004930524424,1.238284687511623
0.0,null,binary,0.01,S0,ldak-kvik-bin,p,maf>=0.01,28,557260,1.0890527647319739,0.024739598259687866,0.007924487671822848,0.6417112299465241,0.9431863044180454,0.0006244840828338657,0.35530990919857874,0.8936582564691526,5.742382370886121e-05,0.3230090083623443,0.8254674658148798,9.175543896009913
0.0,null,binary,0.01,S0,ldak-kvik-bin,p,maf<0.05,28,271692,1.1003992487845324,0.025468634266607733,0.006389588210179173,0.3548135388601799,0.9231041031756547,0.00047480234971953537,0.03680638369918879,0.9127983157398819,4.4167660439026546e-05,0.0,0.8833532087805309,9.175543896009913
0.0,null,binary,0.01,S0,ldak-kvik-bin,p,maf>=0.05,28,285568,1.077021433586197,0.024256238113072693,0.009384805020170327,0.9146683101748095,0.962292693859256,0.0007668926490363066,0.6583370685791126,0.8754482294935008,7.003585835948005e-05,0.6303227252353204,0.7703944419542805,9.175543896009913
0.0,null,binary,0.01,S0,logistic,p,maf>=0.01,28,557260,1.0224188123998772,0.0031317948349008696,0.009884075655887736,0.3438251444568065,1.6329899867207407,0.001028245343286796,0.2081613609446219,1.8483293256289703,0.00011843663639952626,0.28711911854430605,2.0816136094462188,1.5272422085108701
0.0,null,binary,0.01,S0,logistic,p,maf<0.05,28,271692,1.034593526874855,0.005969634811199467,0.009698482104736245,0.002944510695935103,1.936751910251314,0.0010121755517276917,0.0,2.024351103455383,0.00010673851272764748,0.0,2.1347702545529494,1.5272422085108701
0.0,null,binary,0.01,S0,logistic,p,maf>=0.05,28,285568,1.0105227095848153,0.0038730948622853426,0.010060651053339309,0.6681420887494397,1.3439881219184222,0.0010435342895562527,0.40620797848498436,1.6808606006275213,0.0001295663379650381,0.5602868668758404,2.0310398924249213,1.5272422085108701
0.0,null,binary,0.05,S0,hratt-bin,p,maf>=0.01,30,597067,1.0054093756353462,0.003464899440560658,0.009812969063773413,0.6320898659614415,1.330503946793241,0.0009781146839466927,0.42541289336037663,1.5308164745330088,8.541754945424885e-05,0.3349707821735249,1.373380206911452,5.513043208484305
0.0,null,binary,0.05,S0,hratt-bin,p,maf<0.05,30,291107,1.0045780817334224,0.004647353736220765,0.00987265850700945,0.4026011054354584,1.5719305959664316,0.0009687159704163761,0.07557358634453998,1.8618583544882121,7.213842332887908e-05,0.0,1.4427684665775813,5.513043208484305
0.0,null,binary,0.05,S0,hratt-bin,p,maf>=0.05,30,305960,1.0059946900108996,0.00393396525033104,0.009756177278075566,0.8504379657471565,1.1007974898679567,0.0009870571316511962,0.7582690547784025,1.2158452085239901,9.805203294548307e-05,0.6536802196365538,1.3073604392731075,5.513043208484305
0.0,null,binary,0.05,S0,hratt-bin,p_normal,maf>=0.01,30,597067,1.0054093756353462,0.003464899440560658,0.009955331646197161,0.6394592231692591,1.351607106070173,0.0012075696697355573,0.44551114029078814,1.9696281991803264,0.0001641356832650272,0.36846786039087737,2.9142458049096667,5.513043208484305
0.0,null,binary,0.05,S0,hratt-bin,p_normal,maf<0.05,30,291107,1.0045780817334224,0.004647353736220765,0.010185258341434593,0.419776920513763,1.6172747477731555,0.001422157488483616,0.10992521650114905,2.7343897604660827,0.0002198504330022981,0.0,4.397008660045962,5.513043208484305
0.0,null,binary,0.05,S0,hratt-bin,p_normal,maf>=0.05,30,305960,1.0059946900108996,0.00393396525033104,0.009736566871486468,0.8484769250882469,1.098836449209047,0.00100339913714211,0.764805856974768,1.2419924173094523,0.00011112563733821415,0.7190482416002092,1.5034645051640738,5.513043208484305
0.0,null,binary,0.05,S0,hratt-bin,p_model,maf>=0.01,30,597067,0.8839703340231233,0.02272266453653814,0.006374493984762179,0.4086643542517004,0.8662344427007355,0.0006330947783079621,0.23447954752146744,1.0317100090944566,7.369357207817548e-05,0.10049123465205746,1.373380206911452,5.513043208484305
0.0,null,binary,0.05,S0,hratt-bin,p_model,maf<0.05,30,291107,0.8844624806247475,0.02301022974855605,0.006516504240708743,0.26588161741215427,1.0374192307295942,0.0007282545593201126,0.0412219561879309,1.415287162452294,9.618456443850543e-05,0.0,1.9236912887701085,5.513043208484305
0.0,null,binary,0.05,S0,hratt-bin,p_model,maf>=0.05,30,305960,0.8839640751635558,0.02260842938071885,0.006239377696430906,0.5445156229572493,0.7033599163289319,0.0005425545822983396,0.4183553405673945,0.666753824029285,5.22944175709243e-05,0.19610406589096613,0.84978428552752,5.513043208484305
0.0,null,binary,0.05,S0,hratt-bin-w,p,maf>=0.01,30,597067,1.0053335643015806,0.003441854216416556,0.00981464391768428,0.6307499828327474,1.3321788007041087,0.000968065560481487,0.4153637698951709,1.520767351067803,8.709240336511648e-05,0.3349707821735249,1.4068772851288045,2.702359458024148
0.0,null,binary,0.05,S0,hratt-bin-w,p,maf<0.05,30,291107,1.0053575585843222,0.0044687418117779765,0.00986922334399379,0.40466220324485497,1.5691824655539028,0.0009412346662910888,0.07557358634453998,1.8068957462376376,7.557358634453998e-05,0.0,1.5114717268907996,2.702359458024148
0.0,null,binary,0.05,S0,hratt-bin-w,p,maf>=0.05,30,305960,1.004558061179011,0.004022140875943618,0.00976271408027193,0.8458622042097006,1.1066806118446857,0.0009935939338475619,0.7386586481893058,1.2485292195058177,9.805203294548307e-05,0.6536802196365538,1.3073604392731075,2.702359458024148
0.0,null,binary,0.05,S0,hratt-bin-w,p_normal,maf>=0.01,30,597067,1.0053335643015806,0.003441854216416556,0.009982129308771043,0.6407991062979531,1.3556267554562553,0.0012058948158246896,0.4287626011821119,1.9830270304672675,0.0001641356832650272,0.36846786039087737,2.9142458049096667,2.702359458024148
0.0,null,binary,0.05,S0,hratt-bin-w,p_normal,maf<0.05,30,291107,1.0053575585843222,0.0044687418117779765,0.010223045134606862,0.427334279148217,1.6172747477731555,0.0014324629775305988,0.10992521650114905,2.755000738560048,0.0002198504330022981,0.0,4.397008660045962,2.702359458024148
0.0,null,binary,0.05,S0,hratt-bin-w,p_normal,maf>=0.05,30,305960,1.004558061179011,0.004022140875943618,0.009752908876977382,0.843901163550791,1.1066806118446857,0.000990325532749379,0.7321218459929403,1.2485292195058177,0.00011112563733821415,0.7190482416002092,1.5034645051640738,2.702359458024148
0.0,null,binary,0.05,S0,hratt-linear,p,maf>=0.01,30,597067,1.00341672455821,0.0035746938637589436,0.009972080185305836,0.6468285803770766,1.3475874566840906,0.001195845692359484,0.4153637698951709,1.976327614823797,0.00014906199806721858,0.3349707821735249,2.646269179170847,1.1460287919908296
0.0,null,binary,0.05,S0,hratt-linear,p,maf<0.05,30,291107,1.004139253916146,0.004872758207967378,0.010264267090794794,0.4328305399732744,1.6200228781856842,0.0013637597172173805,0.08931423840718361,2.6382051960275774,0.00019236912887701086,0.0,3.847382577540217,1.1460287919908296
0.0,null,binary,0.05,S0,hratt-linear,p,maf>=0.05,30,305960,1.0030525679302045,0.004195864705728064,0.009694077657210092,0.8504379657471565,1.0883775656948622,0.0010360831481239377,0.7255850437965747,1.346581252451301,0.00010785723624003138,0.6536802196365538,1.5034645051640738,1.1460287919908296
0.0,null,binary,0.05,S0,ldak-kvik-bin,p,maf>=0.01,30,597067,1.0329796242147522,0.005491313091111346,0.009732576076051767,0.9834742164614692,0.9630409987488842,0.0009094456736011201,0.9077708196902525,0.9111205275119878,8.541754945424885e-05,0.7369357207817547,0.9714152683032222,8.68145247900975
0.0,null,binary,0.05,S0,ldak-kvik-bin,p,maf<0.05,30,291107,1.0348475773546626,0.005492186319330679,0.00983487171383718,0.9955102419385311,0.9714641008289048,0.0008897072210561752,0.8862720580405142,0.893142384071836,7.557358634453998e-05,0.6870326031321816,0.8244391237586179,8.68145247900975
0.0,null,binary,0.05,S0,ldak-kvik-bin,p,maf>=0.05,30,305960,1.0305057171858345,0.006611406963883405,0.009635246437442803,0.9720224865995555,0.9550268008890052,0.0009282259118839064,0.9282259118839065,0.9282259118839065,9.47836318473003e-05,0.7844162635638645,1.1112563733821414,8.68145247900975
0.0,null,binary,0.05,S0,logistic,p,maf>=0.01,30,597067,1.0035424782941467,0.003424812524529168,0.009838091872436427,0.6371144276940444,1.330503946793241,0.0009730901222140899,0.41201406207343566,1.5341661823547441,8.374269554338123e-05,0.3014737039561724,1.373380206911452,1.652823541982798
0.0,null,binary,0.05,S0,logistic,p,maf<0.05,30,291107,1.0048612601556888,0.004514873508637875,0.009931056278275686,0.42252505092629167,1.5636862047288453,0.000979021459463359,0.08931423840718361,1.8687286805195338,7.557358634453998e-05,0.0,1.5114717268907996,1.652823541982798
0.0,null,binary,0.05,S0,logistic,p,maf>=0.05,30,305960,1.002130039006355,0.004074153812665241,0.0097496404758792,0.8412864426722447,1.1086416525035954,0.0009674467250620996,0.7190482416002092,1.2158452085239901,9.151523074911753e-05,0.5883121976728984,1.2419924173094523,1.652823541982798
0.0,null,binary,0.05,S1,hratt-bin,p,maf>=0.01,30,597064,1.0077933350171002,0.002956581439546418,0.009891736899226884,0.5989307678908793,1.3794166119544973,0.0010166414320742835,0.42876475553709487,1.6045181086114721,9.211742794742272e-05,0.3014752187370198,1.5408733402114345,5.571278604504187
0.0,null,binary,0.05,S1,hratt-bin,p,maf<0.05,30,291276,1.0094251906006586,0.0041364118777888976,0.010093519548469492,0.35567640313654403,1.6630275065573543,0.0011020475425369753,0.04119803897334487,2.1628970461006056,0.00010986143726225299,0.0,2.1972287452450594,5.571278604504187
0.0,null,binary,0.05,S1,hratt-bin,p,maf>=0.05,30,305788,1.0069080153597978,0.004866583879445399,0.009699530393606028,0.8306408361348385,1.109265242586367,0.0009352885005297788,0.7979384410114196,1.0726385600481378,7.521550878386332e-05,0.5886431122215391,0.9156670634557275,5.571278604504187
0.0,null,binary,0.05,S1,hratt-bin,p_normal,maf>=0.01,30,597064,1.0077933350171002,0.002956581439546418,0.010072622030469096,0.6066351345919365,1.4078892715018825,0.0012477724331059986,0.465611726716064,2.0299331394959337,0.00019763375450537965,0.3684697117896909,3.584205378317902,5.571278604504187
0.0,null,binary,0.05,S1,hratt-bin,p_normal,maf<0.05,30,291276,1.0094251906006586,0.0041364118777888976,0.010474601408972934,0.3735288866916601,1.7213913951029263,0.0015449264615004326,0.09612875760447136,2.9937241653963937,0.0003124184622145319,0.0,6.248369244290638,5.571278604504187
0.0,null,binary,0.05,S1,hratt-bin,p_normal,maf>=0.05,30,305788,1.0069080153597978,0.004866583879445399,0.009689719675069002,0.8286786924274333,1.109265242586367,0.0009647206561408558,0.8175598780854709,1.1118814341962404,8.829646683323087e-05,0.7194526927152144,1.0464766439494029,5.571278604504187
0.0,null,binary,0.05,S1,hratt-bin,p_model,maf>=0.01,30,597064,0.8705276451916834,0.027180943527966763,0.006165168223172055,0.34837136387388956,0.8846622807605214,0.0006548711695898597,0.19763375450537968,1.11210858467434,9.379229027373949e-05,0.0,1.87584580547479,5.571278604504187
0.0,null,binary,0.05,S1,hratt-bin,p_model,maf<0.05,30,291276,0.8734280735320704,0.027369563312111895,0.006385696040868455,0.19912385503783353,1.0780153531358574,0.0008342602892102336,0.03433169914445405,1.634188879276013,0.00016479215589337948,0.0,3.2958431178675895,5.571278604504187
0.0,null,binary,0.05,S1,hratt-bin,p_model,maf>=0.05,30,305788,0.8690007556097974,0.027390391854812964,0.005955106151974571,0.49053592685128256,0.7004853035436315,0.0004839954478265988,0.35318586733292345,0.6148050283202742,2.616191609873507e-05,0.0,0.5232383219747014,5.571278604504187
0.0,null,binary,0.05,S1,hratt-bin-w,p,maf>=0.01,30,597064,1.0072665790734767,0.0031952832892761796,0.0099034609355111,0.5386357241434754,1.4420564629587447,0.0010132917074216498,0.33832218991598895,1.688261224927311,0.00010049173957900661,0.3014752187370198,1.7083595728431122,2.8519361880025826
0.0,null,binary,0.05,S1,hratt-bin-w,p,maf<0.05,30,291276,1.008668980964519,0.004590254410708271,0.01006605418915393,0.25954764553207266,1.7536631922987131,0.001033384144248067,0.0,2.0667682884961343,0.0001132946071766984,0.0,2.265892143533968,2.8519361880025826
0.0,null,binary,0.05,S1,hratt-bin-w,p,maf>=0.05,30,305788,1.0073084705700888,0.005352311616146275,0.009748583986291156,0.8044789200361034,1.1452378772221277,0.0009941528117519327,0.6605883814930605,1.3277172420108048,8.829646683323087e-05,0.5886431122215391,1.1772862244430782,2.8519361880025826
0.0,null,binary,0.05,S1,hratt-bin-w,p_normal,maf>=0.01,30,597064,1.007266579073477,0.0031952832892761574,0.010211635603553388,0.548684898101376,1.4936422226093014,0.0014303324266745274,0.3550708131791567,2.5055940401698984,0.0002361555880106655,0.33497246526335533,4.388139294949955,2.8519361880025826
0.0,null,binary,0.05,S1,hratt-bin-w,p_normal,maf<0.05,30,291276,1.0086689809645188,0.004590254410708305,0.010732089152556338,0.2822065669674123,1.8642112635438552,0.0018539117538005192,0.020599019486672435,3.6872244881143654,0.00037764869058899464,0.0,7.552973811779892,2.8519361880025826
0.0,null,binary,0.05,S1,hratt-bin-w,p_normal,maf>=0.05,30,305788,1.0073084705700888,0.005352311616146285,0.009715881591167737,0.8025167763286983,1.140659541904849,0.0010268552068753516,0.673669339542428,1.380041074208275,0.0001013774248825984,0.6540479024683767,1.3735005951835912,2.8519361880025826
0.0,null,binary,0.05,S1,hratt-linear,p,maf>=0.01,30,597064,1.0072220195043837,0.00304015599586522,0.01002907560998486,0.6140045288277304,1.3918105931692415,0.0012494472954323154,0.4254150308844613,2.0734795599801696,0.00019763375450537965,0.3684697117896909,3.584205378317902,1.1947060835082084
0.0,null,binary,0.05,S1,hratt-linear,p,maf<0.05,30,291276,1.006109616862877,0.004344838389014184,0.010368173141625124,0.3803952265205509,1.693239401804474,0.0015277606119282056,0.061797058460017304,2.9937241653963937,0.0003227179719578681,0.0,6.454359439157362,1.1947060835082084
0.0,null,binary,0.05,S1,hratt-linear,p,maf>=0.05,30,305788,1.0074158006945548,0.004985307056534703,0.009706070872630711,0.8365272672570538,1.1046869072690884,0.000984342093214907,0.7717765249126846,1.1969076615171295,7.848574829620521e-05,0.7194526927152144,0.8502622732088898,1.1947060835082084
0.0,null,binary,0.05,S1,logistic-w,p,maf>=0.01,30,597064,1.0060528623926064,0.0031494234025739843,0.01009607010303753,0.5158575965055672,1.5033564241019388,0.0010099419827690164,0.3115243926949205,1.7083595728431125,0.00011389063818954081,0.33497246526335533,1.9428402985274609,1.6440316454973072
0.0,null,binary,0.05,S1,logistic-w,p,maf<0.05,30,291276,1.0071093869315269,0.0051682377502389985,0.010265178044191763,0.20873673079828065,1.8442988780400718,0.0010883148628791936,0.006866339828890811,2.1697633859294965,0.0001201609470055892,0.0,2.403218940111784,1.6440316454973072
0.0,null,binary,0.05,S1,logistic-w,p,maf>=0.05,30,305788,1.00472654588979,0.004825533007830697,0.009934987638494644,0.8084032074509137,1.178594320248015,0.0009352885005297788,0.6017240702709066,1.268852930788651,0.00010791790390728217,0.6540479024683767,1.5043101756772665,1.6440316454973072
0.0,null,binary,0.05,S2,hratt-bin,p,maf>=0.01,30,596931,1.0053034402625245,0.002819451066896106,0.00997937785104141,0.7186760278826195,1.2771995423256624,0.0010436717141512168,0.5025706488689647,1.5847727794334687,0.00011056554275117225,0.43556122901976946,1.7757496260036754,5.522506270499434
0.0,null,binary,0.05,S2,hratt-bin,p,maf<0.05,30,291180,1.002836119766107,0.004226089273870605,0.009780891544748952,0.522013874579298,1.4341644343704925,0.0010234219383199396,0.1579778830963665,1.8888659935435126,0.00012706916683838176,0.068686036128855,2.47269730063878,5.522506270499434
0.0,null,binary,0.05,S2,hratt-bin,p,maf>=0.05,30,305751,1.0076991658739893,0.004240640050430784,0.010168405009304958,0.9059659657695314,1.12771503609146,0.0010629564580328437,0.8307413548933609,1.2951715611723265,9.484842240908451e-05,0.7849524613165615,1.1120159868651287,5.522506270499434
0.0,null,binary,0.05,S2,hratt-bin,p_normal,maf>=0.01,30,596931,1.0053034402625245,0.002819451066896106,0.010046387270890605,0.7226965930735713,1.2865808611045497,0.0011559124923986189,0.5394258297860222,1.7723991550112155,0.0001541216656531492,0.5025706488689647,2.579862664194019,5.522506270499434
0.0,null,binary,0.05,S2,hratt-bin,p_normal,maf<0.05,30,291180,1.002836119766107,0.004226089273870605,0.00993886942784532,0.5330036403599148,1.4547702452091489,0.0012466515557387184,0.219795315612336,2.2735077958651004,0.000206058108386565,0.068686036128855,4.052476131602445,5.522506270499434
0.0,null,binary,0.05,S2,hratt-bin,p_normal,maf>=0.05,30,305751,1.0076991658739893,0.004240640050430784,0.010148781197772043,0.9033494575651428,1.1264067819892658,0.001069497728543815,0.8438238959153035,1.2951715611723265,0.00010466032817554154,0.9157778715359883,1.1774286919748422,5.522506270499434
0.0,null,binary,0.05,S2,hratt-bin,p_model,maf>=0.01,30,596931,0.9346717862747892,0.015140799535057224,0.007719485166627299,0.556513231847567,0.9873838014778927,0.0008057882736865735,0.3350470992459765,1.2765294481271703,9.381318778887342e-05,0.3350470992459765,1.541216656531492,5.522506270499434
0.0,null,binary,0.05,S2,hratt-bin,p_model,maf<0.05,30,291180,0.9326486297021084,0.015707603645493718,0.007603544199464249,0.39906586990864756,1.121642969984202,0.0008723126588364586,0.123634865031939,1.620990452640978,0.00012020056322549625,0.068686036128855,2.33532522838107,5.522506270499434
0.0,null,binary,0.05,S2,hratt-bin,p_model,maf>=0.05,30,305751,0.935853821178838,0.015064712902559342,0.007829900801632702,0.7064572151849053,0.8595229451416349,0.0007424342029952477,0.5363841818996503,0.9484842240908451,6.868334036519914e-05,0.5887143459874211,0.7849524613165615,5.522506270499434
0.0,null,binary,0.05,S2,hratt-bin-w,p,maf>=0.01,30,596931,0.9996837278551338,0.007105285199094171,0.010319450656776077,0.5059211198614245,1.5579690114937907,0.0010302698301813777,0.3685518091705741,1.6919878511921813,9.046271679641365e-05,0.3685518091705742,1.440702526757699,2.8583539374521933
0.0,null,binary,0.05,S2,hratt-bin-w,p,maf<0.05,30,291180,0.9905113063209151,0.012834329886769044,0.010615426883714542,0.21498729308331616,1.908098083659592,0.0010062504292877258,0.027474414451542,1.9850264441239096,8.242324335462601e-05,0.0,1.64846486709252,2.8583539374521933
0.0,null,binary,0.05,S2,hratt-bin-w,p,maf>=0.05,30,305751,1.0112310355744423,0.004203717529929157,0.01003757959908553,0.7829900801632701,1.2245258396538359,0.0010531445522663867,0.6933746741629626,1.4129144303698107,9.81190576645702e-05,0.719539756206848,1.2428413970845555,2.8583539374521933
0.0,null,binary,0.05,S2,hratt-bin-w,p_normal,maf>=0.01,30,596931,0.9996837278551336,0.00710528519909416,0.011381549961385821,0.5163075799380498,1.7600024123391145,0.0019013922882209165,0.36520133817811434,3.4375832382637186,0.0004405869355084591,0.4020565190951718,8.40968219107401,2.8583539374521933
0.0,null,binary,0.05,S2,hratt-bin-w,p_normal,maf<0.05,30,291180,0.9905113063209153,0.012834329886769044,0.01279964283261213,0.2445222886187238,2.315406277903702,0.0027268356343155436,0.0480802252901985,5.4055910433408885,0.000755546397417405,0.0,15.110927948348099,2.8583539374521933
0.0,null,binary,0.05,S2,hratt-bin-w,p_normal,maf>=0.05,30,305751,1.0112310355744423,0.004203717529929199,0.010031038328574559,0.7751405555501044,1.2310671101648072,0.0011152866221206144,0.6672095921190773,1.5633636521221514,0.00014063731598588393,0.7849524613165615,2.0277938584011173,2.8583539374521933
0.0,null,binary,0.05,S2,hratt-linear,p,maf>=0.01,30,596931,1.0051658992182604,0.0030642021461316405,0.0099844035575301,0.7119750858977,1.2849056256083198,0.0011575877278948488,0.5293744168086428,1.7858010389810546,0.00017087402061544802,0.670094198491953,2.7473862138170073,1.1580935005040374
0.0,null,binary,0.05,S2,hratt-linear,p,maf<0.05,30,291180,1.004915347763659,0.00446643226868555,0.009907960711587335,0.522013874579298,1.4595782677381688,0.001253520159351604,0.2266639192252215,2.280376399477986,0.00021979531561233602,0.13737207225771,4.25853423998901,1.1580935005040374
0.0,null,binary,0.05,S2,hratt-linear,p,maf>=0.05,30,305751,1.0053776663303355,0.004330494164071906,0.010057203410618444,0.8928834247475886,1.1185572573761,0.0010662270932883294,0.8176588138714181,1.3147953727052404,0.00012428413970845558,1.1774286919748422,1.308254102194269,1.1580935005040374
0.0,null,binary,0.05,S2,logistic-w,p,maf>=0.01,30,596931,0.9937718558381392,0.006842142110545602,0.010364682015174284,0.4318757109280637,1.6410606921067927,0.0010972792500305731,0.3450985122233558,1.8494599878377902,0.00010218936527002284,0.30154238932137883,1.7422449160790778,1.6572623744723387
0.0,null,binary,0.05,S2,logistic-w,p,maf<0.05,30,291180,0.9833935250843222,0.012343100491504288,0.010608558280101656,0.1057764956384367,2.0159351603818942,0.0011230166907067792,0.0,2.2460333814135587,8.585754516106876e-05,0.0,1.717150903221375,1.6572623744723387
0.0,null,binary,0.05,S2,logistic-w,p,maf>=0.05,30,305751,1.0070721434395362,0.004510078000215573,0.010132428021494616,0.7424342029952478,1.284051401303675,0.0010727683637993008,0.6737508626300486,1.4717858649685527,0.00011774286919748422,0.5887143459874211,1.7661430379622634,1.6572623744723387
0.0,null,binary,0.05,S3,hratt-bin,p,maf>=0.01,30,596921,1.000641103424425,0.002681266874552309,0.010147071388006117,0.8396420966928622,1.1897721809083615,0.0009549002296786341,0.5561875021987833,1.353612957158485,9.2139495846184e-05,0.368557983384736,1.474231933538944,5.635022333008237
0.0,null,binary,0.05,S3,hratt-bin,p,maf<0.05,30,291292,0.9969349329970432,0.0040880775008711135,0.0102131194814825,0.7113137332985457,1.331310162997954,0.0010470593081856007,0.48061738736388226,1.613501229007319,0.00010985540282603023,0.2746385070650756,1.922469549455529,5.635022333008237
0.0,null,binary,0.05,S3,hratt-bin,p,maf>=0.05,30,305629,1.0039401101581968,0.004017429828094542,0.010084121598408527,0.9619506002375429,1.0548737194441626,0.0008670643165406424,0.6282126368898239,1.1059159961914609,7.525463879409349e-05,0.45807171439882993,1.0470210614830397,5.635022333008237
0.0,null,binary,0.05,S3,hratt-bin,p_normal,maf>=0.01,30,596921,1.000641103424425,0.002681266874552309,0.010202355085513828,0.8439977819510455,1.1964732351517202,0.0010235860356730623,0.5762906649288598,1.4708814064172644,0.00011224265857626052,0.43556852581832434,1.8092846457068856,5.635022333008237
0.0,null,binary,0.05,S3,hratt-bin,p_normal,maf<0.05,30,291292,0.9969349329970432,0.0040880775008711135,0.010329840846985155,0.7209260810458235,1.3450420883512078,0.001187811543056452,0.5218131634236436,1.8538099226892601,0.00015105117888579157,0.41195776059761335,2.609065817118218,5.635022333008237
0.0,null,binary,0.05,S3,hratt-bin,p_normal,maf>=0.05,30,305629,1.0039401101581968,0.004017429828094542,0.010080849657591394,0.961296212074116,1.0548737194441626,0.0008670643165406424,0.6282126368898239,1.1059159961914609,7.525463879409349e-05,0.45807171439882993,1.0470210614830397,5.635022333008237
0.0,null,binary,0.05,S3,hratt-bin,p_model,maf>=0.01,30,596921,0.9120325074872897,0.016335656170721087,0.007319226497308689,0.605105198175303,0.8587401012864349,0.000644976470923288,0.35850640201969775,0.9314465398268782,7.706212379862663e-05,0.3015474409511476,1.2396950350213847,5.635022333008237
0.0,null,binary,0.05,S3,hratt-bin,p_model,maf<0.05,30,291292,0.9098419002899097,0.017188074196916973,0.007398074784065474,0.501215275393763,0.9783996814193318,0.000748389931752331,0.3295662084780907,1.1672136550265713,0.00010298944014940335,0.2746385070650756,1.7851502959229912,5.635022333008237
0.0,null,binary,0.05,S3,hratt-bin,p_model,maf>=0.05,30,305629,0.9151439557897606,0.01602503985720774,0.007244076969135782,0.7041216638473443,0.7446937299798121,0.0005464141164614614,0.38608901642187093,0.7067392165010519,5.2351053074151994e-05,0.32719408171344994,0.7198269797695899,5.635022333008237
0.0,null,binary,0.05,S3,hratt-bin-w,p,maf>=0.01,30,596921,1.0009281691110605,0.002930222594937484,0.010143720860884439,0.8590751539986028,1.169669018178285,0.0009984570822604666,0.6399506802407688,1.3569634842801643,9.884055008954284e-05,0.5025790682519127,1.474231933538944,2.540371437498834
0.0,null,binary,0.05,S3,hratt-bin-w,p,maf<0.05,30,291292,0.9984273359311874,0.004082848095924984,0.01018565563077599,0.7298518325254384,1.3072792936297597,0.001050492289523914,0.494349312717136,1.606635266330692,0.00012358732817928402,0.41195776059761335,2.059788802988067,2.540371437498834
0.0,null,binary,0.05,S3,hratt-bin-w,p,maf>=0.05,30,305629,1.0031510651681004,0.004506787606418295,0.010103753243311335,0.9822366333037769,1.0385140153584902,0.0009488628369690049,0.7787219144780109,1.1190037594599989,7.525463879409349e-05,0.5889493470842099,0.9161434287976599,2.540371437498834
0.0,null,binary,0.05,S3,hratt-bin-w,p_normal,maf>=0.01,30,596921,1.00092816911106,0.0029302225949374796,0.010188952977027111,0.8627607338324502,1.175029861572972,0.0010386634077206196,0.656703315849166,1.4206234995920732,0.00011224265857626052,0.5695896106855011,1.675263560839709,2.540371437498834
0.0,null,binary,0.05,S3,hratt-bin-w,p_normal,maf<0.05,30,291292,0.998427335931187,0.004082848095924902,0.010281779108248767,0.7380909877373907,1.3182648339123628,0.00112601787896681,0.5218131634236436,1.730222594509976,0.00015105117888579157,0.5492770141301512,2.4717465635856803,2.540371437498834
0.0,null,binary,0.05,S3,hratt-bin-w,p_normal,maf>=0.05,30,305629,1.0031510651681004,0.004506787606418379,0.010100481302494201,0.9815822451403499,1.0385140153584902,0.0009554067186032739,0.7852657961122799,1.1255476410942677,7.525463879409349e-05,0.5889493470842099,0.9161434287976599,2.540371437498834
0.0,null,binary,0.05,S3,hratt-linear,p,maf>=0.01,30,596921,1.00002447863649,0.002864626817140302,0.010229159302487264,0.8590751539986028,1.18675670649885,0.001030287089916421,0.63324962599741,1.427324553835432,0.00010386634077206196,0.3350527121679418,1.7422741032732973,1.1606247084855568
0.0,null,binary,0.05,S3,hratt-linear,p,maf<0.05,30,291292,0.9974345092561493,0.0042288134759039826,0.01036417066036829,0.7401507765403788,1.3326833555332793,0.0011294508603051233,0.48748335004050913,1.7714183705697375,0.00012702030951759747,0.20597888029880668,2.3344273100531425,1.1606247084855568
0.0,null,binary,0.05,S3,hratt-linear,p,maf>=0.05,30,305629,1.0039331255493869,0.0038039768668765277,0.010100481302494201,0.9724208108523733,1.0476754496464669,0.0009357750737004669,0.7721780328437419,1.0993721145571917,8.179852042836249e-05,0.45807171439882993,1.1778986941684197,1.1606247084855568
0.0,null,binary,0.05,S3,logistic-w,p,maf>=0.01,30,596921,0.9999892825427192,0.0028511188506761386,0.010126968225276041,0.8667813663784655,1.1586122786767428,0.0009984570822604666,0.6466517344841277,1.3502624300368054,0.00010051581365038255,0.5025790682519127,1.507737204755738,1.5843518959882203
0.0,null,binary,0.05,S3,logistic-w,p,maf<0.05,30,291292,0.9978930330999365,0.00414102580220511,0.010199387556129244,0.7415239690757041,1.2983535421501449,0.0010436263268472873,0.494349312717136,1.5929033409774382,0.0001304532908559109,0.41195776059761335,2.1971080565206047,1.5843518959882203
0.0,null,binary,0.05,S3,logistic-w,p,maf>=0.05,30,305629,1.0021442659491517,0.004338628278025784,0.010057946071871451,0.9861629622843382,1.0254262520899522,0.0009554067186032739,0.7918096777465489,1.1190037594599989,7.198269797695899e-05,0.5889493470842099,0.8507046124549699,1.5843518959882203
0.0,null,binary,0.05,S5-1:1,hratt-bin,p,maf>=0.01,30,596730,1.001208245411231,0.0033306623650434844,0.009996145660516481,1.0034689055351667,0.9957602265681296,0.0009350962746970992,0.9283930755953278,0.9417994737988705,9.216898764935565e-05,1.106027851792268,0.7373519011948452,4.5080556249886286
0.0,null,binary,0.05,S5-1:1,hratt-bin,p,maf<0.05,30,290037,1.001923197360232,0.004452556706415731,0.009802197650644573,0.986770653399394,0.9736688767295207,0.0009516027265486817,0.9722897423432183,0.9309157107541453,7.930022721239014e-05,1.0343507897268278,0.5516537545209749,4.5080556249886286
0.0,null,binary,0.05,S5-1:1,hratt-bin,p,maf>=0.05,30,306693,1.0005267057148737,0.0038418657360966718,0.010179560668160016,1.0192603026479248,1.0166518309840784,0.0009194862615058055,0.8868803657077273,0.9520921573038837,0.00010433886655385027,1.1738122487308156,0.9129650823461899,4.5080556249886286
0.0,null,binary,0.05,S5-1:1,hratt-bin,p_normal,maf>=0.01,30,596730,1.001208245411231,0.0033306623650434844,0.010026310056474452,1.0068205050860524,0.9984415062088381,0.0009417994737988705,0.9350962746970992,0.9485026729006418,9.384478742479848e-05,1.106027851792268,0.7708678967037018,4.5080556249886286
0.0,null,binary,0.05,S5-1:1,hratt-bin,p_normal,maf<0.05,30,290037,1.001923197360232,0.004452556706415731,0.009871154369959695,0.9950454597172085,0.9791854142747305,0.000965394070411706,0.9860810862062427,0.9447070546171696,8.274806317814624e-05,1.0343507897268278,0.6206104738360967,4.5080556249886286
0.0,null,binary,0.05,S5-1:1,hratt-bin,p_normal,maf>=0.05,30,306693,1.0005267057148737,0.0038418657360966718,0.010173039489000401,1.0179560668160015,1.0166518309840784,0.0009194862615058055,0.8868803657077273,0.9520921573038837,0.00010433886655385027,1.1738122487308156,0.9129650823461899,4.5080556249886286
0.0,null,binary,0.05,S5-1:1,hratt-bin,p_model,maf>=0.01,30,596730,0.9709139032827402,0.006990110158418386,0.00893536440266117,0.8948770800864713,0.8921958004457627,0.0008144386908652154,0.8010322926616728,0.8278450890687581,7.876258944581302e-05,0.8714158832302716,0.7038359056859886,4.5080556249886286
0.0,null,binary,0.05,S5-1:1,hratt-bin,p_model,maf<0.05,30,290037,0.9714700165161091,0.007871243643263963,0.008767846860917744,0.879887738460955,0.873681633722594,0.0008378241396787306,0.8274806317814625,0.8481676475759989,6.550888334936577e-05,0.8274806317814624,0.482697035205853,4.5080556249886286
0.0,null,binary,0.05,S5-1:1,hratt-bin,p_model,maf>=0.05,30,306693,0.9700491518945776,0.006956601031763187,0.009093784338084013,0.9090523748504203,0.9097044927663819,0.0007923232678933005,0.7760203199942614,0.8086262157923396,9.129650823461898e-05,0.9129650823461899,0.9129650823461899,4.5080556249886286
0.0,null,binary,0.05,S5-1:1,hratt-bin-w,p,maf>=0.01,30,596730,1.0005212465682904,0.003134472801754168,0.009952574866354967,1.1003301325557622,0.8901848407152313,0.000956881671777856,1.1998726392170662,0.7138907043386455,9.384478742479848e-05,1.173059842809981,0.7038359056859886,2.104309791524429
0.0,null,binary,0.05,S5-1:1,hratt-bin-w,p,maf<0.05,30,290037,1.0006382361058652,0.0036765777801342817,0.009847019518199402,1.1812286018680376,0.7881753017718429,0.0009550505625144378,1.3791343863024375,0.5309667387264384,8.964373510965842e-05,1.2412209476721934,0.5516537545209749,2.104309791524429
0.0,null,binary,0.05,S5-1:1,hratt-bin-w,p,maf>=0.05,30,306693,1.0018260791852869,0.004436148228044939,0.010052397674547511,1.0238251280596558,0.9866544068498465,0.0009586133364634993,1.0303463072192713,0.8868803657077273,9.781768739423462e-05,1.108600457134659,0.8477532907500335,2.104309791524429
0.0,null,binary,0.05,S5-1:1,hratt-bin-w,p_normal,maf>=0.01,30,596730,1.0005212465682902,0.003134472801754137,0.010027985856249895,1.109044291388065,0.8965528798619141,0.0010004524659393695,1.2669046302347795,0.7340003016439596,0.00010725118562834113,1.4076718113719773,0.7373519011948452,2.104309791524429
0.0,null,binary,0.05,S5-1:1,hratt-bin-w,p_normal,maf<0.05,30,290037,1.0006382361058652,0.0036765777801342826,0.010002172136658426,1.1991573488899692,0.8012770784417161,0.001037798625692584,1.510152153001169,0.5654450983839994,0.00012067425880146326,1.7239179828780464,0.6895671931512186,2.104309791524429
0.0,null,binary,0.05,S5-1:1,hratt-bin-w,p_normal,maf>=0.05,30,306693,1.0018260791852873,0.004436148228044937,0.010052397674547511,1.0238251280596558,0.9866544068498465,0.0009651345156231149,1.0368674863788871,0.8934015448673429,9.45570978144268e-05,1.108600457134659,0.782541499153877,2.104309791524429
0.0,null,binary,0.05,S5-1:1,hratt-linear,p,maf>=0.01,30,596730,0.999113858028662,0.0032943828614965774,0.010036364855127109,1.0061501851758752,1.0011227858495466,0.0009619090711041844,0.9350962746970992,0.9887218675112697,8.881738809847e-05,1.0389958607745546,0.7373519011948452,0.928996353992261
0.0,null,binary,0.05,S5-1:1,hratt-linear,p,maf<0.05,30,290037,0.9992876656770103,0.004027558232911806,0.009926319745411792,0.9984932956829646,0.986770653399394,0.0009826332502404867,0.9998724300692671,0.9653940704117062,8.274806317814624e-05,1.0343507897268278,0.6206104738360967,0.928996353992261
0.0,null,binary,0.05,S5-1:1,hratt-linear,p,maf>=0.05,30,306693,0.9986480686244675,0.003986156029615241,0.010140433593202323,1.0133912414042707,1.0146954772361938,0.0009423103885644603,0.873838007388496,1.0107827697404246,9.45570978144268e-05,1.0433886655385027,0.8477532907500335,0.928996353992261
0.0,null,binary,0.05,S5-1:1,ldak-kvik-bin,p,maf>=0.01,30,596730,1.0020948265149585,0.0032665035499357107,0.010029661656025339,0.9997821460291924,1.0061501851758752,0.0009652606706550701,0.9652606706550702,0.9652606706550702,9.719638697568414e-05,1.106027851792268,0.837899887721415,7.701826353993965
0.0,null,binary,0.05,S5-1:1,ldak-kvik-bin,p,maf<0.05,30,290037,1.0030016519275164,0.004252696701754591,0.00991942407348028,0.9895289221719988,0.9943558925240573,0.0010102159379665352,1.027455117795316,0.9929767581377549,9.309157107541452e-05,1.1033075090419497,0.7585239124663404,7.701826353993965
0.0,null,binary,0.05,S5-1:1,ldak-kvik-bin,p,maf>=0.05,30,306693,1.0015972924794532,0.0038259230640621048,0.010133912414042706,1.0094785339085013,1.01730394890004,0.0009227468510856133,0.9064439031865742,0.9390497989846525,0.00010107827697404245,1.108600457134659,0.9129650823461899,7.701826353993965
0.0,null,binary,0.05,S5-1:1,logistic-w,p,maf>=0.01,30,596730,1.0016180627916043,0.003108793226175346,0.009955926465905854,1.107368491612622,0.8838168015685486,0.0009552058720024132,1.2099274378697233,0.7004843061351029,9.384478742479848e-05,1.173059842809981,0.7038359056859886,1.308435062004719
0.0,null,binary,0.05,S5-1:1,logistic-w,p,maf<0.05,30,290037,1.00052126998731,0.003819539494545308,0.009895289221719988,1.204673886435179,0.7743839579088185,0.0009378113826856573,1.365343042439413,0.5102797229319018,8.964373510965842e-05,1.3101776669873153,0.482697035205853,1.308435062004719
0.0,null,binary,0.05,S5-1:1,logistic-w,p,maf>=0.05,30,306693,1.002916434651568,0.004314656509602605,0.010013270599589818,1.0153475951521553,0.987306524765808,0.0009716556947827306,1.0629522030173497,0.8803591865481116,9.781768739423462e-05,1.0433886655385027,0.9129650823461899,1.308435062004719
0.0,null,binary,0.05,S5-1:4,hratt-bin,p,maf>=0.01,30,597085,1.0029258507095167,0.003514853044028543,0.010078966981250576,0.8745823458971502,1.1412110503529647,0.0010182804793287387,0.7335638979374796,1.3029970607199979,0.00011723623939640084,0.5694331627825184,1.7752916251454984,5.609912895975867
0.0,null,binary,0.05,S5-1:4,hratt-bin,p,maf<0.05,30,291157,1.006162126077353,0.004064062167398937,0.009726711018453961,0.7480500211226245,1.1972921825681677,0.0010235027837214973,0.5564008421573241,1.4906047252856707,0.00012364463159051647,0.06869146199473136,2.4042011698155976,5.609912895975867
0.0,null,binary,0.05,S5-1:4,hratt-bin,p,maf>=0.05,30,305928,1.0007596602317126,0.004438648673388811,0.010414215109437514,0.9950053607384743,1.0878376611490284,0.001013310321382809,0.9021730603279203,1.1244475824376978,0.00011113726105488873,1.045997751104835,1.1767474699929394,5.609912895975867
0.0,null,binary,0.05,S5-1:4,hratt-bin,p_normal,maf>=0.01,30,597085,1.0029258507095167,0.003514853044028543,0.010125861477009135,0.8782669134210371,1.14690538198079,0.0010517765477277106,0.7469623252970682,1.3565907701583526,0.00013733388043578386,0.6699213679794334,2.0767562407362434,5.609912895975867
0.0,null,binary,0.05,S5-1:4,hratt-bin,p_normal,maf<0.05,30,291157,1.006162126077353,0.004064062167398937,0.00981944449214685,0.7549191673220976,1.208969731107272,0.0010921942457162287,0.5838774269552166,1.600511064477241,0.0001614249356876187,0.2060743859841941,3.02242432776818,5.609912895975867
0.0,null,binary,0.05,S5-1:4,hratt-bin,p_normal,maf>=0.05,30,305928,1.0007596602317126,0.004438648673388811,0.010417483852409717,0.9956591093329149,1.0878376611490284,0.001013310321382809,0.9021730603279203,1.1244475824376978,0.00011440600402709134,1.1113726105488873,1.1767474699929394,5.609912895975867
0.0,null,binary,0.05,S5-1:4,hratt-bin,p_model,maf>=0.01,30,597085,0.9114125403913411,0.014066157586833545,0.007104516107421892,0.6307309679526365,0.7901722535317417,0.0006598725474597419,0.46894495758560334,0.8508001373338804,5.861811969820042e-05,0.1339842735958867,1.0383781203681217,5.609912895975867
0.0,null,binary,0.05,S5-1:4,hratt-bin,p_model,maf<0.05,30,291157,0.9133198458438383,0.013996887657173603,0.0068760153456726095,0.5522793544376401,0.8229237146968817,0.0006869146199473136,0.3778030409710225,0.9960261989236049,8.929890059315078e-05,0.06869146199473136,1.717286549868284,5.609912895975867
0.0,null,binary,0.05,S5-1:4,hratt-bin,p_model,maf>=0.05,30,305928,0.9093482482977333,0.014380288416008812,0.007321984257733846,0.7053947334013232,0.7590021181454459,0.0006341361366073063,0.5556863052744436,0.7125859679401689,2.9418686749823487e-05,0.19612457833215657,0.39224915666431315,5.609912895975867
0.0,null,binary,0.05,S5-1:4,hratt-bin-w,p,maf>=0.01,30,597085,1.0043460866358722,0.003056542721171092,0.010043796109431655,0.9040588860882454,1.1047003357980856,0.0010099064622289958,0.8139544620950115,1.20585846236298,0.00010383781203681218,0.703417436378405,1.3733388043578385,2.5400201455049682
0.0,null,binary,0.05,S5-1:4,hratt-bin-w,p,maf<0.05,30,291157,1.0058080056235914,0.0034567758904816446,0.009706103579855543,0.7975078737588311,1.143712842212277,0.000978853333424922,0.6594380351494211,1.2982686317004228,9.273347369288735e-05,0.27476584797892545,1.5799036258788213,2.5400201455049682
0.0,null,binary,0.05,S5-1:4,hratt-bin-w,p,maf>=0.05,30,305928,1.0024649059126933,0.0038938749944378136,0.010365183964854476,1.0054653382495227,1.0675714547213724,0.00103946026516043,0.9610104338275672,1.1179100964932926,0.00011440600402709134,1.1113726105488873,1.1767474699929394,2.5400201455049682
0.0,null,binary,0.05,S5-1:4,hratt-bin-w,p_normal,maf>=0.01,30,597085,1.0043460866358722,0.003056542721171092,0.010075617374410678,0.9060686501921836,1.1090548246899519,0.001033353710108276,0.8307024962944973,1.2360049239220545,0.00011723623939640084,0.703417436378405,1.641307351549612,2.5400201455049682
0.0,null,binary,0.05,S5-1:4,hratt-bin-w,p_normal,maf<0.05,30,291157,1.0058080056235914,0.0034567758904816446,0.009774795041850273,0.8016293614785149,1.1533296468915395,0.001026937356821234,0.6937837661467868,1.360090947495681,0.00011677548539104332,0.27476584797892545,2.0607438598419408,2.5400201455049682
0.0,null,binary,0.05,S5-1:4,hratt-bin-w,p_normal,maf>=0.05,30,305928,1.0024649059126933,0.0038938749944378136,0.010361915221882272,1.0054653382495227,1.0669177061269317,0.00103946026516043,0.9610104338275672,1.1179100964932926,0.00011767474699929395,1.1113726105488873,1.2421223294369916,2.5400201455049682
0.0,null,binary,0.05,S5-1:4,hratt-linear,p,maf>=0.01,30,597085,1.002856292639727,0.003147923186820083,0.010028722878652118,0.8708977783732634,1.13484679735716,0.0010266544964284818,0.7503119321369653,1.3029970607199979,0.00012561025649614375,0.5024410259845751,2.0097641039383003,1.1865769164869562
0.0,null,binary,0.05,S5-1:4,hratt-linear,p,maf<0.05,30,291157,1.0054747809295002,0.003888022222850915,0.009761056749451326,0.7542322527021503,1.197979097188115,0.0010372410761204437,0.5838774269552166,1.4906047252856707,0.000151121216388409,0.13738292398946272,2.8850414037787173,1.1865769164869562
0.0,null,binary,0.05,S5-1:4,hratt-linear,p,maf>=0.05,30,305928,0.9994952321932877,0.004173421352677737,0.01028346539054941,0.9819303888496639,1.074762689260218,0.0010165790643550116,0.9087105462723255,1.1244475824376978,0.0001013310321382809,0.8498731727726785,1.1767474699929394,1.1865769164869562
0.0,null,binary,0.05,S5-1:4,ldak-kvik-bin,p,maf>=0.01,30,597085,1.0234631249998796,0.00419804812918727,0.010070592964150834,1.008566619493037,1.0055519733371294,0.0009998576417093044,0.9713859835701784,1.0283292998484301,0.00012393545307619517,1.1723623939640084,1.3063466675598951,9.299523020512424
0.0,null,binary,0.05,S5-1:4,ldak-kvik-bin,p,maf<0.05,30,291157,1.0268239884750503,0.004890738858590542,0.00980914077284764,0.9774795041850273,0.9843486503845004,0.0009994607720233413,0.9479421755272929,1.05097936851939,0.0001305137777899896,1.0990633919157018,1.51121216388409,9.299523020512424
0.0,null,binary,0.05,S5-1:4,ldak-kvik-bin,p,maf>=0.05,30,305928,1.020456058732512,0.00467659544156102,0.01031942156324364,1.0381527679715488,1.0257315446771789,0.0010002353494939986,0.9936978635495933,1.0067728354384038,0.00011767474699929395,1.2421223294369916,1.1113726105488873,9.299523020512424
0.0,null,binary,0.05,S5-1:4,logistic-w,p,maf>=0.01,30,597085,1.004529526169088,0.0031134676605509147,0.010008625237612735,0.9037239254042556,1.0980011221182913,0.0010166056759087902,0.8173040689349087,1.2159072828826716,0.00010551261545676077,0.703417436378405,1.40683487275681,1.5750493750092573
0.0,null,binary,0.05,S5-1:4,logistic-w,p,maf<0.05,30,291157,1.007029341739736,0.0036076472415723674,0.009688930714356859,0.8023162760984623,1.1354698667729093,0.0009857224796243952,0.6663071813488943,1.305137777899896,9.273347369288735e-05,0.27476584797892545,1.5799036258788213,1.5750493750092573
0.0,null,binary,0.05,S5-1:4,logistic-w,p,maf>=0.05,30,305928,1.0025546311244296,0.00395438198555947,0.010312884077299234,1.0002353494939986,1.062341465965848,0.0010459977511048351,0.9610104338275672,1.130985068382103,0.00011767474699929395,1.1113726105488873,1.2421223294369916,1.5750493750092573
0.0,null,binary,0.2,S0,hratt-bin,p,maf>=0.01,30,597023,0.9939282800988551,0.00329561720793999,0.009761767972088178,0.8555784283017571,1.0967751661158782,0.0009982864981751122,0.74368994159354,1.2528830547566843,8.542384464250122e-05,0.5359927506980467,1.1724841421519774,5.452726770483423
0.0,null,binary,0.2,S0,hratt-bin,p,maf<0.05,30,291133,0.9939535199567174,0.004527526513401615,0.009459594068690255,0.7556683715003109,1.1362504422377402,0.0009720643142481271,0.5633164223911409,1.3808122061051136,7.90016933841234e-05,0.34348562340923217,1.2365482442732358,5.452726770483423
0.0,null,binary,0.2,S0,hratt-bin,p,maf>=0.05,30,305890,0.9944449826279499,0.004270969124396412,0.010049364150511622,0.9506685409787832,1.0592042891235411,0.0010232436496779888,0.9153617313413319,1.131125568014646,9.153617313413318e-05,0.7192127889110465,1.1115106737716172,5.452726770483423
0.0,null,binary,0.2,S0,hratt-bin,p_normal,maf>=0.01,30,597023,0.9939282800988551,0.00329561720793999,0.00981369226981205,0.8602683648703651,1.102470089092045,0.0010317860450937402,0.7637896697447166,1.2997824204427635,0.00010049864075588378,0.6364913914539305,1.373481423663745,5.452726770483423
0.0,null,binary,0.2,S0,hratt-bin,p_normal,maf<0.05,30,291133,0.9939535199567174,0.004527526513401615,0.009562639755713025,0.7659729402025879,1.146555010940017,0.0010338917264617888,0.6045346972002488,1.4632487557233294,0.00010991539949095431,0.5495769974547715,1.6487309923643145,5.452726770483423
0.0,null,binary,0.2,S0,hratt-bin,p_normal,maf>=0.05,30,305890,0.9944449826279499,0.004270969124396412,0.010052633299552126,0.9500147111706823,1.060511948739743,0.0010297819477589982,0.9153617313413319,1.1442021641766649,9.153617313413318e-05,0.7192127889110465,1.1115106737716172,5.452726770483423
0.0,null,binary,0.2,S0,hratt-bin,p_model,maf>=0.01,30,597023,0.9651375715882586,0.0069849061250582415,0.008800330975523556,0.7674746199057657,0.9925915751989454,0.0008374886729656981,0.629791482070205,1.0451858638611913,8.542384464250122e-05,0.5359927506980467,1.1724841421519774,5.452726770483423
0.0,null,binary,0.2,S0,hratt-bin,p_model,maf<0.05,30,291133,0.9645053610322897,0.007474372037132022,0.00859401029769899,0.6801015343502798,1.0387005251895183,0.0008415397773526189,0.501489010177479,1.1815905445277588,9.27411183204927e-05,0.48087987277292504,1.3739424936369287,5.452726770483423
0.0,null,binary,0.2,S0,hratt-bin,p_model,maf>=0.05,30,305890,0.9652121973862978,0.007463546447366477,0.00899669815946909,0.8506325803393376,0.9487070515544803,0.0008336330053287129,0.751904279316094,0.9153617313413319,7.845957697211416e-05,0.5884468272908562,0.9807447121514269,5.452726770483423
0.0,null,binary,0.2,S0,hratt-bin-w,p,maf>=0.01,30,597023,0.9941837109597333,0.0033431242394012534,0.009763442949434108,0.8545734418941983,1.0981151479926232,0.0009915865887913866,0.7336400775179516,1.2495331000648215,8.207388995063842e-05,0.5024932037794189,1.1389845952333495,2.6807372914918233
0.0,null,binary,0.2,S0,hratt-bin-w,p,maf<0.05,30,291133,0.9941724324247088,0.00455446588738107,0.00945272435622207,0.7536074577598555,1.1369374134845587,0.0009754991704822195,0.5701861348593255,1.3808122061051136,7.90016933841234e-05,0.34348562340923217,1.2365482442732358,2.6807372914918233
0.0,null,binary,0.2,S0,hratt-bin-w,p,maf>=0.05,30,305890,0.9951431969381495,0.004238612271407508,0.010059171597633136,0.9506685409787832,1.0611657785478439,0.001006897904475465,0.8892085390172938,1.1245872699336363,8.499787505312367e-05,0.6538298081009513,1.046127692961522,2.6807372914918233
0.0,null,binary,0.2,S0,hratt-bin-w,p_normal,maf>=0.01,30,597023,0.9941837109597333,0.0033431242394012534,0.009806992360428325,0.8592633784628062,1.1021350936228587,0.001023411158364083,0.7537398056691283,1.2930825110590378,9.714868606402098e-05,0.6029918445353026,1.339981876745117,2.6807372914918233
0.0,null,binary,0.2,S0,hratt-bin-w,p_normal,maf<0.05,30,291133,0.9941724324247088,0.00455446588738107,0.009538595762074378,0.7639120264621324,1.1438071259527434,0.0010270220139936043,0.5976649847320641,1.4563790432551447,0.00010991539949095431,0.5495769974547715,1.6487309923643145,2.6807372914918233
0.0,null,binary,0.2,S0,hratt-bin-w,p_normal,maf>=0.05,30,305890,0.9951431969381495,0.004238612271407508,0.01006244074667364,0.9500147111706823,1.062473438164046,0.001019974500637484,0.9022851351793129,1.1376638660956553,8.499787505312367e-05,0.6538298081009513,1.046127692961522,2.6807372914918233
0.0,null,binary,0.2,S0,hratt-linear,p,maf>=0.01,30,597023,0.9940044061377532,0.0032535332788790347,0.009827092088579502,0.8693132425383946,1.0961051751775057,0.0010284360904018774,0.74368994159354,1.3131822392102146,0.00011222348217740355,0.6029918445353026,1.6414777990127682,1.131878770480398
0.0,null,binary,0.2,S0,hratt-linear,p,maf<0.05,30,291133,0.9908367041409064,0.004570769384977191,0.009586683749351671,0.7769644801516833,1.140372269718651,0.0010338917264617888,0.5907952722638794,1.4769881806596985,0.00011335025572504662,0.41218274809107863,1.8548223664098538,1.131878770480398
0.0,null,binary,0.2,S0,hratt-linear,p,maf>=0.05,30,305890,0.996410703572724,0.004394154606989376,0.010055902448592632,0.9572068390597928,1.0539736506587336,0.0010232436496779888,0.8892085390172938,1.1572787603386838,0.00011115106737716172,0.7845957697211415,1.438425577822093,1.131878770480398
0.0,null,binary,0.2,S0,ldak-kvik-bin,p,maf>=0.01,30,597023,0.9989916003589343,0.0035631146781783998,0.009907491001184208,1.0069963803739554,0.9745018198628863,0.0010167112489803576,1.0049864075588377,1.0284360904018772,9.882366340995238e-05,1.0719855013960935,0.904487766802954,8.927542979508871
0.0,null,binary,0.2,S0,ldak-kvik-bin,p,maf<0.05,30,291133,0.998202705392787,0.005062412765909317,0.009751556848588102,1.0112216753167795,0.9390896944008409,0.000992673451652681,1.002978020354958,0.9823688829504041,9.27411183204927e-05,1.1678511195913894,0.6869712468184643,8.927542979508871
0.0,null,binary,0.2,S0,ldak-kvik-bin,p,maf>=0.05,30,305890,0.99951706378038,0.00444935090264593,0.010055902448592632,1.0029749256268592,1.008205564091667,0.0010395893948805127,1.0068979044754651,1.0722808852855603,0.0001046127692961522,0.9807447121514269,1.1115106737716172,8.927542979508871
0.0,null,binary,0.2,S0,logistic,p,maf>=0.01,30,597023,0.9940771158280263,0.003260433196321029,0.009761767972088178,0.8599333694011788,1.0924202250164565,0.0010033114302129063,0.7570897603609911,1.2495331000648215,9.212375402622679e-05,0.5359927506980467,1.3064823298264892,1.7202561250014696
0.0,null,binary,0.2,S0,logistic,p,maf<0.05,30,291133,0.9941232130628003,0.004780215535922015,0.009428680362583423,0.7570423139939478,1.128693758522737,0.0009651946017799424,0.5770558473275101,1.353333356232375,8.587140585230805e-05,0.34348562340923217,1.3739424936369287,1.7202561250014696
0.0,null,binary,0.2,S0,logistic,p,maf>=0.05,30,305890,0.994482989067949,0.004246098030805896,0.010078786491876164,0.9578606688678937,1.0578966295073393,0.0010395893948805127,0.9284383275033509,1.1507404622576745,9.80744712151427e-05,0.7192127889110465,1.2422766353918073,1.7202561250014696
0.0,null,quantitative,,S0,hratt,p,maf>=0.01,30,597046,0.9997958885152602,0.0035484258511613667,0.009747992616984285,0.9607299940038121,0.988868529393045,0.0009764741745192163,0.9948982155478806,0.9580501334905518,7.202125129387016e-05,0.8709546668095924,0.5694703590678104,3.7019905830093194
0.0,null,quantitative,,S0,hratt,p,maf<0.05,30,291092,0.998051559199054,0.004925551541628988,0.009594904703667568,0.9557115963338051,0.9632693443997087,0.0010271666689568933,1.0718260893463236,0.9825072485674633,6.183612053921097e-05,0.8244816071894796,0.4122408035947398,3.7019905830093194
0.0,null,quantitative,,S0,hratt,p,maf>=0.05,30,305954,1.002033496047875,0.00441064053421081,0.009893644142583525,0.9655046183413193,1.0132242101753859,0.000928244115128418,0.9217071847401896,0.9347810455166463,8.17116298528537e-05,0.9151702543519613,0.7190623427051125,3.7019905830093194
0.0,null,quantitative,,S0,hratt-he,p,maf>=0.01,30,597046,0.9997480733623719,0.003537149947850219,0.009744642791342711,0.9590550811830244,0.9898734770855177,0.0009814989129815794,0.9915483899063053,0.9714494360568532,7.202125129387016e-05,0.8709546668095924,0.5694703590678104,1.1713952499849256
0.0,null,quantitative,,S0,hratt-he,p,maf<0.05,30,291092,0.9982764538097769,0.004954459480125289,0.009581163343547744,0.9529633243098402,0.9632693443997087,0.0010271666689568933,1.0718260893463236,0.9825072485674633,6.183612053921097e-05,0.8244816071894796,0.4122408035947398,1.1713952499849256
0.0,null,quantitative,,S0,hratt-he,p,maf>=0.05,30,305954,1.0012714400372429,0.0043458949031798385,0.009900181072971755,0.9648509253024965,1.0151852892918543,0.0009380495107107604,0.9151702543519614,0.9609287670695594,8.17116298528537e-05,0.9151702543519613,0.7190623427051125,1.1713952499849256
0.0,null,quantitative,,S0,hratt-w,p,maf>=0.01,30,597046,0.9997480692857175,0.003537150049280293,0.009696070319539868,0.9543653252848189,0.9848487386231547,0.0009513504822074011,0.9613999591321271,0.9413010052826749,7.034633847308248e-05,0.8374564103938389,0.5694703590678104,2.7686757920018863
0.0,null,quantitative,,S0,hratt-w,p,maf<0.05,30,291092,0.9982764601412731,0.004954459441581924,0.009481538482679016,0.9433443722259629,0.9529633243098402,0.0009653305484176824,1.0099899688071126,0.9206711280282522,5.8400780509254806e-05,0.7557748065903562,0.4122408035947398,2.7686757920018863
0.0,null,quantitative,,S0,hratt-w,p,maf>=0.05,30,305954,1.0012714444179198,0.004345894530480989,0.009900181072971755,0.9648509253024965,1.0151852892918543,0.0009380495107107604,0.9151702543519614,0.9609287670695594,8.17116298528537e-05,0.9151702543519613,0.7190623427051125,2.7686757920018863
0.0,null,quantitative,,S0,hratt-w,p_normal,maf>=0.01,30,597046,0.9997480692857175,0.003537150049280293,0.009744642791342711,0.9590550811830244,0.9898734770855177,0.0009814989129815794,0.9915483899063053,0.9714494360568532,7.202125129387016e-05,0.8709546668095924,0.5694703590678104,2.7686757920018863
0.0,null,quantitative,,S0,hratt-w,p_normal,maf<0.05,30,291092,0.9982764601412731,0.004954459441581924,0.009581163343547744,0.9529633243098402,0.9632693443997087,0.0010271666689568933,1.0718260893463236,0.9825072485674633,6.183612053921097e-05,0.8244816071894796,0.4122408035947398,2.7686757920018863
0.0,null,quantitative,,S0,hratt-w,p_normal,maf>=0.05,30,305954,1.0012714444179198,0.004345894530480989,0.009900181072971755,0.9648509253024965,1.0151852892918543,0.0009380495107107604,0.9151702543519614,0.9609287670695594,8.17116298528537e-05,0.9151702543519613,0.7190623427051125,2.7686757920018863
0.0,null,quantitative,,S0,hratt-w,p_hc0,maf>=0.01,30,597046,1.0029064346834007,0.0035307798721449417,0.009642473109274663,0.9476656740016682,0.9808289478532642,0.0009212020514332229,0.9312515283579489,0.9111525745084967,6.364668718993177e-05,0.8709546668095924,0.40197907698904267,2.7686757920018863
0.0,null,quantitative,,S0,hratt-w,p_hc0,maf<0.05,30,291092,1.0033567414542504,0.005002077261741551,0.009402525661990024,0.9241064680582084,0.9563986643397964,0.0009034944278784714,0.975636568507551,0.831352287249392,5.8400780509254806e-05,0.9618952083877261,0.2061204017973699,2.7686757920018863
0.0,null,quantitative,,S0,hratt-w,p_hc0,maf>=0.05,30,305954,1.0026437341566035,0.004489068998355602,0.009870764886224726,0.9700804696130791,1.0040725076318662,0.0009380495107107604,0.8890225327990482,0.9870764886224727,6.86377690763971e-05,0.7844316465873955,0.5883237349405466,2.7686757920018863
0.0,null,quantitative,,S0,ldak-kvik,p,maf>=0.01,30,597046,0.9997566178856315,0.0035349692781954786,0.009835088083665245,0.9657547324661752,1.0012628842668738,0.00098819856426473,1.0015978668310315,0.9747992616984286,7.70459897562332e-05,0.9379511796410995,0.6029686154835641,1.8830822500167415
0.0,null,quantitative,,S0,ldak-kvik,p,maf<0.05,30,291092,0.9980040911151377,0.004867750597046224,0.009649870144146868,0.9598340043697525,0.970140024459621,0.0010306020089868495,1.0718260893463236,0.9893779286273756,6.870680059912331e-05,0.9618952083877261,0.4122408035947398,1.8830822500167415
0.0,null,quantitative,,S0,ldak-kvik,p,maf>=0.05,30,305954,1.001894297402442,0.004489495945748762,0.010011308889571635,0.9713878556907247,1.0308739222236023,0.0009478549062931029,0.9347810455166463,0.9609287670695594,8.498009504696784e-05,0.9151702543519613,0.7844316465873955,1.8830822500167415
0.0,null,quantitative,,S0,wls-w,p,maf>=0.01,30,597046,1.0001059120822497,0.0035366772626038655,0.009729568575955621,0.9540303427206613,0.9918833724704629,0.0009446508309242504,0.9547003078489764,0.9346013539995243,7.202125129387016e-05,0.8374564103938389,0.6029686154835641,1.94427433348028
0.0,null,quantitative,,S0,wls-w,p,maf<0.05,30,291092,0.998420905098204,0.004869985324506055,0.009488409162738928,0.9426573042199716,0.9550245283278138,0.0009550245283278139,0.9962486086872879,0.9138004479683399,5.8400780509254806e-05,0.7557748065903562,0.4122408035947398,1.94427433348028
0.0,null,quantitative,,S0,wls-w,p,maf>=0.05,30,305954,1.0021992106883089,0.004485592617211376,0.009959013446465808,0.9648509253024965,1.0269517639906653,0.0009347810455166463,0.9151702543519614,0.9543918366813312,8.498009504696784e-05,0.9151702543519613,0.7844316465873955,1.94427433348028
0.0,null,quantitative,,S1,hratt,p,maf>=0.01,30,597130,0.9955729055359611,0.0025307022196689355,0.010083231457136637,1.005476194463517,1.0111700969638102,0.001033275836082595,1.0717934118198718,0.9947582603453184,9.545660074020732e-05,0.8038450588649038,1.1052869559392426,3.683430541510461
0.0,null,quantitative,,S1,hratt,p,maf<0.05,30,291276,0.998406574493982,0.0042151253920942565,0.01006605418915393,1.0100385888298382,1.0031722490009474,0.0011020475425369753,1.167277770911438,1.0368173141625125,0.00010642826734780758,0.9612875760447136,1.167277770911438,3.683430541510461
0.0,null,quantitative,,S1,hratt,p,maf>=0.05,30,305854,0.9920192530639913,0.003482719382614284,0.010099590000457735,1.0011312587051338,1.0187867413864131,0.0009677820136404951,0.9808601489599613,0.954703878321029,8.500787957652997e-05,0.6539067659733075,1.046250825557292,3.683430541510461
0.0,null,quantitative,,S1,hratt-he,p,maf>=0.01,30,597130,0.9950795590588698,0.002407231062438604,0.010084906134342606,1.0038015172575485,1.0131797096109725,0.0010316011588766265,1.0650947029959976,0.9981076147572555,9.545660074020732e-05,0.8038450588649038,1.1052869559392426,1.2029094165191054
0.0,null,quantitative,,S1,hratt-he,p,maf<0.05,30,291276,0.9981733680150701,0.0042145005850322305,0.010086653208640602,1.0114118567956165,1.0059187849325038,0.0011020475425369753,1.160411431082547,1.0436836539914034,0.00010299509743336217,0.9612875760447136,1.0986143726225297,1.2029094165191054
0.0,null,quantitative,,S1,hratt-he,p,maf>=0.05,30,305854,0.9917314862045763,0.0033893563593252263,0.010083242331308402,0.9965539113433207,1.0200945549183598,0.0009645124798106286,0.9743210813002282,0.954703878321029,8.827741340639651e-05,0.6539067659733075,1.1116415021546229,1.2029094165191054
0.0,null,quantitative,,S1,hratt-w,p,maf>=0.01,30,597130,1.0031146272397602,0.0034655535186373467,0.010061460653459045,0.9930835831393499,1.0192085475524593,0.0009914089059333813,0.9880595515214442,0.9947582603453184,7.703515147455327e-05,0.7033644265067908,0.8373386029842748,3.0928127709776163
0.0,null,quantitative,,S1,hratt-w,p,maf<0.05,30,291276,1.0042582897905274,0.005326792675301424,0.010059187849325038,1.0004257130693912,1.0114118567956165,0.0010471168239058488,1.0574163336491849,1.0368173141625125,5.4930718631126494e-05,0.617970584600173,0.4806437880223568,3.0928127709776163
0.0,null,quantitative,,S1,hratt-w,p,maf>=0.05,30,305854,1.0013999251952606,0.004355880474394585,0.010063625128329203,0.9860914030877478,1.0266336225780928,0.0009383562091716963,0.9220085400223637,0.954703878321029,9.808601489599613e-05,0.784688119167969,1.1770321787519535,3.0928127709776163
0.0,null,quantitative,,S1,hratt-w,p_normal,maf>=0.01,30,597130,1.0031146272397602,0.0034655535186373467,0.010212181601996216,1.0105002260814229,1.0319360943178202,0.001044998576524375,1.0349505132885637,1.0550466397601863,8.875789191633313e-05,0.8708321471036458,0.9043256912230168,3.0928127709776163
0.0,null,quantitative,,S1,hratt-w,p_normal,maf<0.05,30,291276,1.0042582897905274,0.005326792675301424,0.010351007292052898,1.0326975102651779,1.0375039481454016,0.0011466787514247654,1.1398124115958748,1.1535450912536562,7.552973811779893e-05,0.8926241777558055,0.617970584600173,3.0928127709776163
0.0,null,quantitative,,S1,hratt-w,p_normal,maf>=0.05,30,305854,1.0013999251952606,0.004355880474394585,0.010079972797478536,0.9893609369176143,1.0266336225780928,0.0009481648106612959,0.9350866753418298,0.9612429459807621,0.00010135554872586266,0.8500787957652998,1.1770321787519535,3.0928127709776163
0.0,null,quantitative,,S1,hratt-w,p_hc0,maf>=0.01,30,597130,1.0107225175454666,0.0034579456913623654,0.009806909718151827,0.9666236832850468,0.9947582603453184,0.0009210724632827022,0.9143737544588281,0.9277711721065764,7.536047426858473e-05,0.6028837941486779,0.9043256912230168,3.0928127709776163
0.0,null,quantitative,,S1,hratt-w,p_hc0,maf<0.05,30,291276,1.0179327900986122,0.00524567482501277,0.009633474779933808,0.9619742100276026,0.9647207459591589,0.0009200895370713687,0.9063568574135871,0.9338222167291503,4.806437880223568e-05,0.3433169914445406,0.617970584600173,3.0928127709776163
0.0,null,quantitative,,S1,hratt-w,p_hc0,maf>=0.05,30,305854,1.0040573769844479,0.0044824340175550845,0.00997207818109294,0.9710515474703617,1.0233640887482263,0.0009220085400223636,0.9220085400223637,0.9220085400223637,0.00010135554872586266,0.8500787957652998,1.1770321787519535,3.0928127709776163
0.0,null,quantitative,,S1,linear-w,p,maf>=0.01,30,597130,1.014151596098994,0.0035493321531485985,0.010949039572622377,1.0781571852025522,1.111650729321923,0.0011705993669720162,1.182322107413796,1.1588766265302364,0.00014067288530135815,1.0048063235811298,1.8086513824460335,0.7022587705287151
0.0,null,quantitative,,S1,linear-w,p,maf<0.05,30,291276,1.02364807297051,0.005500739234694685,0.011542317252365455,1.142558947527431,1.1659045029456596,0.0013698347958637168,1.380134305607053,1.3595352861203807,0.00015449264615004324,1.0299509743336217,2.0599019486672434,0.7022587705287151
0.0,null,quantitative,,S1,linear-w,p,maf>=0.05,30,305854,1.0044239592447464,0.004632313463524735,0.010384039443656123,1.0168250210884933,1.0599828676427314,0.0009808601489599612,0.9939382842794275,0.9677820136404952,0.00012751181936479497,0.9808601489599613,1.569376238335938,0.7022587705287151
0.0,null,quantitative,,S1,wls-w,p,maf>=0.01,30,597130,1.002202777503464,0.0033274268524990745,0.010064810007870982,0.9924137122569624,1.0205482893172342,0.0009729874566677273,0.9545660074020732,0.9914089059333814,8.205918309245893e-05,0.7368579706261618,0.9043256912230168,2.0001202085404657
0.0,null,quantitative,,S1,wls-w,p,maf<0.05,30,291276,1.0039496194255824,0.005204870977401852,0.01006605418915393,0.9997390790865021,1.0134717587442836,0.001023084634504731,1.0093519548469492,1.0368173141625125,5.8363888545571894e-05,0.6866339828890812,0.4806437880223568,2.0001202085404657
0.0,null,quantitative,,S1,wls-w,p,maf>=0.05,30,305854,1.0023744016406313,0.004294141903263905,0.010063625128329203,0.9854374963217745,1.0272875293440662,0.0009252780738522302,0.9023913370431644,0.948164810661296,0.0001046250825557292,0.784688119167969,1.307813531946615,2.0001202085404657
0.0,null,quantitative,,S2,hratt,p,maf>=0.01,30,596917,1.0038774228363525,0.0030961046662339926,0.009842239373313208,0.9740047611309445,0.994443113531697,0.000968308826855325,0.9750099260031126,0.9616077277075372,9.381538806902803e-05,0.9381538806902802,0.9381538806902802,3.676953771006083
0.0,null,quantitative,,S2,hratt,p,maf<0.05,30,291297,0.9984080053430703,0.004007635026008213,0.009845621479108951,0.972203627225821,0.996920668595969,0.0009543524306807142,1.002413344456002,0.9062915169054263,9.268890513805498e-05,0.8239013790049331,1.0298767237561663,3.676953771006083
0.0,null,quantitative,,S2,hratt,p,maf>=0.05,30,305620,1.0078408778995056,0.004173371881037697,0.009839015771219161,0.9757214841960604,0.9920816700477717,0.0009816111511026765,0.9488907793992539,1.0143315228060992,9.48890779399254e-05,1.0470518945095215,0.8507296642889863,3.676953771006083
0.0,null,quantitative,,S2,hratt-he,p,maf>=0.01,30,596917,1.0035835264644988,0.003092223568558376,0.009810409152361216,0.9706542115570507,0.9914276189151926,0.000968308826855325,0.9750099260031126,0.9616077277075372,9.549066285597495e-05,0.9381538806902802,0.9716593764292187,1.16952014551498
0.0,null,quantitative,,S2,hratt-he,p,maf<0.05,30,291297,0.9992911824358395,0.0038912916107737053,0.009835322711871389,0.9694572892958045,0.9976072530784731,0.0009577853530932347,1.016145034106084,0.8994256720803853,9.268890513805498e-05,0.8239013790049331,1.0298767237561663,1.16952014551498
0.0,null,quantitative,,S2,hratt-he,p,maf>=0.05,30,305620,1.0075364103018145,0.00411049645943456,0.009786663176493685,0.9717950395916497,0.9855375957070871,0.0009783391139323342,0.9358026307178849,1.0208755971467836,9.816111511026766e-05,1.0470518945095215,0.9161704076958314,1.16952014551498
0.0,null,quantitative,,S2,hratt-w,p,maf>=0.01,30,596917,0.9871903215647717,0.003390142780384698,0.009951132234464758,0.9780254206196172,1.0122010262733345,0.0009565819033466965,0.9515560789858556,0.9616077277075372,8.376373934734645e-05,0.7036154105177101,0.9716593764292187,3.2018256665032823
0.0,null,quantitative,,S2,hratt-w,p,maf<0.05,30,291297,0.9785981563828506,0.004338429604446152,0.009560688918869745,0.9406207410306319,0.9715170427433168,0.0009131573617304676,0.9131573617304675,0.9131573617304675,9.268890513805498e-05,0.48060913775287767,1.373168965008222,3.2018256665032823
0.0,null,quantitative,,S2,hratt-w,p,maf>=0.05,30,305620,0.9948347497164473,0.00435960250045452,0.010323277272429815,1.0136771153720305,1.0509783391139322,0.0009979713369543878,0.988155225443361,1.0077874484654146,7.525685491787187e-05,0.9161704076958314,0.5889666906616059,3.2018256665032823
0.0,null,quantitative,,S2,hratt-w,p_normal,maf>=0.01,30,596917,0.9871903215647717,0.003390142780384698,0.01058271082914375,1.0400105877366534,1.0765315780920965,0.001174367625649797,1.1592901525672747,1.1894450987323195,0.00013234670816880738,1.2061978466017889,1.4407363167743588,3.2018256665032823
0.0,null,quantitative,,S2,hratt-w,p_normal,maf<0.05,30,291297,0.9785981563828506,0.004338429604446152,0.010796540987377144,1.0607730254688512,1.0985351720065775,0.0013628701977706603,1.3457055857080573,1.3800348098332629,0.0001888107326886305,1.510485861509044,2.265728792263566,3.2018256665032823
0.0,null,quantitative,,S2,hratt-w,p_normal,maf>=0.05,30,305620,0.9948347497164473,0.00435960250045452,0.010378901904325633,1.0202211897127151,1.0555591911524114,0.0009946992997840456,0.9816111511026765,1.0077874484654146,7.852889208821412e-05,0.9161704076958314,0.654407434068451,3.2018256665032823
0.0,null,quantitative,,S2,hratt-w,p_hc0,maf>=0.01,30,596917,1.0280786936567134,0.002655294204623449,0.00898449868239638,0.8912461866557662,0.9056535498235098,0.0008192093708170483,0.8208846456039951,0.8175340960301013,6.36604419039833e-05,0.6701099147787716,0.6030989233008944,3.2018256665032823
0.0,null,quantitative,,S2,hratt-w,p_hc0,maf<0.05,30,291297,1.0459040469813106,0.004068465142904753,0.008022739678060536,0.7971245841872727,0.8074233514248343,0.000624791879078741,0.6316577239037819,0.6179260342536997,4.806091377528777e-05,0.27463379300164437,0.686584482504111,3.2018256665032823
0.0,null,quantitative,,S2,hratt-w,p_hc0,maf>=0.05,30,305620,1.0104410418785872,0.004331886137968826,0.009901184477455664,0.980956743668608,0.9992801518225246,0.0010045154112950723,1.00124337412473,1.0077874484654146,7.852889208821412e-05,1.0470518945095215,0.5235259472547608,3.2018256665032823
0.0,null,quantitative,,S2,linear-w,p,maf>=0.01,30,596917,1.042863891000699,0.003799759898237133,0.01160295317439443,1.148903448888204,1.1716871859906821,0.0013100648833924984,1.2832604868013475,1.3368692799836492,0.0001742285778424806,2.043835240075253,1.4407363167743588,0.7144661250058562
0.0,null,quantitative,,S2,linear-w,p,maf<0.05,30,291297,1.0704073857533534,0.00404978175738763,0.01244434374538701,1.2317325616123749,1.257136187465027,0.0014658578701462767,1.3594372753581394,1.572278464934414,0.0002334387240513977,2.4030456887643883,2.265728792263566,0.7144661250058562
0.0,null,quantitative,,S2,linear-w,p,maf>=0.05,30,305620,1.0166434566244,0.005176607848739785,0.010800994699299784,1.0699561547019174,1.0902427851580394,0.0011615731954715005,1.2106537530266344,1.1124926379163667,0.00011779333813232119,1.7014593285779727,0.654407434068451,0.7144661250058562
0.0,null,quantitative,,S2,wls-w,p,maf>=0.01,30,596917,0.9823108875570498,0.0028913474444832886,0.009917626738725819,0.9853966296821836,0.9981287180629803,0.0009616077277075372,0.9415044302641741,0.9817110251509004,8.208846456039953e-05,0.8041318977345259,0.8376373934734644,2.2039271664980333
0.0,null,quantitative,,S2,wls-w,p,maf<0.05,30,291297,0.9697731490062488,0.004482066922776414,0.009564121841282264,0.9550390151632182,0.9577853530932346,0.0009200232065555087,0.8925598272553441,0.947486585855673,8.925598272553442e-05,0.6179260342536999,1.1671936202569886,2.2039271664980333
0.0,null,quantitative,,S2,wls-w,p,maf>=0.05,30,305620,0.9940497092184171,0.004653092030173829,0.010254564491852627,1.014331522806099,1.0365813755644264,0.00100124337412473,0.988155225443361,1.0143315228060992,7.525685491787187e-05,0.9816111511026765,0.5235259472547608,2.2039271664980333
0.0,null,quantitative,,S3,hratt,p,maf>=0.01,30,596842,0.9992288620884192,0.0027784048404648548,0.010091447987909698,1.00462098846931,1.0136686091126295,0.0009985892413737639,1.0186950650255846,0.9784834177219431,0.00011058203008501413,0.8712523582455658,1.3403882434547165,3.6767641875194386
0.0,null,quantitative,,S3,hratt,p,maf<0.05,30,291179,0.9993979915459821,0.004940708121696173,0.0102857692347319,1.0405970210763826,1.0165568258699975,0.0009890823170627002,1.0715058434845919,0.9066587906408085,0.00010646372162827676,0.9616078082554029,1.1676666243101321,3.6767641875194386
0.0,null,quantitative,,S3,hratt,p,maf>=0.05,30,305663,0.9994530774704581,0.003439170619646438,0.00990633475428822,0.9703496988513494,1.0109172520062946,0.0010076456751389603,0.9683867527309488,1.0469045975469717,0.00011450519035670002,0.7851784481602287,1.5049253589737717,3.6767641875194386
0.0,null,quantitative,,S3,hratt-he,p,maf>=0.01,30,596842,0.9996237007597429,0.0027866745672825402,0.010086421531996743,1.0022753090432643,1.015008997356084,0.0010002647266780823,1.0186950650255846,0.98183438833058,0.00010890654478069572,0.8377426521591979,1.3403882434547165,1.090466749999905
0.0,null,quantitative,,S3,hratt-he,p,maf<0.05,30,291179,0.9995527501955979,0.004944900974123043,0.010272031980328252,1.0371627074754703,1.0172436885901799,0.0009856480034617881,1.0646372162827675,0.9066587906408085,0.00010646372162827676,0.9616078082554029,1.1676666243101321,1.090466749999905
0.0,null,quantitative,,S3,hratt-he,p,maf>=0.05,30,305663,0.9996322983490641,0.003438121220124067,0.009909606331155554,0.9690410681044156,1.012880198126695,0.0010141888288736289,0.9749299064656173,1.0534477512816403,0.00011123361348936574,0.719746910813543,1.5049253589737717,1.090466749999905
0.0,null,quantitative,,S3,hratt-w,p,maf>=0.01,30,596842,0.9864548881019363,0.006231128823786155,0.009977514987216047,1.525026723990604,0.47047627345260556,0.0009416227410269384,1.591711039102476,0.2915344429514009,9.215169173751177e-05,1.6754853043183957,0.16754853043183957,3.4727118959999643
0.0,null,quantitative,,S3,hratt-w,p,maf<0.05,30,291179,0.9710802999201853,0.011368218562201582,0.009949206501842509,1.8043883659192457,0.1854529344492563,0.0008963558498380721,1.7789744452724954,0.013737254403648614,8.24235264218917e-05,1.6484705284378336,0.0,3.4727118959999643
0.0,null,quantitative,,S3,hratt-w,p,maf>=0.05,30,305663,1.0027044296515268,0.003682514298299935,0.010004482060308248,1.2589027785502334,0.7419936335114161,0.0009847446370676203,1.4133212066884118,0.5561680674468287,0.00010141888288736288,1.701219971013829,0.3271576867334286,3.4727118959999643
0.0,null,quantitative,,S3,hratt-w,p_normal,maf>=0.01,30,596842,0.9864548881019363,0.006231128823786155,0.011726721644924453,1.863139658402056,0.48220467058283434,0.002149647645440502,3.9943569654950557,0.30493832538594806,0.0005663140328596177,11.158732126760516,0.16754853043183957,3.4727118959999643
0.0,null,quantitative,,S3,hratt-w,p_normal,maf<0.05,30,291179,0.9710802999201853,0.011368218562201582,0.013479680883580203,2.4768269689778455,0.21910920773819542,0.003283203802472019,6.518327214531267,0.048080390412770145,0.0009890823170627002,19.781646341254003,0.0,3.4727118959999643
0.0,null,quantitative,,S3,hratt-w,p_normal,maf>=0.05,30,305663,1.0027044296515268,0.003682514298299935,0.010056827290185597,1.2785322397542391,0.7328332182828802,0.0010698056356183117,1.5899863575244633,0.5496249137121602,0.00016357884336671433,2.9444191806008577,0.3271576867334286,3.4727118959999643
0.0,null,quantitative,,S3,hratt-w,p_hc0,maf>=0.01,30,596842,1.074699683011646,0.01017265864550822,0.022659263255601986,0.3552028845154999,4.176649766604897,0.006876191688922696,0.2044092071268443,13.547974170718549,0.0025534396037812353,0.10052911825910374,50.968262957365596,3.4727118959999643
0.0,null,quantitative,,S3,hratt-w,p_hc0,maf<0.05,30,291179,1.118009137576363,0.015665808259239206,0.03372839387455826,0.089292153623716,6.656386621287936,0.01232575151367372,0.006868627201824307,24.644634400145613,0.004938542958111677,0.0,98.77085916223353,3.4727118959999643
0.0,null,quantitative,,S3,hratt-w,p_hc0,maf>=0.05,30,305663,1.0374615280678678,0.007039128533232734,0.012114649139738863,0.6085132973241772,1.814416530623595,0.0016848620866771575,0.3925892240801144,2.9771349492742005,0.00028135561059074865,0.1962946120400572,5.430817599774915,3.4727118959999643
0.0,null,quantitative,,S3,linear-w,p,maf>=0.01,30,596842,1.127534375054262,0.010236955348643446,0.022159968634915102,0.465784914600514,3.9662088123825066,0.0057284842554645955,0.34850094329822634,11.108467567630965,0.0018363318935329619,0.2345679426045754,36.49206992805466,0.7067006249853875
0.0,null,quantitative,,S3,linear-w,p,maf<0.05,30,291179,1.1979590559781266,0.013788116914213304,0.03228598216217516,0.22735156038038457,6.229844872054647,0.009976681010649807,0.11676666243101322,19.836595358868596,0.0034995655593294847,0.06868627201824307,69.92262491457144,0.7067006249853875
0.0,null,quantitative,,S3,linear-w,p,maf>=0.05,30,305663,1.0670653116252489,0.008996349141095011,0.012513781517553646,0.6929199805014018,1.8098363230093273,0.0016815905098098232,0.5692543749161658,2.7939266447034807,0.0002519114187847401,0.3925892240801144,4.645639151614686,0.7067006249853875
0.0,null,quantitative,,S3,wls-w,p,maf>=0.01,30,596842,0.973584336711504,0.007892533965659086,0.00997583950191173,1.6466669570841195,0.34850094329822634,0.000990211814852172,1.7492066577084053,0.23121697199593863,0.00010388008886774055,1.9770726590957068,0.10052911825910374,2.108285791473463
0.0,null,quantitative,,S3,wls-w,p,maf<0.05,30,291179,0.9437202033666383,0.014462711628272971,0.01001445846025984,1.9637405170015696,0.03915117505039855,0.0009478705538517545,1.8957411077035087,0.0,7.898921282097953e-05,1.5797842564195905,0.0,2.108285791473463
0.0,null,quantitative,,S3,wls-w,p,maf>=0.05,30,305663,1.0068408083750613,0.003681886540385746,0.009939050522961563,1.3446180924743918,0.6431920121179207,0.0010305467132103003,1.6096158187284688,0.4514776076921315,0.00012759149782603718,2.355535344480686,0.1962946120400572,2.108285791473463
0.05,null,binary,0.05,S0,hratt-bin,p,maf>=0.01,30,542137,1.0129122551272733,0.010530932364628678,0.010152415348887828,0.6507580187295832,1.3797250510479824,0.0010015918485548857,0.4722053650645501,1.5309783320452208,9.960581919330354e-05,0.2951283531653438,1.6969880307007268,6.074083354498725
0.05,null,binary,0.05,S0,hratt-bin,p,maf<0.05,30,195593,1.032765334951011,0.011793535919012287,0.011002438737582634,0.3640212073029198,1.8364665402136067,0.0011401226015245944,0.11247846293067747,2.1677667401185112,8.691517590097805e-05,0.0,1.738303518019561,6.074083354498725
0.05,null,binary,0.05,S0,hratt-bin,p,maf>=0.05,30,346544,1.002314178919474,0.010866102042052406,0.009672653400434,0.8125952260030472,1.1219354540837527,0.0009234036659125537,0.6752389306985549,1.1715684011265526,0.00010676854887113901,0.4617018329562768,1.6736691444665035,6.074083354498725
0.05,null,binary,0.05,S0,hratt-bin,p_normal,maf>=0.01,30,542137,1.0129122551272733,0.01053093236462867,0.010305513182092349,0.6573984066758034,1.4037042297426665,0.0012413836355017274,0.48327267830825044,1.9994945926952041,0.00019183342955747347,0.33201939731101177,3.5046491938384574,6.074083354498725
0.05,null,binary,0.05,S0,hratt-bin,p_normal,maf<0.05,30,195593,1.032765334951011,0.011793535919012277,0.011442127274493464,0.38447183692667936,1.9039536179720133,0.0017485288328314408,0.14315440736631677,3.3539032582965644,0.00028630881473263356,0.0,5.726176294652672,6.074083354498725
0.05,null,binary,0.05,S0,hratt-bin,p_normal,maf>=0.05,30,346544,1.002314178919474,0.010866102042052404,0.009663996491066069,0.8114409714206565,1.1213583267925573,0.0009551456669282977,0.6752389306985549,1.2350524031580405,0.00013851054988688304,0.5194145620758114,2.2507964356618495,6.074083354498725
0.05,null,binary,0.05,S0,hratt-bin,p_model,maf>=0.01,30,542137,0.8891204385084367,0.026431975283559728,0.006721548243340705,0.43162521650431535,0.9126844321638258,0.0006990852865604081,0.272993726677943,1.125176846442873,9.591671477873674e-05,0.1475641765826719,1.7707701189920628,6.074083354498725
0.05,null,binary,0.05,S0,hratt-bin,p_model,maf<0.05,30,195593,0.9054911208189634,0.025309125507298972,0.007413353238612834,0.23313717771085876,1.249533470011708,0.0009100530182572996,0.07157720368315838,1.7485288328314406,0.00014826706477225667,0.0,2.9653412954451333,6.074083354498725
0.05,null,binary,0.05,S0,hratt-bin,p_model,maf>=0.05,30,346544,0.8798557517190788,0.027322090754271767,0.0063310863844129464,0.543653908306016,0.7225633685765732,0.0005800129276513228,0.3866752851008819,0.7733505702017638,6.636963848746479e-05,0.2308509164781384,1.0965418532711575,6.074083354498725
0.05,null,binary,0.05,S0,hratt-bin-w,p,maf>=0.01,30,542137,0.9866774826036614,0.0056625826765882336,0.009174802679027625,0.5788204826455305,1.2561400531599947,0.000855872224179497,0.3504649193838457,1.3612795289751483,8.300484932775295e-05,0.18445522072833986,1.475641765826719,3.2231263749999925
0.05,null,binary,0.05,S0,hratt-bin-w,p,maf<0.05,30,195593,1.0023753501369819,0.007316173862063878,0.009852090821246159,0.3026693184316412,1.6677488458175906,0.000981630221940458,0.06135188887127862,1.9019085550096373,8.180251849503816e-05,0.0,1.6360503699007634,3.2231263749999925
0.05,null,binary,0.05,S0,hratt-bin-w,p,maf>=0.05,30,346544,0.9780632400459942,0.005931001919142714,0.008792534281361097,0.7346830416916755,1.0238238145805438,0.0007848931160256707,0.513643289163858,1.0561429428874833,8.368345722332518e-05,0.288563645597673,1.3851054988688305,3.2231263749999925
0.05,null,binary,0.05,S0,hratt-bin-w,p_normal,maf>=0.01,30,542137,0.9866774826036614,0.005662582676588235,0.009320522303403014,0.5825095870600974,1.2815948736205056,0.0010532393103588208,0.37259954587124655,1.7338790748463948,0.0001586314898263723,0.22134626487400785,2.951283531653438,3.2231263749999925
0.05,null,binary,0.05,S0,hratt-bin-w,p_normal,maf<0.05,30,195593,1.0023753501369819,0.007316173862063867,0.01029689201556293,0.3169847591682729,1.7423936439443128,0.001472445332910687,0.11247846293067747,2.8324122028906964,0.00023518224067323472,0.0,4.703644813464694,3.2231263749999925
0.05,null,binary,0.05,S0,hratt-bin-w,p_normal,maf>=0.05,30,346544,0.9780632400459942,0.005931001919142712,0.008769449189713284,0.7323745325268941,1.0215153054157624,0.0008166351170414147,0.5194145620758115,1.1138556720070178,0.00011542545823906921,0.3462763747172076,1.9622327900641765,3.2231263749999925
0.05,null,binary,0.05,S0,hratt-linear,p,maf>=0.01,30,542137,0.9839571435929375,0.0038731965331589503,0.009239362006282545,0.579558303528444,1.2683140977280651,0.0010292601316641366,0.36522133704211296,1.69329892628616,0.0001549423854118055,0.1475641765826719,2.951283531653438,1.0190839169954415
0.05,null,binary,0.05,S0,hratt-linear,p,maf<0.05,30,195593,1.0000147532451578,0.006126194973644101,0.010163962923008493,0.3149396962058969,1.7178528883958015,0.0014162061014453481,0.09202783330691792,2.7403843695837784,0.00025563287029699424,0.0,5.112657405939886,1.0190839169954415
0.05,null,binary,0.05,S0,hratt-linear,p,maf>=0.05,30,346544,0.9750738265739572,0.003902817224906406,0.008717507733505702,0.7289117687797221,1.0145897779214184,0.0008108638441294612,0.5194145620758115,1.102313126183111,9.811163950320883e-05,0.2308509164781384,1.731381873586038,1.0190839169954415
0.05,null,binary,0.05,S0,ldak-kvik-bin,p,maf>=0.01,30,542137,1.009211470913962,0.011230362187836207,0.009884955278831735,0.9765059385358313,1.0004851172305156,0.0009628562522019342,0.962856252201934,0.962856252201934,9.407216257145335e-05,0.8116029712046955,1.0698402802243712,1.6222752294852398
0.05,null,binary,0.05,S0,ldak-kvik-bin,p,maf<0.05,30,195593,1.008423107707589,0.008889054588732485,0.010143512293384732,0.981630221940458,1.0470722367364884,0.0009918555367523377,0.9407289626929388,1.0429821108117365,7.668986108909828e-05,0.8180251849503817,0.715772036831584,1.6222752294852398
0.05,null,binary,0.05,S0,ldak-kvik-bin,p,maf>=0.05,30,346544,1.0098635489199046,0.01340967055759735,0.009739023038921464,0.9736137402465488,0.9741908675377441,0.0009464887575603675,0.9753451221201349,0.9176323930006003,0.00010388291241516228,0.8079782076734844,1.2696800406297613,1.6222752294852398
0.05,null,binary,0.05,S0,logistic,p,maf>=0.01,30,542137,1.006598735159577,0.010965147196894945,0.009761370280943748,0.6241964669447022,1.3280775892440473,0.0009702344610310678,0.3910450679440805,1.549423854118055,9.038305815688654e-05,0.22134626487400785,1.586314898263723,1.619899687502766
0.05,null,binary,0.05,S0,logistic,p,maf<0.05,30,195593,1.0049754089381564,0.008703805565326817,0.010046371802671875,0.30675944435639313,1.7025149161779818,0.0010020808515642176,0.05112657405939885,1.953035129069036,7.668986108909828e-05,0.0,1.5337972217819655,1.619899687502766
0.05,null,binary,0.05,S0,logistic,p,maf>=0.05,30,346544,1.0073516329751526,0.013037767334364245,0.009600512489034582,0.8033611893439216,1.1167413084629947,0.000952260030472321,0.5828985641072996,1.3216214968373425,9.811163950320883e-05,0.3462763747172076,1.6159564153469688,1.619899687502766
0.05,null,binary,0.05,S4,hratt-bin,p,maf>=0.01,30,536441,1.0113028554497288,0.011319764326137396,0.009993643289756002,0.6837657822575083,1.3149628756936924,0.0010290041216089,0.4362082689429033,1.621799974274897,9.507103297473534e-05,0.22369654817584786,1.6777241113188588,6.147097832988948
0.05,null,binary,0.05,S4,hratt-bin,p,maf<0.05,30,191498,1.0284886672406077,0.011768724543098862,0.009827778880197183,0.387471409623077,1.5780843664163595,0.0010235093839100148,0.07310781313642963,1.9739109546836,0.00010443973305204232,0.0,2.088794661040846,6.147097832988948
0.05,null,binary,0.05,S4,hratt-bin,p,maf>=0.05,30,344943,1.0029280911561815,0.011692644328480587,0.010085724308074088,0.8482560886871163,1.168888772927701,0.0010320545713349743,0.637786532847456,1.4263226098224924,8.986992053759606e-05,0.3478835633713396,1.4495148473805817,6.147097832988948
0.05,null,binary,0.05,S4,hratt-bin,p_normal,maf>=0.01,30,536441,1.0113028554497288,0.011319764326137396,0.010125997080760046,0.6889853683816114,1.3362140477703979,0.0012825268762081943,0.46976275116928046,2.095291001247108,0.00018268551434360908,0.22369654817584786,3.4300137386963336,6.147097832988948
0.05,null,binary,0.05,S4,hratt-bin,p_normal,maf<0.05,30,191498,1.0284886672406077,0.011768724543098867,0.010214205892489739,0.40731495890296504,1.6355262195949827,0.001660591755527473,0.13577165296765503,3.1854118580872908,0.00031854118580872906,0.0,6.370823716174581,6.147097832988948
0.05,null,binary,0.05,S4,hratt-bin,p_normal,maf>=0.05,30,344943,1.0029280911561815,0.011692644328480589,0.010077027218989804,0.8453570589923551,1.1700483848056054,0.0010726409870616305,0.6551807110160229,1.4901012631072381,0.00010726409870616304,0.3478835633713396,1.7973984107519212,6.147097832988948
0.05,null,binary,0.05,S4,hratt-bin,p_model,maf>=0.01,30,536441,0.9023503194421529,0.022726935623223997,0.006867484028998529,0.45820509618019506,0.9152917096195108,0.000738198608980298,0.275892409416879,1.2005048085437167,9.879930877766614e-05,0.11184827408792393,1.8641379014653987,6.147097832988948
0.05,null,binary,0.05,S4,hratt-bin,p_model,maf<0.05,30,191498,0.9202039199279585,0.023268541660744903,0.00703401602105505,0.26736571661322833,1.1394374875977817,0.0009086256775527682,0.06266383983122539,1.7545875152743111,0.00018799151949367617,0.0,3.759830389873523,6.147097832988948
0.05,null,binary,0.05,S4,hratt-bin,p_model,maf>=0.05,30,344943,0.8928949483363604,0.022724097365271038,0.006775032396656839,0.5641511786005223,0.7908553007308453,0.0006435845922369783,0.39426803848751824,0.8929011459864383,4.9283504810939777e-05,0.1739417816856698,0.8117283145331257,6.147097832988948
0.05,null,binary,0.05,S4,hratt-bin-w,p,maf>=0.01,30,536441,0.9704189345315236,0.00879486885996806,0.014324035634860125,1.2213831530401293,1.6434239739318957,0.0018715944530712605,1.1520372231056164,2.5911516830369044,0.0002926696505300676,0.8947861927033914,4.9586068178979605,3.7995872085157316
0.05,null,binary,0.05,S4,hratt-bin-w,p,maf<0.05,30,191498,1.0425969784171294,0.010464455274453012,0.0214728091154999,1.6762577154852791,2.618304107614701,0.0031227480182560653,1.2950526898453247,4.950443346666806,0.0006057504517018455,1.4621562627285922,10.652852771308314,3.7995872085157316
0.05,null,binary,0.05,S4,hratt-bin-w,p,maf>=0.05,30,344943,0.9328295020463556,0.008767147709607574,0.010355334069686875,0.9688557239891807,1.1022110899481943,0.0011770060560730323,1.0726409870616305,1.2813711250844344,0.0001188602174852077,0.5798059389522326,1.7973984107519212,3.7995872085157316
0.05,null,binary,0.05,S4,hratt-bin-w,p_normal,maf>=0.01,30,536441,0.9704189345315238,0.008794868859968016,0.015092060450263869,1.2966943242593314,1.7217177657934424,0.0029658434012314497,1.9275185901152223,4.004168212347676,0.0007493834363890903,2.796206852198098,12.191461875583707,3.7995872085157316
0.05,null,binary,0.05,S4,hratt-bin-w,p_normal,maf<0.05,30,191498,1.0425969784171296,0.010464455274452979,0.023556381789888146,1.8840927842588435,2.8271835737187856,0.0059217328640507995,3.2167437780029036,8.626721950098696,0.0017859194351899236,5.953064783966411,29.765323919832056,3.7995872085157316
0.05,null,binary,0.05,S4,hratt-bin-w,p_normal,maf>=0.05,30,344943,0.9328295020463552,0.008767147709607565,0.01039302145571877,0.9705951418060375,1.1080091493377167,0.0013248565705058517,1.2117944124101663,1.4379187286015371,0.0001739417816856698,1.0436506901140188,2.4351849435993773,3.7995872085157316
0.05,null,binary,0.05,S4,hratt-linear,p,maf>=0.01,30,536441,0.9895725101665254,0.004585762646626872,0.009212569509042002,0.6054719903959616,1.2370419114124387,0.0010793358449484659,0.38028413189894134,1.7783875579979904,0.0001379462047084395,0.1864137901465399,2.5725103040222503,1.0875230210076552
0.05,null,binary,0.05,S4,hratt-linear,p,maf<0.05,30,191498,1.0037746781629857,0.006849948394505164,0.009274248295021359,0.35509509237694387,1.4997545666273278,0.0013733824896343565,0.09399575974683809,2.652769219521875,0.00024543337267229947,0.0,4.908667453445989,1.0875230210076552
0.05,null,binary,0.05,S4,hratt-linear,p,maf>=0.05,30,344943,0.9816433420707998,0.004819813345810796,0.009178328013613844,0.7444708256146667,1.0911947771081019,0.0009160933835445276,0.5392195232255764,1.292967243863479,7.827380175855141e-05,0.2899029694761163,1.2755730656949118,1.0875230210076552
0.05,null,binary,0.05,S4,logistic-w,p,maf>=0.01,30,536441,0.993049994071868,0.011974804424462313,0.015662486648112282,1.3324857719674672,1.800011557654989,0.002229508930152617,1.3459075648580179,3.113110295447216,0.00038214826980040675,1.0811999828499312,6.561765413158204,1.9183542915270664
0.05,null,binary,0.05,S4,logistic-w,p,maf<0.05,30,191498,1.0441935484619802,0.01068869567011098,0.02314906683098518,1.8496276723516694,2.7801856938453664,0.0037180544966527065,1.6814797021378813,5.754629291167532,0.000767632037932511,1.5665959957806346,13.786044762869585,1.9183542915270664
0.05,null,binary,0.05,S4,logistic-w,p,maf>=0.05,30,344943,0.9663162480633283,0.013444427044255521,0.011506248858507057,1.0453901079308754,1.255859663770536,0.0014031303722644032,1.1596118779044655,1.6466488666243408,0.00016814372229614747,0.8117283145331257,2.5511461313898236,1.9183542915270664
0.05,null,quantitative,,S0,hratt,p,maf>=0.01,30,542107,0.9859079798700567,0.005721200495411953,0.009728706694434862,0.9787735631526618,0.9669677757343108,0.0008909680192286763,0.9407736848998446,0.841162353557508,9.038805992174976e-05,1.0698994847880583,0.7378617136469369,3.8901596670039
0.05,null,quantitative,,S0,hratt,p,maf<0.05,30,195591,0.9963782877991523,0.006400285724896662,0.010245870208751937,1.0286771886231985,1.0204968531271887,0.0008947241948760423,0.940738582041096,0.8487098077109887,8.18033549600953e-05,0.9202877433010721,0.7157793559008339,3.8901596670039
0.05,null,quantitative,,S0,hratt,p,maf>=0.05,30,346516,0.9804713074253689,0.007080752238608097,0.009436793683408558,0.9506054554479447,0.936753281233767,0.0008888478454097357,0.9407934987129021,0.8369021921065694,9.523369772247169e-05,1.1543478511814749,0.7503261032679587,3.8901596670039
0.05,null,quantitative,,S0,hratt-he,p,maf>=0.01,30,542107,0.9824124559904595,0.004770703390258998,0.009638318634513112,0.9699192225888985,0.957744504313724,0.0008725214763875028,0.9223271420586712,0.8227158107163346,9.038805992174976e-05,0.9961133134233647,0.8116478850116305,1.1821570415049791
0.05,null,quantitative,,S0,hratt-he,p,maf<0.05,30,195591,0.9916522048615868,0.005901409151806827,0.010061812660091722,1.0143616015051817,0.9980009305131626,0.0008538225173959947,0.8998369045610483,0.8078081302309411,8.18033549600953e-05,0.818033549600953,0.818033549600953,1.1821570415049791
0.05,null,quantitative,,S0,hratt-he,p,maf>=0.05,30,346516,0.9776834558851669,0.00564547716812809,0.00939927737824516,0.9448337161920374,0.9350217594569948,0.0008830761061538283,0.9350217594569947,0.831130452850662,9.523369772247169e-05,1.0966304586224012,0.8080434958270325,1.1821570415049791
0.05,null,quantitative,,S0,hratt-w,p,maf>=0.01,30,542107,0.9824124559803372,0.004770703962464975,0.009581134351705475,0.9629095363092527,0.9533173340318425,0.000835628390705156,0.9075699077857324,0.7636868736245797,8.854340563763242e-05,0.9961133134233647,0.7747547993292837,2.650971542025218
0.05,null,quantitative,,S0,hratt-w,p,maf<0.05,30,195591,0.9916522043458962,0.0059014083950080206,0.00992376949859656,0.9969783885761614,0.9877755111431508,0.0007617937430658874,0.8691606464510125,0.6544268396807624,7.669064527508934e-05,0.818033549600953,0.7157793559008339,2.650971542025218
0.05,null,quantitative,,S0,hratt-w,p,maf>=0.05,30,346516,0.9776834519602818,0.005645478226637551,0.009387733899733346,0.9436793683408559,0.9338674116058133,0.000877304366897921,0.9292500202010874,0.8253587135947545,9.523369772247169e-05,1.0966304586224012,0.8080434958270325,2.650971542025218
0.05,null,quantitative,,S0,hratt-w,p_normal,maf>=0.01,30,542107,0.9824124559803372,0.004770703962464975,0.009638318634513112,0.9699192225888985,0.957744504313724,0.0008725214763875028,0.9223271420586712,0.8227158107163346,9.038805992174976e-05,0.9961133134233647,0.8116478850116305,2.650971542025218
0.05,null,quantitative,,S0,hratt-w,p_normal,maf<0.05,30,195591,0.9916522043458962,0.0059014083950080206,0.010061812660091722,1.0143616015051817,0.9980009305131626,0.0008538225173959947,0.8998369045610483,0.8078081302309411,8.18033549600953e-05,0.818033549600953,0.818033549600953,2.650971542025218
0.05,null,quantitative,,S0,hratt-w,p_normal,maf>=0.05,30,346516,0.9776834519602818,0.005645478226637551,0.00939927737824516,0.9448337161920374,0.9350217594569948,0.0008830761061538283,0.9350217594569947,0.831130452850662,9.523369772247169e-05,1.0966304586224012,0.8080434958270325,2.650971542025218
0.05,null,quantitative,,S0,hratt-w,p_hc0,maf>=0.01,30,542107,0.98535013474752,0.0048730187578218615,0.009459387168953731,0.9540551957454894,0.9378222380452568,0.0008632982049669161,0.9223271420586712,0.8042692678751612,8.669875135351508e-05,0.9961133134233647,0.7378617136469369,2.650971542025218
0.05,null,quantitative,,S0,hratt-w,p_hc0,maf<0.05,30,195591,0.9990558818553816,0.006209827393801508,0.009657908594976252,0.9663021304661257,0.9652795885291245,0.0007924700011759233,0.8589352270810007,0.7260047752708457,6.135251622007148e-05,0.7157793559008339,0.5112709685005956,2.650971542025218
0.05,null,quantitative,,S0,hratt-w,p_hc0,maf>=0.05,30,346516,0.9778498301701323,0.00574892263219639,0.009347331724941994,0.9471424118944003,0.9223239330939986,0.0009032771935495042,0.9581087164806242,0.848445670618384,0.00010100543697837906,1.1543478511814749,0.8657608883861062,2.650971542025218
0.05,null,quantitative,,S0,ldak-kvik,p,maf>=0.01,30,542107,0.9972810891517904,0.009521418318919032,0.010088414279837744,1.0071812391280688,1.01050161683948,0.0009536862648886659,0.9665988448774874,0.9407736848998446,0.0001051452941946885,1.143685656152752,0.9592202277410179,3.627175894973334
0.05,null,quantitative,,S0,ldak-kvik,p,maf<0.05,30,195591,0.9975944891685908,0.007249005488014833,0.010286771886231984,1.0317448144342019,1.0256095628121948,0.0009100623239310603,0.9611894207811198,0.8589352270810007,7.157793559008339e-05,0.6135251622007147,0.818033549600953,3.627175894973334
0.05,null,quantitative,,S0,ldak-kvik,p,maf>=0.05,30,346516,0.9971957944394602,0.0118611471157116,0.009976451303835898,0.9933163259416593,1.0019739348255203,0.0009783098038763,0.9696521949924389,0.9869674127601611,0.00012409239400200855,1.4429348139768436,1.0389130660633275,3.627175894973334
0.05,null,quantitative,,S0,wls-w,p,maf>=0.01,30,542107,0.9975768974955622,0.00951457969479566,0.009985113639927172,0.9961133134233648,1.0009094145620698,0.0009075699077857323,0.948152302036314,0.8669875135351509,0.00010145598562645382,1.1067925704704051,0.9223271420586711,1.9204694375221152
0.05,null,quantitative,,S0,wls-w,p,maf<0.05,30,195591,0.9979806653167029,0.007252465811141042,0.010082263498831746,1.0092488918201756,1.0072038079461734,0.0008078081302309411,0.9202877433010721,0.69532851716081,6.646522590507744e-05,0.6135251622007147,0.7157793559008339,1.9204694375221152
0.05,null,quantitative,,S0,wls-w,p,maf>=0.05,30,346516,0.9974650467025866,0.01186700331649277,0.009930277389788638,0.9886989345369334,0.9973565434207945,0.0009638804557365316,0.9638804557365316,0.9638804557365316,0.00012120652437405488,1.38521742141777,1.0389130660633275,1.9204694375221152
0.05,null,quantitative,,S1,hratt,p,maf>=0.01,30,542124,0.9922423081211686,0.007531988660211318,0.009695198884388074,0.9514428433347353,0.9875969335428795,0.0009721023234536748,1.0108388486766864,0.933365798230663,9.407441839874273e-05,0.9591901483793376,0.9222982195955168,3.8855031255225185
0.05,null,quantitative,,S1,hratt,p,maf<0.05,30,195519,0.9972060822835694,0.006098799550224192,0.010188268147852638,0.9993913634991995,1.038262266071328,0.0010894081905083394,1.0740644131772359,1.1047519678394426,0.00012275021864882696,1.1252103376142473,1.3297940353622921,3.8855031255225185
0.05,null,quantitative,,S1,hratt,p,maf>=0.05,30,346605,0.989875743941874,0.009576743332002997,0.009417059765439044,0.924395204916259,0.9590167481715497,0.0009059303818467708,0.975173468357352,0.8366872953361896,7.789847232440386e-05,0.8655385813822651,0.6924308651058121,3.8855031255225185
0.05,null,quantitative,,S1,hratt-he,p,maf>=0.01,30,542124,0.9834570753653296,0.005515031946951435,0.009411131032752654,0.9175022688536203,0.9647239376969107,0.0009130752373995618,0.9813253056496299,0.8448251691494935,9.038522552036066e-05,0.9222982195955168,0.8854062908116962,1.1876310415100306
0.05,null,quantitative,,S1,hratt-he,p,maf<0.05,30,195519,0.9913363926342965,0.0055965349901118885,0.009927423933223881,0.9768871567469146,1.0085976298978616,0.001074064413177236,1.1047519678394426,1.0433768585150291,0.00011252103376142472,1.0229184887402247,1.2275021864882696,1.1876310415100306
0.05,null,quantitative,,S1,hratt-he,p,maf>=0.05,30,346605,0.9799818487437144,0.006403540291484459,0.009119891519164466,0.8840034044517534,0.9399748993811399,0.0008222616523131519,0.9117006390559859,0.7328226655703177,7.789847232440386e-05,0.8655385813822651,0.6924308651058121,1.1876310415100306
0.05,null,quantitative,,S1,hratt-w,p,maf>=0.01,30,542124,0.9770527999959526,0.005380013348165864,0.009092015848772606,0.8997941430373864,0.9186090267171348,0.000870649519298168,0.9001630623252245,0.8411359762711114,7.931764688521445e-05,0.9222982195955168,0.6640547181087721,2.938491958513623
0.05,null,quantitative,,S1,hratt-w,p,maf<0.05,30,195519,0.9840678645107335,0.006885927543584146,0.009446652243515975,0.9410850096410067,0.9482454390621883,0.0009820017491906157,0.9820017491906157,0.9820017491906157,9.717725643032135e-05,0.7160429421181573,1.2275021864882696,2.938491958513623
0.05,null,quantitative,,S1,hratt-w,p,maf>=0.05,30,346605,0.9725309684740784,0.006077982645351675,0.00889196635940047,0.8765020700797738,0.9018912018003202,0.0008078360092901141,0.8539980669638348,0.7616739516163933,6.924308651058121e-05,1.038646297658718,0.34621543255290604,2.938491958513623
0.05,null,quantitative,,S1,hratt-w,p_normal,maf>=0.01,30,542124,0.9770527999959526,0.005380013348165864,0.009228515985272742,0.9130752373995618,0.9326279596549867,0.000929676605352281,0.9444333768658093,0.9149198338387527,8.485143620278756e-05,0.9591901483793376,0.7378385756764135,2.938491958513623
0.05,null,quantitative,,S1,hratt-w,p_normal,maf<0.05,30,195519,0.9840678645107335,0.006885927543584146,0.00977910075235655,0.973818401280694,0.9820017491906157,0.0011354395225016494,1.0945227829520405,1.1763562620512584,0.00011252103376142472,0.8183347909921798,1.4320858842363147,2.938491958513623
0.05,null,quantitative,,S1,hratt-w,p_normal,maf>=0.05,30,346605,0.9725309684740784,0.006077982645351675,0.008917932516841939,0.8788101729634598,0.9047763304049278,0.0008136062664993293,0.8597683241730499,0.7674442088256084,6.924308651058121e-05,1.038646297658718,0.34621543255290604,2.938491958513623
0.05,null,quantitative,,S1,hratt-w,p_hc0,maf>=0.01,30,542124,0.9854126235835047,0.005137898026622098,0.008938914344319749,0.879503582206285,0.9082792866576651,0.0007857980830953804,0.8153116261224369,0.7562845400683238,6.640547181087722e-05,0.7009466468925928,0.6271627893249515,2.938491958513623
0.05,null,quantitative,,S1,hratt-w,p_hc0,maf<0.05,30,195519,1.0048098311978964,0.006310161857255345,0.00914489128933761,0.9032370255576184,0.9257412323099034,0.0007774180514425708,0.7978764212173752,0.7569596816677663,7.671888665551685e-05,0.5114592443701124,1.0229184887402247,2.938491958513623
0.05,null,quantitative,,S1,hratt-w,p_hc0,maf>=0.05,30,346605,0.9755739330381465,0.0058751282514181566,0.008822723272889889,0.8661156071031866,0.8984290474747911,0.0007905252376624688,0.8251467809177594,0.7559036944071782,6.058770069675856e-05,0.8078360092901141,0.40391800464505706,2.938491958513623
0.05,null,quantitative,,S1,linear-w,p,maf>=0.01,30,542124,1.0323689162289809,0.01778687930082115,0.011480768237524995,1.1333200522389713,1.1628335952660278,0.001250636385771521,1.198987685474172,1.3022850860688697,0.00013465554006094547,1.4387852225690063,1.254325578649903,0.7209105005022138
0.05,null,quantitative,,S1,linear-w,p,maf<0.05,30,195519,1.0331517733700086,0.012022175820775029,0.012203417570670881,1.2213646755558283,1.2193188385783478,0.0014372004766800158,1.3809399597993033,1.4934609935607281,0.00019946910530434383,1.943545128606427,2.0458369774804495,0.7209105005022138
0.05,null,quantitative,,S1,linear-w,p,maf>=0.05,30,346605,1.0339335881779828,0.021962120179030414,0.011073123584483778,1.083654303890596,1.1309704130061597,0.0011453960560291975,1.096348869750869,1.1944432423075257,9.809437255665671e-05,1.15405144184302,0.8078360092901141,0.7209105005022138
0.05,null,quantitative,,S1,wls-w,p,maf>=0.01,30,542124,1.0200461222020059,0.017447489916130633,0.010647010647010647,1.0488375353240218,1.0805645940781077,0.0010458861810213162,1.0071496557983044,1.0846227062443279,9.776361127712479e-05,1.032974005946979,0.9222982195955168,2.0646842290007044
0.05,null,quantitative,,S1,wls-w,p,maf<0.05,30,195519,1.0056168067457654,0.01182205811838407,0.010300789181614063,1.0178038962965237,1.042353940026289,0.0010178038962965236,0.9513141945284089,1.0842935980646382,9.206266398662023e-05,0.6137510932441348,1.2275021864882696,2.0646842290007044
0.05,null,quantitative,,S1,wls-w,p,maf>=0.05,30,346605,1.0284818182160822,0.021863451824061596,0.010842313296115175,1.0663435322629506,1.1021191269600843,0.0010617273264955786,1.038646297658718,1.0848083553324388,0.00010097950116126426,1.2694565860273221,0.7501334371979631,2.0646842290007044
0.05,null,quantitative,,S4,hratt,p,maf>=0.01,30,536756,0.9926884672228895,0.00508442621871267,0.009462400047693924,0.9449358740284225,0.9475441355103622,0.0010265371975348202,0.9501523969923019,1.1029219980773388,8.383697620520311e-05,0.8942610795221665,0.7824784445818956,3.8987554585037287
0.05,null,quantitative,,S4,hratt,p,maf<0.05,30,191709,1.003060361337946,0.006727699295396491,0.009696988665112228,0.9994314299276507,0.9399663030947947,0.0010849777527398297,1.0641127959563714,1.105842709523288,7.824358793796848e-05,0.7302734874210391,0.8345982713383305,3.8987554585037287
0.05,null,quantitative,,S4,hratt,p,maf>=0.05,30,345047,0.9867029446035177,0.006753852428561623,0.009332062008943709,0.9146580031126194,0.9517543986761223,0.000994067474865743,0.8868357064399922,1.1012992432914936,8.694467710196002e-05,0.985373007155547,0.7535205348836536,3.8987554585037287
0.05,null,quantitative,,S4,hratt-he,p,maf>=0.01,30,536756,0.9856102173669204,0.004629108333423125,0.009276095656126805,0.926678043654845,0.9285410875705161,0.0009631937044020002,0.9017132551848512,1.0246741536191493,7.638480054251839e-05,0.8197393228953193,0.7079566879550484,1.4458539164916147
0.05,null,quantitative,,S4,hratt-he,p,maf<0.05,30,191709,0.9976534289779154,0.007084997463922227,0.009613528837978395,0.9681339947524633,0.9545717728432154,0.001032815360781184,1.0223828823894547,1.0432478391729132,7.302734874210392e-05,0.7302734874210391,0.7302734874210391,1.4458539164916147
0.05,null,quantitative,,S4,hratt-he,p,maf>=0.05,30,345047,0.979269055132726,0.005301435182180135,0.009088616913058222,0.9036450106797045,0.9140783719319396,0.0009245117331841749,0.8346689001788161,1.0143545661895335,7.825020939176402e-05,0.8694467710196002,0.6955574168156802,1.4458539164916147
0.05,null,quantitative,,S4,hratt-w,p,maf>=0.01,30,536756,0.9572005470352527,0.004408538166363204,0.014911803501032127,1.5291864459829045,1.4531742542235204,0.0028914441571216715,2.9622398259171767,2.820648488326167,0.0007377653906057873,7.824784445818956,6.93052336629679,3.3296669994597323
0.05,null,quantitative,,S4,hratt-w,p,maf<0.05,30,191709,1.0071199411707121,0.006104134335326877,0.024025997736152188,2.4516324220563455,2.353567125174092,0.0057482955938427515,5.76916055062621,5.727430637059293,0.0017213589346353067,17.52656369810494,16.90061499460119,3.3296669994597323
0.05,null,quantitative,,S4,hratt-w,p,maf>=0.05,30,345047,0.9317366921641438,0.005057581344861176,0.009847933759748672,1.0166730909122526,0.9529136610374818,0.0013041701565294004,1.402707457244955,1.2056328558138456,0.00019127828962431205,2.434450958854881,1.3911148336313603,3.3296669994597323
0.05,null,quantitative,,S4,hratt-w,p_normal,maf>=0.01,30,536756,0.9572005470352527,0.004408538166363204,0.015124190507418641,1.5507977554046903,1.4740403460790377,0.0030553920217007355,3.1261876904962405,2.9845963529052306,0.0008085610594012922,8.607262890400852,7.563958297624991,3.3296669994597323
0.05,null,quantitative,,S4,hratt-w,p_normal,maf<0.05,30,191709,1.0071199411707121,0.006104134335326877,0.024568486612522103,2.50692455753251,2.4067727649719104,0.006196892164687104,6.2386220782540205,6.1551622511201876,0.001909143545686431,19.71738416036806,18.465486753360562,3.3296669994597323
0.05,null,quantitative,,S4,hratt-w,p_normal,maf>=0.05,30,345047,0.9317366921641438,0.005057581344861176,0.009876915318782658,1.019571246815651,0.9558118169408805,0.0013099664683361976,1.3969111454381575,1.2230217912342376,0.0001970746014311094,2.434450958854881,1.5070410697673071,3.3296669994597323
0.05,null,quantitative,,S4,hratt-w,p_hc0,maf>=0.01,30,536756,0.9852166448912973,0.004291572428754746,0.008937021663474652,0.8979871673535088,0.8894171653414213,0.0007899306202445804,0.8085610594012923,0.7713001810878687,6.893262487983366e-05,0.7079566879550484,0.6706958096416248,3.3296669994597323
0.05,null,quantitative,,S4,hratt-w,p_hc0,maf<0.05,30,191709,0.9964552109027942,0.006277931962279801,0.009305770725422385,0.9316203203814113,0.9295338247030656,0.0007824358793796848,0.7615709225962266,0.8033008361631431,7.302734874210392e-05,0.8345982713383305,0.6259487035037479,3.3296669994597323
0.05,null,quantitative,,S4,hratt-w,p_hc0,maf>=0.05,30,345047,0.9794899123687206,0.004998998820536911,0.008732143736940185,0.8793005010911557,0.8671282462968812,0.0007940947175312349,0.8346689001788161,0.7535205348836534,6.665758577816935e-05,0.6375942987477068,0.6955574168156802,3.3296669994597323
0.05,null,quantitative,,S4,linear-w,p,maf>=0.01,30,536756,1.0280400905654672,0.015525517479203204,0.011109330869147248,1.0962150399809223,1.1256511338485269,0.0012165676769332807,1.1960741938608979,1.2370611600056638,0.00013786524975966733,1.229608984342979,1.5276960108503677,0.7314512915036175
0.05,null,quantitative,,S4,linear-w,p,maf<0.05,30,191709,1.0191376819926752,0.010166293529120395,0.011966052715313313,1.1955620236921582,1.1976485193705042,0.001345789712533058,1.283194842182683,1.4083845828834327,0.00018778461105112436,1.669196542676661,2.0864956783458264,0.7314512915036175
0.05,null,quantitative,,S4,linear-w,p,maf>=0.05,30,345047,1.032864647484241,0.019481142434244963,0.01063333400956971,1.0410176005008012,1.0856492014131407,0.0011447715818424737,1.1476697377458722,1.1418734259390748,0.00011012992432914936,0.985373007155547,1.2172254794274404,0.7314512915036175
0.05,null,quantitative,,S4,wls-w,p,maf>=0.01,30,536756,0.9942610958000261,0.015089043813095088,0.016769258284956293,1.7743630252852318,1.5794886317060264,0.0035099747371245037,3.8155139392945774,3.2044355349544302,0.0009166176065102206,10.284002414504915,8.048349715699498,2.4324221044953447
0.05,null,quantitative,,S4,wls-w,p,maf<0.05,30,191709,1.0210802994877421,0.009485535539204455,0.026159439567260797,2.761477030290701,2.470410883161458,0.006864570781757768,7.344464787777309,6.384676775738228,0.002065630721562368,22.534153326134923,18.778461105112438,2.4324221044953447
0.05,null,quantitative,,S4,wls-w,p,maf>=0.05,30,345047,0.9802226526468197,0.01864067049790446,0.011552049430947089,1.2259199471376363,1.0844899390517813,0.001646152553130443,1.854819778175147,1.437485328085739,0.00027822296672627207,3.477787084078401,2.0866722504470405,2.4324221044953447
