fst,architecture,trait,prevalence,scenario,covariates,method,variant,stratum,replicates,n_null,lambda_gc,lambda_mcse,rate_0.01,up_ratio_0.01,down_ratio_0.01,rate_0.001,up_ratio_0.001,down_ratio_0.001,rate_0.0001,up_ratio_0.0001,down_ratio_0.0001,seconds_median
0.0,mixed,binary,0.05,S0,c,hratt-bin,p,maf>=0.01,10,19909,1.0032066387065193,0.01265657128661462,0.009744336732131197,0.6127881862474258,1.3360791601788136,0.0011050278768396202,0.5022853985634638,1.7077703551157768,5.0228539856346375e-05,0.0,1.0045707971269275,9.424934833543375
0.0,mixed,binary,0.05,S0,c,hratt-bin,p,maf<0.05,10,9741,0.9902552630531412,0.016086402371966953,0.01067652191766759,0.5338260958833796,1.6014782876501386,0.0013345652397084489,0.4106354583718304,2.2584950210450674,0.0,0.0,0.0,9.424934833543375
0.0,mixed,binary,0.05,S0,c,hratt-bin,p,maf>=0.05,10,10168,1.0179321772287993,0.027801422553079068,0.00885129819040126,0.6884343036978756,1.081825334382376,0.0008851298190401259,0.5900865460267505,1.180173092053501,9.83477576711251e-05,0.0,1.9669551534225016,9.424934833543375
0.0,mixed,binary,0.05,S0,c,hratt-bin,p_doubled,maf>=0.01,10,19909,1.0032066387065193,0.01265657128661462,0.009643879652418504,0.9342508413280426,0.9945250891556582,0.0010045707971269276,1.2054849565523131,0.803656637701542,0.00010045707971269275,1.0045707971269275,1.0045707971269275,9.424934833543375
0.0,mixed,binary,0.05,S0,c,hratt-bin,p_doubled,maf<0.05,10,9741,0.9902552630531412,0.016086402371966953,0.010163227594702803,1.0060568730109845,1.026588645929576,0.0013345652397084489,1.6425418334873216,1.026588645929576,0.0001026588645929576,2.0531772918591518,0.0,9.424934833543375
0.0,mixed,binary,0.05,S0,c,hratt-bin,p_doubled,maf>=0.05,10,10168,1.0179321772287993,0.027801422553079068,0.009146341463414634,0.8654602675059008,0.9638080251770259,0.0006884343036978757,0.7867820613690008,0.5900865460267505,9.83477576711251e-05,0.0,1.9669551534225016,9.424934833543375
0.0,mixed,binary,0.05,S0,c,hratt-bin-insample,p,maf>=0.01,10,19909,0.9875248850973595,0.012921312872684852,0.010497764829976393,0.6730624340750414,1.426490531920237,0.001054799336983274,0.401828318850771,1.7077703551157768,5.0228539856346375e-05,0.0,1.0045707971269275,8.406736709002871
0.0,mixed,binary,0.05,S0,c,hratt-bin-insample,p,maf<0.05,10,9741,0.972406468888367,0.022423729689867014,0.011189816240632379,0.4927625500461965,1.7452006980802792,0.0014372241043014065,0.4106354583718304,2.4638127502309826,0.0,0.0,0.0,8.406736709002871
0.0,mixed,binary,0.05,S0,c,hratt-bin-insample,p,maf>=0.05,10,10168,1.0035075025604474,0.025624799696240798,0.00983477576711251,0.8457907159716758,1.121164437450826,0.0006884343036978757,0.3933910306845004,0.9834775767112509,9.83477576711251e-05,0.0,1.9669551534225016,8.406736709002871
0.0,mixed,binary,0.05,S0,c,hratt-bin-insample,p_doubled,maf>=0.01,10,19909,0.9875248850973595,0.012921312872684852,0.010347079210407353,0.9543422572705811,1.1150735848108895,0.0010045707971269276,1.3059420362650058,0.7031995579888493,0.00015068561956903912,2.009141594253855,1.0045707971269275,8.406736709002871
0.0,mixed,binary,0.05,S0,c,hratt-bin-insample,p_doubled,maf<0.05,10,9741,0.972406468888367,0.022423729689867014,0.010881839646853506,0.985525100092393,1.1908428292783082,0.0012319063751154912,1.4372241043014065,1.026588645929576,0.0002053177291859152,4.1063545837183035,0.0,8.406736709002871
0.0,mixed,binary,0.05,S0,c,hratt-bin-insample,p_doubled,maf>=0.05,10,10168,1.0035075025604474,0.025624799696240798,0.00983477576711251,0.9244689221085759,1.042486231313926,0.0007867820613690008,1.180173092053501,0.3933910306845004,9.83477576711251e-05,0.0,1.9669551534225016,8.406736709002871
0.0,mixed,binary,0.05,S0,c,hratt-bin-w,p,maf>=0.01,10,19909,1.0072070276290117,0.011499902639204963,0.00969410819227485,0.6027424782761565,1.3360791601788136,0.0011050278768396202,0.5022853985634638,1.7077703551157768,5.0228539856346375e-05,0.0,1.0045707971269275,5.281131957977777
0.0,mixed,binary,0.05,S0,c,hratt-bin-w,p,maf<0.05,10,9741,0.9948085618930602,0.015884497748798215,0.01067652191766759,0.5338260958833796,1.6014782876501386,0.0013345652397084489,0.4106354583718304,2.2584950210450674,0.0,0.0,0.0,5.281131957977777
0.0,mixed,binary,0.05,S0,c,hratt-bin-w,p,maf>=0.05,10,10168,1.0257158590987443,0.0255463332558061,0.008752950432730134,0.6687647521636506,1.081825334382376,0.0008851298190401259,0.5900865460267505,1.180173092053501,9.83477576711251e-05,0.0,1.9669551534225016,5.281131957977777
0.0,mixed,binary,0.05,S0,c,hratt-bin-w,p_doubled,maf>=0.01,10,19909,1.0072070276290117,0.011499902639204963,0.00969410819227485,0.9442965492993118,0.9945250891556582,0.001054799336983274,1.3059420362650058,0.803656637701542,0.00010045707971269275,1.0045707971269275,1.0045707971269275,5.281131957977777
0.0,mixed,binary,0.05,S0,c,hratt-bin-w,p_doubled,maf<0.05,10,9741,0.9948085618930602,0.015884497748798215,0.01026588645929576,1.0060568730109845,1.0471204188481675,0.0013345652397084489,1.6425418334873216,1.026588645929576,0.0001026588645929576,2.0531772918591518,0.0,5.281131957977777
0.0,mixed,binary,0.05,S0,c,hratt-bin-w,p_doubled,maf>=0.05,10,10168,1.0257158590987443,0.0255463332558061,0.009146341463414634,0.8851298190401258,0.9441384736428009,0.0007867820613690008,0.9834775767112509,0.5900865460267505,9.83477576711251e-05,0.0,1.9669551534225016,5.281131957977777
0.0,mixed,binary,0.05,S0,c,logistic,p,maf>=0.01,10,19909,1.0197601438276864,0.014298283423584074,0.009643879652418504,0.5726053543623487,1.356170576121352,0.001054799336983274,0.6027424782761566,1.5068561956903914,5.0228539856346375e-05,0.0,1.0045707971269275,2.7321764164953493
0.0,mixed,binary,0.05,S0,c,logistic,p,maf<0.05,10,9741,1.0137456126059274,0.02771775801651079,0.01067652191766759,0.472230777127605,1.6630736064059133,0.0009239297813366184,0.2053177291859152,1.6425418334873216,0.0,0.0,0.0,2.7321764164953493
0.0,mixed,binary,0.05,S0,c,logistic,p,maf>=0.05,10,10168,1.0202009567275057,0.019329842100009667,0.00865460267505901,0.6687647521636506,1.062155782848151,0.0011801730920535012,0.9834775767112509,1.3768686073957512,9.83477576711251e-05,0.0,1.9669551534225016,2.7321764164953493
0.0,mixed,binary,0.05,S0,c,logistic,p_doubled,maf>=0.01,10,19909,1.0197601438276864,0.014298283423584074,0.009392736953136773,0.8840223014716962,0.9945250891556582,0.0008538851775578884,1.1050278768396202,0.6027424782761566,0.00010045707971269275,1.0045707971269275,1.0045707971269275,2.7321764164953493
0.0,mixed,binary,0.05,S0,c,logistic,p_doubled,maf<0.05,10,9741,1.0137456126059274,0.02771775801651079,0.010471204188481676,1.026588645929576,1.0676521917667592,0.0007186120521507032,1.026588645929576,0.4106354583718304,0.0001026588645929576,2.0531772918591518,0.0,2.7321764164953493
0.0,mixed,binary,0.05,S0,c,logistic,p_doubled,maf>=0.05,10,10168,1.0202009567275057,0.019329842100009667,0.008359559402045634,0.7474429583005507,0.9244689221085759,0.000983477576711251,1.180173092053501,0.7867820613690008,9.83477576711251e-05,0.0,1.9669551534225016,2.7321764164953493
0.0,mixed,binary,0.05,S5-1:4,c,hratt-bin,p,maf>=0.01,10,19913,0.9801417659822563,0.013740944533597334,0.009742379350173254,0.8537136543966254,1.0947622156380254,0.0010545874554311254,0.5021845025862501,1.6069904082760005,0.00010043690051725004,0.0,2.0087380103450005,9.636453728977358
0.0,mixed,binary,0.05,S5-1:4,c,hratt-bin,p,maf<0.05,10,9770,0.9892520309283483,0.023823259295865176,0.00962128966223132,0.6345957011258956,1.2896622313203685,0.0011258955987717503,0.2047082906857728,2.0470829068577276,0.00010235414534288638,0.0,2.0470829068577276,9.636453728977358
0.0,mixed,binary,0.05,S5-1:4,c,hratt-bin,p,maf>=0.05,10,10143,0.9705622186921288,0.020635395908699197,0.009859016070196194,1.0647737355811888,0.9070294784580498,0.0009859016070196194,0.7887212856156955,1.1830819284235432,9.859016070196194e-05,0.0,1.971803214039239,9.636453728977358
0.0,mixed,binary,0.05,S5-1:4,c,hratt-bin,p_doubled,maf>=0.01,10,19913,0.9801417659822563,0.013740944533597334,0.009993471601466379,0.9943253151207754,1.0043690051725005,0.0009039321046552504,0.8034952041380002,1.0043690051725003,0.00010043690051725004,0.0,2.0087380103450005,9.636453728977358
0.0,mixed,binary,0.05,S5-1:4,c,hratt-bin,p_doubled,maf<0.05,10,9770,0.9892520309283483,0.023823259295865176,0.00992835209825998,0.8802456499488229,1.105424769703173,0.0011258955987717503,0.8188331627430911,1.4329580348004094,0.00010235414534288638,0.0,2.0470829068577276,9.636453728977358
0.0,mixed,binary,0.05,S5-1:4,c,hratt-bin,p_doubled,maf>=0.05,10,10143,0.9705622186921288,0.020635395908699197,0.010056196391600119,1.1042097998619738,0.9070294784580498,0.0006901311249137336,0.7887212856156955,0.5915409642117716,9.859016070196194e-05,0.0,1.971803214039239,9.636453728977358
0.0,mixed,binary,0.05,S5-1:4,c,hratt-bin-insample,p,maf>=0.01,10,19913,0.982047243250072,0.014240959964543685,0.010194345402500879,0.9742379350173254,1.0646311454828503,0.0009541505549138753,0.5021845025862501,1.4061166072415006,0.00010043690051725004,0.0,2.0087380103450005,9.122661541507114
0.0,mixed,binary,0.05,S5-1:4,c,hratt-bin-insample,p,maf<0.05,10,9770,0.9828842405725717,0.024196169457215286,0.010440122824974411,0.7983623336745138,1.2896622313203685,0.0008188331627430911,0.2047082906857728,1.4329580348004094,0.00010235414534288638,0.0,2.0470829068577276,9.122661541507114
0.0,mixed,binary,0.05,S5-1:4,c,hratt-bin-insample,p,maf>=0.05,10,10143,0.9837306891046227,0.02225756664190033,0.009957606230898156,1.1436458641427585,0.8478753820368726,0.0010844917677215813,0.7887212856156955,1.380262249827467,9.859016070196194e-05,0.0,1.971803214039239,9.122661541507114
0.0,mixed,binary,0.05,S5-1:4,c,hratt-bin-insample,p_doubled,maf>=0.01,10,19913,0.982047243250072,0.014240959964543685,0.009993471601466379,1.0445437653794005,0.9541505549138753,0.0009541505549138753,0.8034952041380002,1.1048059056897503,0.00010043690051725004,0.0,2.0087380103450005,9.122661541507114
0.0,mixed,binary,0.05,S5-1:4,c,hratt-bin-insample,p_doubled,maf<0.05,10,9770,0.9828842405725717,0.024196169457215286,0.00992835209825998,0.9211873080859775,1.0644831115660185,0.0011258955987717503,0.8188331627430911,1.4329580348004094,0.00010235414534288638,0.0,2.0470829068577276,9.122661541507114
0.0,mixed,binary,0.05,S5-1:4,c,hratt-bin-insample,p_doubled,maf>=0.05,10,10143,0.9837306891046227,0.02225756664190033,0.010056196391600119,1.163363896283151,0.8478753820368726,0.0007887212856156955,0.7887212856156955,0.7887212856156955,9.859016070196194e-05,0.0,1.971803214039239,9.122661541507114
0.0,mixed,binary,0.05,S5-1:4,c,hratt-bin-w,p,maf>=0.01,10,19913,0.9799955681314152,0.014216269081959203,0.010043690051725004,0.9641942449656004,1.0445437653794005,0.0009039321046552504,0.7030583036207503,1.1048059056897503,0.00010043690051725004,0.0,2.0087380103450005,5.190405291476054
0.0,mixed,binary,0.05,S5-1:4,c,hratt-bin-w,p,maf<0.05,10,9770,0.975737344467405,0.023524854735288377,0.010030706243602866,0.8597748208802456,1.1463664278403276,0.0009211873080859775,0.6141248720573184,1.2282497441146367,0.00010235414534288638,0.0,2.0470829068577276,5.190405291476054
0.0,mixed,binary,0.05,S5-1:4,c,hratt-bin-w,p,maf>=0.05,10,10143,0.9780367056866162,0.021882774956762146,0.010056196391600119,1.0647737355811888,0.9464655427388347,0.0008873114463176575,0.7887212856156955,0.9859016070196194,9.859016070196194e-05,0.0,1.971803214039239,5.190405291476054
0.0,mixed,binary,0.05,S5-1:4,c,hratt-bin-w,p_doubled,maf>=0.01,10,19913,0.9799955681314152,0.014216269081959203,0.010043690051725004,0.9641942449656004,1.0445437653794005,0.0008537136543966253,0.8034952041380002,0.9039321046552503,0.00015065535077587506,1.0043690051725003,2.0087380103450005,5.190405291476054
0.0,mixed,binary,0.05,S5-1:4,c,hratt-bin-w,p_doubled,maf<0.05,10,9770,0.975737344467405,0.023524854735288377,0.010030706243602866,0.8597748208802456,1.1463664278403276,0.0008188331627430911,0.8188331627430911,0.8188331627430911,0.00020470829068577277,2.0470829068577276,2.0470829068577276,5.190405291476054
0.0,mixed,binary,0.05,S5-1:4,c,hratt-bin-w,p_doubled,maf>=0.05,10,10143,0.9780367056866162,0.021882774956762146,0.010056196391600119,1.0647737355811888,0.9464655427388347,0.0008873114463176575,0.7887212856156955,0.9859016070196194,9.859016070196194e-05,0.0,1.971803214039239,5.190405291476054
0.0,mixed,binary,0.05,S5-1:4,c,logistic-w,p,maf>=0.01,10,19913,1.0006018933847534,0.015421196395854823,0.009340631748104254,0.8336262742931754,1.0345000753276754,0.0009541505549138753,0.5021845025862501,1.4061166072415006,0.00010043690051725004,0.0,2.0087380103450005,3.084036187530728
0.0,mixed,binary,0.05,S5-1:4,c,logistic-w,p,maf<0.05,10,9770,0.9952027604707846,0.01677898897449925,0.009109518935516888,0.6345957011258956,1.187308085977482,0.0010235414534288639,0.6141248720573184,1.4329580348004094,0.00010235414534288638,0.0,2.0470829068577276,3.084036187530728
0.0,mixed,binary,0.05,S5-1:4,c,logistic-w,p,maf>=0.05,10,10143,1.007330457263991,0.02673556460799517,0.009563245588090309,1.025337671300404,0.8873114463176575,0.0008873114463176575,0.39436064280784777,1.380262249827467,9.859016070196194e-05,0.0,1.971803214039239,3.084036187530728
0.0,mixed,binary,0.05,S5-1:4,c,logistic-w,p_doubled,maf>=0.01,10,19913,1.0006018933847534,0.015421196395854823,0.009692160899914629,0.9541505549138753,0.9842816250690504,0.0008537136543966253,0.6026214031035002,1.1048059056897503,0.00010043690051725004,1.0043690051725003,1.0043690051725003,3.084036187530728
0.0,mixed,binary,0.05,S5-1:4,c,logistic-w,p_doubled,maf<0.05,10,9770,0.9952027604707846,0.01677898897449925,0.009825997952917094,0.8597748208802456,1.105424769703173,0.0008188331627430911,0.8188331627430911,0.8188331627430911,0.00010235414534288638,2.0470829068577276,0.0,3.084036187530728
0.0,mixed,binary,0.05,S5-1:4,c,logistic-w,p_doubled,maf>=0.05,10,10143,1.007330457263991,0.02673556460799517,0.009563245588090309,1.0450557034407966,0.8675934141772651,0.0008873114463176575,0.39436064280784777,1.380262249827467,9.859016070196194e-05,0.0,1.971803214039239,3.084036187530728
0.0,mixed,quantitative,,S0,c,hratt,p,maf>=0.01,10,19894,0.99923670517829,0.011866184765902964,0.009399819040916859,0.9349552628933346,0.9450085452900372,0.0010053282396702524,0.904795415703227,1.1058610636372774,0.00010053282396702523,1.0053282396702523,1.0053282396702523,8.012859041511547
0.0,mixed,quantitative,,S0,c,hratt,p,maf<0.05,10,9748,0.9985642043623015,0.012448600796009986,0.010155929421419779,1.107919573245794,0.9232663110381616,0.001436192039392696,1.2310217480508823,1.6413623307345098,0.0,0.0,0.0,8.012859041511547
0.0,mixed,quantitative,,S0,c,hratt,p,maf>=0.05,10,10146,1.0087955965856668,0.023676722857865772,0.00867336881529667,0.7687758722649319,0.9658978907944017,0.0005913660555884093,0.5913660555884092,0.5913660555884092,0.00019712201852946975,1.9712201852946976,1.9712201852946976,8.012859041511547
0.0,mixed,quantitative,,S0,c,hratt-insample,p,maf>=0.01,10,19894,0.9926401583265217,0.015828314389006753,0.009651151100834423,0.9450085452900372,0.9852216748768473,0.0009550618276867397,0.904795415703227,1.0053282396702523,5.0266411983512615e-05,1.0053282396702523,0.0,6.8711138750077225
0.0,mixed,quantitative,,S0,c,hratt-insample,p,maf<0.05,10,9748,0.9959584843946745,0.017199195148482702,0.010053344275748872,1.107919573245794,0.9027492819039803,0.001333606893721789,1.2310217480508823,1.4361920393926961,0.0,0.0,0.0,6.8711138750077225
0.0,mixed,quantitative,,S0,c,hratt-insample,p,maf>=0.05,10,10146,0.995556165596744,0.025138421261013365,0.009264734870885078,0.7884880741178789,1.0644589000591365,0.0005913660555884093,0.5913660555884092,0.5913660555884092,9.856100926473487e-05,1.9712201852946976,0.0,6.8711138750077225
0.0,mixed,quantitative,,S0,c,hratt-w,p,maf>=0.01,10,19894,0.9977535917047854,0.012268331578846391,0.009299286216949833,0.9349552628933346,0.9249019804966322,0.0010053282396702524,0.904795415703227,1.1058610636372774,5.0266411983512615e-05,1.0053282396702523,0.0,7.428760167036671
0.0,mixed,quantitative,,S0,c,hratt-w,p,maf<0.05,10,9748,0.997697875802178,0.015476886393491733,0.010053344275748872,1.0874025441116126,0.9232663110381616,0.001436192039392696,1.2310217480508823,1.6413623307345098,0.0,0.0,0.0,7.428760167036671
0.0,mixed,quantitative,,S0,c,hratt-w,p,maf>=0.05,10,10146,1.0018852849837865,0.02380149135574639,0.008574807806031934,0.7884880741178789,0.9264734870885077,0.0005913660555884093,0.5913660555884092,0.5913660555884092,9.856100926473487e-05,1.9712201852946976,0.0,7.428760167036671
0.0,mixed,quantitative,,S0,c,hratt-w,p_doubled,maf>=0.01,10,19894,0.9977535917047854,0.012268331578846391,0.009249019804966322,0.9349552628933346,0.9148486980999296,0.0010053282396702524,0.904795415703227,1.1058610636372774,0.00010053282396702523,1.0053282396702523,1.0053282396702523,7.428760167036671
0.0,mixed,quantitative,,S0,c,hratt-w,p_doubled,maf<0.05,10,9748,0.997697875802178,0.015476886393491733,0.009950759130077964,1.0874025441116126,0.9027492819039803,0.001436192039392696,1.2310217480508823,1.6413623307345098,0.0,0.0,0.0,7.428760167036671
0.0,mixed,quantitative,,S0,c,hratt-w,p_doubled,maf>=0.05,10,10146,1.0018852849837865,0.02380149135574639,0.008574807806031934,0.7884880741178789,0.9264734870885077,0.0005913660555884093,0.5913660555884092,0.5913660555884092,0.00019712201852946975,1.9712201852946976,1.9712201852946976,7.428760167036671
0.0,mixed,quantitative,,S0,c,wls-w,p,maf>=0.01,10,19894,1.0333303018868323,0.015597065785033499,0.01040514728058711,1.1058610636372777,0.9751683924801448,0.0008545290037197145,1.0053282396702523,0.7037297677691766,0.0002513320599175631,2.0106564793405046,3.0159847190107567,3.51529252101318
0.0,mixed,quantitative,,S0,c,wls-w,p,maf<0.05,10,9748,1.0201487881905889,0.022519112043758137,0.011284366023799754,1.2310217480508823,1.0258514567090684,0.0011284366023799754,1.2310217480508823,1.0258514567090686,0.00030775543701272055,4.1034058268362745,2.0517029134181373,3.51529252101318
0.0,mixed,quantitative,,S0,c,wls-w,p,maf>=0.05,10,10146,1.0449595944754355,0.020714939245977195,0.009560417898679282,0.9856100926473487,0.9264734870885077,0.0005913660555884093,0.7884880741178789,0.39424403705893946,0.00019712201852946975,0.0,3.942440370589395,3.51529252101318
0.0,mixed,quantitative,,S1,c,hratt,p,maf>=0.01,10,19912,0.9910381601487919,0.013979439459762565,0.01049618320610687,1.1249497790277219,0.974286862193652,0.0008537565287263961,0.9039775010044195,0.8035355564483729,0.0,0.0,0.0,8.308370791986817
0.0,mixed,quantitative,,S1,c,hratt,p,maf<0.05,10,9755,1.0172458542301002,0.026222646004374232,0.010251153254741158,1.1481291645310099,0.902101486417222,0.0011276268580215274,1.6401845207585852,0.6150691952844695,0.0,0.0,0.0,8.308370791986817
0.0,mixed,quantitative,,S1,c,hratt,p,maf>=0.05,10,10157,0.9739825852731576,0.01432920959576605,0.010731515211184406,1.1026878015161956,1.0436152407206851,0.0005907256079551048,0.19690853598503494,0.9845426799251747,0.0,0.0,0.0,8.308370791986817
0.0,mixed,quantitative,,S1,c,hratt-he,p,maf>=0.01,10,19912,0.9887798401804672,0.014489702076702577,0.010445962233828847,1.1450381679389312,0.9441542788268381,0.0009039775010044194,0.9039775010044195,0.9039775010044195,0.0,0.0,0.0,4.678300312516512
0.0,mixed,quantitative,,S1,c,hratt-he,p,maf<0.05,10,9755,1.0158380793016115,0.025478668061902018,0.010148641722193747,1.1686314710404921,0.8610968733982574,0.0011276268580215274,1.6401845207585852,0.6150691952844695,0.0,0.0,0.0,4.678300312516512
0.0,mixed,quantitative,,S1,c,hratt-he,p,maf>=0.05,10,10157,0.968189590862728,0.01440668104168236,0.010731515211184406,1.122378655114699,1.0239243871221817,0.0006891798759476223,0.19690853598503494,1.1814512159102097,0.0,0.0,0.0,4.678300312516512
0.0,mixed,quantitative,,S1,c,hratt-insample,p,maf>=0.01,10,19912,0.9838668629022609,0.017784813963021784,0.010546404178384894,1.1048613901165125,1.004419445560466,0.0009039775010044194,0.7030936118923262,1.1048613901165127,0.0,0.0,0.0,7.516972458484815
0.0,mixed,quantitative,,S1,c,hratt-insample,p,maf<0.05,10,9755,1.0188771853999943,0.02898500811289676,0.010661199384930804,1.1891337775499744,0.9431060994361866,0.0009226037929267043,1.0251153254741157,0.8200922603792926,0.0,0.0,0.0,7.516972458484815
0.0,mixed,quantitative,,S1,c,hratt-insample,p,maf>=0.05,10,10157,0.9538007092717242,0.016107229213009718,0.010436152407206852,1.0239243871221817,1.0633060943191888,0.0008860884119326573,0.3938170719700699,1.3783597518952446,0.0,0.0,0.0,7.516972458484815
0.0,mixed,quantitative,,S1,c,hratt-w,p,maf>=0.01,10,19912,0.9822495173462655,0.022468593269458298,0.009893531538770591,1.0144636400160707,0.9642426677380473,0.001155082362394536,1.6070711128967459,0.7030936118923262,0.0001004419445560466,1.004419445560466,1.004419445560466,9.091001104505267
0.0,mixed,quantitative,,S1,c,hratt-w,p,maf<0.05,10,9755,0.9753809367470462,0.02733658723275312,0.009943618657098923,1.0866222450025629,0.902101486417222,0.001230138390568939,1.8452075858534083,0.6150691952844695,0.0,0.0,0.0,9.091001104505267
0.0,mixed,quantitative,,S1,c,hratt-w,p,maf>=0.05,10,10157,0.9785169214743054,0.025358418475286085,0.009845426799251747,0.9451609727281677,1.0239243871221817,0.0010829969479176922,1.3783597518952446,0.7876341439401398,0.00019690853598503495,1.9690853598503495,1.9690853598503495,9.091001104505267
0.0,mixed,quantitative,,S1,c,hratt-w,p_doubled,maf>=0.01,10,19912,0.9822495173462655,0.022468593269458298,0.009993973483326637,1.03455202892728,0.9642426677380473,0.001155082362394536,1.6070711128967459,0.7030936118923262,0.0001004419445560466,1.004419445560466,1.004419445560466,9.091001104505267
0.0,mixed,quantitative,,S1,c,hratt-w,p_doubled,maf<0.05,10,9755,0.9753809367470462,0.02733658723275312,0.010148641722193747,1.1276268580215274,0.902101486417222,0.001230138390568939,1.8452075858534083,0.6150691952844695,0.0,0.0,0.0,9.091001104505267
0.0,mixed,quantitative,,S1,c,hratt-w,p_doubled,maf>=0.05,10,10157,0.9785169214743054,0.025358418475286085,0.009845426799251747,0.9451609727281677,1.0239243871221817,0.0010829969479176922,1.3783597518952446,0.7876341439401398,0.00019690853598503495,1.9690853598503495,1.9690853598503495,9.091001104505267
0.0,mixed,quantitative,,S1,c,wls-w,p,maf>=0.01,10,19912,0.993726441259585,0.0240340209688664,0.009491763760546404,1.03455202892728,0.8638007231820007,0.001004419445560466,1.004419445560466,1.004419445560466,0.0001004419445560466,2.008838891120932,0.0,3.9431263959850185
0.0,mixed,quantitative,,S1,c,wls-w,p,maf<0.05,10,9755,0.9881604955669172,0.026483752778074323,0.008200922603792926,0.9431060994361866,0.6970784213223988,0.0008200922603792927,1.0251153254741157,0.6150691952844695,0.0,0.0,0.0,3.9431263959850185
0.0,mixed,quantitative,,S1,c,wls-w,p,maf>=0.05,10,10157,0.9995584175099967,0.024865426159605408,0.010731515211184406,1.122378655114699,1.0239243871221817,0.0011814512159102097,0.9845426799251747,1.3783597518952446,0.00019690853598503495,3.938170719700699,0.0,3.9431263959850185
0.0,mixed,quantitative,,S2,c,hratt,p,maf>=0.01,10,19908,1.0241032658250906,0.027956138684758356,0.011050833835643962,1.0849909584086799,1.1251758087201125,0.001155314446453687,1.506931886678722,0.8036970062286517,0.00010046212577858148,2.0092425155716294,0.0,8.81679912499385
0.0,mixed,quantitative,,S2,c,hratt,p,maf<0.05,10,9764,1.0212933989475441,0.026284652634190955,0.009934453092994674,1.0651372388365423,0.9217533797623925,0.0011265874641540352,1.8435067595247852,0.40966816878328555,0.00020483408439164277,4.096681687832855,0.0,8.81679912499385
0.0,mixed,quantitative,,S2,c,hratt,p,maf>=0.05,10,10144,1.0236354713353117,0.03195516614458668,0.01212539432176656,1.1041009463722398,1.3209779179810726,0.0011829652996845426,1.1829652996845426,1.1829652996845426,0.0,0.0,0.0,8.81679912499385
0.0,mixed,quantitative,,S2,c,hratt-he,p,maf>=0.01,10,19908,1.019296666992016,0.025732984934614945,0.011251758087201125,1.105083383564396,1.1452682338758287,0.0012055455093429777,1.707856138235885,0.7032348804500703,0.00010046212577858148,2.0092425155716294,0.0,4.454218541504815
0.0,mixed,quantitative,,S2,c,hratt-he,p,maf<0.05,10,9764,1.0185461365576243,0.02395973226741372,0.010241704219582138,1.106104055714871,0.9422367882015568,0.0011265874641540352,1.8435067595247852,0.40966816878328555,0.00020483408439164277,4.096681687832855,0.0,4.454218541504815
0.0,mixed,quantitative,,S2,c,hratt-he,p,maf>=0.05,10,10144,1.0249877110676198,0.03217190005703214,0.01222397476340694,1.1041009463722398,1.3406940063091484,0.0012815457413249212,1.5772870662460567,0.9858044164037855,0.0,0.0,0.0,4.454218541504815
0.0,mixed,quantitative,,S2,c,hratt-insample,p,maf>=0.01,10,19908,1.0178751770790924,0.023134862109001814,0.011703837653204742,1.1553144464536869,1.1854530841872613,0.0014064697609001407,1.8083182640144664,1.0046212577858147,0.00010046212577858148,2.0092425155716294,0.0,7.84298391698394
0.0,mixed,quantitative,,S2,c,hratt-insample,p,maf<0.05,10,9764,1.0154647632724747,0.025476350386418798,0.010753789430561246,1.106104055714871,1.044653830397378,0.0012290045063498567,2.048340843916428,0.40966816878328555,0.00020483408439164277,4.096681687832855,0.0,7.84298391698394
0.0,mixed,quantitative,,S2,c,hratt-insample,p,maf>=0.05,10,10144,1.021808154666139,0.027579333806610172,0.012618296529968454,1.2026813880126184,1.3209779179810726,0.0015772870662460567,1.5772870662460567,1.5772870662460567,0.0,0.0,0.0,7.84298391698394
0.0,mixed,quantitative,,S2,c,hratt-w,p,maf>=0.01,10,19908,1.0173603380974776,0.022168526422265106,0.011904761904761904,1.2256379344986938,1.1553144464536869,0.000954390194896524,1.2055455093429777,0.7032348804500703,0.00020092425155716296,2.0092425155716294,2.0092425155716294,10.749549103493337
0.0,mixed,quantitative,,S2,c,hratt-w,p,maf<0.05,10,9764,0.9928948498377628,0.024949501551147002,0.012699713232281851,1.3928717738631708,1.1470708725931995,0.0008193363375665711,1.024170421958214,0.6145022531749283,0.00010241704219582139,2.0483408439164275,0.0,10.749549103493337
0.0,mixed,quantitative,,S2,c,hratt-w,p,maf>=0.05,10,10144,1.031326980584619,0.03612915196608819,0.011139589905362776,1.0646687697160884,1.163249211356467,0.001084384858044164,1.3801261829652998,0.7886435331230284,0.00029574132492113565,1.971608832807571,3.943217665615142,10.749549103493337
0.0,mixed,quantitative,,S2,c,hratt-w,p_doubled,maf>=0.01,10,19908,1.0173603380974776,0.022168526422265106,0.011653606590315451,1.2055455093429777,1.1251758087201125,0.0009041591320072332,1.2055455093429777,0.6027727546714888,0.0001506931886678722,2.0092425155716294,1.0046212577858147,10.749549103493337
0.0,mixed,quantitative,,S2,c,hratt-w,p_doubled,maf<0.05,10,9764,0.9928948498377628,0.024949501551147002,0.012085210979106923,1.3109381401065137,1.106104055714871,0.0007169192953707497,1.024170421958214,0.40966816878328555,0.00010241704219582139,2.0483408439164275,0.0,10.749549103493337
0.0,mixed,quantitative,,S2,c,hratt-w,p_doubled,maf>=0.05,10,10144,1.031326980584619,0.03612915196608819,0.011238170347003154,1.1041009463722398,1.1435331230283912,0.001084384858044164,1.3801261829652998,0.7886435331230284,0.0001971608832807571,1.971608832807571,1.971608832807571,10.749549103493337
0.0,mixed,quantitative,,S2,c,wls-w,p,maf>=0.01,10,19908,1.0242322444775325,0.02076518263221965,0.011101064898533254,1.095037170986538,1.1251758087201125,0.00135623869801085,1.306007635121559,1.4064697609001406,0.00010046212577858148,1.0046212577858147,1.0046212577858147,3.899145041476004
0.0,mixed,quantitative,,S2,c,wls-w,p,maf<0.05,10,9764,0.9975276535098498,0.023198130280011064,0.01106104055714871,1.1675542810323638,1.044653830397378,0.0010241704219582138,1.6386726751331422,0.40966816878328555,0.00020483408439164277,2.0483408439164275,2.0483408439164275,3.899145041476004
0.0,mixed,quantitative,,S2,c,wls-w,p,maf>=0.05,10,10144,1.0536277859271383,0.031513458282467335,0.011139589905362776,1.025236593059937,1.2026813880126184,0.0016758675078864353,0.9858044164037855,2.365930599369085,0.0,0.0,0.0,3.899145041476004
0.0,mixed,quantitative,,S3,c,hratt,p,maf>=0.01,10,19901,0.9899553853175022,0.010595634653272868,0.009949248781468268,0.9346264006833828,1.0552233556102708,0.0011557208180493442,1.6079593990251746,0.7034822370735139,0.00010049746243907341,1.004974624390734,1.004974624390734,7.9327473750163335
0.0,mixed,quantitative,,S3,c,hratt,p,maf<0.05,10,9755,0.9735395432072151,0.018472694232804707,0.009533572526909277,0.902101486417222,1.0046130189646336,0.001230138390568939,1.8452075858534083,0.6150691952844695,0.00020502306509482317,2.0502306509482318,2.0502306509482318,7.9327473750163335
0.0,mixed,quantitative,,S3,c,hratt,p,maf>=0.05,10,10146,1.0067941283921782,0.021599775641623933,0.01034890597279716,0.9658978907944017,1.1038833037650304,0.0010841711019120837,1.379854129706288,0.7884880741178789,0.0,0.0,0.0,7.9327473750163335
0.0,mixed,quantitative,,S3,c,hratt-he,p,maf>=0.01,10,19901,0.9856841888448408,0.00985178376331988,0.010150243706346415,0.9446761469272902,1.085372594341993,0.0011557208180493442,1.6079593990251746,0.7034822370735139,0.00010049746243907341,1.004974624390734,1.004974624390734,3.422211104480084
0.0,mixed,quantitative,,S3,c,hratt-he,p,maf<0.05,10,9755,0.967008590721596,0.01831451752039338,0.009943618657098923,0.9226037929267042,1.0661199384930804,0.001230138390568939,1.8452075858534083,0.6150691952844695,0.00020502306509482317,2.0502306509482318,2.0502306509482318,3.422211104480084
0.0,mixed,quantitative,,S3,c,hratt-he,p,maf>=0.05,10,10146,1.0054870103821956,0.019032163193532417,0.01034890597279716,0.9658978907944017,1.1038833037650304,0.0010841711019120837,1.379854129706288,0.7884880741178789,0.0,0.0,0.0,3.422211104480084
0.0,mixed,quantitative,,S3,c,hratt-insample,p,maf>=0.01,10,19901,0.9873164510724373,0.008977872248726614,0.009597507662931512,0.9044771619516607,1.0150243706346416,0.0011054720868298076,1.5074619365861013,0.7034822370735139,0.00010049746243907341,1.004974624390734,1.004974624390734,6.799568208487472
0.0,mixed,quantitative,,S3,c,hratt-insample,p,maf<0.05,10,9755,0.9766822111341323,0.013914245707819857,0.009021014864172219,0.8200922603792927,0.9841107124551512,0.0011276268580215274,1.6401845207585852,0.6150691952844695,0.00020502306509482317,2.0502306509482318,2.0502306509482318,6.799568208487472
0.0,mixed,quantitative,,S3,c,hratt-insample,p,maf>=0.05,10,10146,0.9978392365066607,0.019957760440882138,0.010151783954267692,0.9856100926473487,1.0447466982061895,0.0010841711019120837,1.379854129706288,0.7884880741178789,0.0,0.0,0.0,6.799568208487472
0.0,mixed,quantitative,,S3,c,hratt-w,p,maf>=0.01,10,19901,0.9595770984213161,0.01748026387834703,0.010300989900005025,1.7285563539520628,0.33164162604894226,0.001055223355610271,2.009949248781468,0.10049746243907341,5.024873121953671e-05,1.004974624390734,0.0,10.58234672897379
0.0,mixed,quantitative,,S3,c,hratt-w,p,maf<0.05,10,9755,0.9486108194041734,0.017098537035950278,0.009841107124551511,1.8452075858534085,0.1230138390568939,0.0009226037929267043,1.8452075858534083,0.0,0.0,0.0,0.0,10.58234672897379
0.0,mixed,quantitative,,S3,c,hratt-w,p,maf>=0.05,10,10146,0.9733120090908385,0.0314493600075674,0.0107431500098561,1.6164005519416518,0.5322294500295682,0.0011827321111768185,2.168342203824167,0.19712201852946973,9.856100926473487e-05,1.9712201852946976,0.0,10.58234672897379
0.0,mixed,quantitative,,S3,c,hratt-w,p_doubled,maf>=0.01,10,19901,0.9595770984213161,0.01748026387834703,0.009647756394151047,1.0652731018541783,0.8642781769760314,0.0009044771619516607,0.9044771619516607,0.9044771619516607,0.00010049746243907341,1.004974624390734,1.004974624390734,10.58234672897379
0.0,mixed,quantitative,,S3,c,hratt-w,p_doubled,maf<0.05,10,9755,0.9486108194041734,0.017098537035950278,0.008918503331624807,0.8815991799077396,0.902101486417222,0.0008200922603792927,0.4100461301896463,1.230138390568939,0.0,0.0,0.0,10.58234672897379
0.0,mixed,quantitative,,S3,c,hratt-w,p_doubled,maf>=0.05,10,10146,0.9733120090908385,0.0314493600075674,0.01034890597279716,1.2418687167356592,0.8279124778237729,0.0009856100926473486,1.379854129706288,0.5913660555884092,0.00019712201852946975,1.9712201852946976,1.9712201852946976,10.58234672897379
0.0,mixed,quantitative,,S3,c,wls-w,p,maf>=0.01,10,19901,0.9619669389575822,0.01277068179777028,0.01004974624390734,1.6682578764886187,0.3416913722928496,0.0009547258931711974,1.9094517863423948,0.0,5.024873121953671e-05,1.004974624390734,0.0,3.5660442500084173
0.0,mixed,quantitative,,S3,c,wls-w,p,maf<0.05,10,9755,0.9530213340198639,0.030129948962854713,0.00963608405945669,1.8452075858534085,0.08200922603792928,0.0009226037929267043,1.8452075858534083,0.0,0.0,0.0,0.0,3.5660442500084173
0.0,mixed,quantitative,,S3,c,wls-w,p,maf>=0.05,10,10146,0.9845481980305981,0.030488497171514837,0.010447466982061896,1.49812734082397,0.5913660555884092,0.0009856100926473486,1.9712201852946973,0.0,9.856100926473487e-05,1.9712201852946976,0.0,3.5660442500084173
0.0,null,binary,0.01,S0,c,hratt-bin,p,maf>=0.01,30,597056,1.0232942605741846,0.003118351694499028,0.009967239253939329,0.34737110086826023,1.6460767499196054,0.0010384285561153392,0.22778432843820343,1.849072783792475,0.00011221727945117376,0.301479258227034,1.942866330796441,9.024330375541467
0.0,null,binary,0.01,S0,c,hratt-bin,p,maf<0.05,30,291130,1.0355458530998431,0.005566226613277337,0.009779136468244427,0.0020609349775014595,1.9537663586713838,0.0010132930306048845,0.0,2.026586061209769,8.930718235839659e-05,0.0,1.7861436471679317,9.024330375541467
0.0,null,binary,0.01,S0,c,hratt-bin,p,maf>=0.05,30,305926,1.0115832936167215,0.003547010264664317,0.010146244516647817,0.675980465864294,1.3532684374652693,0.0010623484110536534,0.4445519504716827,1.6801448716356244,0.00013401933800984551,0.5883775815066389,2.0920091786902715,9.024330375541467
0.0,null,binary,0.01,S0,c,hratt-bin,p_doubled,maf>=0.01,30,597056,1.0232942605741846,0.003118351694499028,0.008613932361453532,0.73962911351699,0.9831573587737163,0.0007721218780147926,0.5125147389859578,1.0317290170436273,8.03944688605424e-05,0.602958516454068,1.00493086075678,9.024330375541467
0.0,null,binary,0.01,S0,c,hratt-bin,p_doubled,maf<0.05,30,291130,1.0355458530998431,0.005566226613277337,0.00709648610586336,0.46096245663449315,0.9583347645381788,0.0005221035276337031,0.09617696561673479,0.9480300896506715,4.4653591179198295e-05,0.06869783258338198,0.8243739910005838,9.024330375541467
0.0,null,binary,0.01,S0,c,hratt-bin,p_doubled,maf>=0.05,30,305926,1.0115832936167215,0.003547010264664317,0.010057987879421821,1.004818158639671,1.006779417244693,0.0010100481815863967,0.9087164869935868,1.1113798761792069,0.00011440675195962422,1.1113798761792066,1.1767551630132778,9.024330375541467
0.0,null,binary,0.01,S0,c,hratt-bin-w,p,maf>=0.01,30,597056,1.021980898312519,0.0031258113442658724,0.00997561367777897,0.34636617000750347,1.64875656554829,0.0010317290170436275,0.22778432843820343,1.8356737056490513,0.00011389216421910172,0.301479258227034,1.9763640261550004,4.8440598960150965
0.0,null,binary,0.01,S0,c,hratt-bin-w,p,maf<0.05,30,291130,1.034676961469732,0.005636913477702122,0.00979974581801944,0.0020609349775014595,1.9578882286263868,0.000999553464088208,0.0,1.999106928176416,8.930718235839659e-05,0.0,1.7861436471679317,4.8440598960150965
0.0,null,binary,0.01,S0,c,hratt-bin-w,p,maf>=0.05,30,305926,1.0104456850021302,0.003709744213130102,0.010142975752306113,0.6740192072592718,1.3545759432019506,0.0010623484110536534,0.4445519504716827,1.6801448716356244,0.00013728810235154906,0.5883775815066389,2.1573844655243426,4.8440598960150965
0.0,null,binary,0.01,S0,c,hratt-bin-w,p_doubled,maf>=0.01,30,597056,1.021980898312519,0.0031258113442658724,0.008635705863436595,0.7409690213313324,0.9861721513559867,0.0007670972237110087,0.5091649694501018,1.0250294779719156,7.871958409261443e-05,0.5694608210955086,1.00493086075678,4.8440598960150965
0.0,null,binary,0.01,S0,c,hratt-bin-w,p_doubled,maf<0.05,30,291130,1.034676961469732,0.005636913477702122,0.0071377048054133896,0.46577130491532986,0.9617696561673479,0.000515233744375365,0.09617696561673479,0.9342905231339952,4.1218699550029196e-05,0.0,0.8243739910005838,4.8440598960150965
0.0,null,binary,0.01,S0,c,hratt-bin-w,p_doubled,maf>=0.05,30,305926,1.0104456850021302,0.003709744213130102,0.010061256643763524,1.0028569000346488,1.0093944287180558,0.0010067794172446932,0.9021789583101796,1.1113798761792069,0.00011440675195962422,1.1113798761792066,1.1767551630132778,4.8440598960150965
0.0,null,binary,0.01,S0,c,logistic,p,maf>=0.01,30,597056,1.0233869742473383,0.0029479692231475702,0.009940441097652481,0.3436863543788187,1.6444018651516774,0.0010183299389002036,0.20433594168721192,1.8323239361131953,0.00011389216421910172,0.26798156286847463,2.00986172151356,2.8233325204928406
0.0,null,binary,0.01,S0,c,logistic,p,maf<0.05,30,291130,1.0347543209369459,0.005381425766275303,0.009744787551952737,0.0013739566516676397,1.9475835537388795,0.000999553464088208,0.0,1.999106928176416,9.27420739875657e-05,0.0,1.8548414797513137,2.8233325204928406
0.0,null,binary,0.01,S0,c,logistic,p,maf>=0.05,30,305926,1.0118805514601261,0.003745412806005193,0.010126631930597596,0.6694429371808869,1.3558834489386322,0.001036198296320025,0.398789249687833,1.6736073429522174,0.00013401933800984551,0.5230022946725679,2.1573844655243426,2.8233325204928406
0.0,null,binary,0.01,S0,c,logistic,p_doubled,maf>=0.01,30,597056,1.0233869742473383,0.0029479692231475702,0.008598858398542181,0.7402990674241612,0.9794726122842747,0.0007670972237110087,0.499115660842534,1.0350787865794833,7.704469932468646e-05,0.602958516454068,0.9379354700396612,2.8233325204928406
0.0,null,binary,0.01,S0,c,logistic,p_doubled,maf<0.05,30,291130,1.0347543209369459,0.005381425766275303,0.007051832514684162,0.4589015216569917,0.9514649812798406,0.0005186686360045341,0.08930718235839659,0.9480300896506715,4.1218699550029196e-05,0.06869783258338198,0.7556761584172018,2.8233325204928406
0.0,null,binary,0.01,S0,c,logistic,p_doubled,maf>=0.05,30,305926,1.0118805514601261,0.003745412806005193,0.010071062936788635,1.0080869229813745,1.0061256643763523,0.0010035106529029897,0.8891039009433654,1.117917404862614,0.00011113798761792068,1.1113798761792066,1.1113798761792066,2.8233325204928406
0.0,null,binary,0.05,S0,c,hratt-bin,p,maf>=0.01,30,597067,1.003442179167223,0.003418965829328365,0.009816318771595148,0.631754895179268,1.3315088591397615,0.0009714152683032223,0.41871347771690615,1.5241170588895383,8.541754945424885e-05,0.3014737039561724,1.4068772851288045,8.535694479447557
0.0,null,binary,0.05,S0,c,hratt-bin,p,maf<0.05,30,291107,1.0054648604975804,0.004594403530280472,0.00987265850700945,0.41221956187930897,1.562312139522581,0.000975586296447698,0.0824439123758618,1.8687286805195338,7.213842332887908e-05,0.0,1.4427684665775813,8.535694479447557
0.0,null,binary,0.05,S0,c,hratt-bin,p,maf>=0.05,30,305960,1.0026333184368539,0.0040515484725234625,0.00976271408027193,0.8406327624526082,1.111910053601778,0.0009674467250620996,0.7386586481893058,1.1962348019348936,9.805203294548307e-05,0.5883121976728984,1.372728461236763,8.535694479447557
0.0,null,binary,0.05,S0,c,hratt-bin,p_doubled,maf>=0.01,30,597067,1.003442179167223,0.003418965829328365,0.009797895378575604,0.9911785444514603,0.9684005312636605,0.0008893474266707086,0.8675743258294295,0.9111205275119878,8.374269554338123e-05,0.7034386425644023,0.9714152683032222,8.535694479447557
0.0,null,binary,0.05,S0,c,hratt-bin,p_doubled,maf<0.05,30,291107,1.0054648604975804,0.004594403530280472,0.009800520083680571,0.9934491441291345,0.9666548726069795,0.0008347446128056006,0.7900874936020088,0.8794017320091924,7.213842332887908e-05,0.6183293428189635,0.8244391237586179,8.535694479447557
0.0,null,binary,0.05,S0,c,hratt-bin,p_doubled,maf>=0.05,30,305960,1.0026333184368539,0.0040515484725234625,0.009795398091253758,0.9890181723101059,0.9700614459406459,0.0009412995162766375,0.9412995162766375,0.9412995162766375,9.47836318473003e-05,0.7844162635638645,1.1112563733821414,8.535694479447557
0.0,null,binary,0.05,S0,c,hratt-bin-w,p,maf>=0.01,30,597067,1.003320735534804,0.0033971594974752405,0.00981464391768428,0.6310849536149209,1.331843829921935,0.0009747649761249575,0.42206318553864136,1.5274667667112736,8.541754945424885e-05,0.3014737039561724,1.4068772851288045,4.771486937475856
0.0,null,binary,0.05,S0,c,hratt-bin-w,p,maf<0.05,30,291107,1.0053984336845232,0.004519709682151774,0.00987265850700945,0.4115325292761768,1.562999172125713,0.000975586296447698,0.0824439123758618,1.8687286805195338,7.213842332887908e-05,0.0,1.4427684665775813,4.771486937475856
0.0,null,binary,0.05,S0,c,hratt-bin-w,p,maf>=0.05,30,305960,1.002260923810751,0.004065870659785198,0.009759445679173749,0.8399790822329717,1.111910053601778,0.0009739835272584652,0.7451954503856714,1.202771604131259,9.805203294548307e-05,0.5883121976728984,1.372728461236763,4.771486937475856
0.0,null,binary,0.05,S0,c,hratt-bin-w,p_doubled,maf>=0.01,30,597067,1.003320735534804,0.0033971594974752405,0.009796220524664737,0.9905086028871132,0.968735502045834,0.000887672572759841,0.8675743258294295,0.9077708196902525,8.374269554338123e-05,0.7034386425644023,0.9714152683032222,4.771486937475856
0.0,null,binary,0.05,S0,c,hratt-bin-w,p_doubled,maf<0.05,30,291107,1.0053984336845232,0.004519709682151774,0.009793649757649249,0.9920750789228703,0.9666548726069795,0.0008347446128056006,0.7900874936020088,0.8794017320091924,7.213842332887908e-05,0.6183293428189635,0.8244391237586179,4.771486937475856
0.0,null,binary,0.05,S0,c,hratt-bin-w,p_doubled,maf>=0.05,30,305960,1.002260923810751,0.004065870659785198,0.009798666492351941,0.9890181723101059,0.9707151261602824,0.0009380311151784548,0.9412995162766375,0.934762714080272,9.47836318473003e-05,0.7844162635638645,1.1112563733821414,4.771486937475856
0.0,null,binary,0.05,S0,c,logistic,p,maf>=0.01,30,597067,1.0034886515690187,0.0034347015005375897,0.00982134333332775,0.6320898659614415,1.3321788007041087,0.0009764398300358251,0.41201406207343566,1.5408655979982147,8.374269554338123e-05,0.3014737039561724,1.373380206911452,2.7085680204909295
0.0,null,binary,0.05,S0,c,logistic,p,maf<0.05,30,291107,1.0050157373748096,0.004481205791378659,0.009889834322087754,0.41359362708557335,1.5643732373319774,0.0009858917854946806,0.0824439123758618,1.8893396586134994,7.213842332887908e-05,0.0,1.4427684665775813,2.7085680204909295
0.0,null,binary,0.05,S0,c,logistic,p,maf>=0.05,30,305960,1.0022042097114026,0.004061612460940736,0.009756177278075566,0.8399790822329717,1.1112563733821414,0.0009674467250620996,0.7255850437965747,1.2093084063276247,9.47836318473003e-05,0.5883121976728984,1.3073604392731075,2.7085680204909295
0.0,null,binary,0.05,S0,c,logistic,p_doubled,maf>=0.01,30,597067,1.0034886515690187,0.0034347015005375897,0.009787846255110397,0.9884987781940721,0.9690704728280075,0.0008926971344924439,0.8675743258294295,0.9178199431554582,8.374269554338123e-05,0.7034386425644023,0.9714152683032222,2.7085680204909295
0.0,null,binary,0.05,S0,c,logistic,p_doubled,maf<0.05,30,291107,1.0050157373748096,0.004481205791378659,0.009800520083680571,0.9900139811134737,0.9700900356226404,0.0008381797758212616,0.783217167570687,0.893142384071836,7.213842332887908e-05,0.6183293428189635,0.8244391237586179,2.7085680204909295
0.0,null,binary,0.05,S0,c,logistic,p_doubled,maf>=0.05,30,305960,1.0022042097114026,0.004061612460940736,0.009775787684664663,0.9870571316511962,0.9681004052817362,0.0009445679173748202,0.9478363184730031,0.9412995162766375,9.47836318473003e-05,0.7844162635638645,1.1112563733821414,2.7085680204909295
0.0,null,binary,0.05,S1,c,hratt-bin,p,maf>=0.01,30,597064,1.0083870513263353,0.002825127534311464,0.009880012862942666,0.5945761258424557,1.3814264467460775,0.0010317151930111345,0.4120161322739271,1.651414253748342,8.374311631583884e-05,0.23448072568434875,1.440381600632428,8.449680312449345
0.0,null,binary,0.05,S1,c,hratt-bin,p,maf<0.05,30,291276,1.0094276312443333,0.00410019341187772,0.010007690300608357,0.34743679534187505,1.6541012647797964,0.0011089138823658661,0.020599019486672435,2.1972287452450594,9.956192751891676e-05,0.0,1.9912385503783352,8.449680312449345
0.0,null,binary,0.05,S1,c,hratt-bin,p,maf>=0.05,30,305788,1.007715410456668,0.0046040229349777854,0.009758394704828182,0.8299867882323702,1.1216921527332662,0.000958180177116172,0.7848574829620522,1.1315028712702917,6.867502975917957e-05,0.45783353172786373,0.9156670634557275,8.449680312449345
0.0,null,binary,0.05,S1,c,hratt-bin,p_doubled,maf>=0.01,30,597064,1.0083870513263353,0.002825127534311464,0.009910160384816367,0.9637157825626733,1.0183162944006001,0.0010032425334637492,0.9848190478742648,1.0216660190532338,8.541797864215562e-05,0.8039339166320528,0.9044256562110594,8.449680312449345
0.0,null,binary,0.05,S1,c,hratt-bin,p_doubled,maf<0.05,30,291276,1.0094276312443333,0.00410019341187772,0.01006605418915393,0.9626608440104917,1.050549993820294,0.0010265178044191762,0.8445597989535698,1.2084758098847828,7.896290803224433e-05,0.4806437880223568,1.0986143726225297,8.449680312449345
0.0,null,binary,0.05,S1,c,hratt-bin,p_doubled,maf>=0.05,30,305788,1.007715410456668,0.0046040229349777854,0.009761664944340524,0.9647206561408557,0.9876123327272489,0.0009810718537025653,1.1184219132209243,0.843721794184206,9.156670634557275e-05,1.1118814341962404,0.7194526927152144,8.449680312449345
0.0,null,binary,0.05,S1,c,hratt-bin-w,p,maf>=0.01,30,597064,1.0070911872107693,0.0031752380203742764,0.010050848820226978,0.5155226240403039,1.4946471400050916,0.0010099419827690164,0.30817466804228694,1.711709297495746,0.0001088660512105905,0.33497246526335533,1.8423485589484543,4.968206479010405
0.0,null,binary,0.05,S1,c,hratt-bin-w,p,maf<0.05,30,291276,1.008165966704993,0.005037297658856188,0.010172482456501738,0.20187039096938983,1.8326261003309574,0.0010711490133069666,0.006866339828890811,2.1354316867850422,0.00010986143726225299,0.0,2.1972287452450594,4.968206479010405
0.0,null,binary,0.05,S1,c,hratt-bin-w,p,maf>=0.05,30,305788,1.0063124213368877,0.004970949745288973,0.009934987638494644,0.8142896385731291,1.1727078891257996,0.0009516396980914883,0.5951835912462229,1.3080958049367535,0.00010791790390728217,0.6540479024683767,1.5043101756772665,4.968206479010405
0.0,null,binary,0.05,S1,c,hratt-bin-w,p_doubled,maf>=0.01,30,597064,1.0070911872107693,0.0031752380203742764,0.010116168450953332,1.0012326986721691,1.022000991518497,0.0009965430841584822,0.9814693232216313,1.0116168450953331,9.546715260005627e-05,0.7704366701057173,1.1389063818954082,4.968206479010405
0.0,null,binary,0.05,S1,c,hratt-bin-w,p_doubled,maf<0.05,30,291276,1.008165966704993,0.005037297658856188,0.010203380985731746,0.9832598634971641,1.0574163336491849,0.0009750202557024953,0.8857578379269146,1.0642826734780757,7.896290803224433e-05,0.4119803897334487,1.167277770911438,4.968206479010405
0.0,null,binary,0.05,S1,c,hratt-bin-w,p_doubled,maf>=0.05,30,305788,1.0063124213368877,0.004970949745288973,0.0100330948238649,1.0183525841432626,0.9882663806297173,0.0010170444883383259,1.0726385600481378,0.9614504166285138,0.00011118814341962406,1.1118814341962404,1.1118814341962404,4.968206479010405
0.0,null,binary,0.05,S1,c,logistic-w,p,maf>=0.01,30,597064,1.0062492811494392,0.003104250762263153,0.010087695791405947,0.5145177066445138,1.5030214516366753,0.0010032425334637492,0.3115243926949205,1.6949606742325782,0.00011054091353690726,0.33497246526335533,1.87584580547479,2.739342791523086
0.0,null,binary,0.05,S1,c,logistic-w,p,maf<0.05,30,291276,1.0071892589585318,0.005061971895576487,0.01024457902470509,0.20461692690094616,1.8442988780400718,0.001074582183221412,0.006866339828890811,2.142298026613933,0.0001132946071766984,0.0,2.265892143533968,2.739342791523086
0.0,null,binary,0.05,S1,c,logistic-w,p,maf>=0.05,30,305788,1.0048449632285879,0.004853632807918752,0.009938257878006986,0.8097113032558504,1.1779402723455465,0.0009352885005297788,0.6017240702709066,1.268852930788651,0.00010791790390728217,0.6540479024683767,1.5043101756772665,2.739342791523086
0.0,null,binary,0.05,S1,c,logistic-w,p_doubled,maf>=0.01,30,597064,1.0062492811494392,0.003104250762263153,0.010072622030469096,0.9958731392279554,1.0186512668658636,0.0009948682218321654,0.9848190478742648,1.0049173957900661,9.714201492637306e-05,0.7704366701057173,1.1724036284217436,2.739342791523086
0.0,null,binary,0.05,S1,c,logistic-w,p_doubled,maf<0.05,30,291276,1.0071892589585318,0.005061971895576487,0.01019308147598841,0.9832598634971641,1.0553564317005177,0.000981886595531386,0.9063568574135871,1.0574163336491849,7.896290803224433e-05,0.3433169914445406,1.235941169200346,2.739342791523086
0.0,null,binary,0.05,S1,c,logistic-w,p_doubled,maf>=0.05,30,305788,1.0048449632285879,0.004853632807918752,0.009957879315081037,1.0078878177037687,0.9836880453124387,0.0010072337698013004,1.0595576019987702,0.95490993760383,0.00011445838293196594,1.1772862244430782,1.1118814341962404,2.739342791523086
0.0,null,binary,0.05,S2,c,hratt-bin,p,maf>=0.01,30,596931,1.005202048425946,0.002784738736039682,0.009955924554094192,0.7176708865848817,1.2735140242339567,0.001026919359188918,0.49922017787650497,1.5546185405013309,0.00010721507175871248,0.4690659389443671,1.6752354962298825,8.585611646005418
0.0,null,binary,0.05,S2,c,hratt-bin,p,maf<0.05,30,291180,1.0030681279131508,0.003968834839097013,0.009746548526684525,0.5240744556631637,1.4252352496737413,0.0010096847310941686,0.164846486709252,1.854522975479085,0.00012020056322549625,0.068686036128855,2.33532522838107,8.585611646005418
0.0,null,binary,0.05,S2,c,hratt-bin,p,maf>=0.05,30,305751,1.0064236655652568,0.004248732335449305,0.010155322468283014,0.9020412034629486,1.1290232901936543,0.0010433326464999297,0.8176588138714181,1.269006479128441,9.484842240908451e-05,0.8503651664262749,1.0466032817554152,8.585611646005418
0.0,null,binary,0.05,S2,c,hratt-bin,p_doubled,maf>=0.01,30,596931,1.005202048425946,0.002784738736039682,0.009883889427756308,0.9783375297982513,0.9984403557530099,0.0009900641782718605,0.9012766969716768,1.0788516595720443,9.213795229264353e-05,0.8711224580395389,0.9716365878133318,8.585611646005418
0.0,null,binary,0.05,S2,c,hratt-bin,p_doubled,maf<0.05,30,291180,1.0030681279131508,0.003968834839097013,0.009701902603200769,0.9588570643588158,0.981523456281338,0.0009375643931588708,0.769283604643176,1.1058451816745656,8.585754516106876e-05,0.618174325159695,1.09897657806168,8.585611646005418
0.0,null,binary,0.05,S2,c,hratt-bin,p_doubled,maf>=0.05,30,305751,1.0064236655652568,0.004248732335449305,0.010057203410618444,0.996889625872033,1.0145510562516558,0.001040062011244444,1.0269794702225012,1.0531445522663865,9.81190576645702e-05,1.1120159868651287,0.8503651664262749,8.585611646005418
0.0,null,binary,0.05,S2,c,hratt-bin-w,p,maf>=0.01,30,596931,0.9948050854334212,0.006891016272091883,0.010357981073189363,0.4302004754318338,1.6413957392060388,0.0010788516595720444,0.3517994542082753,1.8059038649358132,9.54884232851033e-05,0.30154238932137883,1.6082260763806873,4.9786230835015886
0.0,null,binary,0.05,S2,c,hratt-bin-w,p,maf<0.05,30,291180,0.9852604667249383,0.01224303059796893,0.010591386771069442,0.1044027749158596,2.0138745792980286,0.001085239370835909,0.0,2.170478741671818,7.55546397417405e-05,0.0,1.51109279483481,4.9786230835015886
0.0,null,binary,0.05,S2,c,hratt-bin-w,p,maf>=0.05,30,305751,1.0085579654311776,0.004885500532880587,0.0101356986567501,0.7404718218419563,1.2866679095080638,0.0010727683637993008,0.6868334036519913,1.45870332394661,0.00011447223394199856,0.5887143459874211,1.7007303328525498,4.9786230835015886
0.0,null,binary,0.05,S2,c,hratt-bin-w,p_doubled,maf>=0.01,30,596931,0.9948050854334212,0.006891016272091883,0.010044712035394376,0.9602449864389686,1.0486974206399065,0.0010017908267454698,0.9582347038434927,1.0453469496474466,9.381318778887342e-05,1.0051412977379295,0.8711224580395389,4.9786230835015886
0.0,null,binary,0.05,S2,c,hratt-bin-w,p_doubled,maf<0.05,30,291180,0.9852604667249383,0.01224303059796893,0.009780891544748952,0.857888591249399,1.0982897177003914,0.0009272614877395425,0.8379696407720311,1.0165533347070541,7.55546397417405e-05,0.618174325159695,0.892918469675115,4.9786230835015886
0.0,null,binary,0.05,S2,c,hratt-bin-w,p_doubled,maf>=0.05,30,305751,1.0085579654311776,0.004885500532880587,0.010295959784268898,1.0577234416240666,1.001468515229713,0.0010727683637993008,1.0727683637993006,1.0727683637993006,0.00011120159868651288,1.3736668073039826,0.8503651664262749,4.9786230835015886
0.0,null,binary,0.05,S2,c,logistic-w,p,maf>=0.01,30,596931,0.9944011012217611,0.006867758462407569,0.010346254424715755,0.4305355225310798,1.638715362412071,0.0010788516595720444,0.341748041230896,1.8159552779131924,9.883889427756307e-05,0.30154238932137883,1.6752354962298825,2.8258054575126152
0.0,null,binary,0.05,S2,c,logistic-w,p,maf<0.05,30,291180,0.9846754055459532,0.01224372430314077,0.010570780960230786,0.1016553334707054,2.0125008585754514,0.0010886736726423518,0.0,2.1773473452847036,7.898894154818325e-05,0.0,1.579778830963665,2.8258054575126152
0.0,null,binary,0.05,S2,c,logistic-w,p,maf>=0.05,30,305751,1.007210000030822,0.004524569335862279,0.010132428021494616,0.743742457097442,1.2827431472014807,0.001069497728543815,0.6672095921190773,1.4717858649685527,0.00011774286919748422,0.5887143459874211,1.7661430379622634,2.8258054575126152
0.0,null,binary,0.05,S2,c,logistic-w,p_doubled,maf>=0.01,30,596931,0.9944011012217611,0.006867758462407569,0.010038011093409457,0.9619202219351984,1.0456819967466926,0.0009967651202567802,0.9481832908661134,1.0453469496474466,9.213795229264353e-05,1.0051412977379295,0.8376177481149413,2.8258054575126152
0.0,null,binary,0.05,S2,c,logistic-w,p_doubled,maf<0.05,30,291180,0.9846754055459532,0.01224372430314077,0.00975341713029741,0.857888591249399,1.092794834810083,0.0009135242805137716,0.810495226320489,1.0165533347070541,6.868603612885501e-05,0.618174325159695,0.755546397417405,2.8258054575126152
0.0,null,binary,0.05,S2,c,logistic-w,p_doubled,maf>=0.05,30,305751,1.007210000030822,0.004524569335862279,0.010309042325290842,1.0609940768795523,1.0008143881786158,0.0010760389990547865,1.079309634310272,1.0727683637993006,0.00011447223394199856,1.3736668073039826,0.9157778715359883,2.8258054575126152
0.0,null,binary,0.05,S3,c,hratt-bin,p,maf>=0.01,30,596921,1.0008224838129416,0.0028700986026137113,0.0101336692795194,0.8386369385563583,1.1880969173475218,0.0009817044466520696,0.5729401378071804,1.3904687554969584,9.2139495846184e-05,0.3350527121679418,1.507737204755738,8.732563500496326
0.0,null,binary,0.05,S3,c,hratt-bin,p,maf<0.05,30,291292,0.9983019774124797,0.004129441770175697,0.010199387556129244,0.7120003295662085,1.3278771816596404,0.0010642242148771678,0.47375142468725534,1.6546970050670804,0.00010985540282603023,0.20597888029880668,1.991129176221798,8.732563500496326
0.0,null,binary,0.05,S3,c,hratt-bin,p,maf>=0.05,30,305629,1.0035489136724884,0.004324233860238212,0.01007103383513999,0.9593330475838353,1.0548737194441626,0.0009030556655291219,0.6674759266954379,1.1386354043628057,7.525463879409349e-05,0.45807171439882993,1.0470210614830397,8.732563500496326
0.0,null,binary,0.05,S3,c,hratt-bin,p_doubled,maf>=0.01,30,596921,1.0008224838129416,0.0028700986026137113,0.010044880310794896,1.0128643488836881,0.996111713275291,0.0009599260203611534,0.8811886330016869,1.0386634077206196,9.046423228534429e-05,0.8041265092030603,1.0051581365038254,8.732563500496326
0.0,null,binary,0.05,S3,c,hratt-bin,p_doubled,maf<0.05,30,291292,0.9983019774124797,0.004129441770175697,0.010020872526536946,0.9914450105049228,1.0127294948024663,0.0009989975694492126,0.9269049613446301,1.0710901775537947,0.00012015434684097058,1.0985540282603024,1.304532908559109,8.732563500496326
0.0,null,binary,0.05,S3,c,hratt-bin,p_doubled,maf>=0.05,30,305629,1.0035489136724884,0.004324233860238212,0.010067761894322855,1.033278910051075,0.9802734688134961,0.0009226873104319289,0.8376168491864319,1.0077577716774258,6.21668755255555e-05,0.5235105307415199,0.7198269797695899,8.732563500496326
0.0,null,binary,0.05,S3,c,hratt-bin-w,p,maf>=0.01,30,596921,1.0007896916758954,0.0029622059970186836,0.010056607155720773,0.8563947323012593,1.1549266988428954,0.0009850549737737489,0.6231980446323717,1.346911902915126,9.884055008954284e-05,0.5025790682519127,1.474231933538944,4.582059958484024
0.0,null,binary,0.05,S3,c,hratt-bin-w,p,maf<0.05,30,291292,0.9988477911737291,0.004187874365259285,0.01004490339590514,0.7222992735811488,1.2866814055998792,0.0010367603641706603,0.47375142468725534,1.5997693036540652,0.0001304532908559109,0.41195776059761335,2.1971080565206047,4.582059958484024
0.0,null,binary,0.05,S3,c,hratt-bin-w,p,maf>=0.05,30,305629,1.0028749537470416,0.004420854083812122,0.010067761894322855,0.9841997977940575,1.0293525810705135,0.0009357750737004669,0.7656341512094729,1.1059159961914609,6.871075715982449e-05,0.5889493470842099,0.7852657961122799,4.582059958484024
0.0,null,binary,0.05,S3,c,hratt-bin-w,p_doubled,maf>=0.01,30,596921,1.0007896916758954,0.0029622059970186836,0.01002310188450398,1.0182251922783752,0.9863951846224207,0.0009565754932394739,0.9079928499751223,1.0051581365038254,8.711370516366488e-05,0.7706212379862661,0.9716528652870312,4.582059958484024
0.0,null,binary,0.05,S3,c,hratt-bin-w,p_doubled,maf<0.05,30,291292,0.9988477911737291,0.004187874365259285,0.009969377806462244,0.9880120291666095,1.0058635321258393,0.0009818326627576452,0.9337709240212569,1.0298944014940334,0.00012015434684097058,0.9612347747277645,1.441852162091647,4.582059958484024
0.0,null,binary,0.05,S3,c,hratt-bin-w,p_doubled,maf>=0.05,30,305629,1.0028749537470416,0.004420854083812122,0.010074305775957124,1.04702106148304,0.967840093708385,0.0009325031328833324,0.8834240206263149,0.9815822451403499,5.5622993891286495e-05,0.5889493470842099,0.5235105307415199,4.582059958484024
0.0,null,binary,0.05,S3,c,logistic-w,p,maf>=0.01,30,596921,1.0003862239432832,0.002860080086454753,0.010070009264207492,0.8597452594229387,1.1542565934185596,0.0009833797102129093,0.6265485717540512,1.3402108486717672,9.884055008954284e-05,0.5025790682519127,1.474231933538944,2.795195561979199
0.0,null,binary,0.05,S3,c,logistic-w,p,maf<0.05,30,291292,0.9987247377646076,0.004223435493902707,0.01005520233992008,0.7264188511871249,1.2846216167968911,0.0010230284388174065,0.46688546201062847,1.5791714156241845,0.0001304532908559109,0.41195776059761335,2.1971080565206047,2.795195561979199
0.0,null,binary,0.05,S3,c,logistic-w,p,maf>=0.05,30,305629,1.002620610036989,0.0043127099300262,0.010084121598408527,0.9868173504477651,1.0300069692339404,0.0009455908961518704,0.7787219144780109,1.1124598778257297,6.871075715982449e-05,0.5889493470842099,0.7852657961122799,2.795195561979199
0.0,null,binary,0.05,S3,c,logistic-w,p_doubled,maf>=0.01,30,596921,1.0003862239432832,0.002860080086454753,0.010011375039578102,1.0158798232931996,0.9863951846224207,0.0009549002296786341,0.9113433770968017,0.9984570822604666,8.711370516366488e-05,0.7706212379862661,0.9716528652870312,2.795195561979199
0.0,null,binary,0.05,S3,c,logistic-w,p_doubled,maf<0.05,30,291292,0.9987247377646076,0.004223435493902707,0.00994534693709405,0.9873254328989467,1.0017439545198632,0.0009749667000810184,0.9269049613446301,1.0230284388174065,0.00012015434684097058,0.9612347747277645,1.441852162091647,2.795195561979199
0.0,null,binary,0.05,S3,c,logistic-w,p_doubled,maf>=0.05,30,305629,1.002620610036989,0.0043127099300262,0.010074305775957124,1.0430947325024784,0.9717664226889464,0.0009357750737004669,0.8965117838948529,0.9750383635060809,5.5622993891286495e-05,0.5889493470842099,0.5235105307415199,2.795195561979199
0.0,null,binary,0.05,S5-1:1,c,hratt-bin,p,maf>=0.01,30,596730,1.0015200930800856,0.003312679083005465,0.00997100866388484,0.9957602265681296,0.9984415062088381,0.000946826873125199,0.9417994737988705,0.9518542724515274,9.216898764935565e-05,1.106027851792268,0.7373519011948452,7.029414853983326
0.0,null,binary,0.05,S5-1:1,c,hratt-bin,p,maf<0.05,30,290037,1.0019526001526649,0.004355173682643997,0.009767719290987012,0.977806279888428,0.9757375783089745,0.00096194623444595,0.9791854142747305,0.9447070546171696,8.274806317814624e-05,1.1033075090419497,0.5516537545209749,7.029414853983326
0.0,null,binary,0.05,S5-1:1,c,hratt-bin,p,maf>=0.05,30,306693,1.0012306798387114,0.003868371770712675,0.010163257720260978,1.012739123488309,1.0199124205638863,0.0009325286198250367,0.9064439031865742,0.9586133364634993,0.00010107827697404245,1.108600457134659,0.9129650823461899,7.029414853983326
0.0,null,binary,0.05,S5-1:1,c,hratt-bin,p_doubled,maf>=0.01,30,596730,1.0015200930800856,0.003312679083005465,0.009964305464783068,0.993078946927421,0.9997821460291924,0.000946826873125199,0.9417994737988705,0.9518542724515274,9.049318787391283e-05,1.0725118562834113,0.7373519011948452,7.029414853983326
0.0,null,binary,0.05,S5-1:1,c,hratt-bin,p_doubled,maf<0.05,30,290037,1.0019526001526649,0.004355173682643997,0.009757375783089745,0.9736688767295207,0.977806279888428,0.00096194623444595,0.9791854142747305,0.9447070546171696,7.930022721239014e-05,1.0343507897268278,0.5516537545209749,7.029414853983326
0.0,null,binary,0.05,S5-1:1,c,hratt-bin,p_doubled,maf>=0.05,30,306693,1.0012306798387114,0.003868371770712675,0.01015999713068117,1.011434887656386,1.0205645384798478,0.0009325286198250367,0.9064439031865742,0.9586133364634993,0.00010107827697404245,1.108600457134659,0.9129650823461899,7.029414853983326
0.0,null,binary,0.05,S5-1:1,c,hratt-bin-w,p,maf>=0.01,30,596730,1.0019541002803038,0.00301451390701895,0.009898949273540797,1.0986543327803193,0.8811355219278401,0.0009350962746970992,1.1697082432590953,0.7004843061351029,9.216898764935565e-05,1.173059842809981,0.670319910177132,3.999825104518095
0.0,null,binary,0.05,S5-1:1,c,hratt-bin-w,p,maf<0.05,30,290037,1.0007607872214728,0.0038399012011115802,0.009764271455021256,1.1839868706406425,0.7688674203636088,0.0009171243668911207,1.3170733389188276,0.517175394863414,8.619589914390233e-05,1.2412209476721934,0.482697035205853,3.999825104518095
0.0,null,binary,0.05,S5-1:1,c,hratt-bin-w,p,maf>=0.05,30,306693,1.0037592316785384,0.004506451116160733,0.01002631295790905,1.0179560668160015,0.987306524765808,0.0009520921573038837,1.0303463072192713,0.873838007388496,9.781768739423462e-05,1.108600457134659,0.8477532907500335,3.999825104518095
0.0,null,binary,0.05,S5-1:1,c,hratt-bin-w,p_doubled,maf>=0.01,30,596730,1.0019541002803038,0.00301451390701895,0.009949223266804082,0.9836944681849412,1.0061501851758752,0.0009350962746970992,0.9417994737988705,0.9283930755953278,9.384478742479848e-05,0.8043838922125585,1.0725118562834113,3.999825104518095
0.0,null,binary,0.05,S5-1:1,c,hratt-bin-w,p_doubled,maf<0.05,30,290037,1.0007607872214728,0.0038399012011115802,0.009864258698028183,0.9950454597172085,0.977806279888428,0.0009136765309253647,0.9447070546171696,0.8826460072335599,8.619589914390233e-05,0.6206104738360967,1.1033075090419497,3.999825104518095
0.0,null,binary,0.05,S5-1:1,c,hratt-bin-w,p_doubled,maf>=0.05,30,306693,1.0037592316785384,0.004506451116160733,0.010029573547488856,0.9729599306146537,1.0329547788831175,0.0009553527468836915,0.9390497989846525,0.9716556947827306,0.00010107827697404245,0.9781768739423463,1.0433886655385027,3.999825104518095
0.0,null,binary,0.05,S5-1:1,c,logistic-w,p,maf>=0.01,30,596730,1.001651777892575,0.0030330249597841225,0.009893921874214468,1.0999949726006737,0.87878940224222,0.0009334204749216564,1.173059842809981,0.6937811070333316,8.881738809847e-05,1.106027851792268,0.670319910177132,2.434676729462808
0.0,null,binary,0.05,S5-1:1,c,logistic-w,p,maf<0.05,30,290037,1.0006465582566615,0.0038210337690177203,0.009798749814678816,1.1908825425721545,0.7688674203636088,0.0009102286949596086,1.3101776669873155,0.5102797229319018,8.274806317814624e-05,1.1722642283570717,0.482697035205853,2.434676729462808
0.0,null,binary,0.05,S5-1:1,c,logistic-w,p,maf>=0.05,30,306693,1.003218971769964,0.004328460535413001,0.009983925293371547,1.0140433593202323,0.9827416993540771,0.0009553527468836915,1.0433886655385027,0.8673168282288803,9.45570978144268e-05,1.0433886655385027,0.8477532907500335,2.434676729462808
0.0,null,binary,0.05,S5-1:1,c,logistic-w,p_doubled,maf>=0.01,30,596730,1.001651777892575,0.0030330249597841225,0.009947547467028639,0.9860405878705611,1.0034689055351667,0.0009317446751462135,0.9451510733497561,0.9183382769426709,9.216898764935565e-05,0.7708678967037018,1.0725118562834113,2.434676729462808
0.0,null,binary,0.05,S5-1:1,c,logistic-w,p_doubled,maf<0.05,30,290037,1.0006465582566615,0.0038210337690177203,0.009847019518199402,0.9957350269103598,0.9736688767295207,0.0009067808589938525,0.9447070546171696,0.8688546633705355,8.619589914390233e-05,0.6206104738360967,1.1033075090419497,2.434676729462808
0.0,null,binary,0.05,S5-1:1,c,logistic-w,p_doubled,maf>=0.05,30,306693,1.003218971769964,0.004328460535413001,0.010042615905808088,0.976872638110423,1.0316505430511944,0.0009553527468836915,0.945570978144268,0.965134515623115,9.781768739423462e-05,0.9129650823461899,1.0433886655385027,2.434676729462808
0.0,null,binary,0.05,S5-1:4,c,hratt-bin,p,maf>=0.01,30,597085,1.0033152329515818,0.003381037183417436,0.010048820519691502,0.8762571493170989,1.1335069546212013,0.0010099064622289958,0.7235150774177881,1.2962978470402036,0.00011053702571660651,0.5359370943835468,1.6748034199485835,8.596658583497629
0.0,null,binary,0.05,S5-1:4,c,hratt-bin,p,maf<0.05,30,291157,1.0069218360578822,0.00411236500423369,0.009675192421957912,0.7507976796024137,1.1842408047891686,0.0010235027837214973,0.5701391345562704,1.4768664328867245,0.00011677548539104332,0.06869146199473136,2.2668182458261352,8.596658583497629
0.0,null,binary,0.05,S5-1:4,c,hratt-bin,p,maf>=0.05,30,305928,1.000553906577461,0.0039903852622207615,0.010404408880520907,0.9956591093329149,1.0852226667712663,0.000996966606521796,0.8694856306058942,1.1244475824376978,0.00010459977511048351,0.9806228916607829,1.1113726105488873,8.596658583497629
0.0,null,binary,0.05,S5-1:4,c,hratt-bin,p_doubled,maf>=0.01,30,597085,1.0033152329515818,0.003381037183417436,0.010065568553890987,1.0058869340211192,1.0072267767570782,0.0009764103938300242,0.9546379493706926,0.9981828382893557,0.00011053702571660651,0.9713859835701785,1.2393545307619518,8.596658583497629
0.0,null,binary,0.05,S5-1:4,c,hratt-bin,p_doubled,maf<0.05,30,291157,1.0069218360578822,0.00411236500423369,0.009671757848858176,0.9609935533062918,0.9733580164653434,0.0009582458948265025,0.9204655907294004,0.9960261989236049,0.00010303719299209704,0.6869146199473136,1.3738292398946272,8.596658583497629
0.0,null,binary,0.05,S5-1:4,c,hratt-bin,p_doubled,maf>=0.05,30,305928,1.000553906577461,0.0039903852622207615,0.010440365053215135,1.048612745482597,1.0394602651604299,0.0009936978635495934,0.9871603776051882,1.0002353494939986,0.00011767474699929395,1.2421223294369916,1.1113726105488873,8.596658583497629
0.0,null,binary,0.05,S5-1:4,c,hratt-bin-w,p,maf>=0.01,30,597085,1.0049541329363916,0.003062769416840709,0.009968429955533969,0.9007092792483482,1.0929767118584455,0.0009965080348694072,0.8005560347354229,1.1924600350033914,0.00010551261545676077,0.703417436378405,1.40683487275681,4.545440707996022
0.0,null,binary,0.05,S5-1:4,c,hratt-bin-w,p,maf<0.05,30,291157,1.0068919452917433,0.0038221917704208846,0.009592762667564234,0.7933863860391472,1.1251661474736996,0.0009582458948265025,0.652568888949948,1.2639229007030572,9.273347369288735e-05,0.27476584797892545,1.5799036258788213,4.545440707996022
0.0,null,binary,0.05,S5-1:4,c,hratt-bin-w,p,maf>=0.05,30,305928,1.002508837212376,0.003804313213722361,0.010325959049188043,1.0028503438717606,1.062341465965848,0.0010329227792160247,0.9413979759943516,1.1244475824376978,0.00011767474699929395,1.1113726105488873,1.2421223294369916,4.545440707996022
0.0,null,binary,0.05,S5-1:4,c,hratt-bin-w,p_doubled,maf>=0.01,30,597085,1.0049541329363916,0.003062769416840709,0.00995670633159433,0.9928234673455203,0.9985177989733455,0.00100488205196915,0.9881340177696643,1.0216300861686358,0.000100488205196915,0.9043938467722351,1.105370257166065,4.545440707996022
0.0,null,binary,0.05,S5-1:4,c,hratt-bin-w,p_doubled,maf<0.05,30,291157,1.0068919452917433,0.0038221917704208846,0.009572155228965816,0.9445076024275562,0.9699234433656068,0.0009651150410259757,0.9342038831283466,0.9960261989236049,7.899518129394107e-05,0.48084023396311953,1.0990633919157018,4.545440707996022
0.0,null,binary,0.05,S5-1:4,c,hratt-bin-w,p_doubled,maf>=0.05,30,305928,1.002508837212376,0.003804313213722361,0.010322690306215842,1.0388065165659892,1.0257315446771789,0.0010427290081326324,1.0394602651604299,1.045997751104835,0.00012094348997149656,1.3074971888810438,1.1113726105488873,4.545440707996022
0.0,null,binary,0.05,S5-1:4,c,logistic-w,p,maf>=0.01,30,597085,1.0047824997104084,0.0030615506745072163,0.00995503152817438,0.8997043971963791,1.091301908438497,0.0009981828382893557,0.8005560347354229,1.1958096418432886,0.00010551261545676077,0.703417436378405,1.40683487275681,2.8265625835047103
0.0,null,binary,0.05,S5-1:4,c,logistic-w,p,maf<0.05,30,291157,1.0069726499391163,0.0037315215866220146,0.009585893521364762,0.7954471298989891,1.121731574373963,0.000954811321726766,0.6456997427504748,1.2639229007030572,9.273347369288735e-05,0.27476584797892545,1.5799036258788213,2.8265625835047103
0.0,null,binary,0.05,S5-1:4,c,logistic-w,p,maf>=0.05,30,305928,1.0026495930061392,0.0038904537078167305,0.010306346591354829,0.9989278523051175,1.062341465965848,0.00103946026516043,0.9479354619387569,1.130985068382103,0.00011767474699929395,1.1113726105488873,1.2421223294369916,2.8265625835047103
0.0,null,binary,0.05,S5-1:4,c,logistic-w,p_doubled,maf>=0.01,30,597085,1.0047824997104084,0.0030615506745072163,0.009936608690554946,0.9891388998216334,0.9981828382893557,0.0010065568553890988,0.9948332314494586,1.0182804793287388,9.881340177696642e-05,0.8708977783732634,1.105370257166065,2.8265625835047103
0.0,null,binary,0.05,S5-1:4,c,logistic-w,p_doubled,maf<0.05,30,291157,1.0069726499391163,0.0037315215866220146,0.009551547790367397,0.9390122854679777,0.9712972726055015,0.0009616804679262391,0.9410730293278198,0.9822879065246586,7.899518129394107e-05,0.48084023396311953,1.0990633919157018,2.8265625835047103
0.0,null,binary,0.05,S5-1:4,c,logistic-w,p_doubled,maf>=0.05,30,305928,1.0026495930061392,0.0038904537078167305,0.010303077848382625,1.0368452707826676,1.0237702988938573,0.0010492664940770378,1.045997751104835,1.0525352370492405,0.00011767474699929395,1.2421223294369916,1.1113726105488873,2.8265625835047103
0.0,null,binary,0.2,S0,c,hratt-bin,p,maf>=0.01,30,597023,0.9936254607819339,0.0032437176292009293,0.009775167790855629,0.8619433422162964,1.093090215954829,0.001001636452866975,0.7403399869016771,1.2629329188322727,9.379873137215819e-05,0.5694922976166747,1.3064823298264892,8.553404645994306
0.0,null,binary,0.2,S0,c,hratt-bin,p,maf<0.05,30,291133,0.9930452831878261,0.004636415075454147,0.009442419787519793,0.7563553427471293,1.1321286147568295,0.0009617597455458502,0.5564467099229562,1.3670727811687442,8.587140585230805e-05,0.41218274809107863,1.3052453689550823,8.553404645994306
0.0,null,binary,0.2,S0,c,hratt-bin,p,maf>=0.05,30,305890,0.9947090500485575,0.00438111364025965,0.010091863088038184,0.9624374775246003,1.0559351400830363,0.0010395893948805127,0.9153617313413319,1.1638170584196934,0.00010134362025564746,0.7192127889110465,1.3076596162019025,8.553404645994306
0.0,null,binary,0.2,S0,c,hratt-bin,p_doubled,maf>=0.01,30,597023,0.9936254607819339,0.0032437176292009293,0.00986059163549813,0.9962765253599944,0.9758418017396314,0.000984886679407661,0.984886679407661,0.984886679407661,9.212375402622679e-05,0.937987313721582,0.904487766802954,8.553404645994306
0.0,null,binary,0.2,S0,c,hratt-bin,p_doubled,maf<0.05,30,291133,0.9930452831878261,0.004636415075454147,0.00964507630533124,0.9892385954185888,0.9397766656476594,0.0009239763269708346,0.9548900330776656,0.8930626208640038,7.556683715003109e-05,0.8930626208640037,0.6182741221366179,8.553404645994306
0.0,null,binary,0.2,S0,c,hratt-bin,p_doubled,maf>=0.05,30,305890,0.9947090500485575,0.00438111364025965,0.010065709895714146,1.0029749256268592,1.0101670535159697,0.0010428585439210174,1.0134362025564745,1.0722808852855603,0.00010788191833665697,0.9807447121514269,1.1768936545817124,8.553404645994306
0.0,null,binary,0.2,S0,c,hratt-bin-w,p,maf>=0.01,30,597023,0.9937749634882228,0.003262325149336666,0.00976511792678004,0.8602683648703651,1.0927552204856428,0.0009999614755210435,0.7369900322098143,1.2629329188322727,9.379873137215819e-05,0.5694922976166747,1.3064823298264892,4.436552250001114
0.0,null,binary,0.2,S0,c,hratt-bin-w,p,maf<0.05,30,291133,0.993485087367701,0.0046277636941222155,0.009425245506349331,0.7536074577598555,1.131441643510011,0.0009617597455458502,0.5564467099229562,1.3670727811687442,8.587140585230805e-05,0.41218274809107863,1.3052453689550823,4.436552250001114
0.0,null,binary,0.2,S0,c,hratt-bin-w,p,maf>=0.05,30,305890,0.9953166656903225,0.004343510608465726,0.010088593938997678,0.9617836477164994,1.0559351400830363,0.001036320245840008,0.9088234332603223,1.1638170584196934,0.00010134362025564746,0.7192127889110465,1.3076596162019025,4.436552250001114
0.0,null,binary,0.2,S0,c,hratt-bin-w,p_doubled,maf>=0.01,30,597023,0.9937749634882228,0.003262325149336666,0.00987231647691965,0.9962765253599944,0.9781867700239354,0.0009882366340995237,0.9882366340995238,0.9882366340995238,9.212375402622679e-05,0.937987313721582,0.904487766802954,4.436552250001114
0.0,null,binary,0.2,S0,c,hratt-bin-w,p_doubled,maf<0.05,30,291133,0.993485087367701,0.0046277636941222155,0.009648511161565333,0.9885516241717703,0.9411506081412963,0.0009308460394390193,0.9617597455458502,0.8999323333321885,7.556683715003109e-05,0.8930626208640037,0.6182741221366179,4.436552250001114
0.0,null,binary,0.2,S0,c,hratt-bin-w,p_doubled,maf>=0.05,30,305890,0.9953166656903225,0.004343510608465726,0.010085324789957174,1.0036287554349603,1.0134362025564745,0.0010428585439210174,1.0134362025564745,1.0722808852855603,0.00010788191833665697,0.9807447121514269,1.1768936545817124,4.436552250001114
0.0,null,binary,0.2,S0,c,logistic,p,maf>=0.01,30,597023,0.9939918227145373,0.003218369349758106,0.009773492813509697,0.862613333154669,1.0920852295472703,0.0010033114302129063,0.7403399869016771,1.2662828735241356,9.379873137215819e-05,0.5694922976166747,1.3064823298264892,2.8977742704737466
0.0,null,binary,0.2,S0,c,logistic,p,maf<0.05,30,291133,0.9936598174047799,0.004803605467461784,0.009435550075051608,0.7577292852407662,1.1293807297695555,0.0009651946017799424,0.5495769974547716,1.3808122061051136,8.587140585230805e-05,0.41218274809107863,1.3052453689550823,2.8977742704737466
0.0,null,binary,0.2,S0,c,logistic,p,maf>=0.05,30,305890,0.9945382721532295,0.0043008017338967575,0.010095132237078688,0.9624374775246003,1.0565889698911373,0.0010395893948805127,0.9219000294223414,1.1572787603386838,0.00010134362025564746,0.7192127889110465,1.3076596162019025,2.8977742704737466
0.0,null,binary,0.2,S0,c,logistic,p_doubled,maf>=0.01,30,597023,0.9939918227145373,0.003218369349758106,0.009855566703460336,0.9972815117675533,0.9738318289245137,0.0009882366340995237,0.9815367247157982,0.9949365434832493,9.379873137215819e-05,0.9714868606402098,0.904487766802954,2.8977742704737466
0.0,null,binary,0.2,S0,c,logistic,p_doubled,maf<0.05,30,291133,0.9936598174047799,0.004803605467461784,0.009610727742990316,0.9871776816781334,0.9349678669199301,0.0009342808956731116,0.9548900330776656,0.9136717582685577,7.90016933841234e-05,0.9617597455458501,0.6182741221366179,2.8977742704737466
0.0,null,binary,0.2,S0,c,logistic,p_doubled,maf>=0.05,30,305890,0.9945382721532295,0.0043008017338967575,0.010088593938997678,1.006897904475465,1.0108208833240706,0.0010395893948805127,1.0068979044754651,1.0722808852855603,0.00010788191833665697,0.9807447121514269,1.1768936545817124,2.8977742704737466
0.0,null,quantitative,,S0,c,hratt,p,maf>=0.01,30,597046,0.9996069873959994,0.003490455163756717,0.009761391919550588,0.9590550811830244,0.993223302727093,0.0009697745232360655,0.9814989129815792,0.9580501334905518,7.369616411465784e-05,0.8709546668095924,0.6029686154835641,5.5160944375093095
0.0,null,quantitative,,S0,c,hratt,p,maf<0.05,30,291092,0.9974663365469427,0.004851699313673046,0.009601775383727482,0.9563986643397964,0.9639564124056998,0.0010099899688071124,1.0512140491665867,0.9687658884476386,6.183612053921097e-05,0.8244816071894796,0.4122408035947398,5.5160944375093095
0.0,null,quantitative,,S0,c,hratt,p,maf>=0.05,30,305954,1.0020628652943377,0.004441309797593044,0.00991325493374821,0.9615824601083823,1.0210685266412598,0.0009315125803225321,0.9151702543519614,0.9478549062931029,8.498009504696784e-05,0.9151702543519613,0.7844316465873955,5.5160944375093095
0.0,null,quantitative,,S0,c,hratt-w,p,maf>=0.01,30,597046,0.9997650198287401,0.0035021102721677876,0.00970276997082302,0.9543653252848189,0.9861886688797848,0.0009480006565658257,0.9580501334905518,0.9379511796410996,7.202125129387016e-05,0.8374564103938389,0.6029686154835641,4.5397961665003095
0.0,null,quantitative,,S0,c,hratt-w,p,maf<0.05,30,291092,0.9976589416600361,0.004843662580445361,0.009498715182828797,0.9460926442499278,0.9536503923158314,0.0009584598683577701,1.0031192887472002,0.9138004479683399,5.8400780509254806e-05,0.7557748065903562,0.4122408035947398,4.5397961665003095
0.0,null,quantitative,,S0,c,hratt-w,p,maf>=0.05,30,305954,1.0017551575720258,0.004406284533801659,0.00989691260777764,0.9622361531472051,1.0171463684083228,0.0009380495107107604,0.9151702543519614,0.9609287670695594,8.498009504696784e-05,0.9151702543519613,0.7844316465873955,4.5397961665003095
0.0,null,quantitative,,S0,c,hratt-w,p_doubled,maf>=0.01,30,597046,0.9997650198287401,0.0035021102721677876,0.009704444883643807,0.955705255541449,0.9851837211873122,0.0009513504822074011,0.9647497847737024,0.9379511796410996,7.369616411465784e-05,0.8709546668095924,0.6029686154835641,4.5397961665003095
0.0,null,quantitative,,S0,c,hratt-w,p_doubled,maf<0.05,30,291092,0.9976589416600361,0.004843662580445361,0.009505585862888709,0.9488409162738928,0.9522762563038489,0.0009653305484176824,1.0168606488670249,0.9138004479683399,6.183612053921097e-05,0.8244816071894796,0.4122408035947398,4.5397961665003095
0.0,null,quantitative,,S0,c,hratt-w,p_doubled,maf>=0.05,30,305954,1.0017551575720258,0.004406284533801659,0.009893644142583525,0.9622361531472051,1.0164926753695,0.0009380495107107604,0.9151702543519614,0.9609287670695594,8.498009504696784e-05,0.9151702543519613,0.7844316465873955,4.5397961665003095
0.0,null,quantitative,,S0,c,wls-w,p,maf>=0.01,30,597046,1.0001064085688391,0.003533224027051876,0.009731243488776409,0.9543653252848189,0.9918833724704629,0.0009446508309242504,0.9580501334905518,0.9312515283579489,7.202125129387016e-05,0.8374564103938389,0.6029686154835641,3.129171041538939
0.0,null,quantitative,,S0,c,wls-w,p,maf<0.05,30,291092,0.9983836435233416,0.004864756777688181,0.009498715182828797,0.9433443722259629,0.9563986643397964,0.0009584598683577701,1.0031192887472002,0.9138004479683399,5.8400780509254806e-05,0.7557748065903562,0.4122408035947398,3.129171041538939
0.0,null,quantitative,,S0,c,wls-w,p,maf>=0.05,30,305954,1.0022193907267654,0.004483318094934234,0.00995247651607758,0.9648509253024965,1.0256443779130195,0.0009315125803225321,0.9151702543519614,0.9478549062931029,8.498009504696784e-05,0.9151702543519613,0.7844316465873955,3.129171041538939
0.0,null,quantitative,,S1,c,hratt,p,maf>=0.01,30,597130,0.9953594161611946,0.0025539131211783526,0.010098303551990354,1.0051412590223234,1.0145194513757474,0.0010382998677005008,1.075142766231809,1.0014569691691926,9.713127794617587e-05,0.8038450588649038,1.1387805000586138,5.728139749990078
0.0,null,quantitative,,S1,c,hratt,p,maf<0.05,30,291276,0.9977524226307496,0.004187038167976509,0.01007292052898282,1.0107252228127275,1.0038588829838366,0.0011123470522803114,1.1810104505692196,1.0436836539914034,0.00010642826734780758,0.9612875760447136,1.167277770911438,5.728139749990078
0.0,null,quantitative,,S1,c,hratt,p,maf>=0.05,30,305854,0.9927274160665562,0.0035878652562840486,0.0101224767372668,0.9998234451731872,1.024671902280173,0.0009677820136404951,0.9743210813002282,0.9612429459807621,8.827741340639651e-05,0.6539067659733075,1.1116415021546229,5.728139749990078
0.0,null,quantitative,,S1,c,hratt-he,p,maf>=0.01,30,597130,0.9950480145856629,0.0025313260969102593,0.010083231457136637,1.0034665818163548,1.0131797096109725,0.0010399745449064693,1.075142766231809,1.0048063235811298,9.713127794617587e-05,0.8038450588649038,1.1387805000586138,2.0225492705067154
0.0,null,quantitative,,S1,c,hratt-he,p,maf<0.05,30,291276,0.997460299637059,0.004162203319389693,0.010062621019239484,1.0093519548469492,1.0031722490009474,0.0011123470522803114,1.1810104505692196,1.0436836539914034,0.00010642826734780758,0.9612875760447136,1.167277770911438,2.0225492705067154
0.0,null,quantitative,,S1,c,hratt-he,p,maf>=0.05,30,305854,0.9925215784147644,0.0036575250953430885,0.0101028595342876,0.9978617248752673,1.022710181982253,0.0009710515474703617,0.9743210813002282,0.9677820136404952,8.827741340639651e-05,0.6539067659733075,1.1116415021546229,2.0225492705067154
0.0,null,quantitative,,S1,c,hratt-w,p,maf>=0.01,30,597130,1.0020239237761102,0.0033690461760452835,0.010111700969638102,0.9947582603453184,1.027581933582302,0.0009830355199035386,0.9679634250498217,0.9981076147572555,8.373386029842747e-05,0.7703515147455328,0.9043256912230168,5.324658082972746
0.0,null,quantitative,,S1,c,hratt-w,p,maf<0.05,30,291276,1.0031841137827804,0.005185330150187503,0.01007292052898282,0.9956192751891676,1.0189648306073964,0.0010265178044191762,1.0230846345047309,1.0299509743336217,5.8363888545571894e-05,0.6866339828890812,0.4806437880223568,5.324658082972746
0.0,null,quantitative,,S1,c,hratt-w,p,maf>=0.05,30,305854,1.001575937928034,0.004244245874208817,0.010148633007905732,0.9939382842794274,1.035788317301719,0.0009416257430015628,0.9154694723626305,0.9677820136404952,0.00010789461638559574,0.8500787957652998,1.307813531946615,5.324658082972746
0.0,null,quantitative,,S1,c,hratt-w,p_doubled,maf>=0.01,30,597130,1.0020239237761102,0.0033690461760452835,0.010108351615226165,0.998777485639643,1.0228928374055901,0.0009880595515214443,0.9813608426975701,0.9947582603453184,8.373386029842747e-05,0.7368579706261618,0.9378192353423878,5.324658082972746
0.0,null,quantitative,,S1,c,hratt-w,p_doubled,maf<0.05,30,291276,1.0031841137827804,0.005185330150187503,0.010086653208640602,1.0066054189153928,1.0107252228127275,0.0010368173141625126,1.0436836539914034,1.0299509743336217,5.8363888545571894e-05,0.617970584600173,0.5493071863112649,5.324658082972746
0.0,null,quantitative,,S1,c,hratt-w,p_doubled,maf>=0.05,30,305854,1.001575937928034,0.004244245874208817,0.010129015804926533,0.9913226572155343,1.0344805037697724,0.0009416257430015628,0.9220085400223637,0.9612429459807621,0.00010789461638559574,0.8500787957652998,1.307813531946615,5.324658082972746
0.0,null,quantitative,,S1,c,wls-w,p,maf>=0.01,30,597130,1.0022271363429094,0.0033316448196375613,0.010064810007870982,0.991743841374575,1.0212181601996215,0.0009713127794617587,0.9512166529901361,0.9914089059333814,8.205918309245893e-05,0.7368579706261618,0.9043256912230168,3.448289832973387
0.0,null,quantitative,,S1,c,wls-w,p,maf<0.05,30,291276,1.0040301639114584,0.005226650139929787,0.01006605418915393,0.999052445103613,1.0141583927271727,0.0010196514645902854,1.0024856150180583,1.0368173141625125,5.8363888545571894e-05,0.6866339828890812,0.4806437880223568,3.448289832973387
0.0,null,quantitative,,S1,c,wls-w,p,maf>=0.05,30,305854,1.002435471392709,0.004286937813832967,0.010063625128329203,0.9847835895558011,1.0279414361100394,0.0009252780738522302,0.9023913370431644,0.948164810661296,0.0001046250825557292,0.784688119167969,1.307813531946615,3.448289832973387
0.0,null,quantitative,,S2,c,hratt,p,maf>=0.01,30,596917,1.003544393562233,0.0031783122898358922,0.009820460801082898,0.9713243214718295,0.99276783874475,0.0009616077277075372,0.9716593764292187,0.9515560789858556,9.381538806902803e-05,0.9381538806902802,0.9381538806902802,5.4910908750025555
0.0,null,quantitative,,S2,c,hratt,p,maf<0.05,30,291297,0.9985705289243292,0.0038683212744245105,0.009794127642921143,0.9653377824007798,0.9934877461834484,0.0009509195082681936,1.0092791892810429,0.8925598272553441,9.612182755057553e-05,0.8925598272553442,1.0298767237561663,5.4910908750025555
0.0,null,quantitative,,S2,c,hratt,p,maf>=0.05,30,305620,1.0075593898607325,0.0042189032181321265,0.009845559845559846,0.9770302990641972,0.9920816700477717,0.0009717950395916497,0.9358026307178849,1.0077874484654146,9.161704076958314e-05,0.9816111511026765,0.8507296642889863,5.4910908750025555
0.0,null,quantitative,,S2,c,hratt-he,p,maf>=0.01,30,596917,1.0036723466656121,0.0032098706901046085,0.009810409152361216,0.9706542115570507,0.9914276189151926,0.000966633552068378,0.9783604755770064,0.9549066285597495,9.549066285597495e-05,0.9381538806902802,0.9716593764292187,1.9939607084961608
0.0,null,quantitative,,S2,c,hratt-he,p,maf<0.05,30,291297,0.9985255086482212,0.0037098029098804773,0.009804426410158704,0.9673975358482922,0.9934877461834484,0.0009612182755057553,1.0230108789311252,0.8994256720803853,9.612182755057553e-05,0.8925598272553442,1.0298767237561663,1.9939607084961608
0.0,null,quantitative,,S2,c,hratt-he,p,maf>=0.05,30,305620,1.0076454249732714,0.00423767357340185,0.009816111511026765,0.9737582618938551,0.9894640403114978,0.0009717950395916497,0.9358026307178849,1.0077874484654146,9.48890779399254e-05,0.9816111511026765,0.9161704076958314,1.9939607084961608
0.0,null,quantitative,,S2,c,hratt-w,p,maf>=0.01,30,596917,0.98362763232864,0.0029161153486528943,0.009773553107048383,0.9716593764292188,0.9830512449804579,0.0009230764076077579,0.9046483849513416,0.9415044302641741,7.706264019955873e-05,0.7036154105177101,0.8376373934734644,4.898509833030403
0.0,null,quantitative,,S2,c,hratt-w,p,maf<0.05,30,291297,0.9737258226262853,0.004396327846182718,0.009337548962055908,0.9330683117230867,0.9344414806880948,0.0008547976807176181,0.8170355341798919,0.8925598272553441,7.55242930754522e-05,0.41195068950246655,1.0985351720065775,4.898509833030403
0.0,null,quantitative,,S2,c,hratt-w,p,maf>=0.05,30,305620,0.9933281436174128,0.004281036127898667,0.010189123748445782,1.008441855899483,1.0293828937896734,0.0009881552254433611,0.988155225443361,0.988155225443361,7.852889208821412e-05,0.9816111511026765,0.5889666906616059,4.898509833030403
0.0,null,quantitative,,S2,c,hratt-w,p_doubled,maf>=0.01,30,596917,0.98362763232864,0.0029161153486528943,0.009837213548952367,0.9833862999378473,0.9840564098526261,0.0009079989345252355,0.8878956370818724,0.9281022319685986,7.371209062566488e-05,0.7371209062566487,0.7371209062566487,4.898509833030403
0.0,null,quantitative,,S2,c,hratt-w,p_doubled,maf<0.05,30,291297,0.9737258226262853,0.004396327846182718,0.009423372022368922,0.948173170338177,0.9365012341356073,0.0008616635255426592,0.8376330686550153,0.8856939824303031,6.522552583789054e-05,0.3432922412520555,0.9612182755057553,4.898509833030403
0.0,null,quantitative,,S2,c,hratt-w,p_doubled,maf>=0.05,30,305620,0.9933281436174128,0.004281036127898667,0.010231660231660231,1.0169491525423728,1.0293828937896734,0.0009521628165695962,0.9358026307178849,0.9685230024213075,8.180092925855637e-05,1.1124926379163667,0.5235259472547608,4.898509833030403
0.0,null,quantitative,,S2,c,wls-w,p,maf>=0.01,30,596917,0.9840280546140269,0.0029577327709793457,0.009795331679278693,0.9743398160883339,0.9847265197674049,0.0009247516823947048,0.8912461866557662,0.9582571781336433,7.53873654126118e-05,0.7036154105177101,0.8041318977345259,3.5180311874719337
0.0,null,quantitative,,S2,c,wls-w,p,maf<0.05,30,291297,0.9728593234886218,0.004411250037131711,0.009340981884468429,0.9330683117230867,0.935128065170599,0.0008547976807176181,0.8101696893548508,0.8994256720803853,7.55242930754522e-05,0.41195068950246655,1.0985351720065775,3.5180311874719337
0.0,null,quantitative,,S2,c,wls-w,p,maf>=0.05,30,305620,0.9946754861669701,0.0046061074979614185,0.01022838819448989,1.0136771153720305,1.032000523525947,0.0009914272626137034,0.9685230024213075,1.0143315228060992,7.525685491787187e-05,0.9816111511026765,0.5235259472547608,3.5180311874719337
0.0,null,quantitative,,S3,c,hratt,p,maf>=0.01,30,596842,0.9994611247617946,0.0027464780214642285,0.01007804410547515,1.0009349207998097,1.0146739002952205,0.0009969137560694454,1.0186950650255846,0.9751324471133064,0.00010890654478069572,0.8377426521591979,1.3403882434547165,5.379320520529291
0.0,null,quantitative,,S3,c,hratt,p,maf<0.05,30,291179,0.9998246448329807,0.004847318454178348,0.010265163353126428,1.036475844755288,1.0165568258699975,0.0009925166306636124,1.0783744706864162,0.9066587906408085,0.00010302940802736461,0.8929215362371599,1.1676666243101321,5.379320520529291
0.0,null,quantitative,,S3,c,hratt,p,maf>=0.05,30,305663,0.9985093428653092,0.003431894535783026,0.009899791600553551,0.967078121984015,1.012880198126695,0.0010011025214042917,0.9618435989962801,1.040361443812303,0.00011450519035670002,0.7851784481602287,1.5049253589737717,5.379320520529291
0.0,null,quantitative,,S3,c,hratt-he,p,maf>=0.01,30,596842,0.9995295614771097,0.0027411961510178037,0.010074693134866515,1.000599823738946,1.0143388032343568,0.0010002647266780823,1.0253970062428583,0.9751324471133064,0.00010890654478069572,0.8377426521591979,1.3403882434547165,1.294840499991551
0.0,null,quantitative,,S3,c,hratt-he,p,maf<0.05,30,291179,0.9998278498401406,0.004866480064202562,0.010265163353126428,1.036475844755288,1.0165568258699975,0.0009925166306636124,1.0783744706864162,0.9066587906408085,0.00010302940802736461,0.8929215362371599,1.1676666243101321,1.294840499991551
0.0,null,quantitative,,S3,c,hratt-he,p,maf>=0.05,30,305663,0.9987738412279447,0.003427877378725652,0.009893248446818883,0.9664238066105482,1.0122258827532282,0.0010076456751389603,0.9749299064656173,1.040361443812303,0.00011450519035670002,0.7851784481602287,1.5049253589737717,1.294840499991551
0.0,null,quantitative,,S3,c,hratt-w,p,maf>=0.01,30,596842,0.9761219529599905,0.0072427434082109185,0.009947356251738315,1.633598171710436,0.3558730786372273,0.0009952382707651272,1.7592595695343156,0.23121697199593863,9.885363295478536e-05,1.8765435408366031,0.10052911825910374,5.91477300049155
0.0,null,quantitative,,S3,c,hratt-w,p,maf<0.05,30,291179,0.9496317185055855,0.013296051917932457,0.009907994738631564,1.9431346353960965,0.03846431233021612,0.0009684764354572274,1.9369528709144546,0.0,7.555489922006739e-05,1.5110979844013475,0.0,5.91477300049155
0.0,null,quantitative,,S3,c,hratt-w,p,maf>=0.05,30,305663,1.0058278290246965,0.0032664655396276434,0.009984852599104243,1.3387292541131899,0.6582412657076584,0.0010207319826082974,1.5899863575244633,0.4514776076921315,0.0001210483440913686,2.2246722697873147,0.1962946120400572,5.91477300049155
0.0,null,quantitative,,S3,c,hratt-w,p_doubled,maf>=0.01,30,596842,0.9761219529599905,0.0072427434082109185,0.009553617205223493,1.0039507943475827,0.9067726466971158,0.0009114640055492073,0.9248678879837545,0.8980601231146602,9.550266234614856e-05,1.172839713022877,0.7372135339000941,5.91477300049155
0.0,null,quantitative,,S3,c,hratt-w,p_doubled,maf<0.05,30,291179,0.9496317185055855,0.013296051917932457,0.009052850652004438,1.0151831004296326,0.7953870299712548,0.0008242352642189169,0.8448411458243897,0.8036293826134439,7.212058561915523e-05,1.030294080273646,0.4121176321094584,5.91477300049155
0.0,null,quantitative,,S3,c,hratt-w,p_doubled,maf>=0.05,30,305663,1.0058278290246965,0.0032664655396276434,0.010030654675246923,0.9932507369226893,1.012880198126695,0.0009945593676696232,1.0011025214042917,0.9880162139349544,0.00011777676722403431,1.3086307469337144,1.0469045975469715,5.91477300049155
0.0,null,quantitative,,S3,c,wls-w,p,maf>=0.01,30,596842,0.973658249856179,0.007923414920589773,0.009950707222346953,1.6426457923537552,0.34749565211563527,0.0009969137560694454,1.7626105401429524,0.23121697199593863,0.00010052911825910375,1.9100532469229712,0.10052911825910374,3.445280187530443
0.0,null,quantitative,,S3,c,wls-w,p,maf<0.05,30,291179,0.9444042236544838,0.01441111008071163,0.009952640815443422,1.953437576198833,0.03709058688985126,0.0009513048674526666,1.902609734905333,0.0,7.555489922006739e-05,1.5110979844013475,0.0,3.445280187530443
0.0,null,quantitative,,S3,c,wls-w,p,maf>=0.05,30,305663,1.0069454768364798,0.003697975005224471,0.009948865253563565,1.3465810385947923,0.6431920121179207,0.0010403614438123032,1.6292452799324746,0.4514776076921315,0.0001243199209587029,2.2901038071340003,0.1962946120400572,3.445280187530443
0.05,mixed,quantitative,,S0,c,hratt,p,maf>=0.01,10,18094,0.9912370825944157,0.01497482102467541,0.00967171438045761,0.9174311926605505,1.0169116834309717,0.0008290040897535095,0.6632032718028075,0.9948049077042113,0.0,0.0,0.0,34.352535687503405
0.05,mixed,quantitative,,S0,c,hratt,p,maf<0.05,10,6698,1.02522028420089,0.018378407852225456,0.008659301283965363,0.8360704687966557,0.8957897879964168,0.0005971931919976113,0.5971931919976112,0.5971931919976112,0.0,0.0,0.0,34.352535687503405
0.05,mixed,quantitative,,S0,c,hratt,p,maf>=0.05,10,11396,0.9711308405478134,0.018846345801803013,0.010266760266760266,0.9652509652509652,1.088101088101088,0.0009652509652509653,0.702000702000702,1.2285012285012284,0.0,0.0,0.0,34.352535687503405
0.05,mixed,quantitative,,S0,c,hratt-insample,p,maf>=0.01,10,18094,1.0058403414933772,0.015461544984957182,0.009837515198408312,0.961644744114071,1.0058582955675914,0.0008290040897535095,0.7737371504366087,0.88427102907041,0.0,0.0,0.0,17.37948991698795
0.05,mixed,quantitative,,S0,c,hratt-insample,p,maf<0.05,10,6698,1.0506151949417495,0.02145940955686381,0.00955509107196178,0.8062108091967751,1.1048074051955807,0.0010450880859958196,1.492982979994028,0.5971931919976112,0.0,0.0,0.0,17.37948991698795
0.05,mixed,quantitative,,S0,c,hratt-insample,p,maf>=0.05,10,11396,0.9738036915827013,0.018759778186183816,0.010003510003510003,1.053001053001053,0.9477009477009476,0.000702000702000702,0.351000351000351,1.053001053001053,0.0,0.0,0.0,17.37948991698795
0.05,mixed,quantitative,,S0,c,hratt-w,p,maf>=0.01,10,18094,1.0413748135026002,0.03756458900018804,0.010832320106112523,0.9726981319774511,1.1937658892450536,0.001050071847021112,0.88427102907041,1.2158726649718137,0.0,0.0,0.0,25.18353858301998
0.05,mixed,quantitative,,S0,c,hratt-w,p,maf<0.05,10,6698,1.0479510792096725,0.03339973622495302,0.008659301283965363,0.8659301283965363,0.8659301283965363,0.0011943863839952225,1.1943863839952225,1.1943863839952225,0.0,0.0,0.0,25.18353858301998
0.05,mixed,quantitative,,S0,c,hratt-w,p,maf>=0.05,10,11396,1.0354152579104368,0.04439988861788019,0.012109512109512109,1.0354510354510353,1.3864513864513863,0.0009652509652509653,0.702000702000702,1.2285012285012284,0.0,0.0,0.0,25.18353858301998
0.05,mixed,quantitative,,S0,c,hratt-w,p_doubled,maf>=0.01,10,18094,1.0413748135026002,0.03756458900018804,0.010832320106112523,0.9726981319774511,1.1937658892450536,0.001050071847021112,0.88427102907041,1.2158726649718137,0.0,0.0,0.0,25.18353858301998
0.05,mixed,quantitative,,S0,c,hratt-w,p_doubled,maf<0.05,10,6698,1.0479510792096725,0.03339973622495302,0.008659301283965363,0.8659301283965363,0.8659301283965363,0.0011943863839952225,1.1943863839952225,1.1943863839952225,0.0,0.0,0.0,25.18353858301998
0.05,mixed,quantitative,,S0,c,hratt-w,p_doubled,maf>=0.05,10,11396,1.0354152579104368,0.04439988861788019,0.012109512109512109,1.0354510354510353,1.3864513864513863,0.0009652509652509653,0.702000702000702,1.2285012285012284,0.0,0.0,0.0,25.18353858301998
0.05,mixed,quantitative,,S0,c,wls-w,p,maf>=0.01,10,18094,3.9702584633617244,0.7423608891717036,0.17337238863711726,16.90063004310821,17.773847684315243,0.09776721565159721,94.17486459599867,101.35956670719575,0.05537747319553443,539.4053277329501,568.1441361777385,17.17976558348164
0.05,mixed,quantitative,,S0,c,wls-w,p,maf<0.05,10,6698,2.823802310809632,0.4713872093698866,0.1119737234995521,10.898775753956404,11.495968945954015,0.052702299193789194,52.553000895789786,52.85159749178859,0.02403702597790385,262.7650044789489,217.9755150791281,17.17976558348164
0.05,mixed,quantitative,,S0,c,wls-w,p,maf>=0.05,10,11396,4.895305603456011,0.9756652386140863,0.20945945945945946,20.428220428220428,21.463671463671464,0.12425412425412426,118.63811863811863,129.87012987012986,0.07379782379782379,702.0007020007021,773.955773955774,17.17976558348164
0.05,mixed,quantitative,,S0,c+PCs,hratt,p,maf>=0.01,10,18094,1.0116792152082377,0.010557714782978176,0.010113849894992815,0.9726981319774511,1.050071847021112,0.0009948049077042114,0.7737371504366087,1.2158726649718137,0.0,0.0,0.0,7.682753291534027
0.05,mixed,quantitative,,S0,c+PCs,hratt,p,maf<0.05,10,6698,1.014183336294772,0.016563217191883677,0.00851000298596596,0.8062108091967751,0.8957897879964168,0.000746491489997014,0.5971931919976112,0.8957897879964168,0.0,0.0,0.0,7.682753291534027
0.05,mixed,quantitative,,S0,c+PCs,hratt,p,maf>=0.05,10,11396,1.0070909381836919,0.02133747304102572,0.011056511056511056,1.0705510705510706,1.1407511407511406,0.0011407511407511407,0.8775008775008775,1.404001404001404,0.0,0.0,0.0,7.682753291534027
0.05,mixed,quantitative,,S0,c+PCs,hratt-insample,p,maf>=0.01,10,18094,1.0225989138292406,0.012046373958280664,0.010169116834309716,0.9174311926605505,1.1163921742013927,0.0009395379683873107,0.5526693931690063,1.326406543605615,0.0,0.0,0.0,6.961646291514626
0.05,mixed,quantitative,,S0,c+PCs,hratt-insample,p,maf<0.05,10,6698,1.0237791071677262,0.022236813152663914,0.009853687667960586,0.7763511495968946,1.1943863839952225,0.0004478948939982084,0.2985965959988056,0.5971931919976112,0.0,0.0,0.0,6.961646291514626
0.05,mixed,quantitative,,S0,c+PCs,hratt-insample,p,maf>=0.05,10,11396,1.02242807380162,0.017879834862355233,0.010354510354510354,1.0003510003510003,1.0705510705510706,0.0012285012285012285,0.702000702000702,1.755001755001755,0.0,0.0,0.0,6.961646291514626
0.05,mixed,quantitative,,S0,c+PCs,hratt-w,p,maf>=0.01,10,18094,1.0104545634084139,0.012084451179291777,0.010003316016359015,0.9505913562506908,1.050071847021112,0.0009948049077042114,0.7737371504366087,1.2158726649718137,0.0,0.0,0.0,7.735741208045511
0.05,mixed,quantitative,,S0,c+PCs,hratt-w,p,maf<0.05,10,6698,1.0132836148387752,0.015330097756119673,0.008360704687966557,0.8062108091967751,0.8659301283965363,0.000746491489997014,0.5971931919976112,0.8957897879964168,0.0,0.0,0.0,7.735741208045511
0.05,mixed,quantitative,,S0,c+PCs,hratt-w,p,maf>=0.05,10,11396,1.0140302568042974,0.023073236954362142,0.010968760968760968,1.0354510354510353,1.1583011583011582,0.0011407511407511407,0.8775008775008775,1.404001404001404,0.0,0.0,0.0,7.735741208045511
0.05,mixed,quantitative,,S0,c+PCs,hratt-w,p_doubled,maf>=0.01,10,18094,1.0104545634084139,0.012084451179291777,0.009948049077042113,0.9505913562506908,1.0390184591577318,0.0009948049077042114,0.7737371504366087,1.2158726649718137,0.0,0.0,0.0,7.735741208045511
0.05,mixed,quantitative,,S0,c+PCs,hratt-w,p_doubled,maf<0.05,10,6698,1.0132836148387752,0.015330097756119673,0.008360704687966557,0.8062108091967751,0.8659301283965363,0.000746491489997014,0.5971931919976112,0.8957897879964168,0.0,0.0,0.0,7.735741208045511
0.05,mixed,quantitative,,S0,c+PCs,hratt-w,p_doubled,maf>=0.05,10,11396,1.0140302568042974,0.023073236954362142,0.01088101088101088,1.0354510354510353,1.1407511407511406,0.0011407511407511407,0.8775008775008775,1.404001404001404,0.0,0.0,0.0,7.735741208045511
0.05,mixed,quantitative,,S0,c+PCs,wls-w,p,maf>=0.01,10,18094,1.025266136675373,0.020331329618423512,0.010390184591577319,1.0279650712943518,1.050071847021112,0.001050071847021112,0.7737371504366087,1.326406543605615,0.00011053387863380126,1.1053387863380126,1.1053387863380126,3.7532299165031873
0.05,mixed,quantitative,,S0,c+PCs,wls-w,p,maf<0.05,10,6698,1.027795195491726,0.025727832663288902,0.009704389369961182,1.0450880859958196,0.8957897879964168,0.0010450880859958196,1.1943863839952225,0.8957897879964168,0.00014929829799940282,2.985965959988056,0.0,3.7532299165031873
0.05,mixed,quantitative,,S0,c+PCs,wls-w,p,maf>=0.05,10,11396,1.0253250909971534,0.021700792645660844,0.010793260793260793,1.0179010179010177,1.1407511407511406,0.001053001053001053,0.5265005265005265,1.5795015795015794,8.775008775008775e-05,0.0,1.7550017550017551,3.7532299165031873
0.05,mixed,quantitative,,S4,c+PCs,hratt,p,maf>=0.01,10,17890,1.0354711040356088,0.019332062549578116,0.00955841252096143,1.0396869759642258,0.8719955282280604,0.0008943543879262158,0.8943543879262157,0.8943543879262157,5.5897149245388485e-05,1.1179429849077696,0.0,7.404826604004484
0.05,mixed,quantitative,,S4,c+PCs,hratt,p,maf<0.05,10,6523,1.0876558358798656,0.03546967624080054,0.009044917982523378,0.981143645561858,0.8278399509428177,0.000919822167714242,1.533036946190403,0.3066073892380806,0.0,0.0,0.0,7.404826604004484
0.05,mixed,quantitative,,S4,c+PCs,hratt,p,maf>=0.05,10,11367,0.9978705944815646,0.015504095439234358,0.009853083487287763,1.0732823084367027,0.8973343890208498,0.0008797395970792645,0.5278437582475587,1.2316354359109702,8.797395970792646e-05,1.759479194158529,0.0,7.404826604004484
0.05,mixed,quantitative,,S4,c+PCs,hratt-insample,p,maf>=0.01,10,17890,1.026843342829013,0.015337467063180163,0.00961430967020682,1.0173281162660703,0.9055338177752934,0.0010061486864169928,0.8943543879262157,1.1179429849077698,5.5897149245388485e-05,1.1179429849077696,0.0,6.744581417005975
0.05,mixed,quantitative,,S4,c+PCs,hratt-insample,p,maf<0.05,10,6523,1.0928446031218155,0.030301892620902247,0.009044917982523378,1.0118043844856661,0.7971792120190097,0.0010731258623332823,1.533036946190403,0.6132147784761612,0.0,0.0,0.0,6.744581417005975
0.05,mixed,quantitative,,S4,c+PCs,hratt-insample,p,maf>=0.05,10,11367,0.9813729493391936,0.011207065394865838,0.00994105744699569,1.0204979326119468,0.967713556787191,0.000967713556787191,0.5278437582475587,1.407583355326823,8.797395970792646e-05,1.759479194158529,0.0,6.744581417005975
0.05,mixed,quantitative,,S4,c+PCs,hratt-w,p,maf>=0.01,10,17890,0.9881440576039481,0.014297873750385296,0.009670206819452208,0.9055338177752934,1.028507546115148,0.0010620458356623813,1.1179429849077698,1.0061486864169926,0.00016769144773616545,1.1179429849077696,2.235885969815539,9.474103375017876
0.05,mixed,quantitative,,S4,c+PCs,hratt-w,p,maf<0.05,10,6523,1.0580481561527897,0.03918521574011954,0.008738310593285298,0.7971792120190097,0.9504829066380499,0.000919822167714242,1.533036946190403,0.3066073892380806,0.0,0.0,0.0,9.474103375017876
0.05,mixed,quantitative,,S4,c+PCs,hratt-w,p,maf>=0.05,10,11367,0.9606301729770834,0.015974466328370768,0.01020497932611947,0.967713556787191,1.0732823084367027,0.0011436614762030438,0.8797395970792645,1.407583355326823,0.0002639218791237794,1.759479194158529,3.518958388317058,9.474103375017876
0.05,mixed,quantitative,,S4,c+PCs,hratt-w,p_doubled,maf>=0.01,10,17890,0.9881440576039481,0.014297873750385296,0.009726103968697596,0.9278926774734488,1.0173281162660703,0.0010620458356623813,1.1179429849077698,1.0061486864169926,0.00016769144773616545,1.1179429849077696,2.235885969815539,9.474103375017876
0.05,mixed,quantitative,,S4,c+PCs,hratt-w,p_doubled,maf<0.05,10,6523,1.0580481561527897,0.03918521574011954,0.008891614287904338,0.8585006898666258,0.9198221677142419,0.000919822167714242,1.533036946190403,0.3066073892380806,0.0,0.0,0.0,9.474103375017876
0.05,mixed,quantitative,,S4,c+PCs,hratt-w,p_doubled,maf>=0.05,10,11367,0.9606301729770834,0.015974466328370768,0.01020497932611947,0.967713556787191,1.0732823084367027,0.0011436614762030438,0.8797395970792645,1.407583355326823,0.0002639218791237794,1.759479194158529,3.518958388317058,9.474103375017876
0.05,mixed,quantitative,,S4,c+PCs,hratt-w-pooled,p,maf>=0.01,10,17890,0.9631216118584373,0.012686369575280338,0.016433761878144215,1.6992733370598099,1.587479038569033,0.004024594745667971,4.3599776411403015,3.68921185019564,0.0008943543879262158,10.061486864169927,7.8256008943543875,9.74684947897913
0.05,mixed,quantitative,,S4,c+PCs,hratt-w-pooled,p,maf<0.05,10,6523,1.0710462525997317,0.02751839786304028,0.024988502222903573,2.606162808523685,2.391537636057029,0.007358577341713936,8.585006898666258,6.132147784761612,0.0021462517246665647,24.52859113904645,18.396443354284838,9.74684947897913
0.05,mixed,quantitative,,S4,c+PCs,hratt-w-pooled,p,maf>=0.05,10,11367,0.9133885101419524,0.01543878491130414,0.011524588721738366,1.1788510600862145,1.1260666842614586,0.002111375032990235,1.935427113574382,2.2873229524060874,0.00017594791941585291,1.759479194158529,1.759479194158529,9.74684947897913
0.05,mixed,quantitative,,S4,c+PCs,wls-w,p,maf>=0.01,10,17890,0.9919949869886379,0.01509016955478383,0.010173281162660704,0.9837898267188373,1.0508664058133035,0.0006707657909446618,0.6707657909446618,0.6707657909446618,5.5897149245388485e-05,1.1179429849077696,0.0,3.9843035624944605
0.05,mixed,quantitative,,S4,c+PCs,wls-w,p,maf<0.05,10,6523,1.045392037767917,0.024907527450512196,0.00981143645561858,0.9198221677142419,1.0424651234094742,0.0006132147784761613,0.6132147784761612,0.6132147784761612,0.00015330369461904033,3.0660738923808064,0.0,3.9843035624944605
0.05,mixed,quantitative,,S4,c+PCs,wls-w,p,maf>=0.05,10,11367,0.9662127620473058,0.021913549953279033,0.010380927245535321,1.0204979326119468,1.0556875164951174,0.0007037916776634117,0.7037916776634116,0.7037916776634116,0.0,0.0,0.0,3.9843035624944605
0.05,null,binary,0.05,S0,c+PCs,hratt-bin,p,maf>=0.01,30,542137,1.0048622569797523,0.003958329299038308,0.009811173190540399,0.6441176307833629,1.3181170073247168,0.0009333434168853998,0.43531432091888206,1.4313725128519172,9.222761036416994e-05,0.25823730901967584,1.586314898263723,8.735631166491657
0.05,null,binary,0.05,S0,c+PCs,hratt-bin,p,maf<0.05,30,195593,1.0123013364355977,0.006144836100436582,0.009898104737899618,0.3251650110177767,1.654455936562147,0.0009867428793463979,0.06135188887127862,1.912133869821517,8.691517590097805e-05,0.0,1.738303518019561,8.735631166491657
0.05,null,binary,0.05,S0,c+PCs,hratt-bin,p,maf>=0.05,30,346544,1.0008088703321718,0.004374323911997751,0.009762108130569278,0.8241377718269541,1.1282838542869016,0.0009032042107207166,0.6463825661387876,1.1600258553026457,9.52260030472321e-05,0.4039891038367422,1.5005309571078995,8.735631166491657
0.05,null,binary,0.05,S0,c+PCs,hratt-bin,p_doubled,maf>=0.01,30,542137,1.0048622569797523,0.003958329299038308,0.009715256475761661,0.9628562522019343,0.9801950429503982,0.0009185869992271327,0.8964523727397318,0.9407216257145333,8.669395374231974e-05,0.8484940153503634,0.8853850594960314,8.735631166491657
0.05,null,binary,0.05,S0,c+PCs,hratt-bin,p_doubled,maf<0.05,30,195593,1.0123013364355977,0.006144836100436582,0.009795851589780821,0.9427740256553149,1.0163962923008492,0.0009049403608513597,0.7873492405147423,1.0225314811879769,7.157720368315839e-05,0.8180251849503817,0.6135188887127863,8.735631166491657
0.05,null,binary,0.05,S0,c+PCs,hratt-bin,p_doubled,maf>=0.05,30,346544,1.0008088703321718,0.004374323911997751,0.009669767763978022,0.9741908675377441,0.9597626852578605,0.0009262893023685304,0.9580313033842744,0.8945473013527864,9.52260030472321e-05,0.865690936793019,1.0388291241516228,8.735631166491657
0.05,null,binary,0.05,S0,c+PCs,hratt-bin-w,p,maf>=0.01,30,542137,1.0050266270023067,0.003976815074275184,0.009794572220674848,0.6455932725491896,1.31332117158578,0.0009370325212999666,0.44269252974801565,1.4313725128519172,9.222761036416994e-05,0.25823730901967584,1.586314898263723,4.828462707984727
0.05,null,binary,0.05,S0,c+PCs,hratt-bin-w,p,maf<0.05,30,195593,1.0119691059055367,0.0061667809163356326,0.009887879423087739,0.32721007398015267,1.6503658106373948,0.0009867428793463979,0.07157720368315838,1.9019085550096373,8.691517590097805e-05,0.0,1.738303518019561,4.828462707984727
0.05,null,binary,0.05,S0,c+PCs,hratt-bin-w,p,maf>=0.05,30,346544,1.0013017154736228,0.004384108489739777,0.009741908675377442,0.8252920264093448,1.1230897086661433,0.0009089754836326701,0.6521538390507411,1.1657971282145991,9.52260030472321e-05,0.4039891038367422,1.5005309571078995,4.828462707984727
0.05,null,binary,0.05,S0,c+PCs,hratt-bin-w,p_doubled,maf>=0.01,30,542137,1.0050266270023067,0.003976815074275184,0.009713411923554379,0.9624873417604776,0.9801950429503982,0.0009222761036416995,0.8964523727397318,0.9480998345436669,8.484940153503634e-05,0.8116029712046955,0.8853850594960314,4.828462707984727
0.05,null,binary,0.05,S0,c+PCs,hratt-bin-w,p_doubled,maf<0.05,30,195593,1.0119691059055367,0.0061667809163356326,0.009795851589780821,0.9437965571365028,1.0153737608196611,0.0009100530182572996,0.7873492405147423,1.0327567959998567,7.157720368315839e-05,0.8180251849503817,0.6135188887127863,4.828462707984727
0.05,null,binary,0.05,S0,c+PCs,hratt-bin-w,p_doubled,maf>=0.05,30,346544,1.0013017154736228,0.004384108489739777,0.009666882127522047,0.9730366129553534,0.9603398125490558,0.0009291749388245071,0.9580313033842744,0.9003185742647398,9.234036659125537e-05,0.8079782076734844,1.0388291241516228,4.828462707984727
0.05,null,binary,0.05,S0,c+PCs,logistic,p,maf>=0.01,30,542137,1.0044122465216414,0.0037836698983768195,0.009829618712613232,0.649651287405213,1.3162724551174334,0.0009370325212999666,0.4463816341625825,1.4276834084373506,9.407216257145335e-05,0.25823730901967584,1.623205942409391,2.8925488334789407
0.05,null,binary,0.05,S0,c+PCs,logistic,p,maf<0.05,30,195593,1.0114595470798278,0.006207913802772473,0.009923668024929317,0.32823260546134064,1.6565009995245228,0.0009867428793463979,0.07157720368315838,1.9019085550096373,8.691517590097805e-05,0.0,1.738303518019561,2.8925488334789407
0.05,null,binary,0.05,S0,c+PCs,logistic,p,maf>=0.05,30,346544,1.0007702809614007,0.004274971264080144,0.009776536312849162,0.8310632993212983,1.1242439632485342,0.0009089754836326701,0.6579251119626945,1.1600258553026457,9.811163950320883e-05,0.4039891038367422,1.5582436862274343,2.8925488334789407
0.05,null,binary,0.05,S0,c+PCs,logistic,p_doubled,maf>=0.01,30,542137,1.0044122465216414,0.0037836698983768195,0.00973001289341993,0.9632251626433909,0.9827774160405949,0.0009167424470198492,0.8890741639105981,0.9444107301291002,8.853850594960315e-05,0.8853850594960314,0.8853850594960314,2.8925488334789407
0.05,null,binary,0.05,S0,c+PCs,logistic,p_doubled,maf<0.05,30,195593,1.0114595470798278,0.006207913802772473,0.009780513617563,0.9437965571365028,1.0123061663760973,0.00089471504603948,0.7668986108909828,1.0225314811879769,7.157720368315839e-05,0.8180251849503817,0.6135188887127863,2.8925488334789407
0.05,null,binary,0.05,S0,c+PCs,logistic,p_doubled,maf>=0.05,30,346544,1.0007702809614007,0.004274971264080144,0.009701509764993767,0.9741908675377441,0.9661110854610092,0.0009291749388245071,0.9580313033842744,0.9003185742647398,9.811163950320883e-05,0.9234036659125536,1.0388291241516228,2.8925488334789407
0.05,null,binary,0.05,S4,c,hratt-bin,p,maf>=0.01,30,536441,0.9834380021419915,0.005060232758493698,0.008966503306048569,0.5976426112098069,1.1956580499999068,0.0008295413661521025,0.350457925475495,1.3086248068287099,8.015792976301214e-05,0.1491310321172319,1.454027563143011,9.233207687997492
0.05,null,binary,0.05,S4,c,hratt-bin,p,maf<0.05,30,191498,0.9950095578744551,0.006862127733564345,0.008746827643108544,0.31749678847820867,1.4318687401435002,0.0007937419711955216,0.07310781313642963,1.5143761292546136,0.00010443973305204232,0.0,2.088794661040846,9.233207687997492
0.05,null,binary,0.05,S4,c,hratt-bin,p,maf>=0.05,30,344943,0.9773291876041345,0.005613025287790295,0.009088458093076247,0.7531679146989502,1.0645237039162991,0.0008494157005650209,0.5044311668884425,1.1944002342415994,6.667768297950676e-05,0.23192237558089307,1.101631284009242,9.233207687997492
0.05,null,binary,0.05,S4,c,hratt-bin,p_doubled,maf>=0.01,30,536441,0.9834380021419915,0.005060232758493698,0.009104449510757008,0.9141732268786316,0.90671667527277,0.0008090358492359831,0.7344703331773671,0.883601365294599,6.524482655128896e-05,0.5219586124103116,0.7829379186154675,9.233207687997492
0.05,null,binary,0.05,S4,c,hratt-bin,p_doubled,maf<0.05,30,191498,0.9950095578744551,0.006862127733564345,0.00896092909586523,0.9075812802222477,0.8846045389507984,0.0007885199845429195,0.7728540245851132,0.8041859445007259,7.310781313642963e-05,0.5221986652602115,0.9399575974683807,9.233207687997492
0.05,null,binary,0.05,S4,c,hratt-bin,p_doubled,maf>=0.05,30,344943,0.9773291876041345,0.005613025287790295,0.009184126073003366,0.9178328013613842,0.9189924132392887,0.0008204254036174093,0.7131613049112462,0.9276895023235724,6.087962358998443e-05,0.5218253450570094,0.6957671267426792,9.233207687997492
0.05,null,binary,0.05,S4,c,hratt-bin-w,p,maf>=0.01,30,536441,0.9453150768258111,0.004285006864958009,0.01355601081945638,1.10767074105074,1.6035314228405362,0.0018082137644214369,1.014091018397177,2.6023365104456966,0.0003075827537417908,0.7829379186154675,5.368717156220348,6.1770707499817945
0.05,null,binary,0.05,S4,c,hratt-bin-w,p,maf<0.05,30,191498,1.0055113721785154,0.007403992283398166,0.020846170717187647,1.5791287637468798,2.5901053796906495,0.0031593019248242803,1.2219448767088952,5.096658972939665,0.0006370823716174581,1.044397330520423,11.697250101828738,6.1770707499817945
0.05,null,binary,0.05,S4,c,hratt-bin-w,p,maf>=0.05,30,344943,0.9137760561317135,0.00431600643405005,0.009508817398816616,0.8459368649313074,1.0558266148320157,0.0010581458385878248,0.8986992053759607,1.2175924717996887,0.00012465827687473002,0.6377865328474559,1.8553790046471446,6.1770707499817945
0.05,null,binary,0.05,S4,c,hratt-bin-w,p_doubled,maf>=0.01,30,536441,0.9453150768258111,0.004285006864958009,0.015819074231835373,2.0173700369658545,1.1464448094012203,0.003817754422201137,5.935415078265829,1.7000937661364437,0.0012825268762081943,22.332372059555478,3.3181654646084096,6.1770707499817945
0.05,null,binary,0.05,S4,c,hratt-bin-w,p_doubled,maf<0.05,30,191498,1.0055113721785154,0.007403992283398166,0.026767903581238445,3.7023885366949,1.651192179552789,0.008370844604121191,13.577165296765502,3.1645239114768824,0.003195855831392495,56.50189558115488,7.415221046695003,6.1770707499817945
0.05,null,binary,0.05,S4,c,hratt-bin-w,p_doubled,maf>=0.05,30,344943,0.9137760561317135,0.00431600643405005,0.00974073977439751,1.081917882084866,0.8662300727946356,0.0012900682141687178,1.6930333417405194,0.8871030865969161,0.0002203262568018484,3.3628744459229494,1.0436506901140188,6.1770707499817945
0.05,null,binary,0.05,S4,c,hratt-bin-w-pooled,p,maf>=0.01,30,536441,0.9455463355138848,0.004281882364642242,0.013574652198471034,1.1087892237916193,1.6061412159025876,0.0018063496265199714,0.9917213635795921,2.6209778894603506,0.0003094468916432562,0.7456551605861595,5.443282672278964,5.717307375016389
0.05,null,binary,0.05,S4,c,hratt-bin-w-pooled,p,maf<0.05,30,191498,1.00581832007446,0.0075244998503752655,0.020877502637103258,1.5739067770942778,2.601593750326374,0.0031436359648664737,1.1801689834880782,5.107102946244869,0.0006423043582700602,1.044397330520423,11.801689834880781,5.717307375016389
0.05,null,binary,0.05,S4,c,hratt-bin-w-pooled,p,maf>=0.05,30,344943,0.9137014838819346,0.004284067170630217,0.009520413517595661,0.8505753124429253,1.0535073910762067,0.001063943897977347,0.8871030865969161,1.240784709357778,0.00012465827687473002,0.5798059389522326,1.9133595985423677,5.717307375016389
0.05,null,binary,0.05,S4,c,logistic-w,p,maf>=0.01,30,536441,0.993005073217031,0.01195320897802949,0.015712818371451845,1.3391966684127425,1.8033670058776268,0.0022835689292951137,1.4130165293107722,3.1541213292794548,0.00039146895930773374,1.2303310149671631,6.599048171187512,3.317581103532575
0.05,null,binary,0.05,S4,c,logistic-w,p,maf<0.05,30,191498,1.0442591606540863,0.010501239837995701,0.023274394510647632,1.8684268243010371,2.786452077828489,0.0038694921095781677,1.8381393017159449,5.900844917440391,0.0007728540245851131,1.671035728832677,13.786044762869585,3.317581103532575
0.05,null,binary,0.05,S4,c,logistic-w,p,maf>=0.05,30,344943,0.9664474114999091,0.01343814767509039,0.01151494594759134,1.0453901079308754,1.2575990815873925,0.0014031303722644032,1.1770060560730324,1.629254688455774,0.00017973984107519213,0.9856700962187955,2.609126725285047,3.317581103532575
0.05,null,binary,0.05,S4,c,logistic-w,p_doubled,maf>=0.01,30,536441,0.993005073217031,0.01195320897802949,0.0182312686763316,2.3234614803864733,1.322792254879847,0.004708812339101597,7.270137815715055,2.1474868624881394,0.0016385772153880856,28.409461618332678,4.362082689429033,3.317581103532575
0.05,null,binary,0.05,S4,c,logistic-w,p_doubled,maf<0.05,30,191498,1.0442591606540863,0.010501239837995701,0.029974203385936145,4.159834567462846,1.8350061097243835,0.010151542052658514,16.45970192900187,3.8433821763151577,0.004010485749198425,70.49681981012856,9.712895173839934,3.317581103532575
0.05,null,binary,0.05,S4,c,logistic-w,p_doubled,maf>=0.05,30,344943,0.9664474114999091,0.01343814767509039,0.0117120799668351,1.3039835567035711,1.0384324366634488,0.0016872352823509972,2.1684742116813505,1.2059963530206441,0.00032179229611848916,5.044311668884424,1.3915342534853583,3.317581103532575
0.05,null,binary,0.05,S4,c+PCs,hratt-bin,p,maf>=0.01,30,536441,1.0035865036787235,0.003067300336539872,0.009682332260211281,0.6748179203304744,1.261648531711782,0.0009264765370283032,0.4324799931399725,1.4204730809166337,8.015792976301214e-05,0.1491310321172319,1.454027563143011,8.76477977153263
0.05,null,binary,0.05,S4,c+PCs,hratt-bin,p,maf<0.05,30,191498,1.010844441621473,0.004878709861721976,0.009368244054768196,0.3738942443263115,1.4997545666273278,0.0008877377309423597,0.06266383983122539,1.7128116220534941,8.877377309423597e-05,0.0,1.7754754618847193,8.76477977153263
0.05,null,binary,0.05,S4,c+PCs,hratt-bin,p,maf>=0.05,30,344943,0.9994479414859361,0.0035279047025957707,0.009856700962187956,0.8418782233586418,1.1294619690789491,0.0009479827101869005,0.637786532847456,1.258178887526345,7.537477206379025e-05,0.23192237558089307,1.2755730656949118,8.76477977153263
0.05,null,binary,0.05,S4,c+PCs,hratt-bin,p_doubled,maf>=0.01,30,536441,1.0035865036787235,0.003067300336539872,0.009857561222949028,0.9961952945431092,0.9753169500466967,0.0008947861927033914,0.846318607265291,0.9432537781414917,6.524482655128896e-05,0.5219586124103116,0.7829379186154675,8.76477977153263
0.05,null,binary,0.05,S4,c+PCs,hratt-bin,p_doubled,maf<0.05,30,191498,1.010844441621473,0.004878709861721976,0.009645009347356109,0.9765115040365957,0.952490365434626,0.0008720717709845534,0.8146299178059301,0.9295136241631767,6.788582648382751e-05,0.41775893220816923,0.9399575974683807,8.76477977153263
0.05,null,binary,0.05,S4,c+PCs,hratt-bin,p_doubled,maf>=0.05,30,344943,0.9994479414859361,0.0035279047025957707,0.009975561179673163,1.0071229159600281,0.9879893199746044,0.0009073962944602441,0.8639108490388268,0.9508817398816617,6.37786532847456e-05,0.5798059389522326,0.6957671267426792,8.76477977153263
0.05,null,binary,0.05,S4,c+PCs,hratt-bin-w,p,maf>=0.01,30,536441,0.9881679505551032,0.00352844382767982,0.009456771574133969,0.556258749797275,1.3350955650295186,0.0009283406749297686,0.3392730980667026,1.5174082517928345,8.202206766447755e-05,0.1491310321172319,1.491310321172319,5.268508833483793
0.05,null,binary,0.05,S4,c+PCs,hratt-bin-w,p,maf<0.05,30,191498,0.9945892063322532,0.006377922893411666,0.009248138361758347,0.2255898233924114,1.624037848959258,0.0009556235574261872,0.0,1.9112471148523746,9.92177463994402e-05,0.0,1.9843549279888038,5.268508833483793
0.05,null,binary,0.05,S4,c+PCs,hratt-bin-w,p,maf>=0.05,30,344943,0.9849145869897656,0.00349196000099736,0.009572596052101362,0.7398323781030488,1.1746868323172233,0.0009131943538497665,0.5276234044465318,1.2987653032530013,7.247574236902908e-05,0.23192237558089307,1.2175924717996887,5.268508833483793
0.05,null,binary,0.05,S4,c+PCs,hratt-bin-w,p_doubled,maf>=0.01,30,536441,0.9881679505551032,0.00352844382767982,0.009421352954006125,0.9387798471779749,0.9454907436232503,0.0009190199854224416,0.8910579169004605,0.9469820539444226,4.846758543810037e-05,0.3728275802930798,0.5965241284689276,5.268508833483793
0.05,null,binary,0.05,S4,c+PCs,hratt-bin-w,p_doubled,maf<0.05,30,191498,0.9945892063322532,0.006377922893411666,0.009263804321716154,0.9430907894599422,0.9096700748832885,0.0009399575974683809,0.8668497843319513,1.0130654106048105,3.1331919915612695e-05,0.10443973305204231,0.5221986652602115,5.268508833483793
0.05,null,binary,0.05,S4,c+PCs,hratt-bin-w,p_doubled,maf>=0.05,30,344943,0.9849145869897656,0.00349196000099736,0.009508817398816616,0.9363865914078557,0.9653768883554673,0.0009073962944602441,0.9044972647654831,0.9102953241550054,5.7980593895223267e-05,0.5218253450570094,0.6377865328474559,5.268508833483793
0.05,null,binary,0.05,S4,c+PCs,hratt-bin-w-pooled,p,maf>=0.01,30,536441,0.969801639146445,0.003910662012895354,0.015069690795446284,1.1002141894448785,1.9137239696443784,0.002242557895462875,1.0290041216089,3.456111669316849,0.00043247999313997254,1.0439172248206232,7.605682637978827,5.515301958017517
0.05,null,binary,0.05,S4,c+PCs,hratt-bin-w-pooled,p,maf<0.05,30,191498,1.0320040045775234,0.007316501501047745,0.022887967498355075,1.4903549906526439,3.0872385090183707,0.003958265882672404,1.2846087165401205,6.631923048804688,0.0008877377309423597,1.2532767966245077,16.501477822222686,5.515301958017517
0.05,null,binary,0.05,S4,c+PCs,hratt-bin-w-pooled,p,maf>=0.05,30,344943,0.9378888375448332,0.003970135752762913,0.010729308900311065,0.8836242509632025,1.2622375290990104,0.0012900682141687178,0.8871030865969161,1.6930333417405194,0.00017973984107519213,0.9276895023235723,2.6671073191802703,5.515301958017517
0.05,null,binary,0.05,S4,c+PCs,logistic-w,p,maf>=0.01,30,536441,0.9883553692601817,0.0035751796862648487,0.00946795640154276,0.5588685428593265,1.3347227374492256,0.000920884123323907,0.34672964967256414,1.4950385969752498,7.829379186154676e-05,0.1491310321172319,1.416744805113703,2.8392470209801104
0.05,null,binary,0.05,S4,c+PCs,logistic-w,p,maf<0.05,30,191498,0.9940264516976988,0.006543131197151313,0.00927947028167396,0.23081181004501353,1.6250822462897785,0.000945179584120983,0.0,1.890359168241966,9.92177463994402e-05,0.0,1.9843549279888038,2.8392470209801104
0.05,null,binary,0.05,S4,c+PCs,logistic-w,p,maf>=0.05,30,344943,0.9859663135187292,0.0033709624088980625,0.009572596052101362,0.7409919899809533,1.1735272204393188,0.0009073962944602441,0.5392195232255764,1.275573065694912,6.667768297950676e-05,0.23192237558089307,1.101631284009242,2.8392470209801104
0.05,null,binary,0.05,S4,c+PCs,logistic-w,p_doubled,maf>=0.01,30,536441,0.9883553692601817,0.0035751796862648487,0.009430673643513453,0.9417624678203195,0.944372260882371,0.0009096992959151146,0.8798730894916682,0.9395255023385609,4.473930963516957e-05,0.3728275802930798,0.5219586124103116,2.8392470209801104
0.05,null,binary,0.05,S4,c+PCs,logistic-w,p_doubled,maf<0.05,30,191498,0.9940264516976988,0.006543131197151313,0.00930558021493697,0.9493571734430647,0.9117588695443294,0.0009190696508579724,0.8459618377215429,0.9921774639944021,2.610993326301058e-05,0.20887946610408462,0.31331919915612694,2.8392470209801104
0.05,null,binary,0.05,S4,c+PCs,logistic-w,p_doubled,maf>=0.05,30,344943,0.9859663135187292,0.0033709624088980625,0.009500120309732333,0.9375462032857602,0.9624778586607062,0.000904497264765483,0.8986992053759607,0.9102953241550054,5.50815642004621e-05,0.46384475116178614,0.6377865328474559,2.8392470209801104
0.05,null,quantitative,,S0,c+PCs,hratt,p,maf>=0.01,30,542107,1.0026345466142397,0.00307290103970198,0.01018802561118008,1.0127152019804209,1.0248899202555954,0.0009739774620139566,1.0256277819692423,0.9223271420586712,0.00011436856561527521,1.1805787418350988,1.1067925704704051,5.79240231247968
0.05,null,quantitative,,S0,c+PCs,hratt,p,maf<0.05,30,195591,1.00446025825498,0.0056005483539045605,0.010199855821586883,1.0235644789381924,1.016406685379184,0.0008947241948760423,0.9202877433010721,0.8691606464510125,9.202877433010722e-05,0.818033549600953,1.0225419370011912,5.79240231247968
0.05,null,quantitative,,S0,c+PCs,hratt,p,maf>=0.05,30,346516,1.0022414840216058,0.003783444490178227,0.010181348047420609,1.0065913262302462,1.0296782832538758,0.0010187119786676517,1.0850869801105865,0.9523369772247169,0.00012697826362996226,1.38521742141777,1.1543478511814749,5.79240231247968
0.05,null,quantitative,,S0,c+PCs,hratt-w,p,maf>=0.01,30,542107,1.0023794682559537,0.0031179718935040643,0.010176957685475376,1.005705515700775,1.0296860213943004,0.0009665988448774872,1.0108705476963036,0.9223271420586712,0.00010883460276292319,1.1067925704704051,1.0698994847880583,4.912090979516506
0.05,null,quantitative,,S0,c+PCs,hratt-w,p,maf<0.05,30,195591,1.0046709069939488,0.005410430132933622,0.010082263498831746,0.9959558466391603,1.0204968531271887,0.0008691606464510125,0.8998369045610483,0.8384843883409768,8.18033549600953e-05,0.7157793559008339,0.9202877433010721,4.912090979516506
0.05,null,quantitative,,S0,c+PCs,hratt-w,p,maf>=0.05,30,346516,1.0017555732918468,0.00379896453014772,0.010230407831095823,1.0112087176349722,1.0348728485841925,0.0010215978482956054,1.0735435015987718,0.9696521949924389,0.00012409239400200855,1.3275000288586962,1.1543478511814749,4.912090979516506
0.05,null,quantitative,,S0,c+PCs,hratt-w,p_doubled,maf>=0.01,30,542107,1.0023794682559537,0.0031179718935040643,0.010169579068338907,1.0060744465575984,1.0278413671101831,0.0009684434991616047,1.0108705476963036,0.9260164506269059,0.00011067925704704053,1.143685656152752,1.0698994847880583,4.912090979516506
0.05,null,quantitative,,S0,c+PCs,hratt-w,p_doubled,maf<0.05,30,195591,1.0046709069939488,0.005410430132933622,0.010066925369776727,0.9969783885761614,1.016406685379184,0.0008640479367660066,0.8896114851910364,0.8384843883409768,8.691606464510126e-05,0.818033549600953,0.9202877433010721,4.912090979516506
0.05,null,quantitative,,S0,c+PCs,hratt-w,p_doubled,maf>=0.05,30,346516,1.0017555732918468,0.00379896453014772,0.010227521961467869,1.0112087176349722,1.0342956746586016,0.0010273695875515129,1.0793152408546791,0.9754239342483464,0.00012409239400200855,1.3275000288586962,1.1543478511814749,4.912090979516506
0.05,null,quantitative,,S0,c+PCs,wls-w,p,maf>=0.01,30,542107,1.0022956337248274,0.0031726226611933773,0.01020831680830537,1.0127152019804209,1.0289481596806536,0.000970288153445722,1.018249164832773,0.9223271420586712,0.00011252391133115787,1.1805787418350988,1.0698994847880583,3.320775853993837
0.05,null,quantitative,,S0,c+PCs,wls-w,p,maf<0.05,30,195591,1.0038336396152556,0.005503729153420089,0.010148728724736824,1.0061812660091722,1.0235644789381924,0.0008691606464510125,0.9202877433010721,0.818033549600953,8.691606464510126e-05,0.818033549600953,0.9202877433010721,3.320775853993837
0.05,null,quantitative,,S0,c+PCs,wls-w,p,maf>=0.05,30,346516,1.0022318435796211,0.003992723826433397,0.010241951309607637,1.0164032829652887,1.0319869789562388,0.0010273695875515129,1.0735435015987718,0.9811956735042537,0.00012697826362996226,1.38521742141777,1.1543478511814749,3.320775853993837
0.05,null,quantitative,,S1,c+PCs,hratt,p,maf>=0.01,30,542124,1.0070603360892514,0.003361631109914558,0.010080719540178999,0.9931307228604527,1.0230131851753475,0.0010108388486766864,1.040352391703743,0.9813253056496299,0.00010698659347307996,1.032974005946979,1.1067578635146202,5.801363145495998
0.05,null,quantitative,,S1,c+PCs,hratt,p,maf<0.05,30,195519,1.0023561487874344,0.00454991216372228,0.010203611925183742,1.0157580593190432,1.0249643257177052,0.0010842935980646382,1.0740644131772359,1.0945227829520405,9.717725643032135e-05,0.7160429421181573,1.2275021864882696,5.801363145495998
0.05,null,quantitative,,S1,c+PCs,hratt,p,maf>=0.05,30,346605,1.0088898403147455,0.003747364459788007,0.010011396257988199,0.9803666998456456,1.0219125517519942,0.0009694032111481369,1.0213355260310728,0.917470896265201,0.00011252001557969446,1.2117540139351712,1.038646297658718,5.801363145495998
0.05,null,quantitative,,S1,c+PCs,hratt-w,p,maf>=0.01,30,542124,1.000231800671653,0.0031101378039286275,0.009970043753827538,0.9805874670739536,1.013421283691554,0.000983169902088821,1.0255956201902148,0.9407441839874272,9.776361127712479e-05,1.1805417210822615,0.7747305044602342,5.364481687487569
0.05,null,quantitative,,S1,c+PCs,hratt-w,p,maf<0.05,30,195519,0.993206380272733,0.004959563203150063,0.009901850971005375,0.9871163416343168,0.9932538525667582,0.0010842935980646382,1.0638352282898338,1.1047519678394426,9.206266398662023e-05,0.8183347909921798,1.0229184887402247,5.364481687487569
0.05,null,quantitative,,S1,c+PCs,hratt-w,p,maf>=0.05,30,346605,1.003969220266232,0.003878498078095639,0.010008511129383592,0.9769045455201165,1.024797680356602,0.0009261262820790236,1.0040247544034275,0.8482278097546198,0.00010097950116126426,1.3848617302116242,0.6347282930136611,5.364481687487569
0.05,null,quantitative,,S1,c+PCs,hratt-w,p_doubled,maf>=0.01,30,542124,1.000231800671653,0.0031101378039286275,0.009951597789435628,0.9765293549077333,1.0137902029793922,0.000986859094967203,1.0145280415550686,0.9591901483793376,0.00010145280415550686,1.1805417210822615,0.8485143620278756,5.364481687487569
0.05,null,quantitative,,S1,c+PCs,hratt-w,p_doubled,maf<0.05,30,195519,0.993206380272733,0.004959563203150063,0.009860934231455766,0.9809788307018755,0.9912080155892777,0.001079179005620937,1.0229184887402247,1.1354395225016494,0.0001074064413177236,0.9206266398662023,1.2275021864882696,5.364481687487569
0.05,null,quantitative,,S1,c+PCs,hratt-w,p_doubled,maf>=0.05,30,346605,1.003969220266232,0.003878498078095639,0.010002740872174377,0.974019416915509,1.0265287575193665,0.0009347816678928464,1.0097950116126426,0.8597683241730499,9.809437255665671e-05,1.3271591581194733,0.6347282930136611,5.364481687487569
0.05,null,quantitative,,S1,c+PCs,wls-w,p,maf>=0.01,30,542124,0.9999978583429449,0.0031172970453662453,0.009968199157388346,0.9846455792401739,1.0089942522374955,0.000985014498528012,1.0182172344334506,0.9518117626225734,9.407441839874273e-05,1.143649792298441,0.7378385756764135,3.645324499520939
0.05,null,quantitative,,S1,c+PCs,wls-w,p,maf<0.05,30,195519,0.9928031573061786,0.005269590698785593,0.009901850971005375,0.992230934078018,0.9881392601230571,0.0011047519678394427,1.0740644131772359,1.1354395225016494,9.206266398662023e-05,0.8183347909921798,1.0229184887402247,3.645324499520939
0.05,null,quantitative,,S1,c+PCs,wls-w,p,maf>=0.05,30,346605,1.0045258251068825,0.003984761650168173,0.010005626000778985,0.9803666998456456,1.0207585003101514,0.000917470896265201,0.9867139827757822,0.8482278097546198,9.520924395204916e-05,1.3271591581194733,0.57702572092151,3.645324499520939
0.05,null,quantitative,,S4,c,hratt,p,maf>=0.01,30,536756,0.9907923409938894,0.004901725199693714,0.009397193510645434,0.9363658720163351,0.9430728301127513,0.0010209480657878067,0.9687828361490137,1.0731132954265998,7.452175662684721e-05,0.8197393228953193,0.6706958096416248,6.226015562482644
0.05,null,quantitative,,S4,c,hratt,p,maf<0.05,30,191709,0.9982940665282787,0.006816664319175052,0.009582231402803208,0.9816962166617111,0.9347500638989301,0.0010484640783687776,1.0432478391729132,1.0536803175646423,7.302734874210392e-05,0.7302734874210391,0.7302734874210391,6.226015562482644
0.05,null,quantitative,,S4,c,hratt,p,maf>=0.05,30,345047,0.9862026254383739,0.006739948673145338,0.009294385982199527,0.9111802160285409,0.9476969804113642,0.0010056600984793375,0.9274098890875735,1.0839103078711014,7.535205348836535e-05,0.8694467710196002,0.6375942987477068,6.226015562482644
0.05,null,quantitative,,S4,c,hratt-w,p,maf>=0.01,30,536756,0.9529791794539371,0.003926613774485042,0.0148875839301284,1.5597403661999119,1.417776419825768,0.002923115903688082,3.100105075676844,2.7461267316993196,0.0007489436540998144,8.27191498558004,6.7069580964162485,5.11601695799618
0.05,null,quantitative,,S4,c,hratt-w,p,maf<0.05,30,191709,0.9974859292813888,0.005611149717735433,0.02404686269293565,2.5131840445675473,2.2961884940195816,0.005857836616955907,6.113432337553271,5.602240896358543,0.0017265751738311712,18.465486753360562,16.066016723262862,5.11601695799618
0.05,null,quantitative,,S4,c,hratt-w,p,maf>=0.05,30,345047,0.9307747712516495,0.005463891953534994,0.009798665109390894,1.0300046080678864,0.9297284138102925,0.0012925775329158057,1.4258927044721443,1.1592623613594668,0.00020576906914130538,2.6083403130588008,1.5070410697673071,5.11601695799618
0.05,null,quantitative,,S4,c,hratt-w,p_doubled,maf>=0.01,30,536756,0.9529791794539371,0.003926613774485042,0.014842870876152292,1.5578773222842408,1.4106968529462176,0.0029138006841097257,3.0852007243514747,2.7424006438679775,0.0007470806101841432,8.309175863893463,6.632436339789401,5.11601695799618
0.05,null,quantitative,,S4,c,hratt-w,p_doubled,maf<0.05,30,191709,0.9974859292813888,0.005611149717735433,0.023963402865801814,2.5163137880850663,2.276366785075296,0.005847404138564178,6.1029998591615415,5.591808417966814,0.0017265751738311712,18.674136321195146,15.85736715542828,5.11601695799618
0.05,null,quantitative,,S4,c,hratt-w,p_doubled,maf>=0.05,30,345047,0.9307747712516495,0.005463891953534994,0.009775479862163705,1.0253675586224484,0.9297284138102925,0.0012838830652056098,1.4085037690517523,1.1592623613594668,0.00020287091323790672,2.550377194990827,1.5070410697673071,5.11601695799618
0.05,null,quantitative,,S4,c,hratt-w-pooled,p,maf>=0.01,30,536756,0.9529833794299506,0.003920162232073015,0.014891310017959743,1.5608581925493146,1.4174038110426337,0.002923115903688082,3.100105075676844,2.7461267316993196,0.0007470806101841432,8.234654107266616,6.7069580964162485,5.018481458479073
0.05,null,quantitative,,S4,c,hratt-w-pooled,p,maf<0.05,30,191709,0.9974978917794629,0.005605685993753709,0.024067727649719105,2.5163137880850663,2.2972317418587545,0.005857836616955907,6.113432337553271,5.602240896358543,0.0017213589346353067,18.36116196944327,16.066016723262862,5.018481458479073
0.05,null,quantitative,,S4,c,hratt-w-pooled,p,maf>=0.05,30,345047,0.9307712814472869,0.0054590279447801985,0.009792868797584097,1.0300046080678864,0.9285691514489329,0.0012925775329158057,1.4258927044721443,1.1592623613594668,0.00020576906914130538,2.6083403130588008,1.5070410697673071,5.018481458479073
0.05,null,quantitative,,S4,c,wls-w,p,maf>=0.01,30,536756,0.9942491542945148,0.015091363872232604,0.016787888724113006,1.775853460417769,1.5817242844048318,0.003534194308028229,3.845322641945316,3.223065974111142,0.0009277958700042477,10.43304592775861,8.122871472326345,4.16729602048872
0.05,null,quantitative,,S4,c,wls-w,p,maf<0.05,30,191709,1.0209987329248758,0.009497876942305764,0.02621160195921944,2.7656500216473923,2.4766703701964956,0.006932381891304008,7.4279246149111415,6.436839167696874,0.0020917119175416906,22.951452461804088,18.882785889029726,4.16729602048872
0.05,null,quantitative,,S4,c,wls-w,p,maf>=0.05,30,345047,0.9802397058055377,0.01864318854002278,0.011552049430947089,1.2259199471376363,1.0844899390517813,0.001646152553130443,1.854819778175147,1.437485328085739,0.00028112112262967075,3.477787084078401,2.144635368515014,4.16729602048872
0.05,null,quantitative,,S4,c+PCs,hratt,p,maf>=0.01,30,536756,1.0018204141568101,0.003318363684379007,0.009957969729262458,0.9922571894864705,0.999336756366021,0.001076839383257942,1.032126329281834,1.1215524372340506,8.756306403654546e-05,1.0060437144624372,0.745217566268472,5.6786782080016565
0.05,null,quantitative,,S4,c+PCs,hratt,p,maf<0.05,30,191709,1.0040003363584318,0.006061103482469188,0.009983881820884779,0.9775232253050196,1.0192531388719361,0.0011058427095232879,1.0223828823894547,1.1893025366571208,8.345982713383305e-05,0.8345982713383305,0.8345982713383305,5.6786782080016565
0.05,null,quantitative,,S4,c+PCs,hratt,p,maf>=0.05,30,345047,1.0008274288094323,0.0036655797698827174,0.009943572904560828,1.00044341785322,0.9882711630589455,0.0010607250606439122,1.0375398134167229,1.0839103078711014,8.984283300535869e-05,1.1012992432914936,0.6955574168156802,5.6786782080016565
0.05,null,quantitative,,S4,c+PCs,hratt-w,p,maf>=0.01,30,536756,0.9846062496616875,0.003175508024144883,0.009590950077875235,0.952015440907973,0.966174574667074,0.0009017132551848512,0.8979871673535089,0.9054393430161937,8.57000201208743e-05,0.9687828361490136,0.745217566268472,5.8453332699718885
0.05,null,quantitative,,S4,c+PCs,hratt-w,p,maf<0.05,30,191709,0.9757052156804773,0.00551326649560376,0.009524852771648697,0.9295338247030656,0.9754367296266737,0.0008450307497300596,0.8658957065135179,0.8241657929466013,7.824358793796848e-05,0.7302734874210391,0.8345982713383305,5.8453332699718885
0.05,null,quantitative,,S4,c+PCs,hratt-w,p,maf>=0.05,30,345047,0.9903292317774713,0.003361449220761956,0.009627673911090373,0.9645062846510765,0.961028497566998,0.0009332062008943709,0.9158172654739788,0.9505951363147629,8.984283300535869e-05,1.1012992432914936,0.6955574168156802,5.8453332699718885
0.05,null,quantitative,,S4,c+PCs,hratt-w,p_doubled,maf>=0.01,30,536756,0.9846062496616875,0.003175508024144883,0.009587223990043893,0.9542510936067784,0.9631937044020001,0.0009054393430161935,0.9054393430161937,0.9054393430161937,8.57000201208743e-05,0.93152195783559,0.7824784445818956,5.8453332699718885
0.05,null,quantitative,,S4,c+PCs,hratt-w,p_doubled,maf<0.05,30,191709,0.9757052156804773,0.00551326649560376,0.009488339097277644,0.9316203203814113,0.9660474990741175,0.0008450307497300596,0.8658957065135179,0.8241657929466013,8.345982713383305e-05,0.7302734874210391,0.9389230552556218,5.8453332699718885
0.05,null,quantitative,,S4,c+PCs,hratt-w,p_doubled,maf>=0.05,30,345047,0.9903292317774713,0.003361449220761956,0.009642164690607366,0.9668248093737953,0.9616081287476778,0.0009390025127011683,0.9274098890875735,0.9505951363147629,8.694467710196002e-05,1.0433361252235203,0.6955574168156802,5.8453332699718885
0.05,null,quantitative,,S4,c+PCs,hratt-w-pooled,p,maf>=0.01,30,536756,0.9659517545056261,0.0032085354038174285,0.016094836387483324,1.5895490688506508,1.629418208646014,0.0032789572915812772,3.305039906400674,3.252874676761881,0.0009091654308475359,9.017132551848512,9.166176065102206,5.915681145561393
0.05,null,quantitative,,S4,c+PCs,hratt-w-pooled,p,maf<0.05,30,191709,1.015983540850461,0.00599818481645928,0.025413517362252162,2.5100543010500287,2.5726491714004034,0.006541163951614165,6.5098665164389775,6.572461386789352,0.0020812794391499617,20.55198243170639,21.073606351292845,5.915681145561393
0.05,null,quantitative,,S4,c+PCs,hratt-w-pooled,p,maf>=0.05,30,345047,0.9406363094921856,0.003155169311908635,0.01091735328810278,1.0781139960643042,1.1053566615562518,0.0014664668871197258,1.5244300051876989,1.4085037690517523,0.0002579358754024814,2.6083403130588008,2.550377194990827,5.915681145561393
0.05,null,quantitative,,S4,c+PCs,wls-w,p,maf>=0.01,30,536756,0.9848449389568745,0.0033997353506075366,0.00959653920962225,0.9527606584742415,0.9665471834502082,0.0009017132551848512,0.8979871673535089,0.9054393430161937,8.57000201208743e-05,0.9687828361490136,0.745217566268472,3.6262188335240353
0.05,null,quantitative,,S4,c+PCs,wls-w,p,maf<0.05,30,191709,0.9771449330163499,0.005373412086439048,0.009566582685215614,0.9264040811855467,0.9869124558575757,0.0008345982713383305,0.8554632281217888,0.8137333145548722,7.824358793796848e-05,0.7302734874210391,0.8345982713383305,3.6262188335240353
0.05,null,quantitative,,S4,c+PCs,wls-w,p,maf>=0.05,30,345047,0.9900238996221586,0.0033543226528341143,0.00961318313157338,0.9674044405544752,0.9552321857602007,0.0009390025127011683,0.9216135772807762,0.9563914481215602,8.984283300535869e-05,1.1012992432914936,0.6955574168156802,3.6262188335240353
