0 S0 0.13986294053808934 -1.545415043860388
0 S1 0.056271665890429257 -1.4964675700582937
0 S2 1.2014740509292627 0.79575048174369178
0 S3 -1.2815228969669932 0.58076940888161421
0 S4 -1.2868949856677621 0.52804300720255326
0 S5 0.1401852574658462 -1.412825200750675
0 S6 -1.249654112745038 0.56255435136085763
0 S7 1.1222807762192457 0.83737856812907874
0 S8 0.10189661302573279 -1.4675264118720928
0 S9 0.14180632585134817 -1.4157647796666459
0 S10 0.059959252834795224 -1.418599517147723
0 S11 0.18691137621184781 -1.4309281179640572
0 S12 0.15506538188654928 -1.4878552107221701
0 S13 -1.3103421034334999 0.58642541903960865
0 S14 -1.2496539452712039 0.58165569428188857
0 S15 0.0028245571596910071 -1.4317636771047415
0 S16 1.1328140934229605 0.82436612009238164
0 S17 -1.1815412876813391 0.62008878909208953
0 S18 1.2403651460434637 0.83396639877006895
0 S19 0.15102720170082015 -1.4999905072005855
0 S20 1.2415131458479682 0.79357847990707486
0 S21 0.14232552224921019 -1.3738608024045418
0 S22 1.1267230940470498 0.80504308149872594
0 S23 0.12769779843716042 -1.4683098098344889
0 S24 0.13779497565016116 -1.4971290884089521
0 S25 -1.1703031570764819 0.57054698631544365
0 S26 -1.3070807436094654 0.63786860738866724
0 S27 0.1746026778686621 -1.4665227971651562
0 S28 0.15420163506585327 -1.4293594635462099
0 S29 1.143143067465531 0.76464316358272755
0 S30 -1.2976485287793582 0.58159409451473321
0 S31 -1.2509893712222828 0.53788433188959306
0 S32 -1.2097836665893567 0.6149266316729165
0 S33 1.1846415564505564 0.78246420241225223
0 S34 1.1520304319088521 0.77167518303933003
0 S35 1.0790106776730088 0.81506184393012326
0 S36 1.1490255930388531 0.76106092313323037
0 S37 0.12940810960062929 -1.5572341100545981
0 S38 0.15135981107892366 -1.4277597369516706
0 S39 -1.288286884624402 0.65010443666794038
0 S40 -1.2790795774732664 0.53737337686471065
0 S41 1.2163005018892665 0.83006002442254934
0 S42 0.098457390113111873 -1.3645146973084006
0 S43 1.1186586342855209 0.72407217863948137
0 S44 0.15375372992090922 -1.3363460240401388
0 S45 1.1627891452497596 0.80990363621707195
0 S46 0.19921560377247161 -1.4792860663637535
0 S47 1.1827539564182927 0.81507554494595913
0 S48 1.1538220597364337 0.77745929305904471
0 S49 1.1654306786993047 0.76612828092104268
0 S50 1.1433539169355766 0.75862735544467841
0 S51 -1.2340483149739312 0.61478489743609466
0 S52 1.1497198171950487 0.8645214254783703
0 S53 1.1774607650528588 0.77198700293755629
0 S54 1.1876216177373311 0.76715760219755136
0 S55 -1.2617565067585013 0.60814905029873478
0 S56 -1.2703086007456317 0.62935657093645603
0 S57 -1.295032062350651 0.57898338812073868
0 S58 0.12683253431731129 -1.3709946845431844
0 S59 1.1206899404127035 0.77841304841882653
0 S60 0.075277188191753358 -1.4102799539389015
0 S61 0.10496698017450264 -1.3882833525458944
0 S62 1.1182859160659071 0.83238781136399376
0 S63 -1.2360663015324396 0.58217384800771355
0 S64 0.13773306895699744 -1.425723909812624
0 S65 -1.3320461045183025 0.66528041844960606
0 S66 0.17268270041689612 -1.4469346593774521
0 S67 0.15023027113880022 -1.4479103142996586
0 S68 1.1970618754225075 0.74368473401715307
0 S69 0.1863363390460355 -1.4266871414803164
0 S70 1.1647979089342035 0.80908677471689927
0 S71 -1.23279116493286 0.61983164623404496
0 S72 -1.217910145302276 0.53767642006181893
0 S73 0.11228175950848907 -1.4966758951916059
0 S74 -1.3027936436512901 0.56193197407189077
0 S75 -1.2835200502566917 0.56188564997671742
0 S76 1.1906501531947236 0.76743676477616474
0 S77 -1.3017022269585712 0.62562514290299487
0 S78 -1.2260981364232555 0.58820102288824994
0 S79 -1.2198436856411112 0.56275489536230416
0 S80 1.1453511743433877 0.74289865872776828
0 S81 1.141083554524168 0.75001670839706625
0 S82 0.057299627552682628 -1.4792235055687601
0 S83 -1.2237129698601701 0.62701019478044873
0 S84 -1.2464747032348893 0.49692375047667875
0 S85 0.1028743659128362 -1.4378047960131208
0 S86 -1.3223164453330141 0.56295013372233693
0 S87 0.10344539468989855 -1.4330281489228183
0 S88 1.1763533294559274 0.80220279086808477
0 S89 -1.248673110011298 0.56525744868612571
0 S90 0.14882647634393956 -1.458240755994523
0 S91 -1.2267088806988515 0.60045961530983416
0 S92 1.1702372941180339 0.81431114397453053
0 S93 -1.2074982509153867 0.59283134294061868
0 S94 1.2194296927255306 0.77612714881448019
0 S95 1.1496050442009222 0.80555188733889282
0 S96 -1.328964249508801 0.57465294544106715
0 S97 0.084017131889810096 -1.4198148630376584
0 S98 1.1443090983834943 0.78053653566678161
0 S99 1.1825783212392462 0.761621379314247
0 S100 1.1575409991683816 0.75496538309499595
0 S101 -1.2599751936763934 0.6694737890254554
0 S102 1.142165560737787 0.82522564416497024
0 S103 1.1810789779393467 0.80830889685783791
0 S104 1.1726382742164803 0.85019796526580571
0 S105 -1.2257225604220023 0.61125770106297361
0 S106 0.1178133392572988 -1.4520315229432434
0 S107 -1.3304660935793462 0.56969075581607087
0 S108 1.1260969312358713 0.76650985590813669
0 S109 -1.2429425974402235 0.61488110694704379
0 S110 -1.2485900556387537 0.5372751687362376
0 S111 -1.2179568812092174 0.59955775633307695
0 S112 0.039383538451347497 -1.3894344174153359
0 S113 1.19903596128537 0.78859385177545038
0 S114 0.13477531682391139 -1.3760111884551933
0 S115 0.15804965606488353 -1.4208909552947138
0 S116 0.10975245294680987 -1.4499882509454283
0 S117 -1.2184857153477509 0.58314467963721117
0 S118 1.1492140047748829 0.79071638474169192
0 S119 1.1114750669893319 0.8466247445069599
0 S120 -1.2939429528044295 0.6063640456129723
0 S121 1.1348724847305955 0.79590003023415967
0 S122 0.14001354525295812 -1.4788704559269699
0 S123 0.12518003330451738 -1.4878230172791955
0 S124 1.1340804028070359 0.77468669777572297
0 S125 -1.2553230902580645 0.62572253201448313
0 S126 0.11276806274820306 -1.3744434314803913
0 S127 -1.3183573436281901 0.57752727418768779
0 S128 0.11384733880483811 -1.4570633660328123
0 S129 1.1248829412057042 0.8446493095351495
0 S130 -1.2827248111271816 0.56525027323261545
0 S131 0.11801945385709646 -1.4321750835439362
0 S132 -1.2319615075563033 0.59482068714167868
0 S133 -1.2758012998046944 0.63889538002075841
0 S134 -1.242631040144718 0.54961234733897901
0 S135 0.089747885316560264 -1.4260053950502927
0 S136 0.08404667393295534 -1.3821924180622978
0 S137 1.1565679917675604 0.74849358734382276
0 S138 1.1947142609366637 0.81703366969512203
0 S139 0.081172483194350983 -1.4461599057165739
0 S140 -1.2696973049721711 0.58487864986749782
0 S141 0.1258790951922539 -1.4343249812019054
0 S142 -1.2434538447148533 0.62655464394170568
0 S143 0.030649656332981522 -1.4317641877983593
0 S144 -1.2820687924080618 0.5777406633905805
0 S145 -1.2543970788631824 0.59256914967317609
0 S146 1.1351756261283474 0.72915801241065736
0 S147 1.1743960617666707 0.82235558864715685
0 S148 0.13569012186882265 -1.4709482697919032
0 S149 1.2095994402700736 0.77740593316008777
0 S150 -1.258477413514496 0.6300428453154624
0 S151 0.14427676258017438 -1.453053638835208
0 S152 1.143995067966163 0.77927669588114545
0 S153 1.1303893021100229 0.73736691234638352
0 S154 1.1683376174747429 0.76561341461252197
0 S155 1.1604390701368501 0.79567902661318113
0 S156 0.1510234507066559 -1.4449813309136934
0 S157 0.097870735031571995 -1.4417754023589415
0 S158 0.12892747979194111 -1.4833589817996102
0 S159 -1.2805451445991152 0.58297904928874844
0 S160 0.11961942297547336 -1.4151283777823591
0 S161 1.0963455296150657 0.76393174369579919
0 S162 -1.2252036312503081 0.60586979849455214
0 S163 0.095491482870740121 -1.433992884062123
0 S164 1.1669326841304013 0.744986672368952
0 S165 -1.3068493292989503 0.62733651041317429
0 S166 1.179512133051283 0.73109197486560085
0 S167 0.08672424937601643 -1.4944489310055067
0 S168 -1.2082030164577462 0.59499795313023984
0 S169 -1.2530461673784423 0.61949760402303711
0 S170 0.091843349100768606 -1.4253633655826716
0 S171 -1.2347194596873168 0.54778472591755378
0 S172 0.085281980463144683 -1.4143473658661039
0 S173 -1.3546034871901169 0.55625310036771436
0 S174 0.14141674176792507 -1.3693588010283064
0 S175 0.10413063926702279 -1.5101577720620767
0 S176 -1.302354911766689 0.6073720947465524
0 S177 0.14171198186439765 -1.4912148709014355
0 S178 -1.2346717360681903 0.66253972616254708
0 S179 1.2428792524841525 0.8418417937870647
0 S180 -1.26172578935998 0.5813556367442001
0 S181 0.14957963342720682 -1.4074502052874935
0 S182 1.0960603235803081 0.80561624892971528
0 S183 0.11720879209157571 -1.4062846561190805
0 S184 1.1210512079863328 0.74807216568240631
0 S185 1.2172588883742532 0.85342071431912581
0 S186 1.2008756257725925 0.78740885558487572
0 S187 1.17686401631849 0.81134073064287482
0 S188 -1.2501885332169178 0.63206125708029381
0 S189 1.1404443110243379 0.78187234569377573
0 S190 1.1585486814434709 0.77725169577216047
0 S191 -1.236775404986945 0.61178903743164748
0 S192 0.098549626613083183 -1.4376937675856127
0 S193 1.1415834783307139 0.80205210726920828
0 S194 0.11918874802041927 -1.462458684381384
0 S195 0.13423059861911332 -1.4567053238084693
0 S196 0.16460537100314493 -1.374584624775955
0 S197 -1.2799867482773906 0.54156510781980161
0 S198 -1.2734511140444045 0.55204583238931171
0 S199 -1.2421273958255303 0.6162662255381699
0 S200 0.077028803994199244 -1.4474296945887397
0 S201 1.1107588417863197 0.70627983984133857
0 S202 0.087265969941191776 -1.3857034037052298
0 S203 -1.2288235574122004 0.53237413942177403
0 S204 0.037442043284675729 -1.447545117749246
0 S205 -1.2771143491929802 0.62730932342318246
0 S206 -1.254539587119283 0.53483578703141943
0 S207 0.1016235058781777 -1.397913723218295
0 S208 0.13084533652736788 -1.4076782649215154
0 S209 0.10363842135478009 -1.4343301998615996
0 S210 0.071216942226341562 -1.429404130040157
0 S211 0.10312910331986809 -1.4320624147835772
0 S212 -1.2721634796859527 0.58470635955418637
0 S213 0.11562020067368523 -1.4230778282663064
0 S214 1.1053731988320852 0.78853936934135171
0 S215 1.1908477849236885 0.78453792732498873
0 S216 1.1910356439498833 0.82246779521202829
0 S217 -1.1630795158912617 0.56411793110001196
0 S218 -1.2874595929072847 0.5843184993565651
0 S219 1.1489145626826411 0.7845727819267253
0 S220 1.140407773798231 0.70034011072928493
0 S221 0.1301046275125286 -1.4147434545833668
0 S222 0.1600014326741378 -1.4222315294617358
0 S223 -1.2657762905808601 0.58919773800044495
0 S224 -1.2871231255944275 0.63583516895983316
0 S225 1.1384919515552006 0.73438137420942262
0 S226 -1.2454068321450169 0.56379089676957983
0 S227 -1.3134042035908315 0.5622238461236585
0 S228 -1.2797680728221377 0.56536165655367021
0 S229 -1.2468740779369569 0.60542855134787121
0 S230 1.1253740754210879 0.80115545740726068
0 S231 0.17248995549381191 -1.4574467718976698
0 S232 1.1868675088176539 0.82677163136463616
0 S233 0.10579087379840964 -1.423192568245004
0 S234 -1.2787237986902364 0.63717230877670572
0 S235 -1.2373064802579283 0.61943810023063872
0 S236 -1.170914662403749 0.60050903585979309
0 S237 -1.2606000798821753 0.56967361085961854
0 S238 -1.2479835024307631 0.6024647674236675
0 S239 1.218887734850929 0.81201119234035879
0 S240 1.111952134900178 0.80446961847599252
0 S241 0.1204902350113647 -1.382632055554861
0 S242 -1.2952012270639244 0.59602195188047435
0 S243 0.16617697966717535 -1.429581541130772
0 S244 0.12308566482372502 -1.5233850134067985
0 S245 0.13101368177856071 -1.508763793958888
0 S246 -1.270602770603837 0.57351250080312521
0 S247 -1.2359021479821597 0.55856673714143823
0 S248 1.1441545594620905 0.72586735185294449
0 S249 -1.2452336332448495 0.61712734910409017
0 S250 0.14942049722063111 -1.4288521955627334
0 S251 1.1796755211390841 0.74518256338370947
0 S252 -1.2728370604556922 0.65793127503523796
0 S253 -1.2704885016870064 0.55860532032948929
0 S254 1.1564096854580159 0.85227711839935993
0 S255 1.1816367321826731 0.76307903290716428
0 S256 0.14121040082806191 -1.3357264465913261
0 S257 1.2169346834989558 0.70736007034306259
0 S258 1.2135922915764124 0.77116519152720564
0 S259 1.1433316336767112 0.82868615022187098
0 S260 -1.2836607436392031 0.63803099811256481
0 S261 1.1524560503264973 0.76339715037493228
0 S262 0.15426765346707866 -1.4190548779036574
0 S263 0.14784804977323251 -1.4503492267833462
0 S264 0.12979581316512526 -1.45085673124944
0 S265 0.10252909613029461 -1.4819256500696301
0 S266 -1.1810837724561971 0.54316540602191632
0 S267 1.2018824581199163 0.77580755252267808
0 S268 0.10896711872177962 -1.4858699176869052
0 S269 1.1470403038321833 0.70964745125190165
0 S270 0.15366327959079723 -1.4253587107550061
0 S271 1.2177693672057583 0.77067676845445376
0 S272 -1.2541216885451258 0.66194652236728779
0 S273 1.1823937470893076 0.76040047225706642
0 S274 -1.2175024124603315 0.57652932395023648
0 S275 -1.2580763030295183 0.60630673013115222
0 S276 0.13691664411961058 -1.4540650943404168
0 S277 0.088428234470596001 -1.4437441746836934
0 S278 1.1216200089295678 0.76440260935544069
0 S279 1.2166412841165706 0.73798774923450206
0 S280 0.15067472787421216 -1.4885434015637227
0 S281 1.1479056158781527 0.76322948798948087
0 S282 0.13610928291779709 -1.3925658646521548
0 S283 -1.2771009215802427 0.62976650151301938
0 S284 1.1151022499356238 0.84951230503706532
0 S285 1.1667165031113893 0.80827443883682037
0 S286 0.14885974203378227 -1.5070191557612336
0 S287 1.205184966407689 0.8585450716878068
0 S288 1.1872001371818579 0.78459388712882094
0 S289 -1.2630811378366005 0.56371494063189787
0 S290 -1.259845796512242 0.52927302792247011
0 S291 -1.3051065389663399 0.58031086892862171
0 S292 0.0997511712779027 -1.4110605015275615
0 S293 0.14156754151198275 -1.4243711509988453
0 S294 -1.2430222314193391 0.56114577930479992
0 S295 1.1307023314280185 0.76328305665106477
0 S296 -1.2690531398705107 0.5654975161290563
0 S297 -1.1909616713153823 0.56331805803931123
0 S298 1.1841583511060334 0.8475640046458458
0 S299 0.17222277185572199 -1.4132762176010376
0 S300 1.1684717691774484 0.74507346745542724
0 S301 1.1693661614403692 0.74412968905432908
0 S302 0.1452625208726947 -1.3813456317624833
0 S303 -1.2586871512606865 0.53817200535671827
0 S304 0.13346883015237837 -1.4251326017713335
0 S305 1.1629687157768067 0.75316825930394071
0 S306 1.1593644677940216 0.76263305653408797
0 S307 0.16871876362758223 -1.4495662678346954
0 S308 1.1575426491898555 0.8435486534108575
0 S309 -1.2566435929384927 0.6046069531836249
0 S310 0.12948470925985894 -1.4006568192750228
0 S311 0.12774021992722975 -1.4112137093537169
0 S312 0.094079137298743717 -1.3639438868258538
0 S313 -1.2697918607721626 0.56864873849856512
0 S314 -1.2638483412386579 0.58379406249561949
0 S315 -1.214243993916617 0.57186512313118065
0 S316 -1.2504125630128227 0.59426905958717646
0 S317 0.12462433529753916 -1.449160155954244
0 S318 0.17905556853052193 -1.4641050736616075
0 S319 1.2097731622555412 0.76653391405750326
0 S320 1.1609505191158906 0.77297347909030723
0 S321 1.1576654111929447 0.71875880302962358
0 S322 1.1317135455508793 0.75632796010904069
0 S323 1.1637199302431112 0.78053105828882774
0 S324 1.1834848821778985 0.811992553628886
0 S325 -1.2188740762615571 0.5857957921600937
0 S326 -1.219350801682888 0.62852265432641607
0 S327 1.1698202429566305 0.73576346154410299
0 S328 0.14122955839409876 -1.4033398616615969
0 S329 -1.1825485180102644 0.50832318641612384
0 S330 1.1832287528267473 0.80561614351575372
0 S331 1.2112199615263468 0.7846149873776469
0 S332 0.16548651737519487 -1.3985586768781644
0 S333 0.11996717585173904 -1.4034914336290172
0 S334 0.090791345383804789 -1.4469444645942258
0 S335 -1.2793417712242896 0.65013475521854913
0 S336 0.061518082509728469 -1.416927460890405
0 S337 1.1799291114496007 0.86753394399238404
0 S338 0.056609530387537306 -1.4261664629037298
0 S339 0.10407394926179939 -1.4438708795532127
0 S340 -1.2694965855044253 0.64416605729086684
0 S341 1.1755143538526382 0.74708969944793735
0 S342 -1.2492334278599042 0.57994576345890314
0 S343 -1.2146588215867387 0.59295643711640034
0 S344 0.11272103969898845 -1.4403840682569853
0 S345 -1.2460546273311319 0.606407897597811
0 S346 -1.3081317610839287 0.60015486948276087
0 S347 0.066685817358883515 -1.4197818842098604
0 S348 1.156955170090489 0.75614210127471992
0 S349 -1.2701889606541061 0.60505601385296182
0 S350 1.1409998140349988 0.82103087661116192
0 S351 1.0963506168828117 0.75335535985734425
0 S352 0.12564078421146774 -1.3564066692387213
0 S353 -1.2582799589531459 0.53095173164044274
0 S354 -1.2770564597161409 0.58609338998062543
0 S355 1.1023883698808756 0.79295127306616975
0 S356 0.16656263357073836 -1.4556252767053004
0 S357 1.2511396411391049 0.75311101872758091
0 S358 1.1197675682945201 0.81104435730385416
0 S359 1.1739211566082515 0.77435551414474924
0 S360 1.1170541519064452 0.81922159021822183
0 S361 -1.2374272564276194 0.5903034111514569
0 S362 1.2171044971146225 0.75852984972040238
0 S363 0.16524434006838054 -1.4041282522429142
0 S364 -1.2818287638672958 0.63452244598196827
0 S365 0.086172402855653515 -1.4972760354508685
0 S366 -1.3309257576625775 0.61583387414901403
0 S367 -1.222513994457525 0.64417074415178643
0 S368 1.1594114533929514 0.77928424333920854
0 S369 1.1667982980918017 0.74574189305005845
0 S370 -1.3084683892511562 0.53362106812920351
0 S371 0.14416931634341781 -1.4087785842641911
0 S372 1.1457136458852326 0.78489035560600606
0 S373 1.1476059777550704 0.7908243113288187
0 S374 1.101600602525538 0.85800792458505204
0 S375 -1.2392574176596016 0.56914825398262603
0 S376 0.04102505929439057 -1.4344994878581427
0 S377 1.2055515046676033 0.76510409654234879
0 S378 1.1043556025640004 0.75766827124858238
0 S379 1.1538638367859273 0.82394272588584516
0 S380 0.12535804911509607 -1.4192280047725587
0 S381 -1.2063283150927986 0.55236129254804511
0 S382 1.1212107126636033 0.82163197887978556
0 S383 1.1809405555010788 0.81543264111550962
0 S384 -1.2451714671216778 0.62942013027035792
0 S385 0.13506664684385974 -1.4469949876752319
0 S386 -1.2860375146504595 0.63097930233556165
0 S387 0.072095558538099985 -1.4422257170861597
0 S388 1.0933229493776966 0.79905702805467904
0 S389 0.10662392264430826 -1.4823253393227032
0 S390 0.10330186085551883 -1.4058865437388248
0 S391 -1.289570343445702 0.62398023790450163
0 S392 -1.3126501650330307 0.51585796247712357
0 S393 -1.2225923004012365 0.61903486319709844
0 S394 -1.2220286805794478 0.62172002607839338
0 S395 -1.2743547038373793 0.54746414886412897
0 S396 -1.2898491193274708 0.64842128194812276
0 S397 0.17224907926939792 -1.4821519339541955
0 S398 1.1501082110144742 0.75486647887663927
0 S399 1.1442180080472535 0.78653562663852739
0 S400 1.1602123628907695 0.78019090880502939
0 S401 -1.3163071600096738 0.51018276947606866
0 S402 0.11845528664067487 -1.4741053467115737
0 S403 1.1260285625255178 0.76691918298883344
0 S404 1.1530777066937106 0.76986057525298313
0 S405 1.2376743836626383 0.81403904944962568
0 S406 1.1872499081262335 0.83890445107395228
0 S407 0.048121464628913105 -1.4633810826552123
0 S408 1.1462588396222957 0.74247449685057942
0 S409 0.10585350675499651 -1.4145388662428799
0 S410 1.1169254233033272 0.79913315940138396
0 S411 1.0815725290170617 0.80449779310066283
0 S412 0.12779249510213664 -1.4265910339712162
0 S413 1.1420942844457254 0.76742360044007107
0 S414 -1.2153604627999048 0.60244905398545801
0 S415 1.1407255556819984 0.78425567688081232
0 S416 -1.2570515333218892 0.62114709519463462
0 S417 0.13149066387479799 -1.4486585852261598
0 S418 1.2054412182561227 0.75607851343333521
0 S419 1.1631461157313963 0.80818671295200473
0 S420 0.12372911763276094 -1.4440734691286952
0 S421 -1.2859760288136992 0.62683428483824366
0 S422 1.1769428287207719 0.83174643750414223
0 S423 1.1971847427399251 0.81019866442503652
0 S424 -1.3244667661532092 0.60111731503814247
0 S425 0.12101850066475062 -1.4736190526043333
0 S426 1.1454631522425516 0.79421690475946416
0 S427 -1.2202922781331123 0.64931021539242062
0 S428 1.2180515177196769 0.8417471288745515
0 S429 -1.265822946787263 0.60355096789386753
0 S430 1.1555691580809091 0.82027596114933032
0 S431 -1.2666485978875195 0.60641139696281532
0 S432 0.12109396724990279 -1.4213303645373012
0 S433 1.1474093507950109 0.80994309360200856
0 S434 0.15452903951301181 -1.4557153720544949
0 S435 0.1547497925443394 -1.4021519160906453
0 S436 1.1320609241395658 0.76889401478037278
0 S437 -1.2953727187004669 0.65332822140369873
0 S438 -1.2129203016603571 0.57589294950147796
0 S439 0.19024508976293664 -1.436943614783263
0 S440 -1.2389227984033149 0.66461366844602499
0 S441 0.099605149682749569 -1.4584204476900837
0 S442 -1.318560110620604 0.60663874966930231
0 S443 1.2131454516370699 0.81658442369455919
0 S444 1.1894387147051535 0.77235040475478944
0 S445 -1.1922917451320516 0.59894595091281955
0 S446 1.0874135320387033 0.81914286193723385
0 S447 0.034906578239698699 -1.4362396971633533
0 S448 -1.2624116157825152 0.62563076000902029
0 S449 0.13382158761162485 -1.4294827842783786
0 S450 -1.3165832497347207 0.56891391555492365
0 S451 -1.2791866793088351 0.69748921946120512
0 S452 -1.2027245001317544 0.5901887625754727
0 S453 -1.256932495097655 0.53830589133506646
0 S454 0.084066231001151667 -1.3701523434816554
0 S455 1.1204583690108572 0.77767077719842947
0 S456 0.086007337150454624 -1.4302984905217417
0 S457 1.1943143930755236 0.69506410582028155
0 S458 0.19014371043204059 -1.3929792676575343
0 S459 1.2315466083994975 0.86634762728377768
0 S460 1.2512990753340185 0.82393224128616438
0 S461 1.1610688000383191 0.75131111462799105
0 S462 0.13984792933964965 -1.4653265303683383
0 S463 0.14885973641705066 -1.4578987861461628
0 S464 -1.2326495912328967 0.51708228733500705
0 S465 -1.2364323257456769 0.56971343567023403
0 S466 0.078299849135367874 -1.413537921183398
0 S467 0.17695829489629589 -1.4115339307211168
0 S468 1.1272813143941109 0.72421702538854194
0 S469 0.10842393450954048 -1.4393979434534543
0 S470 -1.2659408446410614 0.61051288628422273
0 S471 -1.2618164207343356 0.58002344709987974
0 S472 1.1977398091642859 0.77359880828881489
0 S473 1.2006974772554984 0.77144895474418951
0 S474 0.14281839891000048 -1.4466914672787121
0 S475 -1.233714804079789 0.59563250974588677
0 S476 -1.2165995121008923 0.59271363660451248
0 S477 -1.3236734556168224 0.6090716476648429
0 S478 1.225161402045402 0.82429025147150825
0 S479 0.13423358251046907 -1.4457363136650832
0 S480 0.096838409914779558 -1.4424677336936986
0 S481 -1.28815937796952 0.58706702500688612
0 S482 -1.2315003081161697 0.62725514742989963
0 S483 -1.2717660650065461 0.63116324164134541
0 S484 -1.3099343842704387 0.6735352586550577
0 S485 -1.1847962070700462 0.62803704361249835
0 S486 1.1704518440739771 0.80887069374444054
0 S487 1.1474215752325791 0.73487002034464022
0 S488 -1.2336047576693983 0.56524120767815555
0 S489 -1.2178850469408049 0.57077501228912508
0 S490 0.061239898473687104 -1.3812220297989759
0 S491 0.12930989153534048 -1.4814055497705811
0 S492 -1.2376495658547808 0.6248260358771941
0 S493 0.13164673608010938 -1.4404460629530658
0 S494 0.12337085970353905 -1.4136880287034366
0 S495 1.2376628763906128 0.86878573378264623
0 S496 0.11812714881891964 -1.4709555459838835
0 S497 -1.213316087699351 0.53249618593838188
0 S498 1.1607746455733698 0.75949007205180064
0 S499 0.065529021641572996 -1.4258126433281262
0 S500 0.041397265675861626 -1.5162718719528909
0 S501 -1.1978848083178228 0.67378212385647995
0 S502 0.14907926648524439 -1.4126346407823442
0 S503 -1.2948472888858851 0.57237276196345321
0 S504 0.086738955240472218 -1.4442455144846398
0 S505 1.1457025115490509 0.76359112956936004
0 S506 0.17126788959755446 -1.383651795813696
0 S507 0.12494225436294576 -1.4477870282436776
0 S508 0.083389822411940887 -1.4136389951518369
0 S509 0.12082272227558308 -1.3945135954479522
0 S510 0.095113743688259769 -1.5212446691387471
0 S511 0.13170375892596617 -1.4107959794237739
0 S512 0.11719599842915224 -1.4022451736843515
0 S513 -1.277463219509446 0.58092152737848746
0 S514 0.10388643283207682 -1.3764171422284304
0 S515 1.1925895516194869 0.72177919307621285
0 S516 1.1824025094700861 0.84495963499289173
0 S517 0.078244945721023224 -1.4713232841856301
0 S518 -1.251618158165388 0.60327438721091819
0 S519 0.087038216980129895 -1.4469527029113431
0 S520 -1.2708935321015635 0.5986974740986768
0 S521 1.1813844890206819 0.81608821240277574
0 S522 0.15077110731421164 -1.4525121170643274
0 S523 0.15406139650015413 -1.3613264296197813
0 S524 1.2019774933742151 0.8189009178804838
0 S525 0.0972249351902498 -1.4615866031213707
0 S526 0.084782563584431189 -1.4513417475353494
0 S527 1.211113635213442 0.84627879106351245
0 S528 1.1788484993036141 0.74886420306860568
0 S529 1.1630856463797821 0.7815083516582213
0 S530 1.1743096783486202 0.84565593825282936
0 S531 -1.2820787859767708 0.66090946140737794
0 S532 -1.2441849170073263 0.54234613933752962
0 S533 0.10287751444877459 -1.4421741754742416
0 S534 -1.2116388343113447 0.53248365557268418
0 S535 0.10266181781970184 -1.3949574041131181
0 S536 1.1383810480544228 0.79970669024772845
0 S537 0.17097950109899082 -1.5154904023890654
0 S538 1.1747643384861144 0.83328416950333417
0 S539 0.080380746198730452 -1.4300935574820635
0 S540 0.13073417763335338 -1.4720909156246031
0 S541 0.13717002544926651 -1.4372094557250674
0 S542 0.14789306986328893 -1.4199638628329609
0 S543 1.1349492196467079 0.81678553195750914
0 S544 0.13267040493912305 -1.4144798154895621
0 S545 1.1460482489026089 0.77451475375043299
0 S546 0.13856483416358928 -1.4126951124446598
0 S547 1.1253071611263987 0.79493125673675269
0 S548 -1.2825130338539312 0.54508127528596861
0 S549 -1.2354000911241745 0.60815839503212432
0 S550 1.1988941685407504 0.7950986045277032
0 S551 1.2177516628029403 0.79681616214436224
0 S552 1.1780817013304488 0.78486956375109629
0 S553 0.10998912415371098 -1.4260878371940076
0 S554 1.102913973826537 0.73387554817523071
0 S555 -1.2178812960493997 0.62830958408384996
0 S556 -1.235656018485296 0.62345767376319439
0 S557 1.1378758460796565 0.74974806930503013
0 S558 1.2525031178952142 0.78035297421972261
0 S559 1.1896456355770362 0.76395390242200756
0 S560 -1.2474746338470544 0.60843681647355463
0 S561 0.11574040827299928 -1.4143624122547522
0 S562 1.1881860037148342 0.73339083898915447
0 S563 1.1688176832863537 0.82876104361784453
0 S564 -1.2030108968084807 0.59487090974392287
0 S565 -1.2947127811792116 0.55999231168721753
0 S566 1.156272972491583 0.73926550561895898
0 S567 1.1449913510225098 0.88061386293946331
0 S568 1.1666826205786485 0.78659006732875891
0 S569 -1.2853931090403095 0.57679897573396366
0 S570 -1.2755308895222151 0.58489524182636898
0 S571 0.11269871308245712 -1.5124115511471543
0 S572 0.097428254997702912 -1.4659817633603403
0 S573 1.1702693444359646 0.78120677671941663
0 S574 0.1453160391443121 -1.4730912727042624
0 S575 0.096336794223595965 -1.4622574516401796
0 S576 -1.2247726667182621 0.55454724198338756
0 S577 -1.2115657091952658 0.6111369458135324
0 S578 0.14847408399401979 -1.4383093409216965
0 S579 0.094029700695030319 -1.4464677486489694
0 S580 1.1997852234617428 0.82614829615724328
0 S581 1.1842442227162298 0.83805699703904624
0 S582 0.13373722541459904 -1.386027700716481
0 S583 0.15299127425134182 -1.4345486337843789
0 S584 -1.256813311615969 0.49367676417021839
0 S585 1.1796797455251185 0.77781241750925845
0 S586 0.049945129241148238 -1.4141387583682277
0 S587 1.2198126562942695 0.78578289514315658
0 S588 1.1506011413984079 0.77214420936501504
0 S589 1.2080647509918512 0.81351768507586431
0 S590 0.15809332331067402 -1.4064153066519349
0 S591 1.1780053659157692 0.80379785979924623
0 S592 0.11077921963283084 -1.4603439466414756
0 S593 -1.3559760092716158 0.5504538862754631
0 S594 1.1934447625595774 0.72407257673766712
0 S595 1.091406468146414 0.84347062630037661
0 S596 -1.19361112961723 0.56721393035290413
0 S597 0.1262183997175941 -1.4656947668568652
0 S598 1.1343241369928543 0.76484624403388102
0 S599 1.1703096923018061 0.84646999943281009
0 S600 1.1678981444545913 0.8317051978640938
0 S601 0.099111650418498315 -1.5234121574204522
0 S602 -1.2422649148349647 0.54473650308575738
0 S603 1.1315647323858928 0.8200737731783222
0 S604 1.1345183399230905 0.82736273286039286
0 S605 -1.2304121560958257 0.57145937584546569
0 S606 -1.2766276639104184 0.58185720358597648
0 S607 -1.315436972904922 0.53320562599054322
0 S608 -1.1988459935554518 0.49894437513212636
0 S609 1.1096398912674859 0.76719614234172684
0 S610 0.083234959199101094 -1.4110842181321031
0 S611 -1.2507986209152948 0.59549635987999805
0 S612 -1.2479959540049872 0.62382484569749574
0 S613 1.1299304745677314 0.78531947928634938
0 S614 0.077361460742463223 -1.4324550607051321
0 S615 0.12104398338760032 -1.5479983843420742
0 S616 1.1209353506344497 0.78503115200854912
0 S617 1.154812705711691 0.74337938575947071
0 S618 -1.2359705792099334 0.60973939965809665
0 S619 -1.2635869601097969 0.59331563106786001
0 S620 -1.2994304372156333 0.64351943742442519
0 S621 0.10027645053087246 -1.399904841345504
0 S622 1.1762868437393434 0.7508339149088703
0 S623 1.2190223362304677 0.7961565318284648
0 S624 0.10384275308975899 -1.4010181837371043
0 S625 1.1722526338515364 0.79848520184329619
0 S626 0.13568787234101035 -1.395310498502258
0 S627 1.2125465647806897 0.74732033527260078
0 S628 0.16438006400261809 -1.4382425021440162
0 S629 -1.2884639084812404 0.5970013392005532
0 S630 -1.2696875750061791 0.56392904504972485
0 S631 -1.2986686480212855 0.55095357004977297
0 S632 -1.2447407532258641 0.58564777036200233
0 S633 1.1380825936120733 0.79851615933011022
0 S634 -1.2150678499400136 0.57433397650142781
0 S635 1.1773171427005096 0.83400717686563808
0 S636 1.2164635923665836 0.81389013998799897
0 S637 -1.2498702726613014 0.54611679519890521
0 S638 1.1672759833458426 0.83227537917313099
0 S639 -1.2362701713028015 0.56650349738933925
0 S640 0.074276320080017041 -1.4383225803755033
0 S641 -1.2358890031403433 0.55641033698297604
0 S642 0.11270886703961669 -1.4124138865509748
0 S643 1.1858129464160108 0.75255111343348269
0 S644 -1.2869654342660364 0.62401778673685415
0 S645 1.1270896212842907 0.74042922271721434
0 S646 -1.2945264141866069 0.65627139288825531
0 S647 -1.2207874886914445 0.64315546013189939
0 S648 -1.1900198210049868 0.54612191606555116
0 S649 0.1522940472587028 -1.4551643569057984
0 S650 0.092274266018659692 -1.3976006498840585
0 S651 1.1948541467840523 0.83149603325987276
0 S652 -1.2779030653520138 0.64751017011015033
0 S653 1.1889336213990789 0.79089539418725907
0 S654 -1.1866226451126844 0.60731506915089295
0 S655 1.1448744834403028 0.79746561841482144
0 S656 1.21059044201971 0.79113582067371113
0 S657 0.14499303027321347 -1.4691531754931824
0 S658 -1.2855674210237409 0.62635806212301004
0 S659 -1.2657149114217616 0.5996223438968642
0 S660 0.074815420604735478 -1.4812363998332065
0 S661 0.15047708581343405 -1.45170273723254
0 S662 1.166921191239751 0.80426698179946343
0 S663 0.13146203119249356 -1.4335510786645753
0 S664 -1.2819341217998643 0.55507748403776724
0 S665 -1.2893457282333247 0.53002036925506169
0 S666 0.086506001753562045 -1.446432545519531
0 S667 -1.2691258346095744 0.60469177282952769
0 S668 1.1915278673686087 0.82602468104344662
0 S669 -1.2578096915997219 0.5859293912711413
0 S670 1.2096129647373102 0.81722883397322332
0 S671 -1.2838915632394736 0.5628169070836162
0 S672 0.10722409861010974 -1.4850320285959442
0 S673 -1.2617857076290828 0.60179195392194207
0 S674 1.2123674719962432 0.78297006262881919
0 S675 -1.2688764147981269 0.63378171933034422
0 S676 1.1924042360700386 0.77063053155563221
0 S677 1.1090040155584944 0.75894246807645671
0 S678 0.10762916769944955 -1.4202010035125134
0 S679 0.046207697348197539 -1.5117892612069157
0 S680 0.14727005777459135 -1.5395473386889718
0 S681 -1.2051928672487175 0.54766689546968295
0 S682 0.094538558020937358 -1.3922465353100699
0 S683 0.15100146975609946 -1.4157274189696287
0 S684 1.2056187646408023 0.78305856134249385
0 S685 0.17618356028857651 -1.4313213632228552
0 S686 0.12885471911727225 -1.4717667124267393
0 S687 -1.2665582050222923 0.57964165912351551
0 S688 1.164613952733166 0.7866633188995058
0 S689 -1.2727418251964071 0.54011110961567521
0 S690 0.15520295221175651 -1.4179232584501176
0 S691 0.10827202285273196 -1.4898794668897173
0 S692 1.0971274496549461 0.7629569608094765
0 S693 1.2112978166609762 0.81978511121724962
0 S694 -1.2372962988447582 0.57221432481934775
0 S695 1.2069360892831813 0.76493407904078015
0 S696 -1.2680394568755469 0.59493874424436211
0 S697 0.13626884210076964 -1.5219208303591611
0 S698 0.090937586854124647 -1.4271798318513247
0 S699 0.1292877165691633 -1.4248273190298459
0 S700 -1.1977320376169094 0.61487901952575597
0 S701 -1.2300962757907936 0.57734856582674599
0 S702 -1.2401486760978218 0.54332820596248521
0 S703 1.169453614634582 0.75088962150709082
0 S704 1.1018824316529534 0.76805146337880081
0 S705 -1.2997281265866985 0.56812038234006479
0 S706 0.12016304605119049 -1.3866200752076068
0 S707 1.2028044084868461 0.77473062093533129
0 S708 -1.1953958991967986 0.57270874924487658
0 S709 -1.2443800251711299 0.68404234070960124
0 S710 1.1505740123031831 0.80755535860160432
0 S711 1.1491431968284576 0.80290636305989216
0 S712 -1.221572208770854 0.57442337949317723
0 S713 1.1880961355998139 0.75791945319807896
0 S714 0.12951491403466148 -1.5072657783751215
0 S715 1.1335595800940907 0.77057106830707212
0 S716 1.1182160661331426 0.72637631272113146
0 S717 -1.3046267598208277 0.60915445752268949
0 S718 0.11943490820431593 -1.415095420197847
0 S719 -1.3227760634074408 0.61953740517970735
0 S720 -1.220789634664023 0.58852150707080275
0 S721 0.12100442698187004 -1.4698745619192974
0 S722 -1.2971599559816147 0.58413219525101201
0 S723 1.1001375093322423 0.795283397206203
0 S724 0.11090213724671844 -1.4991371058385752
0 S725 0.16512921974936579 -1.4008959729973205
0 S726 -1.2584770761143742 0.65077124103920514
0 S727 1.1883046447253731 0.77032386956885168
0 S728 -1.2564843671465018 0.52493554659442776
0 S729 1.1733189107561715 0.85510457371472726
0 S730 0.12537309882865719 -1.4739325469635711
0 S731 1.1534267449748237 0.78758497485749013
0 S732 -1.2742678337666635 0.50061274076916407
0 S733 0.17407954580803961 -1.4486433938824013
0 S734 0.11585148995393013 -1.4608127378288747
0 S735 1.1393861431622141 0.74724959825038917
0 S736 1.1779253890077894 0.80136777840705864
0 S737 1.1888148312792679 0.81548635280113646
0 S738 0.15739966161953783 -1.4140885376327315
0 S739 1.1587924506072937 0.78705796739936718
0 S740 1.1624626967704819 0.74022490913331218
0 S741 1.1162165845066598 0.84591089831022703
0 S742 -1.2112403771771678 0.58869593102140971
0 S743 -1.3080026599170766 0.60906021699749147
0 S744 1.1737826339777588 0.77183226373108016
0 S745 1.0884241125035756 0.7640284295269627
0 S746 -1.3223889599120124 0.63893877709952196
0 S747 0.094329293010919968 -1.3998691097567051
0 S748 -1.2002592166367783 0.62318956547089077
0 S749 1.1642659552183972 0.7879032900264652
0 S750 0.15353292115160319 -1.4398176997526242
0 S751 0.10096707662655381 -1.394481351998502
0 S752 -1.2757401369085037 0.57412168108529327
0 S753 0.16473061275007922 -1.4841130978167811
0 S754 -1.2972751192691769 0.62125371968452114
0 S755 -1.2964213080801921 0.65731785817350985
0 S756 -1.2576870501865203 0.55814462103746632
0 S757 -1.1421354065606961 0.60568090604897695
0 S758 -1.2797747897702962 0.58011276540826395
0 S759 -1.2133295986129746 0.64474631129012805
0 S760 1.2074913942826617 0.79957136233779114
0 S761 0.12904924051565705 -1.4170211666131685
0 S762 1.1588535700516407 0.77903468290184152
0 S763 1.1873182546081613 0.78162689859647461
0 S764 0.076263440811590491 -1.4264233504358133
0 S765 0.078995976188924205 -1.4311899035186249
0 S766 1.1979701499899487 0.79393540504409965
0 S767 1.1779597514645752 0.82930131579199629
0 S768 0.14159210588118598 -1.4857920730704779
0 S769 -1.2175593642653137 0.53931030959223325
0 S770 0.17322592364948494 -1.3613331460808498
0 S771 -1.2634123534176256 0.54941667215329637
0 S772 0.10648308268431664 -1.4439882579661734
0 S773 1.1112044018752953 0.7755729821915277
0 S774 1.1400154593371787 0.74149742156580378
0 S775 0.17950696389786744 -1.4157560522343331
0 S776 -1.2420433757442697 0.59690282060228528
0 S777 1.2197343345232843 0.80160892753289692
0 S778 0.1377424290961225 -1.4476970327309164
0 S779 0.16474393047485195 -1.4287178479940537
0 S780 1.1530525677656585 0.86094806603149854
0 S781 0.12200946361383232 -1.479580841789778
0 S782 0.1393454122219572 -1.4650961641545821
0 S783 1.1152328467336527 0.71149552908336045
0 S784 1.1436124795110101 0.82024833441473022
0 S785 -1.2683017354808477 0.60810251396260095
0 S786 1.1959054049465361 0.79219964803480458
0 S787 0.13507682327086351 -1.4456799579351522
0 S788 0.10548287746209449 -1.4593390135327942
0 S789 -1.2589122777161206 0.57495749026894016
0 S790 1.2047328209061903 0.81356126857038169
0 S791 0.14785950189586647 -1.4322338429049406
0 S792 0.10483892318573589 -1.4719176849436566
0 S793 0.057717860238903081 -1.428102145146489
0 S794 -1.2667707327287998 0.55136180694146741
0 S795 1.246910374305972 0.83433636425039115
0 S796 -1.2681048660736471 0.56263600806072755
0 S797 -1.2297213804831051 0.6003685053841662
0 S798 -1.2520454337672087 0.61929154316544566
0 S799 1.168565740283348 0.78217764299042081
0 S800 1.1829876078238162 0.7713917357722625
0 S801 -1.2550842719067796 0.5473131808228644
0 S802 -1.2236162656617919 0.60484317698656453
0 S803 0.091164976211290702 -1.4665715972067181
0 S804 1.2035943201363182 0.82047668204447211
0 S805 0.14766610516943782 -1.4455422791402259
0 S806 -1.2573315806828333 0.57898968627635006
0 S807 1.1828833703183013 0.82504416417950599
0 S808 1.2044589008746922 0.80330386383448493
0 S809 1.0829998703366783 0.80553694277191779
0 S810 -1.3058814636190319 0.6155137238210987
0 S811 0.13044422172053552 -1.4448501719230527
0 S812 0.036227451747034893 -1.4211898673982128
0 S813 1.1435024101230973 0.79493488390554057
0 S814 -1.2190897210376637 0.59625552860205133
0 S815 1.1163929073480074 0.83650901981694958
0 S816 1.1329690352998589 0.79020604060098509
0 S817 1.0917617295460675 0.80000859321886697
0 S818 -1.2118905292513211 0.60225598463936547
0 S819 1.1158951151377126 0.80932533820020458
0 S820 -1.2658742219778929 0.56301394524763126
0 S821 1.1472631640545561 0.7958989292977231
0 S822 0.065375287196287241 -1.4533387640252518
0 S823 0.097947326215037447 -1.4349089290076293
0 S824 1.1197857416205872 0.71013770850309899
0 S825 1.2116474051799853 0.76121986120336171
0 S826 1.1402358236949739 0.80242061310715018
0 S827 0.094082038200150014 -1.4236870331472775
0 S828 1.175483319892459 0.79299543961766461
0 S829 0.11539320601962377 -1.4606451859628851
0 S830 -1.2694691114020664 0.56377873548899626
0 S831 1.1287166981333332 0.80856388263548773
0 S832 0.097741329834413457 -1.5526661639059611
0 S833 0.12353691691135665 -1.4175716915582255
0 S834 1.1604270706236095 0.79118435560888056
0 S835 1.1615614608631379 0.76043102011731367
0 S836 -1.2405508316710907 0.6148295053845263
0 S837 0.12491478671960701 -1.4497954089523291
0 S838 -1.2325419262413291 0.64705749811077273
0 S839 1.2134415952110866 0.79073524291416397
0 S840 0.14092876222104653 -1.4666546404927754
0 S841 1.1884464592599011 0.81956089544978172
0 S842 -1.2600062821896454 0.59925184996114056
0 S843 -1.2893882984028142 0.59454265954497698
0 S844 0.16143917254084755 -1.4443153043041124
0 S845 -1.3217969736084527 0.611034643702137
0 S846 0.076751724821368716 -1.4773388483219856
0 S847 -1.2836630754211968 0.56842029660748161
0 S848 1.1675872931321913 0.81342182571180643
0 S849 -1.2296373596589185 0.51991647202700886
0 S850 1.2363519169691699 0.80366019087856888
0 S851 1.1502705082513884 0.81225727827738359
0 S852 -1.23886783057838 0.56921113557633107
0 S853 0.1592782129353848 -1.4604134156583388
0 S854 1.1767095550187445 0.81189624964674245
0 S855 1.1665547000070262 0.76016261674139707
0 S856 1.1728963010245357 0.74560007127534256
0 S857 1.111456023816215 0.77803637880237242
0 S858 0.21421590720447167 -1.4031221995316598
0 S859 0.10497082584893412 -1.4516178057105456
0 S860 0.12403169619350926 -1.4198657036085205
0 S861 -1.2514107403135575 0.5818068552487784
0 S862 -1.2167194233121226 0.58379397146718204
0 S863 -1.2799121426640754 0.58122143707489815
0 S864 1.2029216148955661 0.83014088121953322
0 S865 -1.213395378558713 0.59246020613234118
0 S866 1.2001835701926773 0.74430897251931305
0 S867 1.1534351000132079 0.77160658056170117
0 S868 -1.2452039323195934 0.53237318562280456
0 S869 1.2039758997465733 0.7925255657038901
0 S870 -1.2089320406777484 0.58230337828703849
0 S871 1.1820811579355492 0.85377072719241176
0 S872 -1.2275680963142139 0.64625975879268405
0 S873 1.2136301262135594 0.76857409934405962
0 S874 1.1522786705286021 0.84212496306282636
0 S875 0.14207029560070658 -1.4741429040372971
0 S876 -1.2740304163020404 0.52401140233957144
0 S877 1.1586082171347307 0.73544168889538475
0 S878 1.1716564825612477 0.73556604793161429
0 S879 1.1883596462000376 0.80319353177505792
0 S880 -1.30037980664821 0.56577752140879745
0 S881 1.2264115860708158 0.83659271625432863
0 S882 -1.2718856523056419 0.61738956442924209
0 S883 1.183062365167745 0.84845529449971391
0 S884 0.08309823762817542 -1.4634973257885806
0 S885 -1.1884448142594297 0.58532357757686515
0 S886 1.1376367717289444 0.76404568574037401
0 S887 -1.2521499274306487 0.60958272758638377
0 S888 -1.2903593923938763 0.61746873164622873
0 S889 0.14571616624660724 -1.4417427230167259
0 S890 0.10095593848115111 -1.457980048090264
0 S891 -1.2771494588412913 0.60454565473797961
0 S892 0.044303333839401882 -1.3868091188011311
0 S893 1.1637262114556473 0.8074567322006021
0 S894 -1.2493611387296737 0.65503312915036183
0 S895 0.09912583922214839 -1.4722112084983507
0 S896 0.13027212246327591 -1.4896413556491692
0 S897 -1.2193696918198469 0.52001509714284644
0 S898 0.088970722693970203 -1.4021928720870347
0 S899 -1.2436384191659815 0.63068443041532607
0 S900 0.17530924990836225 -1.3712828792630138
0 S901 -1.2516152409183166 0.5623564862439534
0 S902 0.091436150662119089 -1.406303248011469
0 S903 1.1319580344200624 0.81358281039560576
0 S904 1.2020302519887396 0.79046303117790206
0 S905 1.1575804516528969 0.78981336541638314
0 S906 -1.2298888511442037 0.63303841970766195
0 S907 0.10163027959881933 -1.5156713465338056
0 S908 1.140065344082156 0.78542615132824101
0 S909 1.1212498750721356 0.81133421075206225
0 S910 1.2053453060751091 0.75269780745706161
0 S911 -1.2236280120200638 0.62182177877159195
0 S912 -1.2927281306190734 0.58060169563291675
0 S913 0.11099768399426836 -1.4450632621832509
0 S914 0.13194899719386857 -1.4342871162663555
0 S915 1.1745019466089894 0.8137403274171261
0 S916 -1.2523239665334196 0.64312019334646175
0 S917 -1.2548574962871908 0.59732561462615241
0 S918 0.073344787405220588 -1.4433801191508395
0 S919 0.06440960063428397 -1.4249581036032994
0 S920 0.19658570075371548 -1.419932256025674
0 S921 -1.1888099534138088 0.60805362824355824
0 S922 0.13702256940457261 -1.4501645940123131
0 S923 1.154471890867433 0.80280607094565715
0 S924 0.10195642441138557 -1.4380553434822949
0 S925 -1.2116967594122119 0.62461522722534168
0 S926 -1.2485563295021882 0.5814367038241991
0 S927 -1.2618148469932047 0.60222373497576021
0 S928 -1.3468473295732939 0.56184462539084035
0 S929 0.09371775409491101 -1.455379968618431
0 S930 -1.2611506868635831 0.55666960263890441
0 S931 1.1174418620257549 0.89636280407434898
0 S932 1.1980747233865598 0.79338013532622664
0 S933 1.2055168126977007 0.81818555672412629
0 S934 1.1473356281048963 0.82677315700795828
0 S935 1.192916387217335 0.80190607350867338
0 S936 1.1581689926925431 0.72583025668975854
0 S937 1.1801871966150443 0.77261261974823392
0 S938 1.1418725488167496 0.80647145314198065
0 S939 1.2027922386582224 0.80009808405111016
0 S940 -1.1812660147645933 0.56447975519374116
0 S941 0.14033394265289331 -1.4317631389573016
0 S942 0.097998565848555028 -1.3826218464944571
0 S943 0.063327799398597381 -1.3945947427442518
0 S944 0.12332276077367751 -1.5024547519218974
0 S945 0.14101219118699621 -1.4535390210363885
0 S946 0.10358114257112981 -1.4156975871014932
0 S947 -1.2562637318536456 0.58386606414902231
0 S948 -1.2269141518394104 0.61385368253307948
0 S949 1.1772273081083713 0.85036023699140884
0 S950 0.096847346837281648 -1.4106269052186198
0 S951 1.1290733210652526 0.78134610498521895
0 S952 -1.2355677165679784 0.62745513356742522
0 S953 0.1332769082732112 -1.3890464486402205
0 S954 0.12960600229022373 -1.4391642014081245
0 S955 -1.2579485879905523 0.55809675652434709
0 S956 0.084344070202971785 -1.4876943207194551
0 S957 -1.2109804985794321 0.6265302625431538
0 S958 0.13654565046169748 -1.4102167358553468
0 S959 1.210986661109333 0.80813786780265184
0 S960 1.1406071143490855 0.76895572781406141
0 S961 0.16259339003417447 -1.4616070648396866
0 S962 -1.2040420184681759 0.53755367052066039
0 S963 0.10916440459403581 -1.3793430440647267
0 S964 1.1487917459339008 0.78832336612325382
0 S965 0.073491319588020132 -1.4669632011655325
0 S966 1.1762415627362011 0.78777144369655761
0 S967 0.075154902850361277 -1.4215169050199605
0 S968 -1.3139685184032808 0.61164516604745855
0 S969 1.1533257997123181 0.72527415102921522
0 S970 1.1573829278200227 0.77056384368267949
0 S971 1.1513052728381912 0.82908623143585369
0 S972 1.2125041060424238 0.8050368246461661
0 S973 -1.2650351202587828 0.60310802455470369
0 S974 -1.2067503662703285 0.58263319786521162
0 S975 1.1680077938808353 0.75724643725346308
0 S976 -1.2476495365083879 0.63405502930561097
0 S977 1.2265296111201667 0.78941927064435324
0 S978 0.16336993946911837 -1.4113204199180385
0 S979 1.1554945125243719 0.83843142690869243
0 S980 0.15210076072811157 -1.4736079179261716
0 S981 1.0870023805803666 0.78010604686885898
0 S982 0.17149795635937115 -1.4431786060116716
0 S983 -1.3291953286406268 0.60594213044581924
0 S984 0.16643237719807008 -1.3945314916490323
0 S985 0.11233427838128031 -1.4270940425392191
0 S986 -1.279331002496481 0.58207889626823928
0 S987 0.088044963262601028 -1.4701164376145772
0 S988 1.1445270691538838 0.80680782741127843
0 S989 0.077550375585866055 -1.4688155861484475
0 S990 -1.1669525782099377 0.57274743391410954
0 S991 1.177056844258094 0.84868165884851199
0 S992 0.13829889503139631 -1.4066804499594125
0 S993 1.2095454004552113 0.79149877362417742
0 S994 1.2431037725376806 0.79579082225899933
0 S995 0.073487808045570396 -1.4519448231117809
0 S996 -1.2026975752128191 0.61358273343913272
0 S997 1.1550285744866682 0.78113961867561577
0 S998 -1.2610088741804522 0.58965199504552535
0 S999 0.14798877204151165 -1.4901258786091163
0 S1000 0.15461779885645466 -1.4835375354208737
0 S1001 0.10012790090413988 -1.4348486198786716
0 S1002 0.11388532317974918 -1.457445036999935
0 S1003 1.2529965796735671 0.79257043134381233
0 S1004 -1.2694321343744583 0.54756750532523124
0 S1005 1.123188770494326 0.75587714957789864
0 S1006 0.1265118317729651 -1.3909007693380493
0 S1007 1.1479955187164386 0.78819445615056183
0 S1008 -1.2262381815287986 0.61784197717061196
0 S1009 -1.2233401194387277 0.60771530114137906
0 S1010 1.1808239283826898 0.80476406171134174
0 S1011 0.18389350099869375 -1.3856907098100233
0 S1012 0.11058299590998734 -1.4274838394898
0 S1013 -1.2278123564988275 0.59304504423672888
0 S1014 -1.2352833249421009 0.56254731843245753
0 S1015 1.1033093192248566 0.822816824187388
0 S1016 0.14264685259337986 -1.4698262376534994
0 S1017 -1.3234271199985224 0.65608515163197501
0 S1018 1.2503619416657044 0.78266089604400779
0 S1019 0.12195645411792284 -1.4911111605899907
0 S1020 -1.2711930081374359 0.53997123279535442
0 S1021 0.1509878912011044 -1.4389448118949069
0 S1022 0.14966769770939981 -1.4996578334461392
0 S1023 -1.3129019851258235 0.58382878365211688
0 S1024 0.11104191176496769 -1.4332573986830921
0 S1025 1.181155164810413 0.81307003327282801
0 S1026 0.12620453943803722 -1.4421740078737293
0 S1027 -1.2070056543915024 0.66378962298277
0 S1028 0.13493924665256546 -1.4408951913936774
0 S1029 0.078032255220419219 -1.4317196259509186
0 S1030 1.1122789732378537 0.80893238680208246
0 S1031 0.14610800474550978 -1.3882842992900908
0 S1032 1.0948788824869367 0.81171999053844912
0 S1033 1.1992380061233425 0.80338370498276346
0 S1034 0.10813697219823282 -1.4730985315922553
0 S1035 0.17926532349294341 -1.4815711594804895
0 S1036 1.1907643250666775 0.80404660674300354
0 S1037 0.12443360240709858 -1.480976898205562
0 S1038 -1.2039198490321019 0.56076112564377001
0 S1039 1.2282913889750662 0.82593481925606815
0 S1040 0.16457818890596673 -1.396271865237265
0 S1041 1.1275792497893606 0.75101682997018959
0 S1042 0.14867696747200437 -1.4107602791757432
0 S1043 1.1373081985501812 0.82932409614173808
0 S1044 1.0872758373811249 0.81966309685536221
0 S1045 -1.2800097106525716 0.61343273642670904
0 S1046 1.1879720173454857 0.71768533805442636
0 S1047 0.095176799141368423 -1.4150768687968722
0 S1048 -1.2381905272714624 0.54317899420957105
0 S1049 1.1756348566956967 0.82292147605975341
0 S1050 1.1028413642529569 0.7469774038962318
0 S1051 -1.2086800289803157 0.55484252872105455
0 S1052 0.21748258914967297 -1.51388954188497
0 S1053 0.16120299263952481 -1.4652614417581049
0 S1054 0.062898287805721306 -1.4702285228987151
0 S1055 -1.294026933167048 0.60980673273334496
0 S1056 -1.2354805459134661 0.55198405141719498
0 S1057 -1.2817085320931516 0.63421548895659985
0 S1058 1.1378482460648922 0.79772244969186601
0 S1059 1.1292074801398684 0.80924466570235698
0 S1060 0.10856249223018391 -1.4568188100156045
0 S1061 1.1649598858182668 0.79280195373369045
0 S1062 -1.2848420286094182 0.59930280784654366
0 S1063 -1.2894087568982904 0.63093080894759312
0 S1064 -1.3027192571030257 0.61623133198369839
0 S1065 1.2128970629877698 0.82774055339646091
0 S1066 -1.2521328862849797 0.60550581994391006
0 S1067 0.095226609474533624 -1.4013872052076521
0 S1068 -1.2456662211503871 0.64310903723213941
0 S1069 1.1493034969362803 0.75568325967476202
0 S1070 0.15274729673765808 -1.3630543515377951
0 S1071 1.1611452763964007 0.80161333610036456
0 S1072 0.10268833565012163 -1.4661252221779317
0 S1073 1.1506560125793248 0.87225137356638938
0 S1074 0.13833637224450135 -1.4333396595784667
0 S1075 -1.20391046067745 0.60387070342189719
0 S1076 0.093682159451956432 -1.371902051538201
0 S1077 1.0904524642618052 0.78528551966868099
0 S1078 0.14675131274392983 -1.4928805670011278
0 S1079 -1.2739180493981503 0.52591851958150293
0 S1080 0.12391029419731042 -1.4439384130310429
0 S1081 1.1503391189567571 0.7353922973811543
0 S1082 0.1152436190343351 -1.4575383836843858
0 S1083 0.12511659186650204 -1.4175812870661582
0 S1084 1.2161716901088269 0.79431162707803549
0 S1085 -1.2118047577488922 0.56472711027529543
0 S1086 -1.2358627309886341 0.56450597652624446
0 S1087 0.12268804603944088 -1.4522319320047337
0 S1088 -1.2210476657935085 0.59172974055380079
0 S1089 -1.3028092871919059 0.62166551159051886
0 S1090 -1.3014840948323723 0.55632149751716597
0 S1091 0.1389079138796763 -1.3617226021768694
0 S1092 0.10562356340057659 -1.4387648783473999
0 S1093 0.1818251528668024 -1.4118778722996932
0 S1094 1.196996972573197 0.83851809496178076
0 S1095 -1.2510431236863679 0.57945079980420378
0 S1096 1.2170682940959228 0.7912301260112814
0 S1097 1.1939688134551603 0.78429288653004892
0 S1098 1.0961056264171618 0.80472666927150927
0 S1099 -1.2248071082181027 0.5784004572835123
0 S1100 1.1671322147978598 0.83511342128036248
0 S1101 0.14296910516477909 -1.424654737406071
0 S1102 -1.1720692849455212 0.55970479451969801
0 S1103 0.034854751495964058 -1.4166762088274436
0 S1104 -1.2950592150430562 0.55801128468445682
0 S1105 0.13953953910056013 -1.4097143589338144
0 S1106 -1.2920637993311188 0.51157656515975458
0 S1107 0.05351763656109243 -1.4011490517657661
0 S1108 1.248858600865155 0.81437315896377849
0 S1109 1.1620559871979341 0.81097648491621721
0 S1110 -1.2443982984197415 0.6141168659900953
0 S1111 1.200079536162111 0.7766099509760972
0 S1112 0.16827054972905123 -1.4582361829042614
0 S1113 1.117375304230408 0.8178619698438977
0 S1114 0.11407956813412287 -1.4531457204502869
0 S1115 1.1401921989718733 0.8009050960944798
0 S1116 -1.2812235633999793 0.6130537617019689
0 S1117 -1.3373949561716798 0.54446658815406412
0 S1118 0.068928534496573879 -1.4274147959694545
0 S1119 -1.3255689577991769 0.45495019711682483
0 S1120 -1.29042346590864 0.61176599097455897
0 S1121 0.15198894610494168 -1.4332095370723641
0 S1122 1.1180315088633306 0.82616862678620895
0 S1123 1.1901242757343506 0.80004236903868176
0 S1124 0.079282596611382206 -1.4350060204809485
0 S1125 1.17638993336841 0.82859357793186339
0 S1126 1.1598996395552594 0.82171252474414624
0 S1127 0.1897190655144125 -1.4664411394171442
0 S1128 0.063531389183486053 -1.4112455933809216
0 S1129 1.1403471923575597 0.81073424130209204
0 S1130 -1.2617290605364495 0.56887285054434988
0 S1131 0.16796240254499303 -1.5258808753153912
0 S1132 0.13411379020028291 -1.4612600706807681
0 S1133 1.1819245290464075 0.81366219811198259
0 S1134 -1.2479272498612599 0.63481793155285993
0 S1135 1.142891556538209 0.78279074481182587
0 S1136 1.1862278224932452 0.75013987371584157
0 S1137 -1.2610120954287054 0.5666615151573372
0 S1138 0.20812031419904473 -1.4419107309156025
0 S1139 0.15156088374819243 -1.4878723789744783
0 S1140 -1.2389288366097357 0.60328648243971561
0 S1141 0.16245057314684869 -1.4229869858401247
0 S1142 0.091852095092389868 -1.4112176263312384
0 S1143 0.093650401220008048 -1.414168077359476
0 S1144 -1.225956217254053 0.65541290987538536
0 S1145 0.14989659280016632 -1.4443616178644729
0 S1146 -1.2761103061170351 0.58993256446832076
0 S1147 -1.2152176535790538 0.58451423149086801
0 S1148 0.090037128703626124 -1.4366284980157624
0 S1149 1.1859692765800491 0.73542075213732661
0 S1150 -1.233475487873928 0.57174749062570318
0 S1151 0.15921488515741469 -1.4192311772980426
0 S1152 0.11005780461708015 -1.4820470369357479
0 S1153 1.1176567063822653 0.77826412111470844
0 S1154 -1.3068540821089756 0.62495227903342898
0 S1155 1.1583219982938777 0.79092282917876933
0 S1156 -1.2657570430301615 0.59939544114745191
0 S1157 0.070966434573127984 -1.3835403372932622
0 S1158 -1.3021539841223824 0.66280561160645945
0 S1159 1.1682226839189565 0.73560003104921934
0 S1160 1.1790258670795504 0.8129575605116508
0 S1161 0.10467720185920124 -1.5088747037715753
0 S1162 0.12024102334107779 -1.4041167779825299
0 S1163 1.1856248339131654 0.79038093639651252
0 S1164 -1.2786127211322622 0.61388082558466428
0 S1165 0.094577416370709794 -1.4877893720689301
0 S1166 0.17124437474294898 -1.4458299572232109
0 S1167 0.10962222889374833 -1.4046878582292552
0 S1168 -1.2147583274113478 0.5792464265518289
0 S1169 -1.2018413135315604 0.57630926620595657
0 S1170 0.10503976464656954 -1.4590492621409732
0 S1171 0.17164377433871403 -1.4436840163257527
0 S1172 -1.274126837955003 0.62025929222204634
0 S1173 1.1374623950207714 0.80028773985863122
0 S1174 0.058369200580297875 -1.3987217437521327
0 S1175 1.1548415045026057 0.79547205588576075
0 S1176 1.1673412388946245 0.71863210505577235
0 S1177 1.1845573149217707 0.79331455524938166
0 S1178 -1.2463595943687298 0.56147531169415765
0 S1179 1.1738934811785786 0.80180514455354601
0 S1180 0.17302348656394209 -1.403136513377881
0 S1181 1.1847082887141478 0.77640295540893745
0 S1182 0.10005606970737584 -1.4162555810238486
0 S1183 -1.2446133544121669 0.59614237120356317
0 S1184 1.1912973142556875 0.76098688828722383
0 S1185 -1.2041385358781487 0.62720703737446415
0 S1186 1.1566167283960309 0.86556929859436971
0 S1187 1.1810136698638387 0.78039044013587999
0 S1188 -1.3060932048337552 0.58546316278900179
0 S1189 -1.2019953637935066 0.53788247636327546
0 S1190 1.1659490600143796 0.7647455688349809
0 S1191 -1.2287571034258145 0.55709246157746728
0 S1192 -1.2314466875023915 0.6549307638260814
0 S1193 0.11467612752630922 -1.4705480773974506
0 S1194 0.15448957382699935 -1.435991117070512
0 S1195 1.1209703326316973 0.79018727389871346
0 S1196 1.1468275183390888 0.7484047710513505
0 S1197 1.2003760271589787 0.80485219351885728
0 S1198 0.1005801112048051 -1.4401824104220584
0 S1199 0.17964639619703271 -1.4913972632823929
0 S1200 -1.2850139955250099 0.56010256752428689
0 S1201 1.1857516576263152 0.77070364340592423
0 S1202 0.089219139325960345 -1.4633710649962868
0 S1203 1.160714053450874 0.81073018963452104
0 S1204 1.2130549640179913 0.78303380006359413
0 S1205 0.11041619780451806 -1.4591532390778617
0 S1206 0.13351520517608759 -1.468205848772514
0 S1207 -1.1868628836494621 0.559427446716659
0 S1208 1.14914327796049 0.79372557719498404
0 S1209 1.1424385877727059 0.78239882498370061
0 S1210 0.12086050641984676 -1.4492025522854719
0 S1211 -1.262552701637413 0.6381211680087453
0 S1212 1.1217786679002331 0.67905246692469812
0 S1213 1.1507940150046085 0.84758624817402928
0 S1214 -1.2605699378327269 0.57864157073883593
0 S1215 -1.2784112833474208 0.62666090413526254
0 S1216 0.11195757043806513 -1.4408990433008495
0 S1217 0.10539711710929853 -1.3911292096526475
0 S1218 1.1966625614642756 0.7921094857176717
0 S1219 0.14928191909421376 -1.3903379303060193
0 S1220 0.12482112537573092 -1.4138711976749114
0 S1221 1.168949151627523 0.76315851709030258
0 S1222 1.1334171799542962 0.82848078720233576
0 S1223 -1.2574823059772873 0.53134520665556384
0 S1224 0.14571899939284635 -1.4602709758962344
0 S1225 0.17094312948700671 -1.3960177385460812
0 S1226 1.168033107860019 0.81825615173184729
0 S1227 0.11341008885816194 -1.4626688344850458
0 S1228 1.0602880408000384 0.79361677080811155
0 S1229 -1.3079170045668438 0.60572790527840104
0 S1230 -1.2524584016879661 0.57830494834199608
0 S1231 0.054526609507020998 -1.442294496838131
0 S1232 1.1451550161821302 0.73815968520234065
0 S1233 -1.2355918968734765 0.59459749216060476
0 S1234 1.2118544635881394 0.76832846288362777
0 S1235 1.2102617557244653 0.81780394002562462
0 S1236 0.14099888905465577 -1.3821090842242472
0 S1237 1.1826583456494673 0.8118122527853513
0 S1238 1.1493882486543636 0.72930310204358628
0 S1239 1.2087563141364461 0.85561224835833938
0 S1240 1.2075111612395399 0.80259774773561066
0 S1241 -1.2611595219492808 0.55767504452966221
0 S1242 1.1443369315611314 0.71133746123981911
0 S1243 -1.3565179434253316 0.60647653318694639
0 S1244 -1.2551567206004881 0.55712218003949521
0 S1245 -1.2353722897883876 0.54164335117077345
0 S1246 0.076461961775964427 -1.4142199403805602
0 S1247 0.15585391465579318 -1.3974076044304018
0 S1248 -1.2902338135500546 0.59853624778018266
0 S1249 0.12715650926314118 -1.4466295209252846
0 S1250 1.1179639926090452 0.82855779632285798
0 S1251 1.1733118139913263 0.74261944329667651
0 S1252 0.18234999379916011 -1.4378116205825895
0 S1253 -1.236045861500767 0.57175160804812319
0 S1254 -1.2440469662262317 0.63012230621109866
0 S1255 1.1813823754398749 0.81572972741669536
0 S1256 1.121703336651966 0.79228305771076235
0 S1257 1.1955568990055105 0.78642023810524109
0 S1258 0.089813156119337906 -1.4293797937666548
0 S1259 1.1538294220315537 0.811966498855484
0 S1260 0.12151378606823503 -1.4218593369724195
0 S1261 1.1383429363256523 0.78478467613688363
0 S1262 0.091224470459952023 -1.4658879810049148
0 S1263 0.15011655546901725 -1.4098029640124379
0 S1264 -1.3221839531004163 0.59606883352614348
0 S1265 0.097705359203051956 -1.4190560880257803
0 S1266 0.13518165677761507 -1.4179050446359105
0 S1267 1.1405689797418486 0.7463784837248606
0 S1268 0.1415889712529205 -1.4447855815215795
0 S1269 1.1923197834112738 0.79823496781867609
0 S1270 1.1732477703918314 0.82524921880622015
0 S1271 0.15576884712167852 -1.4681707843018907
0 S1272 -1.2261746074138169 0.57854001874777572
0 S1273 -1.2633811153480534 0.60181089181614478
0 S1274 0.1227071278374698 -1.4057956688295046
0 S1275 -1.2292982046363845 0.58410673671091962
0 S1276 1.1414127721734897 0.75216130699316086
0 S1277 0.092538858679088287 -1.4236149769897892
0 S1278 -1.2777087213206337 0.65159113289634218
0 S1279 0.12485230081851151 -1.4338853998323771
0 S1280 0.13984013158045622 -1.384966655982572
0 S1281 0.16601494451760282 -1.444331515733553
0 S1282 0.16828483477792824 -1.4194909597676129
0 S1283 1.1319913678261044 0.79522752874343638
0 S1284 0.13056648964230699 -1.4743767169267914
0 S1285 1.1704780980473406 0.83763211590153475
0 S1286 0.045919050968475338 -1.4590209242948395
0 S1287 -1.2595763406027751 0.65114804813749294
0 S1288 1.1596595281971487 0.7715639557811631
0 S1289 1.1136499408427349 0.75572433822901697
0 S1290 0.10731676037121961 -1.3985619260620643
0 S1291 -1.2359727658263722 0.59862077416735127
0 S1292 -1.2374877413209318 0.62918820625497052
0 S1293 0.10109436964601676 -1.3774137035124545
0 S1294 1.2288502885775354 0.87208169269315716
0 S1295 -1.2363887748133253 0.52175285369131785
0 S1296 -1.288047615576551 0.53965371124649719
0 S1297 -1.2081482210104093 0.55033368057207055
0 S1298 -1.2850738915995739 0.63163768324861558
0 S1299 1.1496167374368422 0.75035160759250685
0 S1300 1.1455461498560127 0.81763002972260923
0 S1301 -1.2796025237176112 0.56191352150528995
0 S1302 0.12416172584915271 -1.4398379233337919
0 S1303 -1.2639350857738363 0.59310612047997924
0 S1304 0.071044031032649377 -1.3781919587558229
0 S1305 1.2373439762558787 0.77372024327738231
0 S1306 1.131870018680287 0.81192930759671689
0 S1307 -1.2624704471202985 0.57859088604446463
0 S1308 0.15399009298212318 -1.5002637140703634
0 S1309 1.1717840949454925 0.78928493303745983
0 S1310 -1.2623155926573189 0.63667385707275292
0 S1311 1.1579084818705097 0.77461681764585089
0 S1312 1.0787222845884827 0.82964780445585795
0 S1313 1.1559790610981604 0.74980331466342776
0 S1314 0.10184922635030454 -1.4780623912455866
0 S1315 0.13736622422891817 -1.4744133612656138
0 S1316 -1.2691857247473133 0.60487609294800693
0 S1317 -1.2110389455327393 0.5811568169392064
0 S1318 -1.2321964267141678 0.60623881083238895
0 S1319 1.2296808433603219 0.77173968689974337
0 S1320 1.1626385833389081 0.73771103607121824
0 S1321 -1.1945442475681365 0.57987866879638073
0 S1322 0.063666868755401146 -1.3821828300423291
0 S1323 0.036932987596195968 -1.4587647126234471
0 S1324 -1.2437066881694241 0.5747419771814487
0 S1325 -1.1999073132729043 0.6154775365276125
0 S1326 0.12209347684328939 -1.3935237376857419
0 S1327 1.1625668367673909 0.83891135645882897
0 S1328 -1.2533861786888292 0.56597334003604682
0 S1329 -1.2535746313375924 0.54628566355460784
0 S1330 1.1952216717165371 0.80864110318237092
0 S1331 -1.2951999834674561 0.61047938288944592
0 S1332 -1.2848009665346893 0.63808845692767879
0 S1333 0.13429470838989058 -1.3068643738200305
0 S1334 1.1180897670151013 0.78668625913963353
0 S1335 0.15650522262071448 -1.4507032377133819
0 S1336 -1.2739110256068606 0.63889908826835418
0 S1337 -1.3098099175147653 0.60949373559945452
0 S1338 1.0852430961574353 0.72042824898177127
0 S1339 -1.3177011173366515 0.61447420935330088
0 S1340 1.1592970264539253 0.79683595481928471
0 S1341 1.1466155212261298 0.85192585986824254
0 S1342 0.14128899346413651 -1.4476718761483196
0 S1343 -1.2993893613959453 0.64307094275292631
0 S1344 -1.2484608757992903 0.57485074202203112
0 S1345 1.1829392311052411 0.83863769519860676
0 S1346 -1.1983344264704978 0.6649645504432945
0 S1347 0.12355745723067181 -1.4429203698285398
0 S1348 1.1882043913427074 0.79567556521184046
0 S1349 0.089622271955688351 -1.4657998605258393
0 S1350 1.1423972655268513 0.85068009424847146
0 S1351 0.094568468622241816 -1.4113148326041558
0 S1352 1.1287827860499395 0.78609018395091257
0 S1353 0.15344534563424572 -1.4414235000145124
0 S1354 0.16038566887179911 -1.5081163873007883
0 S1355 -1.280416928824252 0.53898403210676182
0 S1356 1.1499911693223117 0.72790492919418259
0 S1357 -1.2761007816293113 0.5796025703946126
0 S1358 0.08197216939238694 -1.4201283992362277
0 S1359 -1.2498501569895102 0.58311846130948053
0 S1360 -1.3065503791204636 0.61442412653766221
0 S1361 -1.2629780693695674 0.53768723919524353
0 S1362 -1.28010363789682 0.54940231596364386
0 S1363 1.1493351943949224 0.79889725841043535
0 S1364 -1.3092747313141324 0.65068540430790034
0 S1365 1.2139898001277551 0.79755036935985424
0 S1366 -1.2913601838505 0.57012088708364628
0 S1367 1.1569051878759349 0.7709536258182329
0 S1368 1.1648587861377182 0.84721989496464334
0 S1369 1.1270419315253033 0.79424348937261369
0 S1370 -1.3463401698644764 0.58952524917333371
0 S1371 0.18567454779513479 -1.4027410305041548
0 S1372 0.14728422279899034 -1.4757770112439612
0 S1373 -1.230807785634606 0.63019605400499745
0 S1374 0.1449394439835921 -1.4499678504308069
0 S1375 0.089722829192075082 -1.4776892903918835
0 S1376 0.1359102462590823 -1.4335890963112827
0 S1377 1.1008156128083828 0.80695588179009459
0 S1378 0.054766948956665285 -1.496044797577881
0 S1379 1.2119747572987831 0.79797377163522487
0 S1380 1.2039216632250649 0.75894248655175667
0 S1381 0.12924410369204092 -1.4317342792098999
0 S1382 -1.3002423361617839 0.56235629708311707
0 S1383 -1.2530421342476996 0.58931703556709303
0 S1384 -1.2190261047246072 0.60283430090911172
0 S1385 -1.2714562318346763 0.60159736124522967
0 S1386 1.1728653869698329 0.83888985970886387
0 S1387 1.1199197382445747 0.78809936625778509
0 S1388 0.073465992422880044 -1.3862491172977405
0 S1389 1.1513755026532522 0.8626437314133043
0 S1390 0.14615725057303108 -1.4013817354753799
0 S1391 1.2179441427014699 0.87804204026846522
0 S1392 -1.2169315166783781 0.56453292541314992
0 S1393 1.1781901592370831 0.81307923495521794
0 S1394 1.202321696583514 0.79794730338709874
0 S1395 1.2228781663961741 0.84567513368685132
0 S1396 -1.2739224699184628 0.58149188568886501
0 S1397 -1.2705450124655966 0.60281684973529415
0 S1398 1.1107685301302173 0.79125450335238401
0 S1399 0.12327891710183853 -1.3965886627832649
0 S1400 1.1122381969332156 0.78852936428333953
0 S1401 -1.1947110713426234 0.57599793713147562
0 S1402 -1.2247623395632601 0.56550110827845068
0 S1403 1.1594016340373858 0.77341741950963705
0 S1404 1.1643333019701598 0.7743100974832362
0 S1405 -1.2515106000832565 0.56862559817629277
0 S1406 1.1375623729864812 0.75839300980765112
0 S1407 0.034021007221228194 -1.4365351215638817
0 S1408 1.2073043440769589 0.84255898798080231
0 S1409 -1.2909627928591521 0.58100251919783186
0 S1410 1.1166160745838858 0.79658122843403811
0 S1411 1.1877615062289839 0.78403008016562303
0 S1412 0.13881975236479166 -1.4343624322992183
0 S1413 1.1580996662618992 0.75929553360378921
0 S1414 -1.2992328193301033 0.61507622291918973
0 S1415 -1.26592163659771 0.62282529244173379
0 S1416 1.1361257015341391 0.77083036275018646
0 S1417 0.06204553627409537 -1.3841950624445365
0 S1418 -1.348170736770252 0.59866548949730913
0 S1419 -1.2448614951299006 0.63727140780720937
0 S1420 1.1412918978144557 0.81856230506963457
0 S1421 1.1577968505907628 0.76205713257749919
0 S1422 0.11304205598248174 -1.3934472554127422
0 S1423 1.1437467463872337 0.77719191254486097
0 S1424 -1.2183150346926011 0.54709880354851081
0 S1425 -1.2521744498952243 0.6091288950335223
0 S1426 0.12927211186744025 -1.4151100678832582
0 S1427 -1.277419010394758 0.53043829833062561
0 S1428 1.1391343293560541 0.78398068258349907
0 S1429 0.16408730872331903 -1.4739964055994472
0 S1430 0.094295029584823581 -1.4424208249438146
0 S1431 -1.2772916044930414 0.6382234182698957
0 S1432 1.2003438591101967 0.84088787020125821
0 S1433 0.13682118032606938 -1.4140308174646725
0 S1434 0.09771640991811896 -1.4739296269835795
0 S1435 1.2194976981785279 0.78920981987223437
0 S1436 0.091955739949200463 -1.4413048250107561
0 S1437 -1.2416451136230078 0.66252656075190886
0 S1438 -1.1902275741856272 0.62988275855232112
0 S1439 0.12005599383900822 -1.4248102042760196
0 S1440 1.1919347400004272 0.7806533319793364
0 S1441 1.1521291168727279 0.73764502997015724
0 S1442 0.035578742535022051 -1.5422123592474195
0 S1443 1.1873348203467682 0.7862484139935576
0 S1444 0.1263876232226509 -1.3527327006081846
0 S1445 -1.2146052417758317 0.51847644230305645
0 S1446 -1.2426979921398389 0.58173376983255731
0 S1447 0.1567933077347417 -1.4363610531517559
0 S1448 0.15082167764901747 -1.4651464834214256
0 S1449 0.10634699542806066 -1.4373894843309829
0 S1450 1.2089494549779867 0.82162548800176116
0 S1451 -1.2253527730319038 0.54742329664372891
0 S1452 0.1552179076792071 -1.4469464170782962
0 S1453 -1.2521847391932965 0.60715491092653284
0 S1454 -1.2734640066075358 0.58229589176835705
0 S1455 -1.2566376237965926 0.54718001949535389
0 S1456 1.1583011890048114 0.75669795308897281
0 S1457 -1.2712578000912242 0.58578737264831093
0 S1458 1.1268008037512198 0.72921522943992123
0 S1459 0.03600218407332921 -1.4250036721345765
0 S1460 -1.2064675894294792 0.58954306503629594
0 S1461 1.1534306498101614 0.83850817697674651
0 S1462 -1.2701801866965301 0.53114362035681983
0 S1463 1.1735662871323973 0.76486070968717812
0 S1464 1.0884074644374249 0.77371249371589346
0 S1465 0.074575270540263999 -1.447659363060916
0 S1466 1.1443939376724837 0.80778533128301999
0 S1467 1.1474893204345495 0.81906142484675248
0 S1468 1.1232861795117941 0.75758550519600731
0 S1469 -1.2423452276021727 0.58033591535627171
0 S1470 0.19447789982464786 -1.4010638296852789
0 S1471 1.155588070804163 0.81318012849895949
0 S1472 -1.2767820933287761 0.56861023861602711
0 S1473 1.1196687039399424 0.77065463476080698
0 S1474 1.1732804850177352 0.74403736083287453
0 S1475 0.20271308231015034 -1.4637567669330853
0 S1476 0.074190850956401017 -1.4763928357192566
0 S1477 -1.2687387069244287 0.60080416572000728
0 S1478 0.12363699420014655 -1.49681876765164
0 S1479 -1.2774306013327545 0.62605075342647376
0 S1480 0.10065811190715064 -1.4684939673891488
0 S1481 1.1749400253680204 0.79053766107486345
0 S1482 -1.2352502233005753 0.53157894009316042
0 S1483 -1.2766048969628592 0.62928864403592288
0 S1484 -1.2721529841191563 0.59020004401678183
0 S1485 1.1254989821242942 0.81127171611139959
0 S1486 -1.2573783063312043 0.57329574161694841
0 S1487 1.2239684666550006 0.80245021853598442
0 S1488 -1.2576262338607227 0.60011251409028266
0 S1489 0.10661911806716638 -1.4581890807292055
0 S1490 -1.2981792542036938 0.65212566789786131
0 S1491 -1.3451875067946826 0.56047198936320297
0 S1492 0.13081375800059711 -1.4149236270861956
0 S1493 -1.3040788314980223 0.61722572746386883
0 S1494 0.13186916907013399 -1.3705110298115428
0 S1495 1.1577493366375717 0.80029870422259475
0 S1496 0.13679798413321045 -1.4643794652804756
0 S1497 0.10491882825814214 -1.4537321164976234
0 S1498 1.1513495648119021 0.8104223442459304
0 S1499 1.1781317292038003 0.8521227321712237
0 S1500 -1.247894796364003 0.61094162648960926
0 S1501 0.096418359030965101 -1.4198203088727721
0 S1502 -1.286194118097441 0.55272909826168815
0 S1503 1.1960058476849549 0.81804140959561233
0 S1504 1.1355528349322386 0.74559456423609238
0 S1505 -1.2830925612670641 0.57820445884935545
0 S1506 0.10242984431373796 -1.4658576035548874
0 S1507 1.1198175316263685 0.71873856820776649
0 S1508 1.2054651239606582 0.74673105470112711
0 S1509 -1.2952141497256562 0.63343951182820046
0 S1510 0.08854970432051347 -1.4547448414811188
0 S1511 0.10349919439001953 -1.4164280645035148
0 S1512 0.15611213882713967 -1.4408527918821918
0 S1513 0.1174395617519681 -1.4889920935844387
0 S1514 1.1716819172806656 0.83954901050777908
0 S1515 1.1103153713203671 0.78520593080193957
0 S1516 -1.317132834645415 0.58153375713122679
0 S1517 0.12353101449032432 -1.4559070690681435
0 S1518 -1.2253801336660852 0.63223176653474811
0 S1519 -1.2224666856454753 0.64533124034187039
0 S1520 -1.2073009755718525 0.59953061855293566
0 S1521 0.076786981727996015 -1.4436920175450074
0 S1522 1.2106046113844307 0.82062714321859831
0 S1523 1.1740576736588102 0.79772695879451305
0 S1524 -1.2493489172707697 0.63331848064899532
0 S1525 0.17505025156471221 -1.4640676241515391
0 S1526 1.1216104348816023 0.74326040689522299
0 S1527 0.13188542703566702 -1.4165026833996448
0 S1528 0.13064092701198987 -1.4241069222453515
0 S1529 1.1710512225519045 0.76483219206991571
0 S1530 -1.2514650181269316 0.58650091848279495
0 S1531 -1.2915923756861156 0.56064050898577378
0 S1532 -1.3127591010187207 0.65453074759448693
0 S1533 -1.2698755381291398 0.59288378243244011
0 S1534 -1.1930674976320301 0.64063063931004227
0 S1535 0.11938145196973367 -1.405562944119148
0 S1536 -1.1882229762268706 0.60095399074871325
0 S1537 0.1346999543115773 -1.4234086889564841
0 S1538 0.16486594220740064 -1.4134049425297259
0 S1539 0.11986191510272133 -1.4720533338203505
0 S1540 -1.2445555684418226 0.58132161764725088
0 S1541 -1.2015100530523113 0.64257543545386919
0 S1542 0.096095730199612164 -1.4758522094127224
0 S1543 0.12539271394781551 -1.4094510986265074
0 S1544 -1.2508852438691047 0.60128570124383607
0 S1545 0.17289079828203638 -1.470496383821142
0 S1546 1.135569176827621 0.80809996140275842
0 S1547 0.14549894640352096 -1.4694550905442447
0 S1548 0.084286683180975 -1.4158676937132526
0 S1549 0.12493708982883076 -1.4564894454666972
0 S1550 1.1159569882297573 0.80226280384164972
0 S1551 -1.2253524741429649 0.58752097762629352
0 S1552 0.13441665164171349 -1.3985149708067688
0 S1553 1.1745619896854074 0.77061946499775225
0 S1554 -1.2735758339411891 0.57654960607059969
0 S1555 0.087183368932812116 -1.4887620550646457
0 S1556 -1.2767191399524165 0.67228252431753777
0 S1557 -1.2777411396663116 0.59898783050078996
0 S1558 1.095754246394532 0.80872283086519181
0 S1559 0.099883318821689396 -1.5148807563372142
0 S1560 1.1949999506885185 0.82389428705329348
0 S1561 1.1537452149832721 0.8781900685560784
0 S1562 -1.2479680679720404 0.58644946831813138
0 S1563 -1.2681435554673564 0.57065178100701641
0 S1564 -1.2676119263889467 0.57094638888867222
0 S1565 1.1459734588251236 0.74760776586805822
0 S1566 1.1325956500853813 0.73792428718566117
0 S1567 0.041902493635091735 -1.4493323914315392
0 S1568 0.12793331920962678 -1.3910625875768134
0 S1569 -1.2733182186082377 0.58192237795453106
0 S1570 -1.2916818308881692 0.57100817129253678
0 S1571 -1.2649867945199424 0.54483880729689049
0 S1572 0.12577176700440718 -1.4809094870704542
0 S1573 -1.2202791288780781 0.60131477409199341
0 S1574 0.13919022131042708 -1.438999103506442
0 S1575 1.1670685992150369 0.8089977491829462
0 S1576 0.10512814724159358 -1.4294761324281586
0 S1577 -1.2646698512897754 0.57897651275483908
0 S1578 0.082436781727473749 -1.4791086475323989
0 S1579 1.1787830483125055 0.75453381737845615
0 S1580 1.1596284040287945 0.8336180409813273
0 S1581 1.107920698553591 0.84620467921199893
0 S1582 -1.1714446121116284 0.58056691294915064
0 S1583 1.1178227090911013 0.78309230459170098
0 S1584 0.086507700236423721 -1.4526914494538572
0 S1585 -1.1972814209246849 0.55019874169568539
0 S1586 0.16598820087474073 -1.5315175322014294
0 S1587 0.10313952819190858 -1.4652623868526069
0 S1588 1.1622648746858639 0.79546567595310125
0 S1589 -1.1922470542060528 0.58804392690143403
0 S1590 1.2099014355509028 0.80770981074908443
0 S1591 -1.252133183887209 0.60991637615689676
0 S1592 -1.2280382792547804 0.57983565298629303
0 S1593 1.1734176469891551 0.80027053078869492
0 S1594 1.1673929429728744 0.73766478372701005
0 S1595 0.091179895468065431 -1.4184229545052303
0 S1596 -1.2144018895795934 0.57657954745309969
0 S1597 0.13193478796346353 -1.4560928011651202
0 S1598 0.14780743743539587 -1.4417922864477546
0 S1599 -1.2679409612692425 0.5599308342079411
0 S1600 1.1537168095255772 0.81237667208079156
0 S1601 1.1398309658394199 0.75552635152443948
0 S1602 1.1746497141240209 0.77427932667426591
0 S1603 1.1490251101186864 0.79976933968537178
0 S1604 -1.2431155973870034 0.58801033330237651
0 S1605 0.17481896636153915 -1.4606430764553722
0 S1606 1.1021915989440587 0.80749066170040418
0 S1607 0.16575088349599529 -1.4169368867224117
0 S1608 1.1857900600488678 0.75323272605128211
0 S1609 0.080036146345988421 -1.4388480732183451
0 S1610 -1.2255197114760124 0.54471943313821281
0 S1611 0.1672135758113035 -1.4665768718932628
0 S1612 -1.2200568445024218 0.53789797359112412
0 S1613 -1.3212699099534855 0.67125278441191027
0 S1614 0.16608100743521342 -1.3885540386203326
0 S1615 -1.2576330364706994 0.65012489039929144
0 S1616 0.17574870511773821 -1.4484884374538449
0 S1617 -1.2796264754423203 0.58182267816103439
0 S1618 1.2113696823075473 0.82090641564535871
0 S1619 -1.2451000683354692 0.605885014594153
0 S1620 0.15144569845863226 -1.4277756770504613
0 S1621 1.1865943100107725 0.76140222515548939
0 S1622 -1.2391281354685222 0.59005655176396332
0 S1623 0.099465787522791865 -1.4628689110165867
0 S1624 1.1725957649665215 0.71308943259539825
0 S1625 1.1718096037924919 0.79663485778445886
0 S1626 -1.3144019768939232 0.59910950202783919
0 S1627 -1.3043495575869193 0.57404798083503505
0 S1628 -1.2666019208325385 0.60921657914983718
0 S1629 0.076553199652005494 -1.4533015706529993
0 S1630 -1.3937501339505731 0.57251982857927064
0 S1631 1.1652591542560378 0.82097818794932276
0 S1632 1.1942047617883114 0.78864335922699347
0 S1633 1.1329394102804022 0.73036913990444097
0 S1634 1.1401799736408653 0.81952304910923246
0 S1635 0.1063752941094102 -1.4237878328810927
0 S1636 0.14133609274153461 -1.4150898401184515
0 S1637 0.16632411188082244 -1.4503005523019061
0 S1638 0.08604706919555806 -1.3904262556284466
0 S1639 1.2119511326343784 0.86530485848828553
0 S1640 0.14615553064036987 -1.4089074695237847
0 S1641 0.10755917697485148 -1.4451980522382455
0 S1642 0.17802983923500618 -1.4611673907899854
0 S1643 0.085384330243883561 -1.3725469773938752
0 S1644 1.1959643054218196 0.77503087164178852
0 S1645 -1.2203531425597307 0.58672115620966692
0 S1646 -1.2443347094438686 0.57948180571743979
0 S1647 -1.2656626506532385 0.63631549977554169
0 S1648 0.089362723108133993 -1.4077548203894263
0 S1649 0.1314954410243559 -1.3763467834885734
0 S1650 1.2208395833216996 0.84034831859123926
0 S1651 1.1779206418212875 0.86836240251040975
0 S1652 1.2053300984100241 0.78439610104442714
0 S1653 1.170171328829039 0.83411831552564097
0 S1654 1.1701290958619315 0.78685887094841411
0 S1655 0.12577972480157507 -1.4750033336332127
0 S1656 0.12034916788790104 -1.4923616758981264
0 S1657 1.1677975720726357 0.76946166031344199
0 S1658 1.1557518291339894 0.7840236016288441
0 S1659 1.1866205870640774 0.77925665673561284
0 S1660 1.1455464056949747 0.83740198598401383
0 S1661 -1.2583241747250098 0.5650930017554997
0 S1662 1.1440977511663821 0.76146106022486215
0 S1663 0.12470136538382992 -1.4291800766917675
0 S1664 -1.2941238698583086 0.61087908795769175
0 S1665 -1.3137278257731029 0.58442250837959142
0 S1666 0.14901252240972074 -1.4247845675227135
0 S1667 1.1630235153278692 0.77625638435189093
0 S1668 1.0958448413906787 0.74660738507307534
0 S1669 0.08606880032091041 -1.462888752862159
0 S1670 0.079850636345365489 -1.4520666630404893
0 S1671 -1.1958002474797491 0.56267986129326131
0 S1672 1.1595424182298546 0.83604978706496569
0 S1673 0.11447911983185742 -1.4896717349220547
0 S1674 1.1540682544200456 0.75965362990296381
0 S1675 0.16935459912499737 -1.4704519463282804
0 S1676 0.088035778768207729 -1.4680059349104559
0 S1677 0.15017031524868535 -1.3703144477978573
0 S1678 0.081399380275316388 -1.4520653336798153
0 S1679 -1.2472138914322746 0.55000032326226622
0 S1680 -1.2486345033191095 0.56625377768784801
0 S1681 1.1770656018474079 0.78212062618723344
0 S1682 0.13934396360978404 -1.4515393769921925
0 S1683 -1.3280743109151492 0.6404436814950667
0 S1684 0.081270283547610317 -1.4260614218732999
0 S1685 1.2236885953837962 0.69350762953066336
0 S1686 -1.2172962131509661 0.5361071517490541
0 S1687 1.1746478340444726 0.77798212367186459
0 S1688 -1.2220232759717389 0.63774913384786602
0 S1689 1.2391813114436658 0.75953074011018595
0 S1690 0.15328657233731488 -1.4658176118496222
0 S1691 1.1849320853449334 0.81621037188476031
0 S1692 -1.2845258501040009 0.61359567675538407
0 S1693 1.2349909974910986 0.81804158141649674
0 S1694 -1.2525095206260168 0.56308324358595896
0 S1695 0.14661402858947559 -1.4422492151414692
0 S1696 1.1926238884523168 0.81418697100575632
0 S1697 1.2025160363794771 0.80320578470326498
0 S1698 -1.1994497715482706 0.51509894036694559
0 S1699 0.14223073107641324 -1.4868402554610793
0 S1700 0.088704803855275793 -1.4514122093480972
0 S1701 0.12208772214244122 -1.4699699468242513
0 S1702 1.2461497444367164 0.78086125856710276
0 S1703 -1.298318877978544 0.5627739355598983
0 S1704 -1.1921131646661032 0.48945281214729552
0 S1705 -1.2365193414245874 0.58146611969467554
0 S1706 -1.2240288360292881 0.64869960809279392
0 S1707 -1.2668864153949773 0.49988535552205388
0 S1708 0.088231388963121743 -1.4407767273391008
0 S1709 1.1931199905851289 0.8191173692888678
0 S1710 -1.201465815153667 0.52836642394746625
0 S1711 1.108696665568655 0.82532872151893266
0 S1712 1.194865649794427 0.77875050400262158
0 S1713 0.099946297482416305 -1.4166566708697799
0 S1714 1.2055689826600808 0.8111984784451638
0 S1715 1.1772605024035285 0.84061340774821747
0 S1716 0.050855283341282052 -1.445981682879526
0 S1717 -1.2050721143928793 0.5701529420204976
0 S1718 -1.2743304010311107 0.63676125472660017
0 S1719 0.09522781844841291 -1.4099523695299379
0 S1720 0.14993101592280073 -1.3930345662296555
0 S1721 -1.2515800704462787 0.51338787865871405
0 S1722 0.082329472896599032 -1.4314413308466576
0 S1723 -1.286554396416111 0.62918642084541343
0 S1724 0.17786123761777342 -1.4421937480934945
0 S1725 0.13857934250049292 -1.4653890556485867
0 S1726 1.1919351509268321 0.8164149502854039
0 S1727 1.109576234442095 0.77277684720823425
0 S1728 0.075514268621606762 -1.3948691236104802
0 S1729 1.1465812679818896 0.81368261461822533
0 S1730 1.1089772070339659 0.77301933583605131
0 S1731 -1.2659196537445405 0.55335395180421698
0 S1732 0.17696065131165253 -1.4515025319034296
0 S1733 1.1601048079008391 0.82031831119943877
0 S1734 0.045092966610022989 -1.4803218752665277
0 S1735 1.1919880492965857 0.75398181177369905
0 S1736 1.1434591878393412 0.79018700755309523
0 S1737 1.1146927711186689 0.73348697993760159
0 S1738 0.14952246913391201 -1.4340045560622985
0 S1739 -1.2716407898440714 0.5687241822908855
0 S1740 0.13785154686720372 -1.4721301629408665
0 S1741 0.18694780410442935 -1.4302071738208368
0 S1742 -1.2599571618590644 0.5888433289032623
0 S1743 -1.2604315698589497 0.55037964289202013
0 S1744 0.12542171265940455 -1.4638909936325615
0 S1745 0.095107623019769924 -1.459386781023509
0 S1746 -1.2115297208972573 0.63583340123698506
0 S1747 -1.2464106427152297 0.61455835210051346
0 S1748 -1.2605162284874578 0.5385885532547019
0 S1749 1.1300782356474719 0.77922015607635342
0 S1750 0.050136006130426743 -1.4676877157465713
0 S1751 0.13029130717500184 -1.4456812824548058
0 S1752 -1.254760166318754 0.64844161170609005
0 S1753 0.14932290569459322 -1.3729904679357432
0 S1754 -1.253664995326397 0.55349807210543212
0 S1755 0.088947125370741967 -1.4162884784634158
0 S1756 0.1646769361902779 -1.4529496624580605
0 S1757 -1.2124072199826279 0.61276118731910156
0 S1758 -1.2247723314679897 0.6528659743146864
0 S1759 0.10979108536193601 -1.4306968975008729
0 S1760 -1.1861824037519673 0.56526797795698902
0 S1761 -1.2736935344572884 0.57242437994060158
0 S1762 0.12177476722945911 -1.4863436494196178
0 S1763 -1.2060769372751974 0.60105150367627702
0 S1764 1.0987596743662058 0.76916158593767348
0 S1765 -1.2778763983346928 0.58765798156384874
0 S1766 0.092109089494952473 -1.4530444395630773
0 S1767 -1.2354694450687231 0.56833168863727956
0 S1768 1.2116812234868384 0.76981165442871324
0 S1769 1.1727842764020355 0.81558632124209685
0 S1770 -1.2846212971162423 0.63712017480938443
0 S1771 0.10350776411931568 -1.4784106155305998
0 S1772 -1.3094741313536156 0.60667000238026558
0 S1773 0.15898937243759731 -1.4481377057521068
0 S1774 -1.2492201642124254 0.54758878990161675
0 S1775 1.1759076483850766 0.71271275400046763
0 S1776 0.13162263950276326 -1.4641367619658898
0 S1777 1.1801619729001238 0.75377561686589334
0 S1778 -1.3442997872242621 0.58635527748285532
0 S1779 -1.2137213453688875 0.53307619225217318
0 S1780 -1.2060672489130106 0.55808370038973965
0 S1781 -1.2742848975958354 0.61692724408827115
0 S1782 0.042739943053093615 -1.3939957073349605
0 S1783 0.11033925653860459 -1.4662351376322145
0 S1784 1.0987847313285763 0.76868844739842634
0 S1785 -1.2666322798403342 0.55550663546383983
0 S1786 0.18614426546160309 -1.4729413779974585
0 S1787 1.183960896341828 0.80614323589675219
0 S1788 -1.2647193890882129 0.49804043799144843
0 S1789 0.11320668942949907 -1.4460469729845131
0 S1790 1.2195648798604359 0.77865323677078357
0 S1791 -1.2423898560472313 0.64506776395227317
0 S1792 1.1754252193065928 0.78168716293917762
0 S1793 0.15571471759794928 -1.4668946240881984
0 S1794 0.10948101041557705 -1.4692385820294853
0 S1795 1.1319297193584668 0.7821955929245078
0 S1796 -1.2264360363219822 0.54905274485311328
0 S1797 -1.2520649160908792 0.62870279184244326
0 S1798 -1.2000396428201174 0.58859905383517119
0 S1799 0.13786127561059847 -1.4286542676645313
0 S1800 1.1683988287524998 0.79071722244513676
0 S1801 1.2112763694748652 0.78269312711963712
0 S1802 0.10670302064880698 -1.4180875635965799
0 S1803 0.10731123109360115 -1.3531949373607397
0 S1804 0.20422129197217678 -1.4440891412984436
0 S1805 -1.2192847831394846 0.576361868130286
0 S1806 1.1558949341372016 0.83462823250422069
0 S1807 1.164426206796662 0.81090583286387274
0 S1808 1.2061106191427764 0.82317660958771421
0 S1809 -1.232397542219001 0.56356970798061257
0 S1810 1.1810735907623953 0.80030741620335066
0 S1811 0.14979016585322832 -1.4484896166974657
0 S1812 1.1571852304038823 0.79921329269613073
0 S1813 1.1332908402703561 0.77401371587301959
0 S1814 -1.2320977389507595 0.60475001798729178
0 S1815 1.2066286760168481 0.85776593614911767
0 S1816 0.13527036122483121 -1.5140940333525894
0 S1817 1.1634927753392126 0.75123758063047863
0 S1818 0.060909326798803259 -1.478767507974114
0 S1819 1.200206841806734 0.80136939319147971
0 S1820 1.2098108330602408 0.82177940325931609
0 S1821 0.14595339417262307 -1.4064478884115721
0 S1822 0.088421670361046187 -1.4962487898020564
0 S1823 0.10440836419129301 -1.442902448956229
0 S1824 1.1611875868832866 0.75099186346631142
0 S1825 -1.2656318377985256 0.62827860095863541
0 S1826 1.1115723768301851 0.79758216887487687
0 S1827 -1.2659777503273368 0.57338412099770664
0 S1828 0.044960326724429095 -1.4536097202612803
0 S1829 1.1825820815044592 0.80729966258866626
0 S1830 1.1912275807461588 0.80932165188329652
0 S1831 -1.2961764606982291 0.61275468720988024
0 S1832 -1.3148182162883866 0.65098613154240925
0 S1833 1.1890128810552349 0.76347058187016026
0 S1834 -1.2688266052625974 0.62327366255717198
0 S1835 1.1600769201955976 0.77497720382331414
0 S1836 1.1001159892297394 0.85601928530133731
0 S1837 0.09151794731726122 -1.3806926755519717
0 S1838 0.073248656057494019 -1.4296602430269152
0 S1839 0.095832590868482864 -1.4763840036801228
0 S1840 0.10755476086638426 -1.4416119641149727
0 S1841 -1.1814123891077895 0.63992565090742992
0 S1842 -1.2374087001284404 0.56759755694453529
0 S1843 1.1968657590108036 0.77079118069935626
0 S1844 0.08956164014338093 -1.4678331483737381
0 S1845 1.1728329528787886 0.8057305305991237
0 S1846 1.1286444850633899 0.79745792480157074
0 S1847 -1.2323252032377923 0.61920100265699929
0 S1848 -1.2663407120277244 0.517580256117667
0 S1849 0.099342539814746861 -1.406432789542194
0 S1850 -1.2119435765471263 0.54280390903555031
0 S1851 0.087804099724294996 -1.3925689039702343
0 S1852 -1.3033155559214746 0.61545682653178613
0 S1853 1.1673168306834345 0.75032991764017565
0 S1854 0.086596207926742441 -1.4050945087795932
0 S1855 1.1635562683047254 0.71887910643781383
0 S1856 -1.2261117680118792 0.61129319262397463
0 S1857 0.13456978805760889 -1.4799443849089369
0 S1858 0.1739739975254774 -1.4349088818635121
0 S1859 0.054699003212303629 -1.4790677756769184
0 S1860 0.16597801937061257 -1.4211422876469266
0 S1861 1.1815110242377365 0.71692787168148886
0 S1862 1.1732930506261554 0.79902037245299984
0 S1863 1.1330112884955148 0.81143063172272434
0 S1864 0.10362756584220252 -1.4898951549886243
0 S1865 0.075199748729191079 -1.4754662954921525
0 S1866 -1.2451384403702948 0.60939594390406593
0 S1867 1.163093241650683 0.75371133679977798
0 S1868 0.099267375346651782 -1.4808524524622688
0 S1869 0.10310519557777835 -1.436694309231723
0 S1870 1.1211303922706539 0.78164963524947517
0 S1871 -1.3468954162107827 0.60664711633827106
0 S1872 0.20591901311441724 -1.4126495449395047
0 S1873 1.174405346188248 0.84545244122052687
0 S1874 0.18858271819497502 -1.4864250131227343
0 S1875 0.1373070624237703 -1.4610587144262843
0 S1876 0.090345462576090302 -1.386524045232203
0 S1877 1.1869703803805784 0.76630297703669592
0 S1878 -1.2624431434801686 0.51706054692153558
0 S1879 0.12542425486419426 -1.4773858065828787
0 S1880 1.1556693925624215 0.81162186564644034
0 S1881 1.1561269992437719 0.82330483997441506
0 S1882 -1.196875850413103 0.60298981826660469
0 S1883 1.1519491319163822 0.80447997016978756
0 S1884 0.1297190616228488 -1.425602531458884
0 S1885 -1.2559228002887077 0.56531424428013455
0 S1886 1.1576837065935615 0.76922851068419518
0 S1887 1.0942986952217759 0.75769306415432336
0 S1888 1.2093947672801917 0.78780713233000876
0 S1889 0.12858374212210771 -1.3920490100906209
0 S1890 0.11500403402605051 -1.466036237176402
0 S1891 1.1758063408351342 0.81953911882626684
0 S1892 -1.3039715934572282 0.61579051073865276
0 S1893 -1.2173351557702365 0.60970906662866942
0 S1894 -1.2330796653446356 0.53388857420043756
0 S1895 1.1499658967390076 0.79825804912421805
0 S1896 1.128381387442869 0.77375628627686965
0 S1897 1.1585841692808458 0.79217207049835026
0 S1898 0.090227592073909152 -1.4065185057365175
0 S1899 -1.27448121248669 0.58173767283326605
0 S1900 -1.1880033607620692 0.55807642445202843
0 S1901 -1.309219851707579 0.62227876334136178
0 S1902 1.1679371613832332 0.78331616575304852
0 S1903 1.1298878306529665 0.83761043991536821
0 S1904 1.1535738184166362 0.74338757682570045
0 S1905 0.11730604908467208 -1.5059001141114501
0 S1906 0.12186889799228093 -1.4445209260809124
0 S1907 1.1526639831008123 0.73324818570738426
0 S1908 0.078070925362906191 -1.4036094893802005
0 S1909 0.10201314963794843 -1.4320803562765714
0 S1910 1.1430785097196186 0.77778526857078178
0 S1911 -1.2362323709713352 0.57325813945750981
0 S1912 -1.2221293070418426 0.55424959057251644
0 S1913 0.10362668887296918 -1.4541385618146889
0 S1914 -1.312032708081406 0.59416184093952173
0 S1915 -1.159397093610804 0.61161419685967877
0 S1916 -1.2819479938597378 0.548695368767248
0 S1917 1.1451082158139589 0.77246886550424321
0 S1918 1.1428605685131341 0.84392344669202146
0 S1919 -1.2627678876449682 0.58353279222847843
0 S1920 1.1705630669847686 0.85568998072080149
0 S1921 -1.2380795910355535 0.60137893682026466
0 S1922 0.16753563245590911 -1.3635249000465919
0 S1923 1.1623420188628202 0.82050851045398332
0 S1924 1.1977330793737888 0.79123935383556088
0 S1925 1.118992112102279 0.70688841773539035
0 S1926 -1.2816925357346891 0.59309517294805614
0 S1927 0.090560908474240837 -1.4287442165252682
0 S1928 -1.2452716332121001 0.55184854885585133
0 S1929 0.15154512071379064 -1.4468494407260974
0 S1930 -1.2788827510235818 0.51886810381124271
0 S1931 -1.2499692582884281 0.54385637152574895
0 S1932 -1.2316107689041356 0.63986894127600191
0 S1933 0.1017411310984055 -1.4436346572406731
0 S1934 1.1963493181677973 0.76353392522004049
0 S1935 1.181221486011081 0.82561914989093255
0 S1936 1.1834862333599483 0.80176587135572208
0 S1937 0.1261603465028486 -1.3486955589821727
0 S1938 -1.2351242363776438 0.60765309005597856
0 S1939 1.1448736788801315 0.79165406966094443
0 S1940 0.1388718431775906 -1.4663399529260857
0 S1941 -1.2537838795163112 0.59012900355295972
0 S1942 0.10857399312166985 -1.4677269813631646
0 S1943 1.1701281995992656 0.83581579135725581
0 S1944 0.13666240038523464 -1.3832990107351546
0 S1945 1.2196733133889159 0.82954900386364661
0 S1946 0.15400889878554205 -1.504744227970505
0 S1947 -1.2257226760297097 0.57888693580939399
0 S1948 -1.1754028063295154 0.62154230370985342
0 S1949 0.089878678709222934 -1.4201080673144475
0 S1950 -1.2317503760014823 0.58100545167206608
0 S1951 -1.2730106047752452 0.62685938757399096
0 S1952 -1.1867411854769847 0.59099924830511752
0 S1953 0.12160336542223109 -1.4553656847186633
0 S1954 -1.2716029085321681 0.58874465195915504
0 S1955 1.1451259774438867 0.71247536299322922
0 S1956 -1.2962411893649393 0.60512512048456824
0 S1957 -1.2649357518186823 0.60461317267267156
0 S1958 1.172238792262523 0.84941243505021358
0 S1959 -1.3084954326896416 0.61704724318319759
0 S1960 0.12340477012538437 -1.4137361289733006
0 S1961 -1.2276380334474908 0.57273583477915813
0 S1962 -1.2819058074987644 0.56146853456247747
0 S1963 1.1875325354587056 0.78638451112578489
0 S1964 -1.2595058497623417 0.6564853796413217
0 S1965 1.1706556821191774 0.83479561571903338
0 S1966 -1.212340262925002 0.57518304677273535
0 S1967 0.16823901634150165 -1.4553879147307585
0 S1968 1.1471300767233321 0.78974600254920246
0 S1969 0.13566061077980529 -1.403234524273602
0 S1970 -1.2465829359086933 0.54569047229353584
0 S1971 1.206980137366048 0.79256307545698157
0 S1972 1.2286321574879324 0.84323143248975896
0 S1973 0.18746219576602849 -1.3773603304456394
0 S1974 1.154243775981282 0.76674193510020361
0 S1975 1.1753540768006761 0.79176026858962878
0 S1976 0.095547233073533813 -1.4613504770714725
0 S1977 -1.2037601691768804 0.52189196663046944
0 S1978 0.13301063081161507 -1.4650246472572668
0 S1979 -1.2771391785998116 0.61868194843316615
0 S1980 -1.2869421246374375 0.61457410424928816
0 S1981 1.1167517811221674 0.81511396422548033
0 S1982 -1.2822622020908354 0.60215741692091584
0 S1983 -1.2693893095238713 0.57806402554499947
0 S1984 -1.2784610692248175 0.59745177818870321
0 S1985 -1.2629848882562171 0.57688768697615112
0 S1986 0.19969403028988719 -1.3934563703535245
0 S1987 -1.2905272383742112 0.61963749971603332
0 S1988 1.1551305541598278 0.77313893211019447
0 S1989 1.1753517621946346 0.79522963179300421
0 S1990 1.1913416830816332 0.84152267387543578
0 S1991 0.14007786850465936 -1.5326333832092602
0 S1992 -1.2175918722279941 0.52607842622683687
0 S1993 1.1734928303945775 0.79641993451375204
0 S1994 1.1262024326668343 0.75865020706752895
0 S1995 0.15039482086895106 -1.460989355250639
0 S1996 1.1395014752492569 0.74567877805656557
0 S1997 0.11517394234857407 -1.4095283271262913
0 S1998 0.1537400056202938 -1.4636926182601813
0 S1999 -1.2493904958059314 0.61490461664192309
0 S2000 -1.2761487224630721 0.54809567502784373
0 S2001 0.12386192736198694 -1.3756915759091193
0 S2002 1.1698284922799382 0.78935893697737469
0 S2003 0.16300898746813147 -1.4462020724339057
0 S2004 -1.2255425350062872 0.62702212589161543
0 S2005 0.14628626431697453 -1.3501339751783554
0 S2006 -1.2316742956593103 0.57897828074400481
0 S2007 -1.2075045170920016 0.60323359554308098
0 S2008 0.081724832332001215 -1.4675315316657356
0 S2009 1.1529409708846059 0.77600419218470573
0 S2010 1.1443196303009104 0.81898714433449649
0 S2011 1.1640690737210249 0.8290851128305331
0 S2012 0.16458258369433809 -1.3802332936318762
0 S2013 1.1781083063738564 0.85081772968480163
0 S2014 0.078839237016081989 -1.5123414198997212
0 S2015 1.1384764059789079 0.81713561178686767
0 S2016 1.1592426257539916 0.85242828272229187
0 S2017 0.046598005963761603 -1.4133101242753665
0 S2018 -1.1951166232867916 0.56942370281766763
0 S2019 0.048615160463333182 -1.4402680500017193
0 S2020 1.2164688260318104 0.75448950211910637
0 S2021 -1.2592416106557358 0.60103004763029011
0 S2022 -1.3183995338788359 0.52987981106178572
0 S2023 -1.2887389726947753 0.55817487000762134
0 S2024 0.094744884322536527 -1.493284258786763
0 S2025 0.11846670205841614 -1.4846219654335255
0 S2026 -1.3227517772843895 0.59355127106317807
0 S2027 1.1441814772586199 0.80396651969862032
0 S2028 1.1606460861617567 0.8155339410762259
0 S2029 1.1341677969932105 0.81208416714589227
0 S2030 1.151374564350115 0.74176967324803733
0 S2031 -1.2662932339406117 0.548986136396024
0 S2032 -1.2730194871963316 0.55237030320159541
0 S2033 0.123689292167303 -1.4466204838461785
0 S2034 0.1740044753228259 -1.4000116598021644
0 S2035 -1.272994632532644 0.53274134534742001
0 S2036 -1.2570759955877346 0.57709050473818779
0 S2037 0.090546118624410921 -1.4518315522527521
0 S2038 0.11331008413425959 -1.4083385782252924
0 S2039 -1.2305649690083136 0.62031840789506432
0 S2040 0.15585857222202806 -1.4737333333396625
0 S2041 1.1028232993540521 0.79520187614733506
0 S2042 -1.2636494053294709 0.61971591092864853
0 S2043 -1.2289364214929877 0.58576059303796257
0 S2044 -1.2018990744548139 0.57851458067791783
0 S2045 -1.2648099939467918 0.50245727009063923
0 S2046 -1.2729564395079722 0.59205819193332021
0 S2047 0.12933799135995713 -1.4267724500089565
0 S2048 -1.1972342749836813 0.53480812295035129
0 S2049 0.099978277055656914 -1.429293878800721
0 S2050 -1.2222616225280434 0.54897038020261013
0 S2051 1.1476926532873979 0.7467562964050477
0 S2052 -1.2762058471735152 0.58834231825100636
0 S2053 -1.247025367919065 0.57508555360784697
0 S2054 0.15596255681141385 -1.4682083784212541
0 S2055 -1.2336016874095217 0.56725526460767228
0 S2056 0.070233703190287725 -1.458101129174481
0 S2057 0.16785327297487754 -1.4198634882629004
0 S2058 -1.3561833050890983 0.62619010312462531
0 S2059 1.1676423786462244 0.86400227208896807
0 S2060 -1.2267124551089359 0.60997957995595842
0 S2061 -1.2282703630624532 0.55755764542280983
0 S2062 1.1678338217681683 0.73313024574403962
0 S2063 0.14268681711477155 -1.3715100682678034
0 S2064 1.1564152705858668 0.75451775798661525
0 S2065 0.079660114509282356 -1.4089706884150506
0 S2066 -1.273372861653977 0.58196219041446784
0 S2067 0.14385375115277196 -1.4032685996418557
0 S2068 0.094842543344625663 -1.4044598565892894
0 S2069 0.11137639574167048 -1.4714430941476391
0 S2070 -1.2464827193219423 0.60520227669936644
0 S2071 1.1569190687288853 0.80878296395080873
0 S2072 0.13417963560614696 -1.4043771839304049
0 S2073 0.1254174699939998 -1.4781835529959004
0 S2074 0.10816463240095527 -1.5061539005915707
0 S2075 -1.2762277110503053 0.5793320365278537
0 S2076 1.1642498559806662 0.79042432605934365
0 S2077 1.0918412222495526 0.78745735067524492
0 S2078 0.10897689778991858 -1.4778565799761589
0 S2079 1.1280058076253565 0.81388120934148711
0 S2080 1.1501847231861775 0.75684594281553097
0 S2081 0.15822456176933183 -1.452528868870548
0 S2082 0.07462054026768207 -1.4178067351593884
0 S2083 0.13489021017837841 -1.4409942089269616
0 S2084 1.0860017767921717 0.88089049516184947
0 S2085 1.1582426386360716 0.77855510741744993
0 S2086 1.1806760891172083 0.79157497286002643
0 S2087 1.1235027297726607 0.84421179734290441
0 S2088 -1.2085244079255955 0.6417995413770875
0 S2089 0.13334018697199806 -1.3827530192533251
0 S2090 -1.2751442993182442 0.57991421477852645
0 S2091 -1.2367244465539113 0.58771472025613891
0 S2092 -1.2713810335226405 0.53693349910023103
0 S2093 -1.3104967610856879 0.66403995883727773
0 S2094 -1.2215152843477246 0.54187333593762887
0 S2095 -1.1998978180647331 0.55054497231224142
0 S2096 1.2316847263616404 0.8170199258639208
0 S2097 -1.3376448231524409 0.50458042236451761
0 S2098 -1.3004310072388012 0.60635511309296286
0 S2099 -1.238897482101974 0.6536318350162279
0 S2100 1.1398927952827829 0.78699125340779585
0 S2101 -1.2223548156671304 0.57371510249664859
0 S2102 1.0860873905549133 0.79682598205622412
0 S2103 -1.2823701595510641 0.63317825736695499
0 S2104 1.1599224603710589 0.8006478301532356
0 S2105 1.1893583703840074 0.76086029424971868
0 S2106 1.170749586809386 0.83202754653499877
0 S2107 0.075319678145309057 -1.4086621498351144
0 S2108 -1.2384630696630647 0.64686387312032756
0 S2109 0.12181623882956169 -1.5370740187440488
0 S2110 0.19616936088959738 -1.4728545049544333
0 S2111 1.1086216914856213 0.75815265134888354
0 S2112 -1.2442706932544547 0.54409486203384505
0 S2113 1.2345629225726789 0.80206739267219129
0 S2114 0.16984994756150279 -1.4212806481568898
0 S2115 1.2494686199671763 0.87228880686213839
0 S2116 -1.2792011540866 0.58735203007313752
0 S2117 0.10953341920098618 -1.4581805146027835
0 S2118 0.090575014218293448 -1.4308324424329686
0 S2119 1.1488257971085789 0.75827329845612912
0 S2120 1.1739618232619145 0.72511204458291556
0 S2121 1.1951426590452736 0.74069551581793858
0 S2122 -1.2848017291845044 0.54989858088409305
0 S2123 1.1908293083834887 0.78965644185076955
0 S2124 0.093000521431389732 -1.4528790002364536
0 S2125 -1.2404931266507142 0.59951360716943869
0 S2126 1.0865933156393313 0.81261277404975907
0 S2127 0.071699954177231906 -1.4935517117736463
0 S2128 -1.2756042880236089 0.60007025627855592
0 S2129 1.1678454628189721 0.77764126767187103
0 S2130 -1.2314504246967943 0.60471478360464381
0 S2131 0.090714348882622906 -1.4015159576532832
0 S2132 0.16786933263265288 -1.5105943552526384
0 S2133 0.10559814618570286 -1.4765097275978671
0 S2134 1.1390251261031796 0.76868469771610115
0 S2135 1.205510751539161 0.81896608586270114
0 S2136 1.1413321332255273 0.80094071124712829
0 S2137 1.1057457099260033 0.72851374942091873
0 S2138 1.1125792836942165 0.77602500912726746
0 S2139 -1.2523392687843742 0.60820796025292434
0 S2140 1.092709203451405 0.81018370214390023
0 S2141 -1.1720037992625918 0.58456233163538318
0 S2142 -1.1954944671130174 0.50102326169132394
0 S2143 -1.2230549861852216 0.52593972026414082
0 S2144 -1.2361306140610684 0.56838827066546105
0 S2145 1.1861076330637392 0.72278284272984683
0 S2146 0.15044189750673684 -1.4106550591202156
0 S2147 -1.2472832103184242 0.57719802148795629
0 S2148 -1.2547260033469068 0.51587584667645781
0 S2149 0.16049499785517238 -1.4781982151541542
0 S2150 0.076037863986223156 -1.4190058627829061
0 S2151 1.1991749321968195 0.83273306936499392
0 S2152 1.2096894121326907 0.81964915621580847
0 S2153 0.18661281546051109 -1.4395828169359912
0 S2154 -1.2979481823300714 0.56139750016423184
0 S2155 0.14245831659884162 -1.4212714836653899
0 S2156 -1.1982684890420627 0.61990831094884402
0 S2157 0.11815420407304497 -1.4511732269312356
0 S2158 0.10939706090847118 -1.4475530080914463
0 S2159 0.14246023284929743 -1.4406627648186487
0 S2160 0.10110628090523983 -1.5186155917931807
0 S2161 0.081641015693857871 -1.4713783907072779
0 S2162 0.095702983732038407 -1.4595379320310273
0 S2163 1.1611463928752557 0.78299907927136636
0 S2164 -1.2678109775433319 0.63018580949625069
0 S2165 -1.2702739708321209 0.55763064867862633
0 S2166 1.1671525479792919 0.85146771416685829
0 S2167 1.1132067301328639 0.76084461483098675
0 S2168 -1.3628861630814531 0.57566205239001988
0 S2169 1.2269448708341009 0.77753437482892906
0 S2170 1.1729494628308585 0.76902152550801017
0 S2171 0.07410209746293453 -1.4311042610003208
0 S2172 1.1781933941368468 0.81801574293749357
0 S2173 1.2183297261806565 0.76657715065800003
0 S2174 0.11704945330360965 -1.4763887576147923
0 S2175 0.050944345030989512 -1.4716029755139239
0 S2176 0.17860503142365355 -1.464345224112561
0 S2177 0.063113710396385414 -1.4278134806808875
0 S2178 0.1945495028659518 -1.3679302344654189
0 S2179 0.15868152770698646 -1.4410966470520232
0 S2180 -1.3034335234107157 0.65339914402874522
0 S2181 0.15241346577263315 -1.4231101527897507
0 S2182 1.1179804824962261 0.83475274072497041
0 S2183 -1.2719796118035809 0.59236089360709598
0 S2184 1.1693143930936765 0.79113756518186518
0 S2185 -1.3022769290208411 0.60226954767105312
0 S2186 0.12563367094189445 -1.4846166975317634
0 S2187 1.1278195477464055 0.84682160255126182
0 S2188 -1.234665321703049 0.61343267751476227
0 S2189 1.1867584953806176 0.80885176259786906
0 S2190 1.1903014244341994 0.76984059318863907
0 S2191 -1.2287870352877435 0.60747213310490733
0 S2192 -1.3400218795013892 0.55528537489138652
0 S2193 0.083150064735880186 -1.3616045096194531
0 S2194 -1.2623987958595482 0.59226007348239929
0 S2195 -1.1562195141984741 0.54709548252135787
0 S2196 -1.2499387775362718 0.62498788549308348
0 S2197 -1.2126576501332678 0.62593582165032857
0 S2198 -1.1900765162959004 0.57035063634316763
0 S2199 1.2026165461359331 0.82169620503252361
0 S2200 -1.2145002226119523 0.60464158315505501
0 S2201 0.16552886298413044 -1.4928376988945187
0 S2202 0.13220756532985903 -1.436725187258683
0 S2203 1.1590082521472733 0.81034017747058962
0 S2204 -1.2467962178680636 0.59702628184300011
0 S2205 -1.2044329984528104 0.59685078447164064
0 S2206 -1.3265012036635155 0.65483782684372871
0 S2207 1.2063081266002236 0.80143487231787092
0 S2208 0.10476770330864334 -1.4178155921629341
0 S2209 0.12848154611463827 -1.4929040025763245
0 S2210 0.1229735928297893 -1.4612469018169756
0 S2211 0.095413923437418544 -1.5009170509641223
0 S2212 1.181254836930256 0.79266492299599389
0 S2213 1.1611468566057384 0.82418815198323647
0 S2214 0.19132787579615168 -1.4305955305182367
0 S2215 -1.2767148737362051 0.60250596472873175
0 S2216 1.2155860738917694 0.8278326885025884
0 S2217 1.1569114422183393 0.78195183492139286
0 S2218 1.1684389825264891 0.78693900482928925
0 S2219 1.0911244886816864 0.73863653114386585
0 S2220 -1.3091358996547724 0.59435073894203527
0 S2221 1.122796836866061 0.77661383164862063
0 S2222 -1.2232901081149956 0.55787967513629044
0 S2223 0.10849372028305473 -1.3698186443552851
0 S2224 1.1695578937942517 0.82942071186339739
0 S2225 1.0786089822829394 0.80816052149788487
0 S2226 1.1455837297968479 0.8425253329534379
0 S2227 0.095695016315936354 -1.4385482461234775
0 S2228 1.1881483596044842 0.75338297421369649
0 S2229 0.13427939243133968 -1.4242693939659761
0 S2230 0.12794814150594397 -1.4189342075597529
0 S2231 -1.2576155875883597 0.59026648059991971
0 S2232 1.182936304004359 0.72534838624343601
0 S2233 0.08162789003142322 -1.4684975512718113
0 S2234 0.13739611898293622 -1.3798354438103397
0 S2235 -1.2647857565509615 0.61016358206808841
0 S2236 -1.2570732522610411 0.57630484433787055
0 S2237 1.1617061267781643 0.86048832299042166
0 S2238 1.1192284468050839 0.72324113227944598
0 S2239 -1.2724981642074471 0.62453844115913304
0 S2240 -1.2951052680936173 0.60705196829241992
0 S2241 0.098878750201328428 -1.4510692735040602
0 S2242 1.1838889527035168 0.77873278133676893
0 S2243 -1.2867805186038879 0.58544847177217541
0 S2244 0.12972409560109746 -1.417117314142559
0 S2245 -1.257635680428542 0.57580417307410503
0 S2246 -1.2713163078192029 0.61961634465303761
0 S2247 0.089148567114558847 -1.4217360123091327
0 S2248 -1.2598406587669442 0.65731234847398301
0 S2249 0.056320851393780375 -1.4509397313897889
0 S2250 -1.3371737844602505 0.59534061558308271
0 S2251 -1.2683826869729116 0.62385885238724026
0 S2252 1.1790591172659723 0.71723289933572199
0 S2253 -1.2631903070029304 0.54132966795913884
0 S2254 0.10913998664550882 -1.4483072278741256
0 S2255 -1.2440992201249088 0.55086184453451581
0 S2256 0.11375948071366439 -1.4916748166377096
0 S2257 0.14653904535867418 -1.4300082198661503
0 S2258 -1.2764186870199188 0.58095272044051527
0 S2259 -1.2690010577070776 0.55489555687319192
0 S2260 1.1321235499689539 0.80002372621656515
0 S2261 1.1520501716011537 0.786636493072426
0 S2262 -1.2466759174873769 0.57288142862954383
0 S2263 1.1360690874863453 0.77115435337421379
0 S2264 0.077617395860755237 -1.4370882634150473
0 S2265 1.1834318741136187 0.75912088625936602
0 S2266 1.2022714477485394 0.84152688711604173
0 S2267 -1.3620229533444865 0.603198809998997
0 S2268 0.10289831200422626 -1.4623787934186765
0 S2269 -1.2908524326726816 0.54982207739444733
0 S2270 -1.2113241324032589 0.54446840897099469
0 S2271 -1.257135457530085 0.61397049782274637
0 S2272 -1.2426222499988535 0.52220217749692766
0 S2273 -1.3129444474992271 0.62505753675291664
0 S2274 1.1562765186770971 0.83080937882942996
0 S2275 1.1376852273668105 0.79989574554477771
0 S2276 1.2266245612355522 0.79669378112300615
0 S2277 0.10168805320411296 -1.4343848081243837
0 S2278 0.10787265720770667 -1.5031329423052826
0 S2279 -1.260363641987863 0.57534170473907154
0 S2280 1.1677422852718085 0.84352318008447746
0 S2281 0.064650674094650598 -1.5304240476093123
0 S2282 1.1518339711401782 0.72481537689166353
0 S2283 0.19059346781787642 -1.3880611073514217
0 S2284 -1.2065389782917306 0.54141088107406254
0 S2285 1.2117439192466026 0.75858210275400084
0 S2286 1.1137247002314496 0.78019408212597863
0 S2287 -1.2580645297151769 0.56282746108267601
0 S2288 0.099416418052200251 -1.4930070171491621
0 S2289 1.1524766504522221 0.84618810795508104
0 S2290 1.1901186233498826 0.72317591123570935
0 S2291 -1.2600755302321021 0.57121345528810952
0 S2292 -1.3005750649514594 0.5506990277699999
0 S2293 -1.2632964868666645 0.51828960456911921
0 S2294 -1.2981888338101033 0.57859276277930194
0 S2295 0.14204765422757309 -1.4260352325883783
0 S2296 1.1178685381330884 0.7751182211697013
0 S2297 0.11382338412636958 -1.4016324520081089
0 S2298 1.2079620867291054 0.78077871358083561
0 S2299 -1.2177657629371714 0.58790865842742313
0 S2300 0.13294740111118716 -1.484795702785936
0 S2301 -1.1963166329847024 0.61286392971559522
0 S2302 -1.2108567327557789 0.63639741765785318
0 S2303 0.1532231043308615 -1.5186338725498514
0 S2304 0.088999072805222942 -1.4459436873951153
0 S2305 1.1557982613114295 0.72763556609163438
0 S2306 0.12538364605411673 -1.4438907808926125
0 S2307 0.12027538077272494 -1.4641231626944948
0 S2308 1.1647144901139359 0.82451545308717455
0 S2309 1.1543324339849415 0.71539526429540723
0 S2310 0.16353682454262541 -1.4092017853766803
0 S2311 0.13186711189836237 -1.4514361036139789
0 S2312 1.121525654953601 0.83617808068458699
0 S2313 0.092617308470226145 -1.4241819872462915
0 S2314 0.17485110737921816 -1.5122776655099219
0 S2315 0.1285770929627576 -1.4384526446536963
0 S2316 -1.2936087503130913 0.61769586285069844
0 S2317 1.1717705418390543 0.7489086972035105
0 S2318 -1.3098194540039392 0.5326946348189856
0 S2319 0.092629387010460099 -1.4910464439155449
0 S2320 1.161384393461417 0.75999767235365856
0 S2321 -1.2255611906795449 0.58735379199416959
0 S2322 1.1949426682025661 0.73925557390493046
0 S2323 -1.2903001934794933 0.63365007657420758
0 S2324 -1.2522728712335329 0.59425251485217068
0 S2325 -1.2352809105236229 0.60941405088676792
0 S2326 1.2521012677357841 0.80096432952335561
0 S2327 1.1120800097670724 0.75184214082408207
0 S2328 0.13353380064458942 -1.4398827116495343
0 S2329 -1.2847925638040689 0.52811779244767965
0 S2330 0.12545132015683794 -1.3628816951144942
0 S2331 0.16582154034957589 -1.4070403747363198
0 S2332 1.1293156924305219 0.78862436567851868
0 S2333 -1.2615700923042954 0.58581263513544446
0 S2334 0.073615745185367412 -1.4431994421578673
0 S2335 0.13523432074467476 -1.4287763661675339
0 S2336 -1.1980421146132334 0.58434269165786912
0 S2337 -1.218654260293131 0.60593784830683983
0 S2338 -1.2639154278456466 0.55909906252389407
0 S2339 -1.2893923194830492 0.55936219419184918
0 S2340 -1.2781252438595125 0.60053281485872489
0 S2341 1.1634503185362133 0.7820430626225503
0 S2342 -1.2010607560073572 0.58520388275870494
0 S2343 -1.2381736165858037 0.64119400011326522
0 S2344 0.17800233670338628 -1.4250859377630838
0 S2345 -1.2639332619825225 0.64559958009864027
0 S2346 0.11301950158810543 -1.3779924168203461
0 S2347 0.10473645940116862 -1.4315561404096455
0 S2348 0.13902849318017313 -1.3997011813905649
0 S2349 0.12609737089536016 -1.4294558571372029
0 S2350 0.092268788753754147 -1.4365024678108873
0 S2351 1.1927761372902814 0.80699350764808342
0 S2352 0.059904460990079629 -1.48699471317982
0 S2353 0.13247527520298596 -1.4338723120242149
0 S2354 0.097929352547463544 -1.4418770862233043
0 S2355 -1.2675019983268212 0.5884858365564295
0 S2356 -1.2980989504315328 0.55012252144083817
0 S2357 -1.3215781835209941 0.6079149958371064
0 S2358 -1.2146300888125228 0.54514048448481489
0 S2359 -1.2362673172797323 0.59998621851327216
0 S2360 1.1942239817197293 0.82130774228392578
0 S2361 0.12733036755444524 -1.4812459199745167
0 S2362 0.15262910189595363 -1.4751249106125028
0 S2363 -1.2935686093400618 0.62395393020674561
0 S2364 0.11166488823047702 -1.4603827665762119
0 S2365 -1.2591731576776526 0.56871315404970302
0 S2366 0.14683542365793165 -1.4119436444182474
0 S2367 -1.245021236208667 0.58495816991580174
0 S2368 1.1888548738103273 0.82440615666845307
0 S2369 1.1074569656014273 0.81505046913536827
0 S2370 -1.177183865593018 0.66943943972569286
0 S2371 1.1545407046742007 0.77031270001797414
0 S2372 -1.3088962778433364 0.58598602285258639
0 S2373 -1.1906644705671754 0.61177861934943523
0 S2374 1.2226497234341167 0.81445146049946227
0 S2375 -1.2116655352837793 0.55469495096274035
0 S2376 -1.3121030907022331 0.63072146147693753
0 S2377 -1.2178991469948379 0.57177464550566215
0 S2378 0.088026034854644844 -1.4378423759326691
0 S2379 0.072128314219542966 -1.3869683017401853
0 S2380 1.1254790551987963 0.77930632814700151
0 S2381 1.2143235751251638 0.75909870830509052
0 S2382 0.11291488504583656 -1.5547784237252351
0 S2383 1.1016295750761556 0.74754582324971885
0 S2384 -1.3246060639427559 0.54922531978661449
0 S2385 -1.272164696974577 0.5886509663537286
0 S2386 -1.2585346035035347 0.60629001875690358
0 S2387 -1.2617007033288377 0.53558039450627792
0 S2388 -1.1849563646769663 0.61887673029272994
0 S2389 1.1323860498464946 0.75314487792876739
0 S2390 0.053225635050788846 -1.333484227949872
0 S2391 1.1994025410404647 0.82726783007732863
0 S2392 -1.2624865040084652 0.64124522744043189
0 S2393 -1.2969152957630969 0.58883023376083365
0 S2394 1.2158328677272074 0.74721372034322575
0 S2395 1.2042780700332678 0.76290150782359778
0 S2396 -1.1933343331281698 0.6959409997962791
0 S2397 1.2185031064349103 0.7500140536573725
0 S2398 1.1699434382347411 0.84860395545191447
0 S2399 -1.2731629155420958 0.57043928452316794
0 S2400 -1.2643482245348754 0.6098205340778371
0 S2401 1.1619457450303874 0.81297725552865585
0 S2402 1.1256226329395618 0.7624105938885033
0 S2403 -1.2904368973407871 0.56284375026609024
0 S2404 1.1528098683783479 0.80517166121375028
0 S2405 1.1386510972390309 0.79999976779570459
0 S2406 1.1272036760360176 0.80888724079559726
0 S2407 0.13051353233928523 -1.4235890115397041
0 S2408 -1.2851249964202605 0.53172000702970679
0 S2409 -1.2939449464291999 0.60130811547615381
0 S2410 1.1879565849134408 0.77650369952700182
0 S2411 -1.1562344832966251 0.60837767927511099
0 S2412 0.17700166204855439 -1.4331559059578935
0 S2413 0.085939633011567707 -1.4207586386259208
0 S2414 1.1419578788811262 0.7873145189769345
0 S2415 0.15456955895989463 -1.4845345108288213
0 S2416 1.1267218760072439 0.80492509831701164
0 S2417 -1.3267666624467014 0.59973294410515643
0 S2418 1.1936884299804817 0.81977040777843979
0 S2419 1.2124589953045588 0.75763601210612508
0 S2420 1.1972490704100198 0.78467155731516103
0 S2421 0.13951139176799895 -1.3938586827750981
0 S2422 -1.2865086084351847 0.60205773831906462
0 S2423 -1.2898198619360897 0.57807114433215001
0 S2424 0.091509830894546978 -1.4727579718449735
0 S2425 0.16021293693951769 -1.4023880283285934
0 S2426 0.14055579506893406 -1.4239396689504491
0 S2427 1.1676429684992544 0.84496450737251594
0 S2428 1.1676606456533678 0.83404719632009372
0 S2429 -1.2657028916594513 0.57467064002532431
0 S2430 1.2520287014065468 0.8410652103839571
0 S2431 0.05499784571332287 -1.419222455869541
0 S2432 0.15417218204827116 -1.4545923015902036
0 S2433 0.12726450049384952 -1.4618416738107498
0 S2434 -1.2263973944150395 0.58646348531643044
0 S2435 -1.2377251975055052 0.51802557156862994
0 S2436 1.1190761795769322 0.85626589223018945
0 S2437 1.1181937157712258 0.80500140952480825
0 S2438 1.2146287586793427 0.83366627236589963
0 S2439 0.18622724593113116 -1.4317938671380932
0 S2440 1.1632826123872275 0.83816294323375429
0 S2441 1.1829809804417448 0.75387224297528044
0 S2442 -1.2593799907906373 0.54115829327337939
0 S2443 0.1410690279211087 -1.4588686274725484
0 S2444 0.17407738969110645 -1.4559002033070716
0 S2445 -1.2115310551099612 0.63826831368138737
0 S2446 0.075791442507857645 -1.4239344065375537
0 S2447 0.091695983150807223 -1.4647686472895267
0 S2448 0.12527217193648349 -1.42935004567018
0 S2449 -1.2481336822555085 0.57715840855517975
0 S2450 -1.2685712469531596 0.64448708464526194
0 S2451 0.027891893093420307 -1.4126547772988871
0 S2452 -1.2606458932173983 0.56630291597483962
0 S2453 -1.3003068681130585 0.58766249377663182
0 S2454 0.14928145786782007 -1.4470540922280248
0 S2455 0.17951138783440157 -1.5407554435456077
0 S2456 -1.3133695232346885 0.4992137360510393
0 S2457 1.0967157786419148 0.87257936787303481
0 S2458 1.1576041569509574 0.75309289451293249
0 S2459 1.2306892342204727 0.78019583393608161
0 S2460 1.1483863529593692 0.74882391068032239
0 S2461 1.1913961459801772 0.76056039502428141
0 S2462 -1.2262936771849273 0.56487017659000593
0 S2463 1.1211682343760934 0.77503405988516205
0 S2464 0.03406744687893723 -1.4542209856406554
0 S2465 0.11021930222334396 -1.4378967773649767
0 S2466 1.2327049286084932 0.80184309888909766
0 S2467 0.12442828724206599 -1.4386556048541079
0 S2468 -1.2530368475857636 0.51475076946989584
0 S2469 0.16475867486957269 -1.4798062235871838
0 S2470 -1.3194759261641282 0.56267956880068393
0 S2471 -1.2689146632101225 0.57425902917368699
0 S2472 1.1585191149753471 0.74872082960338748
0 S2473 0.14279264780057327 -1.459041154078573
0 S2474 0.16226632380759304 -1.463019759898339
0 S2475 -1.2700911879540677 0.56231421127530778
0 S2476 1.2235431469821676 0.80022474667350152
0 S2477 -1.2593867942037864 0.54172214530904172
0 S2478 0.11206992419903214 -1.4408617353701285
0 S2479 -1.248453350856684 0.63145167953853221
0 S2480 -1.2991057666073149 0.6248577582176762
0 S2481 0.14160393540992755 -1.427972657507705
0 S2482 -1.3079653290747189 0.56874755524612897
0 S2483 1.1707064951449566 0.78588351090580666
0 S2484 -1.2647748975129101 0.6111200280275223
0 S2485 1.1864620252692299 0.7644404724006626
0 S2486 1.135391829643783 0.84109497428383584
0 S2487 -1.2528822122951326 0.58574961416351357
0 S2488 0.17878133626616816 -1.4484791256485952
0 S2489 -1.2307390309468449 0.60272899225958831
0 S2490 -1.2913564446089734 0.60559184022284496
0 S2491 1.1569820461980638 0.75517364714882385
0 S2492 -1.2624261955357421 0.59109442149349256
0 S2493 0.13398990172384082 -1.4276061609200235
0 S2494 0.12162795961951314 -1.4864160429882796
0 S2495 1.1493724545123492 0.73728326673513067
0 S2496 0.053162179246907096 -1.459103634830736
0 S2497 0.17506888650742317 -1.4023101702193368
0 S2498 1.1188754277945163 0.73651259187578322
0 S2499 0.13152996891915064 -1.376050132471925
0 S2500 -1.2090748239212876 0.55772395754193427
0 S2501 0.095236531489134219 -1.4873717179352273
0 S2502 1.113789696567544 0.80946246020385371
0 S2503 1.2311549623013653 0.78986198047817158
0 S2504 -1.2857899629913376 0.65784693696960084
0 S2505 0.18152932359475979 -1.4345632447695706
0 S2506 1.2216765042198872 0.78873187247633236
0 S2507 1.1569859465607097 0.74715206969275449
0 S2508 0.02917707817810385 -1.4493675029538042
0 S2509 -1.2781085625768402 0.61025413982464938
0 S2510 -1.2397932744982494 0.60464213489792162
0 S2511 -1.2610007474298859 0.63536249573913384
0 S2512 1.1242125227755875 0.76761794635299019
0 S2513 1.1733045782386233 0.73564972520575378
0 S2514 1.1683731979496499 0.736157186860257
0 S2515 -1.2493363550986214 0.59120016883644588
0 S2516 -1.1869720619613564 0.59118156508176745
0 S2517 1.1699122063611953 0.71334514774142033
0 S2518 0.10266911310617857 -1.3850295922042872
0 S2519 -1.2565456807076951 0.59395773171409971
0 S2520 -1.2587559724870356 0.61253043851898692
0 S2521 0.1422491168026013 -1.4447193196283095
0 S2522 1.1436330207413676 0.83914473042612969
0 S2523 1.1264551704464194 0.77505930075595475
0 S2524 1.2178921182840654 0.80341495172995836
0 S2525 0.16107010482134751 -1.4538558877522192
0 S2526 -1.2149461595938222 0.53109870240098689
0 S2527 1.1666243307723472 0.78920126180064898
0 S2528 1.1644286182743044 0.79613712145127102
0 S2529 1.1711524372155735 0.73918087658674414
0 S2530 0.1533451213537067 -1.4763396104180808
0 S2531 0.098854196087415122 -1.4758461428574359
0 S2532 0.15764294726050135 -1.4390429163239888
0 S2533 -1.2922258356401 0.6402556348289824
0 S2534 1.0738816412744545 0.8299450919863518
0 S2535 1.1810449106054 0.78651696197328513
0 S2536 -1.2933512220289232 0.61225027125513953
0 S2537 0.11239152840672283 -1.4583485028767977
0 S2538 -1.2516376723820715 0.62831289441508664
0 S2539 1.1298630914617747 0.79403526064324181
0 S2540 1.1261852019360865 0.80036836756132623
0 S2541 0.098843264297671526 -1.3996851429671799
0 S2542 0.092837806142865117 -1.4843621084996605
0 S2543 0.10139462463025527 -1.4535201460315739
0 S2544 0.12702893544072136 -1.4197308791569092
0 S2545 0.14108597733946232 -1.4154631020092574
0 S2546 1.180237039561655 0.77856903061631166
0 S2547 0.046195893370111249 -1.4944566871358835
0 S2548 -1.2376950855497415 0.65449702571339385
0 S2549 1.1068645572919682 0.84136147885588664
0 S2550 0.11645606808813964 -1.4021852110617219
0 S2551 0.11920887361519547 -1.3671298059621295
0 S2552 1.1358253174763169 0.8064570138520224
0 S2553 1.1208837178521946 0.82626835668325838
0 S2554 -1.2278707827754778 0.59187524501716926
0 S2555 0.13721974525093419 -1.4464832874871396
0 S2556 -1.2801052731419613 0.59826460070152154
0 S2557 0.10385243004103757 -1.42003745924282
0 S2558 0.12822729468326496 -1.3836412723049176
0 S2559 1.2364610962283185 0.79423269205580505
0 S2560 -1.2626028051097371 0.59817536381127123
0 S2561 -1.2756156035399049 0.57747483084721785
0 S2562 0.1515949709263805 -1.4423546628991384
0 S2563 -1.2665250126346848 0.6040711958477949
0 S2564 0.10302723775353254 -1.4432967691006566
0 S2565 0.071508404199225162 -1.4636269207855033
0 S2566 -1.2596653381025367 0.60905724269445904
0 S2567 -1.2066314763374359 0.55697334280636734
0 S2568 0.0818105086941186 -1.3705925411330671
0 S2569 0.18611656526591949 -1.4683319469298279
0 S2570 0.10839866136893007 -1.4269328233705689
0 S2571 0.092793704486178047 -1.5087007981076954
0 S2572 0.12497360865390239 -1.4365221264817616
0 S2573 0.11455840754949566 -1.4685533355744123
0 S2574 0.085542082477097256 -1.4616856954785868
0 S2575 1.1657379972506219 0.75710764364273397
0 S2576 1.104872321232693 0.80635438953684491
0 S2577 0.143789724582436 -1.4849071051768878
0 S2578 -1.1390231005656046 0.6125949889508735
0 S2579 -1.2804548204656312 0.61774857255316717
0 S2580 -1.1848592652831791 0.62129727872104923
0 S2581 0.054103979297117112 -1.4574376141442205
0 S2582 -1.2753901405763557 0.62587769491700029
0 S2583 1.1367830540888781 0.84600064207793158
0 S2584 1.1613980417086103 0.73540068766771216
0 S2585 1.1139457343094199 0.78517644857456892
0 S2586 1.1887211116643035 0.78128715140003024
0 S2587 -1.2650075300160861 0.55359634740319741
0 S2588 0.13783604194970747 -1.4071147873334329
0 S2589 -1.2837259369534673 0.588518957975256
0 S2590 1.1578641306963904 0.781824729152644
0 S2591 1.1541461662491934 0.80515695770256523
0 S2592 0.13006289282931807 -1.4271828818538232
0 S2593 0.12081753051681991 -1.4188972745200654
0 S2594 -1.285858226538322 0.515966456840669
0 S2595 1.1986935409856916 0.7286435332753457
0 S2596 0.1286466854066701 -1.3307983765122067
0 S2597 -1.243338449785633 0.63817723663388759
0 S2598 1.2022313034240271 0.78740954953715458
0 S2599 -1.2590987828676197 0.61488874256876858
0 S2600 0.20805344537908971 -1.4059168581878441
0 S2601 1.2388840454253411 0.86045869200586422
0 S2602 -1.3049422198032237 0.59640601510035918
0 S2603 1.1936074710176356 0.83578686260416513
0 S2604 -1.2869972836335499 0.61680498871173994
0 S2605 -1.2378992342002089 0.55080613916827881
0 S2606 -1.2923972074002574 0.58689778041908303
0 S2607 0.17331498797592024 -1.4456065604610424
0 S2608 1.1972571711272177 0.8074923479958952
0 S2609 0.13019525284038616 -1.4498028023218166
0 S2610 -1.1848776544566642 0.60070399631687244
0 S2611 -1.2109647814994824 0.63359299143586123
0 S2612 0.085992394857093216 -1.4561300699202839
0 S2613 1.1500314004643826 0.80746867846425063
0 S2614 1.1053704850990103 0.81714756858858228
0 S2615 1.1739637321145007 0.79525964666450388
0 S2616 1.1616289754464832 0.81760378185376748
0 S2617 0.10290942394078163 -1.4437639062121881
0 S2618 0.064735287232168134 -1.4837799336576127
0 S2619 -1.193925020691075 0.56413774481376699
0 S2620 1.184074753146009 0.76381410734395239
0 S2621 1.1585178908455727 0.72252084300460584
0 S2622 -1.2597263297701706 0.59326665442612614
0 S2623 1.2325654761974887 0.7946211302012095
0 S2624 1.17390964174405 0.74401800666286677
0 S2625 -1.2892069919149458 0.55894510563786448
0 S2626 0.089833483121206828 -1.4729298759049743
0 S2627 1.0758089177829417 0.76128134043959317
0 S2628 1.1813732795665792 0.80077942092690713
0 S2629 -1.2187809681747201 0.59335731265559188
0 S2630 -1.2550744537128335 0.60687156724054192
0 S2631 1.1902016087424916 0.74143201465041986
0 S2632 1.1794409104959438 0.80900113458770628
0 S2633 -1.3032484103188813 0.65879534979190335
0 S2634 -1.2429212611541829 0.61273708248423386
0 S2635 1.1716791659698365 0.85149042322334156
0 S2636 -1.2589450775864639 0.548352363751752
0 S2637 1.16855509510235 0.79779922690073035
0 S2638 -1.3150969540686059 0.58571134376370004
0 S2639 1.139325810211695 0.72896953767997175
0 S2640 1.1388756171655368 0.7979910465903316
0 S2641 1.2041915608912206 0.86107690401060655
0 S2642 1.1758927373918686 0.80034334402824914
0 S2643 -1.2935825179753029 0.55332140142138408
0 S2644 -1.2310953575878762 0.56161883502087739
0 S2645 -1.23432922356927 0.60950434157416511
0 S2646 0.12233918609280839 -1.4591561116361826
0 S2647 0.12153181822167206 -1.5019247119899166
0 S2648 0.13833359306132725 -1.4845168454150957
0 S2649 -1.2224652215600522 0.51454756306401439
0 S2650 1.1474330642005293 0.74454442987700953
0 S2651 -1.3211777258632678 0.54913900333755483
0 S2652 0.08326077680968029 -1.4534204738991305
0 S2653 0.10373735464309852 -1.454274354664939
0 S2654 1.1235700119459076 0.78134691337143225
0 S2655 0.096541678339144607 -1.441016500217096
0 S2656 0.092623547915997292 -1.4574137664507665
0 S2657 1.1488502845733417 0.84806937545713068
0 S2658 -1.2669675733607682 0.52303950624473616
0 S2659 -1.2765709737459356 0.57978411917587735
0 S2660 0.10152944908268348 -1.4376073683039834
0 S2661 -1.2486141263926289 0.63024440407420035
0 S2662 -1.2447627395086309 0.54920614473864027
0 S2663 -1.2259673303095524 0.60756303346680129
0 S2664 -1.235659074750693 0.59670512538296649
0 S2665 0.10166088802354731 -1.3968384935638181
0 S2666 0.11112022204687126 -1.3991385486476848
0 S2667 0.12796799810783718 -1.4409806260585756
0 S2668 -1.2072577800374036 0.56419368296457373
0 S2669 -1.2610917590476618 0.64114365547829744
0 S2670 0.13869519499740296 -1.422025304658987
0 S2671 -1.277335451672972 0.58923323988108012
0 S2672 0.1156401303587113 -1.426307546765774
0 S2673 0.090202918949335645 -1.4129800344929688
0 S2674 -1.3210133269633941 0.58613152046481709
0 S2675 -1.2658191242717478 0.5946992229242668
0 S2676 -1.2394589871613164 0.54894727713852831
0 S2677 -1.1674280397425367 0.58475053213966366
0 S2678 0.095900503982008417 -1.3962327954279401
0 S2679 -1.1914296721129842 0.55091088208271199
0 S2680 0.14153262287322854 -1.3988929373934462
0 S2681 0.064023258691880622 -1.4284518793448193
0 S2682 -1.2586604762968443 0.55670834757783261
0 S2683 0.032339785475243209 -1.4488227331873154
0 S2684 0.060290467427168717 -1.4645063935092053
0 S2685 0.12853711351952055 -1.43728760355803
0 S2686 0.12459541253686299 -1.3845625160241497
0 S2687 -1.3684141945142891 0.57988628139491405
0 S2688 0.10908885058938229 -1.475505494602446
0 S2689 -1.224754759070803 0.55534261130868612
0 S2690 0.17494003960249094 -1.3723742725969708
0 S2691 0.094428755116612348 -1.4950988812237689
0 S2692 1.1853329136680264 0.71926673542310227
0 S2693 1.2055695011801908 0.73341666607056855
0 S2694 0.090794323673749691 -1.4806665831196058
0 S2695 0.12811570481166654 -1.3776862987394438
0 S2696 -1.2530038281607481 0.67206648365080723
0 S2697 1.1523510410482467 0.77938746778495926
0 S2698 -1.2712930679258569 0.60221904977158836
0 S2699 0.14084106060127319 -1.4412917065608406
0 S2700 1.1944722390609528 0.78645742285144005
0 S2701 -1.1766017776882465 0.57815230480527835
0 S2702 0.14541136146072284 -1.4159187698848616
0 S2703 1.1648257838420089 0.82282813398253141
0 S2704 -1.2893125361103723 0.51285400943863513
0 S2705 -1.1893633555919394 0.62328356796203133
0 S2706 -1.2500150903708667 0.55786598667294696
0 S2707 1.1883204000982828 0.76949672906328226
0 S2708 1.1528356339575594 0.73962660212023634
0 S2709 0.1620312199514031 -1.5130316328098359
0 S2710 0.14416206493385153 -1.4482824229630422
0 S2711 -1.2794018796191156 0.6057653918714605
0 S2712 -1.2131821921677108 0.62591951038323779
0 S2713 0.12486721993135433 -1.4161545746299995
0 S2714 -1.3323513878781692 0.58371262789591805
0 S2715 -1.2572321171450982 0.56619765688573198
0 S2716 1.1907248972758484 0.77096347183316905
0 S2717 1.1522617933920885 0.7834620699876923
0 S2718 -1.2528426766543759 0.58735595880207703
0 S2719 0.051255447523494618 -1.4510806197973691
0 S2720 -1.2163325119627055 0.60916008792123222
0 S2721 1.1564593767747793 0.74521677721272905
0 S2722 0.12150586641631979 -1.4188322134747684
0 S2723 0.10215019441738366 -1.4236437482726605
0 S2724 -1.2446462564444958 0.57971896604584983
0 S2725 1.2046167671761241 0.82458709945822539
0 S2726 -1.23111185359375 0.55773612008705531
0 S2727 0.098826384057230543 -1.5143860766120414
0 S2728 1.2090022226281989 0.77225350047300489
0 S2729 1.1722974118079059 0.7824485655587754
0 S2730 1.1200173224242802 0.72902693954132292
0 S2731 1.1154697539645697 0.76713201550324539
0 S2732 1.2306565553234217 0.760367953860693
0 S2733 -1.2538368562480549 0.57567044927046274
0 S2734 1.1811837321927203 0.83688473435393707
0 S2735 -1.2154014673915225 0.57074285406292491
0 S2736 1.1328461998172068 0.70934974114676486
0 S2737 -1.2922070997552859 0.567993389248723
0 S2738 0.15552945463518961 -1.4583627197287479
0 S2739 -1.2324803690436776 0.52416747713287382
0 S2740 -1.2958873582346548 0.62329835557576252
0 S2741 1.2095849528023432 0.84039104861799097
0 S2742 1.1570757954556117 0.76418221521790564
0 S2743 0.13914913290341691 -1.4648613951239329
0 S2744 -1.2885115451016831 0.55023537829749125
0 S2745 1.1518022044277618 0.76740105393941704
0 S2746 0.20086402653754262 -1.3831953673799695
0 S2747 0.10718383370544458 -1.5107605896946721
0 S2748 0.098333426153980608 -1.3877552176561851
0 S2749 1.1280734996625501 0.78656473644423208
0 S2750 0.13078979441504249 -1.3507102281690715
0 S2751 -1.2594848319178267 0.61028824201610143
0 S2752 -1.2699232771642934 0.65742943457128145
0 S2753 -1.2928661235210523 0.61370044613878239
0 S2754 -1.2894144759581416 0.62950440800154717
0 S2755 1.14827940600241 0.83808980352202722
0 S2756 1.2246272868135895 0.80967391067349226
0 S2757 -1.2413777293919026 0.60475581844763682
0 S2758 -1.2538909970082297 0.65154364681097354
0 S2759 1.1362091638690976 0.82408429516011306
0 S2760 1.1550465821495188 0.74171544799000322
0 S2761 -1.282002089908955 0.60610888988630618
0 S2762 -1.2320604153318802 0.61024633830750452
0 S2763 1.1636662548883123 0.82485243629894522
0 S2764 -1.2620920741418205 0.61361384759289206
0 S2765 1.153608975739469 0.77778068240090648
0 S2766 1.1546971071879903 0.71592763894747813
0 S2767 0.066812447983672918 -1.4428263495575326
0 S2768 -1.2789284042873348 0.66965579020193222
0 S2769 1.1583092389461069 0.78051200447616043
0 S2770 0.16045016702040785 -1.3999971695895683
0 S2771 -1.2568493119212507 0.53310428160218748
0 S2772 0.17593587656734722 -1.3899333849232565
0 S2773 0.10973712627779481 -1.4254465139736194
0 S2774 1.228609638586623 0.83140451607391008
0 S2775 0.20204069158747121 -1.4298720492206578
0 S2776 -1.1977776850833006 0.57787699680996063
0 S2777 1.1485682741036394 0.82802918961623428
0 S2778 1.1773479760460881 0.75152361364645992
0 S2779 1.1769728972091349 0.84519804983236335
0 S2780 1.2168267397720474 0.8003854033238591
0 S2781 0.10218774645662726 -1.4398194829077688
0 S2782 1.2215290011837059 0.74567997045103074
0 S2783 1.2022231068329441 0.85699132639149067
0 S2784 -1.2139785962311824 0.63951702465115767
0 S2785 1.1390237019573142 0.79828306582321928
0 S2786 1.1885479832072756 0.7960049735176139
0 S2787 1.2222105825865774 0.7377985988845307
0 S2788 0.050574058273860967 -1.4499831662449154
0 S2789 0.08399876502693665 -1.4965100353801708
0 S2790 1.1461486079666396 0.69365447765538168
0 S2791 -1.25686981784213 0.50560219496335312
0 S2792 -1.2904804491500568 0.56777573754706123
0 S2793 -1.2750911963573974 0.64413513670409439
0 S2794 -1.237900921732388 0.5697896928593702
0 S2795 0.14642439552551645 -1.3862205750458136
0 S2796 0.1275787132337062 -1.4153870274720983
0 S2797 1.1458819831438944 0.81057412576092236
0 S2798 -1.2235774694249772 0.62701379163524495
0 S2799 1.1588577399904259 0.8169882078809787
0 S2800 -1.3111141183258732 0.5837443203174667
0 S2801 1.1645182921294568 0.85586913372738704
0 S2802 1.2223397038585644 0.86217879908821304
0 S2803 -1.3031138113116858 0.64294534972253725
0 S2804 1.1803468302202136 0.75345826843910391
0 S2805 0.14229883062517365 -1.4719382620665906
0 S2806 0.16958401157105679 -1.4480420169954435
0 S2807 1.2057785959504566 0.76309668499524352
0 S2808 0.1909422080155245 -1.4081888788341663
0 S2809 0.093526826848209135 -1.4252876248072017
0 S2810 1.2345991048268561 0.66948013531277639
0 S2811 -1.2863836367155495 0.64549880274567173
0 S2812 1.1201676019498841 0.73815241216867666
0 S2813 0.051922126177085831 -1.4491188445169227
0 S2814 -1.2675654334279678 0.57285585189588806
0 S2815 0.085757662688640268 -1.4325678810927263
0 S2816 0.082507801904800532 -1.450238237054468
0 S2817 -1.2842164452649418 0.63131285313555718
0 S2818 1.1839474004635748 0.78282813886726788
0 S2819 0.11246814401343892 -1.4259789350946759
0 S2820 0.10850816650389471 -1.4246739112589497
0 S2821 0.15708655595771598 -1.4356046411559367
0 S2822 0.10830025448729454 -1.4823218747998272
0 S2823 -1.2574148743974061 0.64243888205245703
0 S2824 0.097175274432642136 -1.4093258790664049
0 S2825 -1.2833217084876591 0.58419109813612624
0 S2826 -1.233817876435088 0.61776861864560728
0 S2827 0.15571471268445106 -1.4759592304980902
0 S2828 0.093780437139018777 -1.4480038191099731
0 S2829 1.168945235110628 0.79730960784707072
0 S2830 -1.3010346409744682 0.63172836699528445
0 S2831 -1.2701087321445492 0.57029670108165986
0 S2832 1.1666004881168788 0.80927339652679331
0 S2833 0.13389575176730822 -1.4531575765432565
0 S2834 1.1567166636583197 0.82054293023401315
0 S2835 0.042373053005965451 -1.4450996769422679
0 S2836 1.1446357632557878 0.72873633034954544
0 S2837 0.083353724257956896 -1.4325746006677078
0 S2838 1.1399616029022976 0.78705696606384612
0 S2839 1.1417632449599462 0.85015413642506488
0 S2840 1.1259204791913326 0.79244622695889433
0 S2841 1.152395251997548 0.85001663186070497
0 S2842 -1.2789296309168974 0.54166194602269369
0 S2843 1.2695423817996556 0.78086830333336976
0 S2844 1.1501474276629291 0.77368114430184531
0 S2845 1.1738176871742521 0.76530760583352497
0 S2846 0.11345589411244558 -1.4778909851732389
0 S2847 -1.2316317790395284 0.60416309851115646
0 S2848 0.15506481622392165 -1.4446498322465076
0 S2849 -1.252547353938237 0.60988846299378519
0 S2850 0.17207791238539116 -1.4692339952829268
0 S2851 0.04430023817783036 -1.4305615164857273
0 S2852 -1.303802732271836 0.53812768934057664
0 S2853 -1.224223743085348 0.61422194010033415
0 S2854 1.1629153566034969 0.78984904452402327
0 S2855 -1.2775173008874514 0.54079482350909991
0 S2856 0.11298569548444277 -1.4658175427509186
0 S2857 -1.2545320115702772 0.58672072021401123
0 S2858 -1.2508744294983356 0.53559783151609741
0 S2859 1.2537772182833908 0.78461222560341426
0 S2860 0.097225888159155172 -1.4415617677685988
0 S2861 -1.261307271532595 0.56532843313373848
0 S2862 -1.2337667696336558 0.60599684106971985
0 S2863 -1.3359554844692285 0.57029257561305013
0 S2864 -1.2442835765436215 0.62861695255096672
0 S2865 1.1414165367888733 0.79579711198682179
0 S2866 1.086319690511927 0.73178991920558445
0 S2867 0.1293877995518351 -1.5061489005059554
0 S2868 -1.2780232278147121 0.54750942954931414
0 S2869 0.13432080849110314 -1.4316414160184632
0 S2870 -1.2901978833389025 0.57061647729512321
0 S2871 1.2071028927621938 0.81155907500350766
0 S2872 1.2372362488173243 0.85335481505879929
0 S2873 -1.2634114118464783 0.6217233393165621
0 S2874 1.2224885209765859 0.7543534923591626
0 S2875 -1.2119504504332232 0.55312400893810632
0 S2876 -1.259954422206693 0.56432402909082091
0 S2877 0.080682788832066421 -1.4800920357296452
0 S2878 0.076439517130959728 -1.4626163215874828
0 S2879 -1.2633477067650567 0.6403907545188221
0 S2880 0.021079614980637311 -1.4260961386597697
0 S2881 0.16471187583694108 -1.4685608569959117
0 S2882 0.12363178011058071 -1.4712987581066452
0 S2883 1.1823777073756048 0.81479220410122299
0 S2884 1.126932434383304 0.7793983832289898
0 S2885 -1.1971367033009817 0.61504989837687085
0 S2886 1.1992233789092563 0.79229533957715426
0 S2887 -1.2644887391500794 0.61528457901784739
0 S2888 1.1439484267040432 0.73208334850568546
0 S2889 -1.2249119814565586 0.54698709366863896
0 S2890 -1.2606131563475176 0.60122430880087285
0 S2891 -1.2472130333584692 0.5623860813081627
0 S2892 -1.2623876463647701 0.62855820677397178
0 S2893 1.1904372297970895 0.77866334077759314
0 S2894 0.16368119773385073 -1.4465332025367779
0 S2895 -1.2885010560754622 0.57369309428579274
0 S2896 -1.2290519215310427 0.64296028659339821
0 S2897 0.15699979269595521 -1.4125908771284463
0 S2898 0.081116103147127347 -1.4492327127319351
0 S2899 -1.2178275692773419 0.61036500287593864
0 S2900 -1.3125374503097793 0.51135542331364092
0 S2901 1.1374256214741962 0.82186200209927152
0 S2902 -1.2214143379590272 0.56530669723155513
0 S2903 -1.2967956390604449 0.6272413505743567
0 S2904 1.0979902760571285 0.77440966469233297
0 S2905 -1.2539777969216648 0.55415728910792572
0 S2906 0.12201196679326823 -1.4654225714017031
0 S2907 1.1516499687592159 0.76604355231093713
0 S2908 0.11759327042043735 -1.423536437053009
0 S2909 -1.1965532291010417 0.575243957007055
0 S2910 0.13910716890767233 -1.4691990888638358
0 S2911 -1.2902826610508573 0.51358064533529812
0 S2912 -1.2471741555429459 0.6038228781714986
0 S2913 1.1633434892901506 0.78758983660737503
0 S2914 0.13556040132489719 -1.430953814583577
0 S2915 -1.2762757359254358 0.53204995316990777
0 S2916 0.092419398292762092 -1.4451623156813089
0 S2917 1.1245425514369736 0.77231646159793166
0 S2918 -1.2703486838005709 0.57808820481368883
0 S2919 -1.2948564851474016 0.56066986341489788
0 S2920 0.068310015975126689 -1.4084726170379396
0 S2921 -1.2537481920205984 0.62717474240362014
0 S2922 0.11932813064996758 -1.426178695831066
0 S2923 -1.2801411120688151 0.60686926273463904
0 S2924 0.12658095172235531 -1.4371527696882826
0 S2925 0.09993346203623879 -1.4054255817283778
0 S2926 1.1311568225212862 0.80797849247400932
0 S2927 -1.2403243433198885 0.62841442268308367
0 S2928 0.096942673773420612 -1.4101251428815376
0 S2929 -1.2477178934479967 0.53181978224293824
0 S2930 -1.2478446469643261 0.57169622517687912
0 S2931 -1.2411254538515228 0.54234582336847137
0 S2932 -1.2701650696347366 0.59055893428153639
0 S2933 1.1899037303199242 0.83917625399133922
0 S2934 0.076696225406021362 -1.4619283744483622
0 S2935 -1.2712017475880846 0.60885185487126492
0 S2936 -1.2552611354452015 0.65074293124318117
0 S2937 -1.2712819694797224 0.6266604832075835
0 S2938 0.10967959797883488 -1.4327064406980135
0 S2939 1.141788424786359 0.76166188265709212
0 S2940 -1.2610434405068405 0.58793342818027117
0 S2941 -1.2251126011415492 0.55073419933160028
0 S2942 -1.3055475030539354 0.5905378202142838
0 S2943 -1.2639085135820758 0.55848674016686717
0 S2944 0.13300805485252593 -1.4095701440730541
0 S2945 -1.2949526460470868 0.56406763604186161
0 S2946 0.1040648539329363 -1.4617659045439491
0 S2947 1.1626632276378495 0.75932573382234647
0 S2948 1.208018158535787 0.76891850953886798
0 S2949 0.12737806507699731 -1.4523450503049702
0 S2950 0.062628513347716727 -1.5024884632247824
0 S2951 -1.2656161621926707 0.57882042812601553
0 S2952 0.11565655065383558 -1.4479835588565926
0 S2953 1.1558666491812695 0.8430959544791774
0 S2954 0.10944877179013487 -1.4190043693058181
0 S2955 1.1896894647561351 0.81175557894188366
0 S2956 0.12519471569995089 -1.4435938916296041
0 S2957 0.18765525600834412 -1.349123614369113
0 S2958 1.2115688494831836 0.81988380498602864
0 S2959 -1.253632858070076 0.61051483322096367
0 S2960 0.12504607139732538 -1.4527858068895356
0 S2961 -1.2623630754437252 0.57342853163077434
0 S2962 -1.2474393857642958 0.59418183244760459
0 S2963 -1.2483800143641131 0.58571807964592237
0 S2964 0.1097711686933507 -1.4185604757398265
0 S2965 -1.2716638033064962 0.61567752444373192
0 S2966 0.10113899307994174 -1.3978855046970322
0 S2967 0.10224629403983548 -1.4125950426310641
0 S2968 -1.2814072988061198 0.61219818253181157
0 S2969 1.1679817130023549 0.74112569262355066
0 S2970 -1.2910457601657039 0.54762184024485316
0 S2971 0.19181472996375545 -1.4151453784196835
0 S2972 -1.2830929722200584 0.57008279923707872
0 S2973 0.1190781527294527 -1.5170871025151589
0 S2974 0.10671427565695832 -1.4206939201310078
0 S2975 -1.191493026626355 0.56416722812891607
0 S2976 1.1859123719138571 0.75323324589735929
0 S2977 0.12840508649109109 -1.4660121194947202
0 S2978 1.1493222855168232 0.79512700836598416
0 S2979 0.12518064014248359 -1.411235950940473
0 S2980 1.1788434615380718 0.87405208768345355
0 S2981 1.1362782985150228 0.82409993716377872
0 S2982 0.093853703564687058 -1.434278721213498
0 S2983 0.096208139168416223 -1.4174995832531014
0 S2984 0.031404050067644594 -1.437175787087785
0 S2985 -1.2553472335232509 0.64618621016107436
0 S2986 -1.215228120038087 0.58902145344733003
0 S2987 1.188624476209706 0.82000936227941301
0 S2988 0.14181476953435085 -1.4820533228075843
0 S2989 0.1183039420284758 -1.4245835870441508
0 S2990 0.082699467379382802 -1.4115182936109771
0 S2991 0.11041757200250228 -1.4150341686229995
0 S2992 1.1439486602369842 0.80877801959477935
0 S2993 -1.2627255873500554 0.55339106653229742
0 S2994 -1.2713965785653605 0.59069632720012932
0 S2995 -1.2620965516873806 0.55341518389555699
0 S2996 -1.2707837772445156 0.5033749875179464
0 S2997 -1.2307951423770676 0.55684362020539413
0 S2998 1.1463780049737211 0.82840544620387124
0 S2999 1.1285487946324675 0.80551111520074392
0 S3000 1.1549472175606417 0.75509056099645111
0 S3001 0.20981060761355852 -1.4302652007261318
0 S3002 -1.2990608879589656 0.57154288170121936
0 S3003 -1.3288317141604373 0.58328605878344175
0 S3004 1.1906128223191808 0.75340583891282475
0 S3005 1.1673962092880144 0.86353806010792489
0 S3006 -1.3481277753729768 0.56580576755873369
0 S3007 0.12961206467807845 -1.4028052378948814
0 S3008 -1.1707494292627427 0.60032642416814619
0 S3009 -1.2885744629199685 0.52459196458176971
0 S3010 0.12224812423240189 -1.4933054659146741
0 S3011 0.16205645215071815 -1.4544610288850608
0 S3012 -1.2590805598165438 0.60358706061584799
0 S3013 -1.3179381812085504 0.55622319926294428
0 S3014 1.1651786594949509 0.76688049948799386
0 S3015 -1.3052588248351937 0.58868792757704946
0 S3016 -1.2367335656943281 0.55826088095864446
0 S3017 1.168700423991512 0.75799446889840449
0 S3018 0.059324472263505679 -1.4489745787415049
0 S3019 0.15025891383148582 -1.4467105318075681
0 S3020 1.1669952053896893 0.78836349471677902
0 S3021 -1.2655630243966498 0.61478139573479562
0 S3022 -1.2777298867249942 0.55586554401993704
0 S3023 -1.2671057524266258 0.59313285423757922
0 S3024 -1.2652596928351636 0.60309294776812727
0 S3025 0.10254023391636653 -1.4208639347325658
0 S3026 1.1353031368186415 0.83037661781339211
0 S3027 -1.2383630137466666 0.59868541943570452
0 S3028 1.2777349234049755 0.79838133252980004
0 S3029 0.1101465353355052 -1.4338670216808949
0 S3030 1.143173585624814 0.82592492093724001
0 S3031 0.097508437694400749 -1.4266611700382781
0 S3032 0.081203397281931405 -1.4049386047443386
0 S3033 0.14708141666993602 -1.4715961741363082
0 S3034 0.12258569476072098 -1.4556880680350526
0 S3035 0.11567681059833103 -1.37599799356469
0 S3036 -1.2813866386143897 0.58607012726249241
0 S3037 1.12888119266162 0.76137877166656087
0 S3038 0.064881043365247873 -1.3987207160104864
0 S3039 1.1982275013764263 0.84661224650923372
0 S3040 0.11744154127791431 -1.5039085542884632
0 S3041 1.121139311814743 0.75860811181997589
0 S3042 -1.2062864799477646 0.57988423353258689
0 S3043 1.2336699475878392 0.75749333896500348
0 S3044 -1.2895909794091602 0.6158930724857079
0 S3045 1.1090434322035001 0.78794531482459107
0 S3046 -1.2804436301130024 0.551373606651125
0 S3047 1.2457685828428995 0.77684559071801496
0 S3048 1.0749178036751399 0.7448389104742793
0 S3049 -1.26157340686685 0.61936743598804056
0 S3050 0.12433197084354082 -1.4225580554995225
0 S3051 1.2128695654528547 0.86381202539106727
0 S3052 -1.3028117814465869 0.58679565816263757
0 S3053 -1.2214638123351882 0.59426003971022123
0 S3054 1.2316021360348268 0.7769776011046754
0 S3055 -1.2273725621583609 0.63290620979695555
0 S3056 0.10934483591011521 -1.3731150713137907
0 S3057 1.1730672254373748 0.82367686121421424
0 S3058 -1.3133509234192284 0.60946870473012782
0 S3059 -1.2413215242392102 0.57722674565297027
0 S3060 1.1606217755868662 0.78697535814996633
0 S3061 1.1276369835447211 0.81746071463496761
0 S3062 -1.259775678464659 0.61075776782067948
0 S3063 1.0992703785115165 0.8548562858815878
0 S3064 -1.3241247064591328 0.54901324192623813
0 S3065 -1.3032738887235031 0.62336323488455292
0 S3066 1.168530673447792 0.74947783742774243
0 S3067 0.080873595470394355 -1.4292061464357126
0 S3068 -1.3399327269416716 0.64025917263265641
0 S3069 1.1590724313753245 0.7506402742951056
0 S3070 1.1923294309345986 0.82726659356971022
0 S3071 1.1979834849900617 0.78612804791908875
0 S3072 1.200477421130252 0.82887430744652502
0 S3073 1.1465599704761664 0.80828381998133947
0 S3074 1.2069572917242848 0.75982839182063444
0 S3075 0.062123918605808612 -1.3892525992627811
0 S3076 -1.2185043840800645 0.5748102166065826
0 S3077 -1.2549107274144915 0.58502002994036606
0 S3078 0.12718857484291796 -1.4667681146807126
0 S3079 1.1860358799751214 0.80619611165044824
0 S3080 1.1589890683993869 0.76675704779018494
0 S3081 1.1319809469571871 0.73634230364806208
0 S3082 -1.2511353498250213 0.55825816707625331
0 S3083 1.1668396948697619 0.75552793785581818
0 S3084 1.2171506600910877 0.82366095403291595
0 S3085 -1.244646405211367 0.59851438498493326
0 S3086 1.2656506763851074 0.70320301100027116
0 S3087 -1.2715990514492996 0.63348034394071706
0 S3088 0.11290659238037556 -1.4195165605661419
0 S3089 0.098714842911882331 -1.4746521768588914
0 S3090 0.03988806331714518 -1.4965689144096688
0 S3091 1.1585542243662281 0.79326388372978018
0 S3092 1.1857309000617346 0.74026484938223902
0 S3093 -1.1996182927399084 0.58616008460253244
0 S3094 0.10742387492960519 -1.4364844102583119
0 S3095 1.1392785982117866 0.81086337491157157
0 S3096 -1.2181817410515781 0.57638475559469748
0 S3097 -1.2932949218332113 0.58325012577820434
0 S3098 0.083493727178596627 -1.4412037194049323
0 S3099 0.072711459762399122 -1.4151850804577328
0 S3100 1.2115053047013373 0.79174432703948072
0 S3101 0.11975936433851052 -1.4532887926368807
0 S3102 1.1401328565080355 0.79417892291185488
0 S3103 1.1259262409594837 0.85796172886801736
0 S3104 1.1661044250334076 0.70667903879688476
0 S3105 1.1728398356259084 0.70602637166156557
0 S3106 -1.3004186995464588 0.58312027984034209
0 S3107 -1.2615238507646351 0.63193007332370899
0 S3108 1.1585003042293636 0.81141218302908036
0 S3109 -1.2747043409127039 0.56685377207317922
0 S3110 0.12647347764994957 -1.3988418968691287
0 S3111 1.2235191366204154 0.80432132301055548
0 S3112 1.162428659708685 0.78460135763070271
0 S3113 1.1634041542123799 0.75524693393214359
0 S3114 1.1872515150426695 0.80833158290822393
0 S3115 -1.2438881105058699 0.58935619862329203
0 S3116 1.2068893603435458 0.76233297165660807
0 S3117 1.1964775072438962 0.81141461718699759
0 S3118 0.13802494103955659 -1.4477618712254514
0 S3119 1.1631327381199583 0.79866648532529683
0 S3120 0.17824898586523621 -1.4745756323188906
0 S3121 1.1856016922019887 0.80198676619040354
0 S3122 0.1588954217697153 -1.402539233238322
0 S3123 0.11475870101168804 -1.4692619513359351
0 S3124 1.192571702320512 0.71150761971751897
0 S3125 1.1875798155051691 0.83313479761474485
0 S3126 -1.275456670035628 0.610381613306761
0 S3127 -1.3053641201391772 0.58098029691168518
0 S3128 -1.2471168704339664 0.55605365729834877
0 S3129 1.1489451646771669 0.84342137191871547
0 S3130 1.1700102968324539 0.78053934361182453
0 S3131 -1.276954396071595 0.58452606506537053
0 S3132 -1.2428830860804465 0.59533955078893119
0 S3133 0.10904867400617799 -1.4719306544291242
0 S3134 1.1970465903334258 0.75479559482733216
0 S3135 -1.2597758104648729 0.57061317880038576
0 S3136 -1.3225786480130368 0.62373342141345367
0 S3137 -1.2824887601933246 0.52823657492410891
0 S3138 0.11319533628260396 -1.4549714736137551
0 S3139 -1.1901794491873336 0.57683337894739928
0 S3140 -1.2864470126541985 0.58427076310841131
0 S3141 0.11017605813029459 -1.4282858681470774
0 S3142 1.0930575048570446 0.77966251415758092
0 S3143 1.1668571655917752 0.83103589238817777
0 S3144 -1.3343731306101307 0.58316931556572205
0 S3145 1.2473407129563903 0.81645326874609025
0 S3146 1.1975083120806751 0.76736803065003723
0 S3147 0.14184127200427679 -1.3997943364442493
0 S3148 0.13613736628178885 -1.4811646694729819
0 S3149 0.10029941952589184 -1.4860639057561289
0 S3150 0.11693067680167002 -1.4232227419202343
0 S3151 -1.2291881302766239 0.60418391810984251
0 S3152 -1.2259932419188466 0.49453702884443512
0 S3153 0.15561033631604179 -1.4802334164357442
0 S3154 1.1642734809199144 0.87255991534609345
0 S3155 -1.2644741940882482 0.5781319489267075
0 S3156 0.109236330278442 -1.426023211774375
0 S3157 1.1182017480487143 0.75295308999423782
0 S3158 1.1801575435168192 0.81279043542083673
0 S3159 1.194775420211031 0.8190955707703077
0 S3160 -1.2950851998456998 0.57736741495684007
0 S3161 -1.305582591427876 0.6501078036450243
0 S3162 1.1875621792636173 0.74632321668679247
0 S3163 0.11423986289414854 -1.4184155013706268
0 S3164 -1.3091332804166649 0.59512540645154466
0 S3165 1.1447269829299427 0.78196058188761242
0 S3166 1.177573038704598 0.75657262085511889
0 S3167 -1.2648240352481404 0.56065816294817683
0 S3168 0.094327360891758527 -1.4902718906406984
0 S3169 -1.2599804076602639 0.64206998422141537
0 S3170 1.1681976823674816 0.71598430685267833
0 S3171 0.14141561039316022 -1.4325080275769695
0 S3172 -1.252519537816086 0.60700426831271448
0 S3173 0.073968485116691046 -1.4519160492759242
0 S3174 1.1392022426937982 0.72627626570920889
0 S3175 0.10627393270713688 -1.4353219192172824
0 S3176 0.054393343745891193 -1.4205392023697039
0 S3177 0.050721195079717292 -1.3858854849295679
0 S3178 -1.2490452119658122 0.62742264629704947
0 S3179 1.2374576799929771 0.75815595162674765
0 S3180 0.13675745306036463 -1.4247098300580197
0 S3181 0.1316447673476176 -1.4932037541692029
0 S3182 0.11187414934587846 -1.4388621672606461
0 S3183 -1.2798971295886818 0.6483148538001563
0 S3184 -1.2677990755864068 0.6089131417569148
0 S3185 -1.2811963085134759 0.61419389989994544
0 S3186 0.044173532762851575 -1.4145397011392107
0 S3187 -1.2794250021553437 0.60666205145842045
0 S3188 -1.1970933186829609 0.60977178806086674
0 S3189 -1.2135846449199068 0.59447250571640164
0 S3190 0.10241777489827514 -1.4443386167260046
0 S3191 1.1054093886829444 0.81412200598802198
0 S3192 0.11721231336634869 -1.4202111795062728
0 S3193 1.1866056943612686 0.7622540818500837
0 S3194 1.1366086917912048 0.81118378218107545
0 S3195 -1.231955366886456 0.62879126065861246
0 S3196 0.15471942821858703 -1.4548447622762295
0 S3197 -1.2567431294165747 0.54788451317763809
0 S3198 -1.2594395663727622 0.62873523099295181
0 S3199 -1.2253561768425563 0.66061548948542481
0 S3200 -1.2315650684788466 0.61160067568490784
0 S3201 -1.2919387984772153 0.5634019920490424
0 S3202 0.1643568403443911 -1.417498003116421
0 S3203 1.2162409142392054 0.79753954263749405
0 S3204 1.1863622075843261 0.77264441027465025
0 S3205 1.039753447004387 0.79109183660982185
0 S3206 0.059803259204638318 -1.4372667989001235
0 S3207 -1.2470045791728903 0.61690585794244501
0 S3208 1.1233051934383138 0.82502696800358455
0 S3209 -1.262097375490993 0.54053251867915275
0 S3210 1.172142762220018 0.76697504177138365
0 S3211 0.14405582704452549 -1.4014443312254321
0 S3212 1.1799817042966312 0.7812429397053563
0 S3213 0.14768103803488419 -1.47970943821919
0 S3214 -1.2486662935430961 0.54715752762336023
0 S3215 1.1723971860740616 0.82312179480556147
0 S3216 1.1659244753082485 0.80449548022839157
0 S3217 -1.2653412587470512 0.60385431958805524
0 S3218 1.1645728857007114 0.80721717600028398
0 S3219 1.1060813555391535 0.7173546362604506
0 S3220 1.1471302601614781 0.81580518868254037
0 S3221 1.1763326536262741 0.81598478290577803
0 S3222 -1.2532169525391719 0.61228186460703038
0 S3223 0.096581633652529378 -1.4346774563512348
0 S3224 -1.2471088739019602 0.5938527389947954
0 S3225 0.12032398323379594 -1.4067873990288409
0 S3226 -1.3325497736522489 0.58367857725402539
0 S3227 -1.2743209930762662 0.62541511057775667
0 S3228 -1.2805233947203292 0.54338553860003713
0 S3229 0.087192882139452699 -1.4320368060185831
0 S3230 1.1590476609187501 0.83356023017313885
0 S3231 -1.2464896060990931 0.65154992960379221
0 S3232 -1.2565836340092817 0.54709798169853552
0 S3233 1.2001679075767515 0.79556546465750655
0 S3234 0.12584342191792572 -1.432334819937829
0 S3235 -1.2791561246682215 0.69476648250177175
0 S3236 -1.2862672652813372 0.51597660186547567
0 S3237 1.137452050969042 0.78441653600507066
0 S3238 1.1309525642409339 0.73968058275201087
0 S3239 0.13339776443638601 -1.4650184486930444
0 S3240 1.161829166347252 0.7230625238589421
0 S3241 -1.2064624740711649 0.61347747825267973
0 S3242 0.076532774079362306 -1.4752298419033085
0 S3243 1.1525738914931247 0.82498627754329223
0 S3244 0.13601509478084245 -1.3820344185838167
0 S3245 0.16684200280844544 -1.4658056829330464
0 S3246 1.1759886674692506 0.79605555144402829
0 S3247 1.142198918078847 0.8079310360387425
0 S3248 0.156007838594202 -1.4212959558118203
0 S3249 -1.2978134076531864 0.56936652909080376
0 S3250 0.13058111942558265 -1.4295762386763551
0 S3251 -1.2944979369109757 0.5711760232922608
0 S3252 1.1391803552888735 0.82472406157116529
0 S3253 0.1236152090901185 -1.4151347824093401
0 S3254 1.1879170947619333 0.71641297211563082
0 S3255 0.1368973201700705 -1.3815403401238409
0 S3256 1.1762570262917138 0.72056069593843153
0 S3257 -1.2605922634292219 0.56302496890860898
0 S3258 -1.2096684614858917 0.53971084571230221
0 S3259 0.080457300394628811 -1.4717012815942674
0 S3260 0.12295429165323613 -1.4128169041625549
0 S3261 -1.2492769684331475 0.6502591719034696
0 S3262 0.13622871292180785 -1.397857079724883
0 S3263 -1.2171610669553261 0.52422895879298859
0 S3264 0.11308943845185376 -1.4114963454914073
0 S3265 0.05059139995167556 -1.4733473369503314
0 S3266 -1.2734845241222124 0.62028870724576979
0 S3267 1.1333187494028412 0.7941041041722583
0 S3268 1.1480492134868854 0.81831781862842168
0 S3269 -1.3075116663505402 0.59260475111160271
0 S3270 1.2315599942045588 0.80826397777640091
0 S3271 0.20068101408450298 -1.4110222843019811
0 S3272 1.1818210561945455 0.80995507556781099
0 S3273 0.015988152791103164 -1.4534308576824331
0 S3274 -1.255046413039512 0.56507799490950106
0 S3275 0.071288671435735557 -1.4614064161571589
0 S3276 0.13945770574824889 -1.4095906601997168
0 S3277 0.061986270735616557 -1.4559052172400053
0 S3278 -1.2668652313262572 0.5602530679137836
0 S3279 0.092346335007808492 -1.4790284196132057
0 S3280 1.1978459375406418 0.75097690409181694
0 S3281 0.1364440825904871 -1.4861858883340404
0 S3282 0.11895172629429146 -1.4516155276857083
0 S3283 -1.2464024139620797 0.5767645331735789
0 S3284 -1.2222866297495776 0.59721433413628622
0 S3285 -1.2601436785092017 0.57589972046355487
0 S3286 0.11242863040822328 -1.4162256022898199
0 S3287 1.1432472427817215 0.80104122256928334
0 S3288 0.091504929422782072 -1.4944651877486201
0 S3289 1.1600419409717704 0.72369465627492913
0 S3290 -1.2802010562389627 0.62740292417284194
0 S3291 0.018501695137561332 -1.4357767843861404
0 S3292 -1.2160638499081091 0.57532181191659726
0 S3293 0.095879857668308976 -1.4705853280178376
0 S3294 -1.2601703342072137 0.58417946911722607
0 S3295 1.206886939249064 0.77977820682400978
0 S3296 0.08323440717235088 -1.3691121744889745
0 S3297 1.216968945327451 0.80826694975142632
0 S3298 0.035378304636928891 -1.4394879771764122
0 S3299 1.1687873386267569 0.82164324347075635
0 S3300 -1.3621668907912072 0.5320153484895328
0 S3301 -1.2997873901412356 0.554260557679365
0 S3302 -1.2649984653251949 0.60890605266204989
0 S3303 -1.2690016004649496 0.54190921423902283
0 S3304 -1.3277422655394326 0.56798138857459557
0 S3305 -1.2453208601650441 0.61676533721380822
0 S3306 -1.2139069186538696 0.58817430309763052
0 S3307 0.12562291897023159 -1.4224203601640253
0 S3308 1.1305381876233245 0.83587408550160158
0 S3309 1.15175228845721 0.81669059339696037
0 S3310 1.2468448820147846 0.81620408573718606
0 S3311 -1.2566387416100764 0.61034355335473023
0 S3312 1.1633641947989577 0.79424378928736949
0 S3313 1.1603523631834534 0.81233354041107908
0 S3314 0.12741753783426646 -1.4381141631765413
0 S3315 0.17343939028610633 -1.5127447746710501
0 S3316 0.10044427283664333 -1.3953485575582634
0 S3317 1.1294636748089233 0.74118903269046832
0 S3318 1.2119597133597506 0.80615282327467574
0 S3319 -1.3055422820934999 0.60723469208877889
0 S3320 0.095172958259649346 -1.4494372476357555
0 S3321 -1.3424903469452869 0.59989892837561776
0 S3322 0.11841582048786213 -1.4339317294236025
0 S3323 -1.2559708665560876 0.57780088856102663
0 S3324 -1.2863932635353317 0.56613185916909559
0 S3325 -1.2219157574168082 0.59902348889229784
0 S3326 0.066157269664693416 -1.4448165471484671
0 S3327 0.18872627414876761 -1.423104174376471
0 S3328 -1.2688531976332311 0.61955380193559295
0 S3329 0.18505083782446297 -1.473098268298358
0 S3330 1.1392586874887427 0.79441943125410253
0 S3331 -1.2759988966705897 0.60603610831970456
0 S3332 0.14029384109920229 -1.4891185644129723
0 S3333 1.0958174473655216 0.79579882961040627
0 S3334 0.1339896718486428 -1.4994712838081801
0 S3335 1.1444371756824667 0.76461834395510242
0 S3336 0.076775963750583334 -1.4119482186090873
0 S3337 0.092559452323981384 -1.4368000822348961
0 S3338 -1.1876928731691205 0.56811937709272908
0 S3339 -1.2231210605735008 0.61643764248410904
0 S3340 -1.2347542081295328 0.59894931411075492
0 S3341 -1.2857000107810506 0.67616274631875639
0 S3342 0.079033308932989002 -1.4277755138064068
0 S3343 1.1690462115014271 0.7513989051176182
0 S3344 -1.2500355012828395 0.59702254916877651
0 S3345 1.140136588750986 0.72003680096009337
0 S3346 1.1094841945351137 0.80779411593899242
0 S3347 1.1602820037606503 0.81178962936761812
0 S3348 0.11061607920050362 -1.4079758419485582
0 S3349 1.1281046690198586 0.76416125091937059
0 S3350 -1.2332520642629865 0.59361726733946818
0 S3351 0.086347372116007848 -1.4219402470040217
0 S3352 -1.2495167460737664 0.54587367080396143
0 S3353 1.1278088718560371 0.84663413498021034
0 S3354 -1.2199523828615428 0.61974662479302167
0 S3355 -1.2539664131957149 0.58658178770144476
0 S3356 -1.2818909025991965 0.6098219862877674
0 S3357 1.1452646498448493 0.81143830726828581
0 S3358 0.047727097887830063 -1.4797050321652838
0 S3359 0.1396172808215416 -1.4402543932063505
0 S3360 0.16579488056750213 -1.4251094790324401
0 S3361 -1.2511921017178882 0.61788875668416565
0 S3362 0.095786990236216632 -1.3998209759877303
0 S3363 -1.2334027042494127 0.60231631172446898
0 S3364 0.045365103985364627 -1.4768362769269714
0 S3365 0.18251520300773272 -1.4186146993889046
0 S3366 0.17686167978413678 -1.4034656307764726
0 S3367 1.1516562364545664 0.73331279610471878
0 S3368 1.1168020554556353 0.7952418407955868
0 S3369 1.17123953796698 0.74763541166865211
0 S3370 0.08470876115400193 -1.4114882409704272
0 S3371 0.13568239754614975 -1.4168116585248471
0 S3372 1.2515696851249865 0.74517988739341079
0 S3373 1.2090976972311178 0.7890012775254962
0 S3374 1.2008088252353268 0.76887932519682967
0 S3375 -1.2786394511061703 0.61569963366131486
0 S3376 -1.3278621161904527 0.62839260876757763
0 S3377 -1.2293010775065272 0.52795305350568322
0 S3378 0.13200946139880981 -1.3753349495187084
0 S3379 0.037199422737644615 -1.4140295465287942
0 S3380 0.15483248688278414 -1.4295435822091092
0 S3381 1.1754556778815954 0.81265564027860238
0 S3382 1.2503604857586965 0.79974095720102312
0 S3383 0.13533980441034604 -1.4497997221679539
0 S3384 1.222450618193075 0.7581560775652445
0 S3385 0.14267455857731803 -1.4194615633792413
0 S3386 0.15745319880945396 -1.4417899797712352
0 S3387 1.1502392900292107 0.778722230186215
0 S3388 1.1085058569643766 0.84670342315860636
0 S3389 -1.2778278355508859 0.5460310846405072
0 S3390 -1.1811086783371076 0.58599687188930172
0 S3391 1.1439949202164594 0.7890919754384228
0 S3392 -1.283644472339069 0.59347399317781868
0 S3393 -1.1623714565555194 0.61965098077751279
0 S3394 -1.2970920402867041 0.57562129978296817
0 S3395 -1.1858290821444086 0.56921943163564137
0 S3396 -1.2082030557470798 0.5800255429862895
0 S3397 1.1280568781809448 0.8631759939785224
0 S3398 -1.2189229762972473 0.64523598810269545
0 S3399 0.13231300145204208 -1.5014107633823615
0 S3400 -1.2315623241157678 0.52144745986736463
0 S3401 -1.2925040191120709 0.62232190943099197
0 S3402 1.1702064495222511 0.83910871450702229
0 S3403 0.13889757634999556 -1.4179455737623072
0 S3404 0.12204140192864393 -1.4634793942942803
0 S3405 1.191546382884566 0.77204342919415814
0 S3406 -1.2898672901091872 0.57628485745713631
0 S3407 -1.2708568177170014 0.55775081787548453
0 S3408 1.1776600623258777 0.83928023740235358
0 S3409 0.088235595741694955 -1.4828719382749014
0 S3410 -1.2648627078259358 0.57665542155187677
0 S3411 0.12086539024066847 -1.4628145284972713
0 S3412 -1.2549767894932924 0.64100714286619243
0 S3413 1.1930681309597779 0.8245067805727907
0 S3414 0.13403050311016593 -1.4230365638436651
0 S3415 1.1644267382148832 0.78617725402574012
0 S3416 -1.3080550909596287 0.58567643829902216
0 S3417 -1.2263557623979815 0.55559396873642997
0 S3418 -1.2383040811208115 0.61091838472233373
0 S3419 1.1295211743634122 0.78406830470016309
0 S3420 0.10982218357794125 -1.4191647540807932
0 S3421 1.1872292277891023 0.8448557683373179
0 S3422 1.2037365439693144 0.75083354794011203
0 S3423 1.157077368437667 0.75793868598141212
0 S3424 1.2012293128841132 0.75668456864134814
0 S3425 -1.2453563771777629 0.61719754504815227
0 S3426 0.10374457236892079 -1.4196959561709794
0 S3427 0.080614656333812679 -1.4719013161842751
0 S3428 0.13648797204764182 -1.4457593620881768
0 S3429 0.12576385187770733 -1.4402065901456735
0 S3430 0.10822176789905323 -1.4883527618094501
0 S3431 0.056868712675262625 -1.4475727211691389
0 S3432 0.11121575881341987 -1.4728367167557366
0 S3433 -1.2491511912600841 0.58293084147374374
0 S3434 -1.3069227266349719 0.58709018868831464
0 S3435 0.13895723937766336 -1.5027284753816403
0 S3436 1.1489040645501154 0.75405590779893761
0 S3437 -1.25746828086357 0.57000830435060723
0 S3438 0.098188883795008064 -1.5050772139792608
0 S3439 0.12183504567985723 -1.4289867453262868
0 S3440 -1.2494520794302375 0.5960472757656069
0 S3441 -1.2788414543242648 0.60162039075459817
0 S3442 -1.2950591823864543 0.61242653046539097
0 S3443 0.10126815418655023 -1.3652068484615369
0 S3444 -1.2484591355232149 0.62936433564152316
0 S3445 0.091186188993739078 -1.465177398181041
0 S3446 -1.3135569910269964 0.70990218749236433
0 S3447 1.1899186162071962 0.79587428970631158
0 S3448 -1.2613818015345655 0.60842034466067507
0 S3449 1.1803177195351204 0.8178896190396775
0 S3450 -1.259977997336835 0.5782198860413531
0 S3451 -1.2755279938077755 0.61427797937153317
0 S3452 -1.2470619538694943 0.64232399682264651
0 S3453 0.13734648583713102 -1.3877939158668857
0 S3454 -1.1982543650122202 0.5973606393142683
0 S3455 0.12759066090216981 -1.4800683543756485
0 S3456 1.1879488368112447 0.78487728450396643
0 S3457 0.10781529523976681 -1.4613094290868021
0 S3458 0.14842215554242169 -1.4949597096746812
0 S3459 1.1770459609126067 0.84950404754104392
0 S3460 -1.304375447049023 0.61658529206130674
0 S3461 -1.2663357925220373 0.62838290723434975
0 S3462 0.14414650959543626 -1.4663834725054814
0 S3463 0.14045492404336735 -1.4501949449682907
0 S3464 0.14083276119159133 -1.4376132762984577
0 S3465 1.1582578420884548 0.83741760110165964
0 S3466 0.1443580478472383 -1.3862257869560743
0 S3467 1.2249696735416462 0.79786260445320301
0 S3468 1.1227435975924451 0.88167001268309142
0 S3469 -1.2082522749800706 0.62935729665496032
0 S3470 1.1715340862237031 0.81331766292845209
0 S3471 1.2430277022694685 0.81763287079203895
0 S3472 1.1823299742857449 0.80668975476073324
0 S3473 0.14288380510173049 -1.3930304207180397
0 S3474 1.1895903385529463 0.81644179182267773
0 S3475 -1.2971639096731322 0.60485381078101219
0 S3476 -1.2583158991209427 0.56426376813815426
0 S3477 1.0980544420910072 0.744217867016295
0 S3478 1.2025701659779267 0.80631421673427028
0 S3479 -1.2379949280319757 0.58819460085806763
0 S3480 0.11670626036283947 -1.4297543353538815
0 S3481 0.16897373340601576 -1.4681178192159887
0 S3482 -1.2192159726891878 0.5909784661453007
0 S3483 1.1298166286668783 0.79106310804229307
0 S3484 -1.2417925212114374 0.56144051185941501
0 S3485 0.08742201531741324 -1.428251750137397
0 S3486 -1.2472598477980472 0.64368788509681485
0 S3487 0.14613964817615807 -1.4308791095636852
0 S3488 -1.197525673566932 0.5587870290978354
0 S3489 -1.3077059573801506 0.54268549393328602
0 S3490 1.143023264170723 0.76349820638780119
0 S3491 0.10722480131921061 -1.3966469613661312
0 S3492 -1.3253819630199273 0.56679892337297988
0 S3493 -1.195749394569622 0.61187298905315957
0 S3494 -1.243903228187488 0.62391235531443512
0 S3495 -1.218021056245042 0.55660034900242439
0 S3496 -1.2471522143647169 0.59198537321881195
0 S3497 0.069223379710395688 -1.4176762271473655
0 S3498 -1.3644086519589023 0.59720783822769585
0 S3499 -1.1979225114008443 0.59808242586812332
0 S3500 -1.2537380263066031 0.60859839335912991
0 S3501 0.12943189157399351 -1.5259463144766889
0 S3502 1.1248140738636481 0.72686828165020789
0 S3503 0.16209110172526076 -1.3554840212806598
0 S3504 1.1654837413382779 0.75408956396954419
0 S3505 0.084303916984961175 -1.4558773105168386
0 S3506 0.18995638682712204 -1.4890053462974009
0 S3507 -1.292013689702288 0.57175683628540808
0 S3508 -1.2868932237743556 0.58365143147142151
0 S3509 0.14204780674139469 -1.3744207571058837
0 S3510 0.11919495205574636 -1.468709089485106
0 S3511 0.12152865368088123 -1.404962176765433
0 S3512 -1.2775916534547729 0.55436895273021158
0 S3513 1.159709903561583 0.79308863076415892
0 S3514 1.1972963212923988 0.76300368189745715
0 S3515 -1.2133005245215156 0.59371896718395512
0 S3516 0.18001092313728578 -1.4414600081328597
0 S3517 1.1692125875806787 0.79889326344565659
0 S3518 1.1699972151018652 0.78539685969245288
0 S3519 0.10108763584142316 -1.4600394097297891
0 S3520 -1.2399676911593156 0.56047986939782368
0 S3521 1.1678247842054095 0.78676364100674734
0 S3522 0.13945477977660153 -1.4452117710761814
0 S3523 1.1921869585002289 0.77063252071219612
0 S3524 1.135351734396336 0.80348717598909092
0 S3525 0.099756500404959966 -1.4652775686618658
0 S3526 -1.2782228715705755 0.56111770075776934
0 S3527 0.17672442518096165 -1.4345368472997169
0 S3528 -1.1678743975751733 0.59402628731578488
0 S3529 1.1732364686507797 0.80550450076284441
0 S3530 1.1633595562870673 0.77284499536778395
0 S3531 1.1505511216466777 0.84544449410434741
0 S3532 0.095068868147599447 -1.4845641387959483
0 S3533 1.1513017490805366 0.80919150347242519
0 S3534 1.1515047665068141 0.76912377101013751
0 S3535 1.143342801546759 0.79396927477862789
0 S3536 1.1720702253144488 0.74415114355873213
0 S3537 -1.2303991694577849 0.54976452169090473
0 S3538 -1.2638469540391322 0.58881020567582765
0 S3539 1.1928112470125596 0.77389579500617678
0 S3540 1.158466170970649 0.77080836819803533
0 S3541 0.098581211972774502 -1.4157505215253181
0 S3542 0.11449249737358798 -1.482298502472958
0 S3543 0.038279160909925287 -1.3855668785621233
0 S3544 1.1290327288992499 0.7415514290736972
0 S3545 -1.2795917787731927 0.59184455072709852
0 S3546 -1.2774051325888442 0.60839885801501858
0 S3547 1.1302359529316304 0.7783754575181776
0 S3548 1.1956779036473977 0.84694853709688545
0 S3549 1.1518843251356456 0.75105599373191101
0 S3550 -1.260478711594051 0.59633507740984903
0 S3551 0.13874611718002527 -1.3927676346908666
0 S3552 0.10375058279574847 -1.4626425271165948
0 S3553 -1.2794841932419441 0.63929573335531942
0 S3554 1.1385598556870968 0.75944205155658306
0 S3555 1.1431791066769834 0.75660228769913096
0 S3556 0.11633535260990541 -1.3686676691276949
0 S3557 0.12848321489274986 -1.3969888261377867
0 S3558 0.14281869662118885 -1.3792609162042921
0 S3559 1.1293580116627409 0.81851069210538485
0 S3560 -1.2863207584660061 0.61436261377706247
0 S3561 -1.2428806821788185 0.57915509977247959
0 S3562 -1.2939054333904554 0.52272230128141184
0 S3563 1.2062399662094336 0.78229030388713594
0 S3564 0.14687260057397264 -1.4254770081237149
0 S3565 1.1591521092794912 0.6870760460830454
0 S3566 1.174197823069294 0.78733898307784111
0 S3567 0.045023040158254896 -1.4155504075406753
0 S3568 -1.31835866163561 0.51686809349788465
0 S3569 0.088252713057477533 -1.3872097628609656
0 S3570 0.1350959683127412 -1.4395205525459109
0 S3571 1.2011415553355798 0.8540240070709163
0 S3572 -1.2788975176842978 0.68164678555269431
0 S3573 1.1705941438367919 0.75168358761157306
0 S3574 -1.2003261788416424 0.59224299348175435
0 S3575 -1.2487361698355544 0.62046960064039636
0 S3576 -1.225010335305714 0.58722487175710536
0 S3577 0.10676579611011337 -1.4165046702858679
0 S3578 0.091069931463783546 -1.4306546330639622
0 S3579 1.1561512290895621 0.76009502936554751
0 S3580 1.1815635133949329 0.74262687973762931
0 S3581 0.095467591668308718 -1.4522237849938207
0 S3582 0.14873914525063373 -1.4681238376961456
0 S3583 1.1757774166683239 0.7903229823737794
0 S3584 1.1248021919808455 0.79722093887661138
0 S3585 -1.2493143063932157 0.55403749851697248
0 S3586 -1.2286154072576037 0.58072661368258871
0 S3587 1.1625759235573236 0.83230566665839811
0 S3588 0.11519061254905025 -1.4213787957768396
0 S3589 -1.3007496020093432 0.55383601388547621
0 S3590 0.077864911343517876 -1.4468928634567952
0 S3591 1.1434906994426153 0.76017196749124827
0 S3592 0.086452880447429728 -1.4142472820779268
0 S3593 -1.24913133207297 0.59291022862186216
0 S3594 -1.2952430758117115 0.60901665766276614
0 S3595 1.1597566266001305 0.74119359808486274
0 S3596 0.11583788989529119 -1.472011997795611
0 S3597 0.12843169087569375 -1.4983504589768859
0 S3598 1.1812631399508491 0.76857399238465762
0 S3599 0.099691530918116361 -1.4345964776690814
0 S3600 0.10451126633884411 -1.4499625753530829
0 S3601 1.2041853713127177 0.7800012728177661
0 S3602 0.13064670067532641 -1.4819947491641778
0 S3603 1.1640712360038026 0.70622854992034978
0 S3604 -1.3205075461594293 0.5706769554416482
0 S3605 0.11088549765025625 -1.4453651392867746
0 S3606 0.15013008021951546 -1.5339919649364606
0 S3607 -1.3006747402539862 0.61966567268847195
0 S3608 0.18181035569190729 -1.4145877925887202
0 S3609 0.106399498656559 -1.4567497231280544
0 S3610 0.092413597064965963 -1.4748152988962
0 S3611 1.1479265668010619 0.77999856346126784
0 S3612 -1.2580035345139018 0.60651411627290674
0 S3613 -1.2810967311561359 0.61768628772933465
0 S3614 0.099051331018566016 -1.5256403392266256
0 S3615 0.081234658735683279 -1.4017559064035059
0 S3616 0.069979778445361837 -1.4440227015813398
0 S3617 -1.2707529162987947 0.56544990403084161
0 S3618 -1.1922486557994438 0.56931223874073988
0 S3619 0.15688714922235175 -1.4569592251519796
0 S3620 1.1639779143657976 0.76283456973679353
0 S3621 1.1573023631418675 0.77592475952337303
0 S3622 -1.2740256562320147 0.57498333526153145
0 S3623 0.10299655850385529 -1.4095478015068168
0 S3624 1.1644341400009253 0.79393823474077496
0 S3625 1.1342980955019053 0.7809549260441907
0 S3626 0.11691621971502666 -1.4039668315911893
0 S3627 1.1767251436411506 0.77825103171770948
0 S3628 0.086161446094803099 -1.4301474052881769
0 S3629 1.178395361620864 0.85971888866237089
0 S3630 -1.3119752578072925 0.59952029690033404
0 S3631 1.1564416135638045 0.82141714688376843
0 S3632 -1.1904911295908693 0.62175746323969561
0 S3633 -1.255963042061834 0.61231507139236363
0 S3634 -1.2850005887963991 0.57733009282979253
0 S3635 0.11438354272120684 -1.4748746547776108
0 S3636 -1.2047588027329508 0.65404368647656197
0 S3637 -1.2682596742474992 0.60705794332347507
0 S3638 -1.2364872758592864 0.56660770599064259
0 S3639 0.093678921041830274 -1.4033555992703137
0 S3640 -1.2764083941567756 0.50661846151330514
0 S3641 1.1241060243162648 0.75021251902524044
0 S3642 -1.2249886955602078 0.55185179357444614
0 S3643 1.1519968949903363 0.79602562211574379
0 S3644 -1.2872567697980843 0.58420896982349757
0 S3645 0.068851083225928936 -1.4864864007205039
0 S3646 1.1231759249267066 0.76587769447228671
0 S3647 1.2292708303764757 0.76092865143593869
0 S3648 1.18961544583929 0.81595497894332913
0 S3649 1.1570046389646007 0.80791521911436071
0 S3650 -1.2203085885343254 0.61680108234785247
0 S3651 0.091546115351446675 -1.3494982488104417
0 S3652 -1.2828531541997805 0.57386038315046783
0 S3653 0.088643528383930081 -1.4237879495465262
0 S3654 1.1741684208294481 0.83689736191396136
0 S3655 1.1879352813856598 0.77228863205607889
0 S3656 -1.2313020488022974 0.65174532460612056
0 S3657 -1.2622149304811847 0.63048127748226201
0 S3658 -1.2271116316876711 0.54039448675360502
0 S3659 -1.2598694947380089 0.69787475515090747
0 S3660 1.1645407770898506 0.76559014832226346
0 S3661 1.1411297481617464 0.78352070558549447
0 S3662 -1.2403367710805078 0.60624671481109504
0 S3663 -1.3045033325198692 0.54950429472265394
0 S3664 0.14596609595940765 -1.4409817454365921
0 S3665 1.171267865024102 0.76923724004225846
0 S3666 -1.232305558890159 0.57867243951445679
0 S3667 -1.2971309755513258 0.64361772689592001
0 S3668 1.2294288238872466 0.77090969030074463
0 S3669 0.15612440037383782 -1.4946884657859636
0 S3670 -1.2621143761307589 0.59119535152465419
0 S3671 0.11985343405080828 -1.4400137322738349
0 S3672 1.1302610083358393 0.79099677188556472
0 S3673 1.1608784798821195 0.7840656527961084
0 S3674 0.18206733366901517 -1.4587121944906556
0 S3675 1.197462753703761 0.76997614511219559
0 S3676 -1.1880012356562351 0.64719010053037851
0 S3677 0.15425059076701905 -1.4775966688701758
0 S3678 0.074830445496716969 -1.4878179533003673
0 S3679 -1.2670262483593502 0.5922949435795547
0 S3680 1.170390667218838 0.75301531675457978
0 S3681 -1.2542610605623539 0.58790977453852
0 S3682 0.15626850352066479 -1.4940614612635852
0 S3683 1.2054508622330586 0.7167269163333978
0 S3684 -1.305543383892759 0.59607406937183516
0 S3685 1.1663414849021421 0.83898987471055175
0 S3686 1.1678537975276595 0.80290429379990025
0 S3687 -1.2252992753056486 0.56171126696415363
0 S3688 0.16192359840199239 -1.3881304992102164
0 S3689 1.1955438002961318 0.75895673648811368
0 S3690 0.10096518694121795 -1.4936845273270061
0 S3691 0.14221731187975611 -1.4171995882063331
0 S3692 0.11928410385590872 -1.3287953735491176
0 S3693 0.11358331868422022 -1.4272212785647866
0 S3694 1.1470835340689685 0.84199271962838862
0 S3695 1.1643021596752399 0.76991813015238797
0 S3696 1.1445265975170344 0.83210275262565636
0 S3697 -1.266899007453433 0.56311178424755093
0 S3698 1.1251163218901403 0.79270087647647125
0 S3699 0.081157381959923502 -1.4930214831427637
0 S3700 0.093783460428066526 -1.4889362150686756
0 S3701 1.1497157117836028 0.7919730912373788
0 S3702 1.1564678625790079 0.80384097999110404
0 S3703 -1.22782197264739 0.59818165070663909
0 S3704 -1.2517051214450485 0.59330997124086571
0 S3705 -1.2057271349390928 0.61296757656309486
0 S3706 -1.284968605624341 0.58311636923824328
0 S3707 -1.2791806721324899 0.61986568772778117
0 S3708 -1.2884053491849066 0.6286532608762686
0 S3709 1.1752862575229084 0.8013022582989161
0 S3710 0.12773873382707765 -1.4466224441441227
0 S3711 -1.3011612451059476 0.65605561802443002
0 S3712 -1.2779354946005805 0.55762344034344502
0 S3713 1.200906853716621 0.79672233464426068
0 S3714 1.1659134770267452 0.77028411383982809
0 S3715 1.1874047776843115 0.7760700865636696
0 S3716 -1.3320308884875836 0.58571516650188882
0 S3717 1.1501636796950869 0.75041134264236065
0 S3718 0.086129455930910315 -1.5042207222826687
0 S3719 1.1618681904419579 0.79466643909087253
0 S3720 1.1866223823186879 0.75259240561641394
0 S3721 0.1127919250773195 -1.4715068247430738
0 S3722 -1.2314393642053405 0.491739060840301
0 S3723 1.1727121950732726 0.87165570763340294
0 S3724 -1.261462132581032 0.57526615235870215
0 S3725 -1.3058068515675254 0.62825573229243481
0 S3726 1.1413108788554194 0.73086351454644716
0 S3727 -1.2162796345669631 0.59618710592531576
0 S3728 -1.2573105095872512 0.62592082604340249
0 S3729 -1.2553884164880871 0.51282403471709848
0 S3730 0.16020906849494185 -1.4472476790412649
0 S3731 -1.3283743106049481 0.50618883554954375
0 S3732 -1.1928438504502326 0.57889173889055734
0 S3733 -1.2395335800136755 0.66334330174029765
0 S3734 -1.2324669537320776 0.61372684438383884
0 S3735 1.1944906940702489 0.79610553644727411
0 S3736 -1.2257648173291065 0.61388436916365285
0 S3737 1.113204005631258 0.74446297802090444
0 S3738 0.095440391156911678 -1.4536387843967635
0 S3739 -1.2084388255271432 0.58683234565545905
0 S3740 1.1782848338716587 0.78588504719427488
0 S3741 0.12005860188239843 -1.420309143189173
0 S3742 -1.2974775466503041 0.60950129945667852
0 S3743 0.07540283485501853 -1.4095363203637425
0 S3744 0.082018057352249749 -1.3980798714969755
0 S3745 1.1169519608435154 0.79712746032204596
0 S3746 1.1863841884090056 0.7543479525828054
0 S3747 -1.240307613198997 0.65197547427127289
0 S3748 1.1334068066389429 0.85146762779166707
0 S3749 -1.2800243836210197 0.54782418463525995
0 S3750 0.11112537208358578 -1.427194103293824
0 S3751 1.1620097296266725 0.80832262399393129
0 S3752 1.1661602276505916 0.72234565879173596
0 S3753 -1.2242005344064659 0.61906996428011574
0 S3754 0.16175871700115946 -1.4514725175995946
0 S3755 -1.2497167621391063 0.63127530702108625
0 S3756 0.14691692117941452 -1.4115029585758752
0 S3757 1.2171014369950528 0.80629462018435494
0 S3758 -1.279054027103206 0.58645360642277611
0 S3759 -1.2647925346350923 0.61614906432704242
0 S3760 1.1469427849976774 0.85849478499947507
0 S3761 0.15013520442235984 -1.4337745574482854
0 S3762 -1.2714064409519268 0.64153954877254304
0 S3763 0.11067651477606588 -1.453834021103164
0 S3764 -1.2860885042751422 0.67624108588312548
0 S3765 -1.2434913419676756 0.61892823356354698
0 S3766 0.15107977543115753 -1.4303118083532649
0 S3767 -1.2748047396954807 0.49296966216729488
0 S3768 -1.2614681955533569 0.6261724596561411
0 S3769 1.1384553363731 0.75796871259393173
0 S3770 1.1175484519289312 0.80241391203516299
0 S3771 -1.3262293125396138 0.65331595911636142
0 S3772 -1.2471867478896146 0.57755788912188422
0 S3773 0.07637111364068136 -1.4270712263039047
0 S3774 1.075305567475491 0.75120287134983044
0 S3775 0.11893389385173488 -1.4537700750194078
0 S3776 -1.2820329703086328 0.55095651416731484
0 S3777 -1.2062084606829158 0.55717659685376908
0 S3778 0.14097415572076435 -1.4442735170699068
0 S3779 -1.2631362901689844 0.63230777351851508
0 S3780 0.1286016252986516 -1.4498149684011141
0 S3781 1.1689642440774533 0.8181521169165904
0 S3782 1.0918037366797781 0.76859133080561504
0 S3783 1.1863205892992543 0.76257588775273777
0 S3784 -1.2442382878106031 0.62588291819958819
0 S3785 0.070732103727382339 -1.4046544307044455
0 S3786 -1.250572980420432 0.58901176420406054
0 S3787 0.1282549306448858 -1.4279273915246331
0 S3788 0.12324039042449111 -1.4439299153712224
0 S3789 -1.2438415697242566 0.58661443467531837
0 S3790 1.2165315651290269 0.7898191178744739
0 S3791 -1.2222417634102452 0.57948927354048352
0 S3792 -1.3035174071307949 0.5979616573814639
0 S3793 -1.2867064478038166 0.60460599682123761
0 S3794 -1.2292413599979368 0.49822843292281882
0 S3795 0.16642367473583927 -1.4772529472072318
0 S3796 0.098478327931610488 -1.4447092255786442
0 S3797 -1.226998158498789 0.61034314465359207
0 S3798 1.1698405751418235 0.73821429663387639
0 S3799 -1.281846763219691 0.57192992128803177
0 S3800 0.1269599368598204 -1.4199697310546695
0 S3801 0.14991219636308586 -1.4025156777581169
0 S3802 -1.2610773485151694 0.55753675213489795
0 S3803 1.1362582954732354 0.772768171115367
0 S3804 1.1924050631398655 0.75651260743590243
0 S3805 0.088635957560354667 -1.4506831968042275
0 S3806 0.13417156431403054 -1.481654001801475
0 S3807 1.1859030435116322 0.80147803830392794
0 S3808 0.14171962318236553 -1.4837326595012772
0 S3809 -1.2182947722239288 0.5918796834841733
0 S3810 1.1413602925270157 0.73594342405539104
0 S3811 -1.2711004523549609 0.54561955561707898
0 S3812 1.143105334932254 0.79145338392738518
0 S3813 1.0840325162677407 0.80441898775343512
0 S3814 -1.3004497081053898 0.55915882644855996
0 S3815 0.16459310590728565 -1.4244694546990846
0 S3816 -1.2313236071423586 0.56172662842983623
0 S3817 1.1569881820254935 0.7670149133056714
0 S3818 0.099355546574842149 -1.4369357037791473
0 S3819 1.1345404382399626 0.74183141866238933
0 S3820 -1.2468986517030003 0.56061351164827022
0 S3821 -1.2772892613013691 0.54268097458616216
0 S3822 0.036658606631025319 -1.4399238927054614
0 S3823 -1.223129403301249 0.6342658184095622
0 S3824 0.14596408491972171 -1.4423704157269843
0 S3825 0.15083453689860671 -1.486430343062485
0 S3826 1.2125683140786703 0.81446734350232475
0 S3827 1.125833319962428 0.77214376541035934
0 S3828 0.11367089217202668 -1.4078572948116737
0 S3829 1.1398347283132462 0.73719755204523807
0 S3830 1.121008215558738 0.84215641368323702
0 S3831 0.15003285555601381 -1.469940694053937
0 S3832 -1.1981352318855276 0.56128653367185577
0 S3833 -1.2674473901844787 0.57684565056089177
0 S3834 0.12011115413414362 -1.3964333295438627
0 S3835 0.15065964458291098 -1.4376882061869838
0 S3836 1.1649884575461129 0.78679898773462575
0 S3837 0.078356805959875417 -1.4278547046744419
0 S3838 0.098200553080653799 -1.4722104606245969
0 S3839 0.15007626771274701 -1.4419800791000403
0 S3840 1.238998315450456 0.78151429604277456
0 S3841 -1.2212382554742511 0.6171780095335816
0 S3842 0.15125927381134691 -1.4726419464051577
0 S3843 0.089566467951498294 -1.5040897855935078
0 S3844 -1.2228841687000116 0.54503336945549463
0 S3845 1.2171065312201084 0.75330812264848901
0 S3846 -1.3320255036129209 0.61239133079124752
0 S3847 0.072645249340212173 -1.4434125898972148
0 S3848 1.1667670480494079 0.77737505492124015
0 S3849 1.216403669731827 0.79599859746892088
0 S3850 -1.1660361617966615 0.61563533760681799
0 S3851 0.098491267294743182 -1.4070891060775859
0 S3852 -1.2548323138409698 0.56153251822115124
0 S3853 -1.1987691357067953 0.63351151785713711
0 S3854 0.12840252118606651 -1.4605893508262033
0 S3855 1.145160558674063 0.80615271291342239
0 S3856 -1.1969772406757526 0.61026996643461695
0 S3857 1.1587185142893712 0.76553095612864597
0 S3858 0.14383842380913434 -1.4586322233529003
0 S3859 -1.1724695605730477 0.5804323983798042
0 S3860 0.19855041279725275 -1.3902964089821754
0 S3861 -1.2885792454256728 0.59246440126757649
0 S3862 -1.2969292158455796 0.56191620437655054
0 S3863 1.1428493748852693 0.78814536141215497
0 S3864 1.1767879221708983 0.77727723766422174
0 S3865 -1.2541602250590607 0.61471878038110672
0 S3866 -1.3239558606615023 0.60612952236798157
0 S3867 0.15289762124994097 -1.4710284187572229
0 S3868 1.1712123482843873 0.77188045986971299
0 S3869 0.12074562466066446 -1.3884458134809139
0 S3870 -1.2282973484838389 0.51171493573424764
0 S3871 -1.2236338332631196 0.59549170246165406
0 S3872 0.10153546525779551 -1.4077909671275919
0 S3873 1.1805304242135448 0.8024278974893625
0 S3874 1.1057776455038977 0.75630913719367887
0 S3875 0.097433944177875181 -1.4876566888710188
0 S3876 1.1504761909965973 0.82165716113415443
0 S3877 1.1968736674464253 0.81461815013015559
0 S3878 0.1020181860680954 -1.4443601611696335
0 S3879 -1.2232294093251346 0.61349956326812871
0 S3880 0.11261118947954044 -1.4480366390568205
0 S3881 0.066220556821022375 -1.4590578143302542
0 S3882 0.050588864314432533 -1.4838892111510835
0 S3883 1.146256541157729 0.80269645213425878
0 S3884 0.089674256189945886 -1.4497011386911223
0 S3885 -1.2736147547593535 0.6111130785867005
0 S3886 1.1403835466451251 0.79127005706483855
0 S3887 1.1632976531361687 0.71477948378027412
0 S3888 0.17904725323475812 -1.4188977780990695
0 S3889 -1.2456666988026204 0.6276433185917184
0 S3890 1.1296246684043778 0.79285010459469962
0 S3891 1.207635110781863 0.77955769137885833
0 S3892 1.1618467643886541 0.78252599759064012
0 S3893 1.1099339974245757 0.795982279751551
0 S3894 1.1567165336616425 0.7963264972919466
0 S3895 0.13847733012071706 -1.4210754444172673
0 S3896 -1.2779514292850025 0.58174329906592048
0 S3897 -1.2646305506632152 0.58437547936857215
0 S3898 -1.2945241233840619 0.67470407342330185
0 S3899 0.077523963518666486 -1.4931867985039213
0 S3900 1.144652668640014 0.79105683189824272
0 S3901 -1.2368722505258478 0.52988828572897417
0 S3902 0.03530960112448181 -1.4856289497806991
0 S3903 1.1619454397417104 0.7587986191051409
0 S3904 0.099218722472483964 -1.4510337715905359
0 S3905 -1.2916589664334046 0.60785732864432862
0 S3906 1.0938860174117435 0.85995131921817092
0 S3907 1.1076414396367391 0.71371296441137355
0 S3908 1.2073762159654144 0.78290968330776889
0 S3909 -1.3054001596505378 0.55832797805782575
0 S3910 0.12723727881287544 -1.4547087565677581
0 S3911 0.12652783429023551 -1.4175208819608893
0 S3912 0.12518567278340439 -1.5091450663716015
0 S3913 -1.2490186772700373 0.64027214402611743
0 S3914 0.055690113420884847 -1.4731985132296603
0 S3915 1.1772853215931063 0.78923642577612174
0 S3916 1.179149761353572 0.82307218049991038
0 S3917 1.1974549656140063 0.77017845031945653
0 S3918 0.14371759309325607 -1.4462884978974784
0 S3919 -1.343956130652876 0.59746091056246597
0 S3920 1.2203282124359416 0.76533038742322679
0 S3921 1.1837740430986607 0.72615057767668512
0 S3922 1.1897080866741174 0.78501263164783053
0 S3923 -1.1953350444585618 0.55520112533678623
0 S3924 1.1829818462704877 0.76269065350334386
0 S3925 1.1722938398633196 0.83701251164711443
0 S3926 0.10619986505410664 -1.4709723704788964
0 S3927 -1.3224053081181379 0.56371799948309331
0 S3928 0.081378910557539957 -1.4419445244501212
0 S3929 1.1894299565440734 0.7595116360444033
0 S3930 1.1968424248786487 0.84475623767163299
0 S3931 -1.2763587564094203 0.60717142246191846
0 S3932 1.1475732959236284 0.80795987176793926
0 S3933 0.1050233063176947 -1.4549965909345906
0 S3934 -1.2751021097250157 0.59025987089115173
0 S3935 1.1252791023105759 0.84851972930265196
0 S3936 0.13021482622403316 -1.4237278766951742
0 S3937 -1.2416821321592926 0.61316661630085745
0 S3938 -1.2712550929189024 0.61768435938677257
0 S3939 1.1568777862344519 0.73994160599048653
0 S3940 0.15498262105006438 -1.4401896679519646
0 S3941 0.13357781000740906 -1.4429917287530785
0 S3942 -1.2030184800938817 0.5873635911974876
0 S3943 1.1827920944976251 0.78305680633196395
0 S3944 -1.2107395137690877 0.58651933140490387
0 S3945 1.1956342550669006 0.77472961976835775
0 S3946 0.09196964452193758 -1.4637648633874818
0 S3947 0.10473277372813332 -1.4166220049841673
0 S3948 1.0921377047305498 0.80796000515528033
0 S3949 1.1531317292005485 0.77261427701445395
0 S3950 1.1503162592411558 0.81211253602688482
0 S3951 -1.2612557093404297 0.56895730375515241
0 S3952 -1.2154208704025555 0.55860557902500352
0 S3953 -1.2034463306023462 0.5453090652103697
0 S3954 1.2215379479315025 0.77691026063112567
0 S3955 -1.2477485021402224 0.58559722921812107
0 S3956 1.1567432962827555 0.79871621845835472
0 S3957 1.1493119501629279 0.77296962737369024
0 S3958 1.1679845285728798 0.78645318277945331
0 S3959 -1.2061400473219361 0.58898144600143842
0 S3960 0.056441220633059778 -1.3736592454567076
0 S3961 -1.2192431107246493 0.62766185983010503
0 S3962 1.1171337695623795 0.77925420030053028
0 S3963 -1.1902668677314543 0.54816497675034381
0 S3964 1.1321628788180143 0.7933209989081601
0 S3965 1.1042638314277395 0.81371164581705102
0 S3966 0.07328385848675803 -1.4589271765950296
0 S3967 0.19322086034095648 -1.4383314628353328
0 S3968 1.1570074580526315 0.81142167102805973
0 S3969 1.2243693845370824 0.78341576063476148
0 S3970 0.19601555741107279 -1.411556473850287
0 S3971 0.0566025405667029 -1.4642725008479529
0 S3972 1.1671159733508165 0.85155077174214622
0 S3973 1.1653036185194745 0.76304200310647252
0 S3974 -1.2895002544722585 0.6372032008198647
0 S3975 0.14556256091909536 -1.4446399916028172
0 S3976 0.15910751324239841 -1.4702182287803387
0 S3977 1.1904598788788419 0.7879162323989749
0 S3978 1.1462201127456009 0.7688159191798668
0 S3979 1.1474921281488877 0.79487829131213905
0 S3980 0.12421778949929314 -1.4609700694392174
0 S3981 1.141287083991825 0.7997095303729177
0 S3982 -1.2502917590681282 0.62883105390363314
0 S3983 -1.2081240398609203 0.63611526087822201
0 S3984 -1.2939756175541357 0.58607671386654847
0 S3985 -1.2835874676052088 0.63569252105224361
0 S3986 0.12919717343408438 -1.415457407195496
0 S3987 0.11075925026157803 -1.4078942525599749
0 S3988 0.17512482280323685 -1.4434088404608416
0 S3989 0.081139177669882531 -1.4183839019051772
0 S3990 -1.2094578791568338 0.57316546693657278
0 S3991 0.13144210219361593 -1.4896290373853351
0 S3992 1.1829674850575342 0.80873899099497248
0 S3993 0.079762485504666553 -1.4731223038324457
0 S3994 1.1657953202862064 0.81060587771405779
0 S3995 1.2015989799359934 0.74279475065988421
0 S3996 -1.3020471673222807 0.50772095091823655
0 S3997 1.1418722889349189 0.74415116405717685
0 S3998 0.095205095891366914 -1.5071420181046924
0 S3999 -1.2572602094873395 0.63296926518256247
