cell,trait,rho,method,stratum,n_replicates,n_null,lambda_gc,lambda_gc_mcse,rejection_0.05,rejection_0.05_mcse,rejection_0.01,rejection_0.01_mcse,rejection_0.001,rejection_0.001_mcse,power_bonferroni,power_bonferroni_mcse,power_5e-8,power_5e-8_mcse,wall_seconds,wall_seconds_mcse,peak_rss_bytes,peak_rss_bytes_mcse
confounded-pc,mixed,0.8,bolt-inf,all,6,6000,1.027602167816766,0.05250472128212296,0.05516666666666666,0.004600120771361455,0.011499999999999998,0.002348758537327042,0.001,0.00044721359549995795,0.39999999999999997,0.03651483716701108,0.3,0.0447213595499958,1.6532730628290058,0.05011958820263513,211763200.0,8576689.375962142
confounded-pc,mixed,0.8,bolt-inf,loading_q1,6,1179,1.0882187486564703,0.07059928219726748,0.05712069796926448,0.003502740260726393,0.01365478593182542,0.004928053716475763,0.0018181638031825296,0.0011506822730355819,0.39999999999999997,0.03651483716701108,0.3,0.0447213595499958,1.6532730628290058,0.05011958820263513,211763200.0,8576689.375962142
confounded-pc,mixed,0.8,bolt-inf,loading_q2,6,1261,1.0564884817238651,0.14355025502375646,0.050275867654855734,0.008010553116543686,0.010508639365228513,0.004591917180485107,0.0008333333333333334,0.0008333333333333335,0.39999999999999997,0.03651483716701108,0.3,0.0447213595499958,1.6532730628290058,0.05011958820263513,211763200.0,8576689.375962142
confounded-pc,mixed,0.8,bolt-inf,loading_q3,6,1163,1.0574082003330139,0.08289142368635595,0.056940369181901374,0.009539485556795955,0.01020468741773457,0.004577959097108397,0.0017287590458322166,0.001096255802001968,0.39999999999999997,0.03651483716701108,0.3,0.0447213595499958,1.6532730628290058,0.05011958820263513,211763200.0,8576689.375962142
confounded-pc,mixed,0.8,bolt-inf,loading_q4,6,1194,1.08898386379121,0.09569788589009143,0.053823162623580584,0.008271621878020965,0.010739167350794873,0.002610838395081293,0.0,0.0,0.39999999999999997,0.03651483716701108,0.3,0.0447213595499958,1.6532730628290058,0.05011958820263513,211763200.0,8576689.375962142
confounded-pc,mixed,0.8,bolt-inf,loading_q5,6,1203,0.950829968202976,0.05877852728054683,0.05839463401375119,0.007529396316300436,0.012561972753474877,0.0022659380155271836,0.0008865248226950354,0.0008865248226950354,0.39999999999999997,0.03651483716701108,0.3,0.0447213595499958,1.6532730628290058,0.05011958820263513,211763200.0,8576689.375962142
confounded-pc,mixed,0.8,bolt-inf,maf_q1,6,1180,0.9808563270422174,0.08963406117199227,0.048494714966703135,0.008656194850628613,0.012439229333296942,0.003991633886524661,0.0007974481658692185,0.0007974481658692185,0.39999999999999997,0.03651483716701108,0.3,0.0447213595499958,1.6532730628290058,0.05011958820263513,211763200.0,8576689.375962142
confounded-pc,mixed,0.8,bolt-inf,maf_q2,6,1233,0.950505793950831,0.05266258017606958,0.05922691435089958,0.005697018238214523,0.012796680504835102,0.0031122579596660357,0.0015613573204621908,0.0009875256319536107,0.39999999999999997,0.03651483716701108,0.3,0.0447213595499958,1.6532730628290058,0.05011958820263513,211763200.0,8576689.375962142
confounded-pc,mixed,0.8,bolt-inf,maf_q3,6,1179,1.217522836019189,0.12792207180752524,0.06355678596030687,0.008322902791478811,0.01184880124548225,0.0027504217871458015,0.0016927452547280866,0.001070917081831113,0.39999999999999997,0.03651483716701108,0.3,0.0447213595499958,1.6532730628290058,0.05011958820263513,211763200.0,8576689.375962142
confounded-pc,mixed,0.8,bolt-inf,maf_q4,6,1229,0.9663749198742556,0.06920232417671064,0.05340149539345403,0.00754941946668783,0.010776897209649923,0.004177356441319402,0.0008012820512820514,0.0008012820512820514,0.39999999999999997,0.03651483716701108,0.3,0.0447213595499958,1.6532730628290058,0.05011958820263513,211763200.0,8576689.375962142
confounded-pc,mixed,0.8,bolt-inf,maf_q5,6,1179,1.1207716492764315,0.1320723584823314,0.05117028953439617,0.00860604021811829,0.00962602272392706,0.0042616206770625924,0.0,0.0,0.39999999999999997,0.03651483716701108,0.3,0.0447213595499958,1.6532730628290058,0.05011958820263513,211763200.0,8576689.375962142
confounded-pc,mixed,0.8,bolt-inf,ld_q1,6,1139,0.9306391608402463,0.06007023428085092,0.05901665225524271,0.0033585202846986894,0.010424937243864946,0.0027093709673234713,0.001763668430335097,0.0017636684303350971,0.39999999999999997,0.03651483716701108,0.3,0.0447213595499958,1.6532730628290058,0.05011958820263513,211763200.0,8576689.375962142
confounded-pc,mixed,0.8,bolt-inf,ld_q2,6,1142,1.1116537394314259,0.12021890168594826,0.05019241874661753,0.009841111098407596,0.01016678105533075,0.004238868919166878,0.0,0.0,0.39999999999999997,0.03651483716701108,0.3,0.0447213595499958,1.6532730628290058,0.05011958820263513,211763200.0,8576689.375962142
confounded-pc,mixed,0.8,bolt-inf,ld_q3,6,1252,0.9698556750154629,0.05879028089742284,0.05658916298271463,0.0043880600200673575,0.01351378224309393,0.00244283300374165,0.0007751937984496124,0.0007751937984496124,0.39999999999999997,0.03651483716701108,0.3,0.0447213595499958,1.6532730628290058,0.05011958820263513,211763200.0,8576689.375962142
confounded-pc,mixed,0.8,bolt-inf,ld_q4,6,1237,0.9991695004754574,0.06079466961271772,0.06178342458839176,0.0065459433618614655,0.013247471946444654,0.0040812134212657005,0.0016248398880402293,0.0010289567399440747,0.39999999999999997,0.03651483716701108,0.3,0.0447213595499958,1.6532730628290058,0.05011958820263513,211763200.0,8576689.375962142
confounded-pc,mixed,0.8,bolt-inf,ld_q5,6,1230,1.194732115238307,0.09407504670340838,0.048705328995770375,0.010756220533325443,0.010103012669238671,0.00449519982297315,0.0008680555555555555,0.0008680555555555556,0.39999999999999997,0.03651483716701108,0.3,0.0447213595499958,1.6532730628290058,0.05011958820263513,211763200.0,8576689.375962142
confounded-pc,mixed,0.8,exact,all,6,6000,1.0001888801487437,0.04937351954421642,0.051,0.00467618077780005,0.009999999999999998,0.0018618986725025253,0.0008333333333333334,0.00047726070210921183,0.39999999999999997,0.03651483716701108,0.2833333333333333,0.03073181485764296,1.6462508611633286,0.08337571459137175,232431616.0,4610083.695049133
confounded-pc,mixed,0.8,exact,loading_q1,6,1179,1.0333892334426709,0.07185294825613567,0.05190830383657244,0.002919830694978937,0.012808762243162136,0.005117299020624936,0.0009363295880149813,0.0009363295880149815,0.39999999999999997,0.03651483716701108,0.2833333333333333,0.03073181485764296,1.6462508611633286,0.08337571459137175,232431616.0,4610083.695049133
confounded-pc,mixed,0.8,exact,loading_q2,6,1261,1.0206448909509962,0.13218564614310188,0.04472930295944281,0.007675256314146927,0.007281927805183619,0.0027443525399179747,0.0008333333333333334,0.0008333333333333335,0.39999999999999997,0.03651483716701108,0.2833333333333333,0.03073181485764296,1.6462508611633286,0.08337571459137175,232431616.0,4610083.695049133
confounded-pc,mixed,0.8,exact,loading_q3,6,1163,1.0299143571076892,0.08234074739644316,0.05450529143306563,0.009268461883617518,0.01020468741773457,0.004577959097108397,0.0017287590458322166,0.001096255802001968,0.39999999999999997,0.03651483716701108,0.2833333333333333,0.03073181485764296,1.6462508611633286,0.08337571459137175,232431616.0,4610083.695049133
confounded-pc,mixed,0.8,exact,loading_q4,6,1194,1.0568124448707361,0.09614746416449581,0.05049623900329809,0.008582422520883034,0.009174222123877813,0.002677950958373843,0.0,0.0,0.39999999999999997,0.03651483716701108,0.2833333333333333,0.03073181485764296,1.6462508611633286,0.08337571459137175,232431616.0,4610083.695049133
confounded-pc,mixed,0.8,exact,loading_q5,6,1203,0.9469900499118324,0.06414162119910381,0.054320840331608326,0.008455228887512796,0.010915068932658015,0.002850873502522663,0.0008865248226950354,0.0008865248226950354,0.39999999999999997,0.03651483716701108,0.2833333333333333,0.03073181485764296,1.6462508611633286,0.08337571459137175,232431616.0,4610083.695049133
confounded-pc,mixed,0.8,exact,maf_q1,6,1180,0.9666359153419398,0.09439321950081316,0.04842410757701681,0.009832475008433572,0.00841289790758471,0.0015839963413510237,0.0007974481658692185,0.0007974481658692185,0.39999999999999997,0.03651483716701108,0.2833333333333333,0.03073181485764296,1.6462508611633286,0.08337571459137175,232431616.0,4610083.695049133
confounded-pc,mixed,0.8,exact,maf_q2,6,1233,0.9267346886823682,0.04628551193227858,0.05521272684175813,0.0043889191239079185,0.011166211057201475,0.003342573605662218,0.0007751937984496124,0.0007751937984496124,0.39999999999999997,0.03651483716701108,0.2833333333333333,0.03073181485764296,1.6462508611633286,0.08337571459137175,232431616.0,4610083.695049133
confounded-pc,mixed,0.8,exact,maf_q3,6,1179,1.164234370134225,0.12172661320016534,0.0567899384837962,0.008826804872339762,0.011019613849130673,0.0019828518724570535,0.0016927452547280866,0.001070917081831113,0.39999999999999997,0.03651483716701108,0.2833333333333333,0.03073181485764296,1.6462508611633286,0.08337571459137175,232431616.0,4610083.695049133
confounded-pc,mixed,0.8,exact,maf_q4,6,1229,0.9311099745822391,0.07054271321406076,0.049214860315937144,0.006959784791261624,0.010776897209649923,0.004177356441319402,0.0008012820512820514,0.0008012820512820514,0.39999999999999997,0.03651483716701108,0.2833333333333333,0.03073181485764296,1.6462508611633286,0.08337571459137175,232431616.0,4610083.695049133
confounded-pc,mixed,0.8,exact,maf_q5,6,1179,1.0782755240748005,0.12465370958251931,0.04517312804187631,0.007254646052560185,0.008775682587872638,0.004117339241907441,0.0,0.0,0.39999999999999997,0.03651483716701108,0.2833333333333333,0.03073181485764296,1.6462508611633286,0.08337571459137175,232431616.0,4610083.695049133
confounded-pc,mixed,0.8,exact,ld_q1,6,1139,0.9178276658665608,0.06399719771247735,0.05382369732869524,0.004296918004180476,0.0078010219923638656,0.001768481526737063,0.001763668430335097,0.0017636684303350971,0.39999999999999997,0.03651483716701108,0.2833333333333333,0.03073181485764296,1.6462508611633286,0.08337571459137175,232431616.0,4610083.695049133
confounded-pc,mixed,0.8,exact,ld_q2,6,1142,1.048739429160173,0.11038840936822783,0.04237715389251773,0.008218273621801437,0.007691052899990944,0.0028246112488706653,0.0,0.0,0.39999999999999997,0.03651483716701108,0.2833333333333333,0.03073181485764296,1.6462508611633286,0.08337571459137175,232431616.0,4610083.695049133
confounded-pc,mixed,0.8,exact,ld_q3,6,1252,0.9460924647663079,0.06220620361584478,0.05320159697761221,0.005066677172527023,0.01191169723293717,0.0019231251826140156,0.0007751937984496124,0.0007751937984496124,0.39999999999999997,0.03651483716701108,0.2833333333333333,0.03073181485764296,1.6462508611633286,0.08337571459137175,232431616.0,4610083.695049133
confounded-pc,mixed,0.8,exact,ld_q4,6,1237,0.9709718715817339,0.06147741354691383,0.059383390901901915,0.0067775759344220025,0.012370278963988512,0.003832377593055915,0.000778816199376947,0.000778816199376947,0.39999999999999997,0.03651483716701108,0.2833333333333333,0.03073181485764296,1.6462508611633286,0.08337571459137175,232431616.0,4610083.695049133
confounded-pc,mixed,0.8,exact,ld_q5,6,1230,1.1408536643168465,0.07496117414303417,0.04611011135544965,0.009396363941687271,0.010103012669238671,0.00449519982297315,0.0008680555555555555,0.0008680555555555556,0.39999999999999997,0.03651483716701108,0.2833333333333333,0.03073181485764296,1.6462508611633286,0.08337571459137175,232431616.0,4610083.695049133
confounded-pc,mixed,0.8,kvik,all,6,6000,1.0240775269198696,0.060268143696409926,0.0515,0.0028489764243788806,0.011666666666666665,0.0012292725943057186,0.0015000000000000002,0.0005000000000000001,0.5,0.03651483716701107,0.2833333333333333,0.03073181485764296,1.8088341873468987,0.07441163722592788,216825856.0,4684427.905776785
confounded-pc,mixed,0.8,kvik,loading_q1,6,1179,1.0210336427302564,0.07780611632960294,0.05489456299880452,0.003266108468895518,0.012553769783113497,0.00268476821481612,0.00256891455393328,0.0011583182840395377,0.5,0.03651483716701107,0.2833333333333333,0.03073181485764296,1.8088341873468987,0.07441163722592788,216825856.0,4684427.905776785
confounded-pc,mixed,0.8,kvik,loading_q2,6,1261,1.0715457171915492,0.13698790936971456,0.04299072600625042,0.004283191818249596,0.011105977756684551,0.00356467007464991,0.0008333333333333334,0.0008333333333333335,0.5,0.03651483716701107,0.2833333333333333,0.03073181485764296,1.8088341873468987,0.07441163722592788,216825856.0,4684427.905776785
confounded-pc,mixed,0.8,kvik,loading_q3,6,1163,1.0545524744783787,0.07263952619659081,0.053407594661492454,0.009165633321731486,0.013864886039807166,0.004007815730683102,0.0017287590458322166,0.001096255802001968,0.5,0.03651483716701107,0.2833333333333333,0.03073181485764296,1.8088341873468987,0.07441163722592788,216825856.0,4684427.905776785
confounded-pc,mixed,0.8,kvik,loading_q4,6,1194,1.07647070136301,0.0679412821703682,0.052983518875751416,0.010015578464072368,0.01053994028234638,0.004228315486827728,0.0008169934640522876,0.0008169934640522878,0.5,0.03651483716701107,0.2833333333333333,0.03073181485764296,1.8088341873468987,0.07441163722592788,216825856.0,4684427.905776785
confounded-pc,mixed,0.8,kvik,loading_q5,6,1203,0.8998938549016948,0.060414005350965506,0.05378603389682755,0.007576021377058181,0.01016246113787594,0.0030771957322948272,0.0017456313519046574,0.001104238463553767,0.5,0.03651483716701107,0.2833333333333333,0.03073181485764296,1.8088341873468987,0.07441163722592788,216825856.0,4684427.905776785
confounded-pc,mixed,0.8,kvik,maf_q1,6,1180,1.0039227786861218,0.08625690072962913,0.046381128571740954,0.004577655228687315,0.010063062924086359,0.0017165880587152822,0.002571300822874049,0.0011530729864952139,0.5,0.03651483716701107,0.2833333333333333,0.03073181485764296,1.8088341873468987,0.07441163722592788,216825856.0,4684427.905776785
confounded-pc,mixed,0.8,kvik,maf_q2,6,1233,1.0055953278872607,0.07460045711391837,0.05260372942508451,0.004676773945297628,0.012839605049979249,0.0025986603188594215,0.0016085271317829459,0.0010183181903426087,0.5,0.03651483716701107,0.2833333333333333,0.03073181485764296,1.8088341873468987,0.07441163722592788,216825856.0,4684427.905776785
confounded-pc,mixed,0.8,kvik,maf_q3,6,1179,1.1632656239494221,0.12757567712365447,0.06614631067344247,0.0042686368716605035,0.01273039089797529,0.0017647621799257573,0.0016927452547280866,0.001070917081831113,0.5,0.03651483716701107,0.2833333333333333,0.03073181485764296,1.8088341873468987,0.07441163722592788,216825856.0,4684427.905776785
confounded-pc,mixed,0.8,kvik,maf_q4,6,1229,0.9694410477750056,0.09073727652451966,0.04918816443808624,0.005045742241449692,0.010796030652696409,0.004857710012816796,0.0016025641025641027,0.0016025641025641027,0.5,0.03651483716701107,0.2833333333333333,0.03073181485764296,1.8088341873468987,0.07441163722592788,216825856.0,4684427.905776785
confounded-pc,mixed,0.8,kvik,maf_q5,6,1179,1.039955512951837,0.09537412705300405,0.04362321921142522,0.007210986991116205,0.012114483003615992,0.004733500216476303,0.0,0.0,0.5,0.03651483716701107,0.2833333333333333,0.03073181485764296,1.8088341873468987,0.07441163722592788,216825856.0,4684427.905776785
confounded-pc,mixed,0.8,kvik,ld_q1,6,1139,0.9501785431541062,0.0654789677097627,0.05252854294356133,0.005014996471763463,0.009541570251524646,0.0030924230367768116,0.0025970017636684304,0.0017936223961098235,0.5,0.03651483716701107,0.2833333333333333,0.03073181485764296,1.8088341873468987,0.07441163722592788,216825856.0,4684427.905776785
confounded-pc,mixed,0.8,kvik,ld_q2,6,1142,1.107072316661502,0.1065803702204324,0.04524635990330115,0.005003267919161142,0.006830511359837753,0.0020637025959871036,0.000859106529209622,0.0008591065292096223,0.5,0.03651483716701107,0.2833333333333333,0.03073181485764296,1.8088341873468987,0.07441163722592788,216825856.0,4684427.905776785
confounded-pc,mixed,0.8,kvik,ld_q3,6,1252,0.9662168075504708,0.036323333693562915,0.045667495089122066,0.0051846056494323995,0.011913840960786062,0.004231289674405359,0.0016298946531504669,0.0010326739346684585,0.5,0.03651483716701107,0.2833333333333333,0.03073181485764296,1.8088341873468987,0.07441163722592788,216825856.0,4684427.905776785
confounded-pc,mixed,0.8,kvik,ld_q4,6,1237,0.9544880805858248,0.09485817398404876,0.06815602965827484,0.004451715119247335,0.016988629846784096,0.0033718522951282194,0.001557632398753894,0.001557632398753894,0.5,0.03651483716701107,0.2833333333333333,0.03073181485764296,1.8088341873468987,0.07441163722592788,216825856.0,4684427.905776785
confounded-pc,mixed,0.8,kvik,ld_q5,6,1230,1.1567577747425988,0.0847238610668246,0.04622770715241325,0.007165742481606726,0.012578260193991149,0.004607837796999296,0.0008680555555555555,0.0008680555555555556,0.5,0.03651483716701107,0.2833333333333333,0.03073181485764296,1.8088341873468987,0.07441163722592788,216825856.0,4684427.905776785
confounded-pc,mixed,0.8,ldak-kvik,all,6,6000,0.9298752559899737,0.049630815372630754,0.044000000000000004,0.003087609647175843,0.0105,0.001607275126832159,0.0015000000000000002,0.0003415650255319867,0.5,0.03651483716701107,0.3,0.02581988897471612,0.895994659649053,0.06990498469020448,46238378.666666664,372231.0347493581
confounded-pc,mixed,0.8,ldak-kvik,loading_q1,6,1179,1.0242564077138454,0.0746058415429724,0.05620796534216942,0.004999927150592433,0.011005701053396827,0.002658341886487336,0.00256891455393328,0.0011583182840395377,0.5,0.03651483716701107,0.3,0.02581988897471612,0.895994659649053,0.06990498469020448,46238378.666666664,372231.0347493581
confounded-pc,mixed,0.8,ldak-kvik,loading_q2,6,1261,1.0068656043361894,0.08599992945810377,0.04149567653696473,0.006520866626096978,0.008695030245839262,0.0025166645368359516,0.0008333333333333334,0.0008333333333333335,0.5,0.03651483716701107,0.3,0.02581988897471612,0.895994659649053,0.06990498469020448,46238378.666666664,372231.0347493581
confounded-pc,mixed,0.8,ldak-kvik,loading_q3,6,1163,0.9950539752746724,0.07259106277938215,0.04845845747551463,0.008245568464633764,0.012226877984644132,0.00434853877610579,0.0018070165128988658,0.0011430149560053553,0.5,0.03651483716701107,0.3,0.02581988897471612,0.895994659649053,0.06990498469020448,46238378.666666664,372231.0347493581
confounded-pc,mixed,0.8,ldak-kvik,loading_q4,6,1194,0.9380236570451146,0.06387767015928456,0.03970522990724759,0.009998146048318014,0.010566372088741602,0.005570505006829561,0.0008169934640522876,0.0008169934640522878,0.5,0.03651483716701107,0.3,0.02581988897471612,0.895994659649053,0.06990498469020448,46238378.666666664,372231.0347493581
confounded-pc,mixed,0.8,ldak-kvik,loading_q5,6,1203,0.7682921093987294,0.03658281621641173,0.03419065732881008,0.0018170983204924968,0.010081089294246925,0.002351718676900737,0.0017456313519046574,0.001104238463553767,0.5,0.03651483716701107,0.3,0.02581988897471612,0.895994659649053,0.06990498469020448,46238378.666666664,372231.0347493581
confounded-pc,mixed,0.8,ldak-kvik,maf_q1,6,1180,0.9616834313752984,0.06834262025514182,0.0386732037365286,0.005423808351441403,0.008407208292171254,0.0020869878481669935,0.002571300822874049,0.0011530729864952139,0.5,0.03651483716701107,0.3,0.02581988897471612,0.895994659649053,0.06990498469020448,46238378.666666664,372231.0347493581
confounded-pc,mixed,0.8,ldak-kvik,maf_q2,6,1233,0.8791017044941044,0.06987829485622483,0.04211043920704539,0.00442206786267377,0.010438090609602517,0.0033429041595346,0.0008333333333333334,0.0008333333333333335,0.5,0.03651483716701107,0.3,0.02581988897471612,0.895994659649053,0.06990498469020448,46238378.666666664,372231.0347493581
confounded-pc,mixed,0.8,ldak-kvik,maf_q3,6,1179,1.04706227455988,0.10538525685967087,0.056797964412243135,0.00293587042144222,0.011054671980877062,0.0021003639630782327,0.0025137633171254596,0.0011247329830998657,0.5,0.03651483716701107,0.3,0.02581988897471612,0.895994659649053,0.06990498469020448,46238378.666666664,372231.0347493581
confounded-pc,mixed,0.8,ldak-kvik,maf_q4,6,1229,0.8876420155761536,0.09011840022827788,0.044762581630423216,0.004483289546003338,0.01311011340822836,0.004275301727592969,0.0016025641025641027,0.0016025641025641027,0.5,0.03651483716701107,0.3,0.02581988897471612,0.895994659649053,0.06990498469020448,46238378.666666664,372231.0347493581
confounded-pc,mixed,0.8,ldak-kvik,maf_q5,6,1179,0.9606742088890337,0.07559631194895,0.03779482806524773,0.008837302337089712,0.009364714064674942,0.004792357404355425,0.0,0.0,0.5,0.03651483716701107,0.3,0.02581988897471612,0.895994659649053,0.06990498469020448,46238378.666666664,372231.0347493581
confounded-pc,mixed,0.8,ldak-kvik,ld_q1,6,1139,0.8390979601468711,0.04527406363809889,0.03405296420084468,0.00387014701429518,0.007858286221460604,0.002199986814513753,0.0025970017636684304,0.0017936223961098235,0.5,0.03651483716701107,0.3,0.02581988897471612,0.895994659649053,0.06990498469020448,46238378.666666664,372231.0347493581
confounded-pc,mixed,0.8,ldak-kvik,ld_q2,6,1142,0.9734410027837505,0.08987812321198232,0.0375542501913736,0.0033438442113344308,0.007019618369333114,0.0011122766710198865,0.000859106529209622,0.0008591065292096223,0.5,0.03651483716701107,0.3,0.02581988897471612,0.895994659649053,0.06990498469020448,46238378.666666664,372231.0347493581
confounded-pc,mixed,0.8,ldak-kvik,ld_q3,6,1252,0.9045239496275609,0.03442393601033563,0.039359689829675804,0.005762358893501707,0.011984670850999732,0.0032391292350325263,0.0016298946531504669,0.0010326739346684585,0.5,0.03651483716701107,0.3,0.02581988897471612,0.895994659649053,0.06990498469020448,46238378.666666664,372231.0347493581
confounded-pc,mixed,0.8,ldak-kvik,ld_q4,6,1237,0.9323296589868142,0.07761428729892358,0.06274489118575266,0.004387037155331355,0.016142606158120815,0.0035610129890880156,0.001557632398753894,0.001557632398753894,0.5,0.03651483716701107,0.3,0.02581988897471612,0.895994659649053,0.06990498469020448,46238378.666666664,372231.0347493581
confounded-pc,mixed,0.8,ldak-kvik,ld_q5,6,1230,1.064080335806273,0.07907882240024723,0.045273830647342084,0.006692197160294409,0.009219217569934548,0.004061839774742751,0.0008250825082508251,0.0008250825082508251,0.5,0.03651483716701107,0.3,0.02581988897471612,0.895994659649053,0.06990498469020448,46238378.666666664,372231.0347493581
confounded-pc,null,0.8,bolt-inf,all,6,36000,1.010566652534849,0.016240634032796353,0.050249999999999996,0.0017361888871467448,0.00938888888888889,0.000660620733164211,0.0008888888888888888,0.0001337954953199144,nan,nan,nan,nan,1.635075847172023,0.06869747441965775,205957802.66666666,5185779.151610134
confounded-pc,null,0.8,bolt-inf,loading_q1,6,7200,1.0285675691330718,0.023408466910114698,0.05305555555555556,0.003108133495710971,0.009027777777777779,0.001401333139514382,0.0009722222222222223,0.00025609845714702473,nan,nan,nan,nan,1.635075847172023,0.06869747441965775,205957802.66666666,5185779.151610134
confounded-pc,null,0.8,bolt-inf,loading_q2,6,7200,0.9779374298434993,0.0255137170728038,0.05013888888888889,0.002558723881397634,0.009027777777777779,0.0007270140182390223,0.0008333333333333334,0.00021516574145596763,nan,nan,nan,nan,1.635075847172023,0.06869747441965775,205957802.66666666,5185779.151610134
confounded-pc,null,0.8,bolt-inf,loading_q3,6,7200,0.9932446613688405,0.015144648469624706,0.04486111111111111,0.00283346949563888,0.007777777777777777,0.0009296222517045286,0.0009722222222222223,0.0003977172517576765,nan,nan,nan,nan,1.635075847172023,0.06869747441965775,205957802.66666666,5185779.151610134
confounded-pc,null,0.8,bolt-inf,loading_q4,6,7200,1.0165565754872903,0.039346392831862656,0.05416666666666667,0.0027045914321417964,0.011250000000000001,0.0010918468892796415,0.0008333333333333334,0.00043033148291193526,nan,nan,nan,nan,1.635075847172023,0.06869747441965775,205957802.66666666,5185779.151610134
confounded-pc,null,0.8,bolt-inf,loading_q5,6,7200,0.9995058355005604,0.037268093058557494,0.04902777777777778,0.002271162480393175,0.00986111111111111,0.001243811843179895,0.0008333333333333334,0.00030429030972509234,nan,nan,nan,nan,1.635075847172023,0.06869747441965775,205957802.66666666,5185779.151610134
confounded-pc,null,0.8,bolt-inf,maf_q1,6,7171,1.001904586657849,0.02658142749697308,0.049084340638141315,0.0019757954861991736,0.01087810556524166,0.0009436720559207848,0.0011164640951861159,0.0003537229046122629,nan,nan,nan,nan,1.635075847172023,0.06869747441965775,205957802.66666666,5185779.151610134
confounded-pc,null,0.8,bolt-inf,maf_q2,6,7168,1.0086637957816882,0.022450943567293002,0.04746494366881659,0.0038633378939681422,0.008518495643518385,0.0015169106827109633,0.000697587213201302,0.0002568937063813446,nan,nan,nan,nan,1.635075847172023,0.06869747441965775,205957802.66666666,5185779.151610134
confounded-pc,null,0.8,bolt-inf,maf_q3,6,7208,1.034503353014942,0.027395588029665827,0.04966116590864745,0.001318338103219763,0.009150107568692716,0.0017074944355323191,0.0012476100475084168,0.0004654648512748673,nan,nan,nan,nan,1.635075847172023,0.06869747441965775,205957802.66666666,5185779.151610134
confounded-pc,null,0.8,bolt-inf,maf_q4,6,7221,1.0166375388066413,0.01669975606590596,0.053199486625343385,0.004152372804928946,0.009416153621824361,0.0013336250802790921,0.0011104552004380767,0.00035312974393682153,nan,nan,nan,nan,1.635075847172023,0.06869747441965775,205957802.66666666,5185779.151610134
confounded-pc,null,0.8,bolt-inf,maf_q5,6,7232,0.9776686026276592,0.05146720967712741,0.05187435466465027,0.003832471856193866,0.008996471207078032,0.0013671767263040261,0.00027674005045422585,0.0001750257984648999,nan,nan,nan,nan,1.635075847172023,0.06869747441965775,205957802.66666666,5185779.151610134
confounded-pc,null,0.8,bolt-inf,ld_q1,6,7200,1.001050568710737,0.014407832541191443,0.05333333333333332,0.0033815950652296006,0.010833333333333334,0.0007136240321480626,0.0009722222222222223,0.000334488738299786,nan,nan,nan,nan,1.635075847172023,0.06869747441965775,205957802.66666666,5185779.151610134
confounded-pc,null,0.8,bolt-inf,ld_q2,6,7200,1.0089406471318776,0.038028418871702926,0.049999999999999996,0.0029736497091272527,0.010555555555555556,0.0009781564923143895,0.0008333333333333334,0.00030429030972509234,nan,nan,nan,nan,1.635075847172023,0.06869747441965775,205957802.66666666,5185779.151610134
confounded-pc,null,0.8,bolt-inf,ld_q3,6,7200,0.9973369066643993,0.03618316542190252,0.04652777777777778,0.002585721715522275,0.008055555555555555,0.000795434503515353,0.0005555555555555556,0.0002777777777777779,nan,nan,nan,nan,1.635075847172023,0.06869747441965775,205957802.66666666,5185779.151610134
confounded-pc,null,0.8,bolt-inf,ld_q4,6,7200,1.030601159448601,0.027383804523184757,0.050555555555555555,0.002137264895741261,0.008749999999999999,0.0014393607120035128,0.001388888888888889,0.0004648111258522643,nan,nan,nan,nan,1.635075847172023,0.06869747441965775,205957802.66666666,5185779.151610134
confounded-pc,null,0.8,bolt-inf,ld_q5,6,7200,1.0089170657806517,0.025812231042524867,0.05083333333333334,0.0025276251480171844,0.00875,0.0011931517552730296,0.0006944444444444445,0.000334488738299786,nan,nan,nan,nan,1.635075847172023,0.06869747441965775,205957802.66666666,5185779.151610134
confounded-pc,null,0.8,exact,all,6,36000,1.0088161959822213,0.01546475993429901,0.04988888888888889,0.0015768385310761597,0.009444444444444445,0.0006799600569241885,0.0008888888888888888,0.0001337954953199144,nan,nan,nan,nan,1.5025023958296515,0.07065337184596329,230503765.33333334,4929572.179971556
confounded-pc,null,0.8,exact,loading_q1,6,7200,1.0281834559257266,0.024515547882893986,0.052361111111111115,0.0030838337932186832,0.009166666666666667,0.0015061601901917734,0.0009722222222222223,0.00025609845714702473,nan,nan,nan,nan,1.5025023958296515,0.07065337184596329,230503765.33333334,4929572.179971556
confounded-pc,null,0.8,exact,loading_q2,6,7200,0.9772459137147839,0.02850045974156443,0.04861111111111111,0.002533723166886974,0.008611111111111111,0.000668977476599572,0.0008333333333333334,0.00021516574145596763,nan,nan,nan,nan,1.5025023958296515,0.07065337184596329,230503765.33333334,4929572.179971556
confounded-pc,null,0.8,exact,loading_q3,6,7200,0.9996452742116259,0.016424624566594874,0.04486111111111111,0.003343156821159336,0.008055555555555557,0.0009043789220055393,0.0011111111111111111,0.00041201102706087025,nan,nan,nan,nan,1.5025023958296515,0.07065337184596329,230503765.33333334,4929572.179971556
confounded-pc,null,0.8,exact,loading_q4,6,7200,1.0165291885304517,0.0378287168404073,0.05513888888888888,0.0028170830286172706,0.011527777777777777,0.0012250598372888857,0.0006944444444444445,0.00039771725175767646,nan,nan,nan,nan,1.5025023958296515,0.07065337184596329,230503765.33333334,4929572.179971556
confounded-pc,null,0.8,exact,loading_q5,6,7200,0.9994831350034632,0.03912120718391007,0.04847222222222222,0.0019295061096458058,0.009861111111111112,0.001126627766148514,0.0008333333333333334,0.00030429030972509234,nan,nan,nan,nan,1.5025023958296515,0.07065337184596329,230503765.33333334,4929572.179971556
confounded-pc,null,0.8,exact,maf_q1,6,7171,1.0106759813040507,0.026268321135836947,0.04769033823159999,0.002062920195934903,0.011156579722281542,0.0008285786452170715,0.0011164640951861159,0.0003537229046122629,nan,nan,nan,nan,1.5025023958296515,0.07065337184596329,230503765.33333334,4929572.179971556
confounded-pc,null,0.8,exact,maf_q2,6,7168,1.0135457286522798,0.021970136527927387,0.046343206041418006,0.003094700219964137,0.007958271553882531,0.001064980988630275,0.000697587213201302,0.0002568937063813446,nan,nan,nan,nan,1.5025023958296515,0.07065337184596329,230503765.33333334,4929572.179971556
confounded-pc,null,0.8,exact,maf_q3,6,7208,1.0305499022819737,0.02323765430155458,0.04896913390906091,0.0009895629606265352,0.009149413119907966,0.0017860780330501405,0.0012489920522860073,0.0003551434686654081,nan,nan,nan,nan,1.5025023958296515,0.07065337184596329,230503765.33333334,4929572.179971556
confounded-pc,null,0.8,exact,maf_q4,6,7221,1.019763050939747,0.019253689025110616,0.053750355965528844,0.004119664184254389,0.009698036489914125,0.0016062316794809642,0.0011104552004380767,0.00035312974393682153,nan,nan,nan,nan,1.5025023958296515,0.07065337184596329,230503765.33333334,4929572.179971556
confounded-pc,null,0.8,exact,maf_q5,6,7232,0.9709270530463385,0.052058083094203206,0.052705598313646525,0.004302490186415615,0.009272072882335176,0.0012443116514341517,0.00027674005045422585,0.0001750257984648999,nan,nan,nan,nan,1.5025023958296515,0.07065337184596329,230503765.33333334,4929572.179971556
confounded-pc,null,0.8,exact,ld_q1,6,7200,1.0073595862568319,0.015689285641052046,0.051805555555555556,0.002630102331013936,0.010694444444444444,0.0007881256088395059,0.0009722222222222223,0.000334488738299786,nan,nan,nan,nan,1.5025023958296515,0.07065337184596329,230503765.33333334,4929572.179971556
confounded-pc,null,0.8,exact,ld_q2,6,7200,1.0107665693152506,0.04050130559258343,0.05013888888888889,0.0031506662042914356,0.010277777777777778,0.0008516505398197719,0.0008333333333333334,0.00030429030972509234,nan,nan,nan,nan,1.5025023958296515,0.07065337184596329,230503765.33333334,4929572.179971556
confounded-pc,null,0.8,exact,ld_q3,6,7200,0.9986822828770089,0.035149880255505486,0.04569444444444445,0.002567754699641472,0.008611111111111111,0.0009541980020732041,0.0006944444444444445,0.00039771725175767646,nan,nan,nan,nan,1.5025023958296515,0.07065337184596329,230503765.33333334,4929572.179971556
confounded-pc,null,0.8,exact,ld_q4,6,7200,1.0234260597373182,0.025791453139609913,0.05083333333333334,0.002366823156015644,0.009027777777777779,0.001450042570682021,0.00125,0.0003568120160740314,nan,nan,nan,nan,1.5025023958296515,0.07065337184596329,230503765.33333334,4929572.179971556
confounded-pc,null,0.8,exact,ld_q5,6,7200,1.0093385753968749,0.025731556041887052,0.050972222222222224,0.0023611111111111107,0.008611111111111111,0.001024393828588099,0.0006944444444444445,0.000334488738299786,nan,nan,nan,nan,1.5025023958296515,0.07065337184596329,230503765.33333334,4929572.179971556
confounded-pc,null,0.8,kvik,all,6,36000,1.0088202796669703,0.0158955780917456,0.05013888888888889,0.0017322735364076515,0.009361111111111112,0.0006602702402224841,0.0008611111111111111,0.0001516371562661798,nan,nan,nan,nan,1.6883593198435847,0.0701573575731376,221618176.0,7481993.2807041025
confounded-pc,null,0.8,kvik,loading_q1,6,7200,1.0293674658113883,0.022990511893195075,0.05291666666666667,0.0031161912887607127,0.009305555555555556,0.0013336226537953117,0.0009722222222222223,0.00025609845714702473,nan,nan,nan,nan,1.6883593198435847,0.0701573575731376,221618176.0,7481993.2807041025
confounded-pc,null,0.8,kvik,loading_q2,6,7200,0.977974692867494,0.02553927202097819,0.04958333333333334,0.002403219291484439,0.008888888888888889,0.0007027283689263066,0.0008333333333333334,0.00021516574145596763,nan,nan,nan,nan,1.6883593198435847,0.0701573575731376,221618176.0,7481993.2807041025
confounded-pc,null,0.8,kvik,loading_q3,6,7200,0.9922348825836202,0.014823905233208295,0.04472222222222222,0.002827335699999883,0.007916666666666667,0.000980126598020964,0.0009722222222222223,0.0003977172517576765,nan,nan,nan,nan,1.6883593198435847,0.0701573575731376,221618176.0,7481993.2807041025
confounded-pc,null,0.8,kvik,loading_q4,6,7200,1.0138526276485995,0.03861683373497387,0.05472222222222223,0.0027273194908074613,0.010972222222222223,0.0009722222222222224,0.0008333333333333334,0.00043033148291193526,nan,nan,nan,nan,1.6883593198435847,0.0701573575731376,221618176.0,7481993.2807041025
confounded-pc,null,0.8,kvik,loading_q5,6,7200,0.9979732383638606,0.037440337989309784,0.048749999999999995,0.002324885500963992,0.009722222222222222,0.0013028932666176193,0.0006944444444444445,0.000334488738299786,nan,nan,nan,nan,1.6883593198435847,0.0701573575731376,221618176.0,7481993.2807041025
confounded-pc,null,0.8,kvik,maf_q1,6,7171,0.9988493646697542,0.02696794013936007,0.04894475381513741,0.0020112555493022903,0.010738518742237751,0.0009778672974597466,0.0011164640951861159,0.0003537229046122629,nan,nan,nan,nan,1.6883593198435847,0.0701573575731376,221618176.0,7481993.2807041025
confounded-pc,null,0.8,kvik,maf_q2,6,7168,1.0083798744573442,0.022268905056774032,0.04746494366881659,0.0038633378939681422,0.008658905640710186,0.0015524468639694204,0.000697587213201302,0.0002568937063813446,nan,nan,nan,nan,1.6883593198435847,0.0701573575731376,221618176.0,7481993.2807041025
confounded-pc,null,0.8,kvik,maf_q3,6,7208,1.0400660427619648,0.029992504403895334,0.049521928927305205,0.0013334467924809028,0.009010870587350471,0.001698880143578327,0.0011083730661661725,0.0005089216037590113,nan,nan,nan,nan,1.6883593198435847,0.0701573575731376,221618176.0,7481993.2807041025
confounded-pc,null,0.8,kvik,maf_q4,6,7221,1.0167904218572623,0.01667961399729661,0.053199486625343385,0.004152372804928946,0.009279317278091465,0.0013484622241884809,0.0011104552004380767,0.00035312974393682153,nan,nan,nan,nan,1.6883593198435847,0.0701573575731376,221618176.0,7481993.2807041025
confounded-pc,null,0.8,kvik,maf_q5,6,7232,0.9718957002621152,0.05207053477778063,0.05159749973663255,0.003763329530304176,0.009134898671086892,0.0013601774858656066,0.00027674005045422585,0.0001750257984648999,nan,nan,nan,nan,1.6883593198435847,0.0701573575731376,221618176.0,7481993.2807041025
confounded-pc,null,0.8,kvik,ld_q1,6,7200,0.9985892382316136,0.013827484061563757,0.05305555555555555,0.0033793125168323445,0.010833333333333334,0.0007136240321480626,0.0009722222222222223,0.000334488738299786,nan,nan,nan,nan,1.6883593198435847,0.0701573575731376,221618176.0,7481993.2807041025
confounded-pc,null,0.8,kvik,ld_q2,6,7200,1.007964407263742,0.03872068796813629,0.05013888888888889,0.002882069943719935,0.010555555555555556,0.0009781564923143895,0.0008333333333333334,0.00030429030972509234,nan,nan,nan,nan,1.6883593198435847,0.0701573575731376,221618176.0,7481993.2807041025
confounded-pc,null,0.8,kvik,ld_q3,6,7200,0.9950865754031528,0.03423020364085195,0.04652777777777778,0.002585721715522275,0.008194444444444445,0.0007881256088395061,0.0005555555555555556,0.0002777777777777779,nan,nan,nan,nan,1.6883593198435847,0.0701573575731376,221618176.0,7481993.2807041025
confounded-pc,null,0.8,kvik,ld_q4,6,7200,1.0318962269390324,0.027577895495037894,0.050277777777777775,0.002014607151607639,0.008472222222222223,0.0012804922857351233,0.00125,0.0004689428615592815,nan,nan,nan,nan,1.6883593198435847,0.0701573575731376,221618176.0,7481993.2807041025
confounded-pc,null,0.8,kvik,ld_q5,6,7200,1.00935276487555,0.025994674140270582,0.05069444444444445,0.002457195279576963,0.00875,0.0011931517552730296,0.0006944444444444445,0.000334488738299786,nan,nan,nan,nan,1.6883593198435847,0.0701573575731376,221618176.0,7481993.2807041025
confounded-pc,null,0.8,ldak-kvik,all,6,36000,0.9395010335200135,0.01365143471407042,0.04280555555555556,0.00155600192008514,0.009722222222222222,0.0006305004870716048,0.0009444444444444444,0.00015315609724544693,nan,nan,nan,nan,0.41783454148874927,0.034311435172889856,44037461.333333336,568557.3257426594
confounded-pc,null,0.8,ldak-kvik,loading_q1,6,7200,1.023465119142128,0.022863979050580966,0.051527777777777777,0.0030687844941613193,0.01,0.0013777329741819163,0.0009722222222222223,0.00025609845714702473,nan,nan,nan,nan,0.41783454148874927,0.034311435172889856,44037461.333333336,568557.3257426594
confounded-pc,null,0.8,ldak-kvik,loading_q2,6,7200,0.9568817743073992,0.02690445320986525,0.04611111111111111,0.0025428427758546245,0.009027777777777779,0.0007881256088395061,0.0008333333333333334,0.00021516574145596763,nan,nan,nan,nan,0.41783454148874927,0.034311435172889856,44037461.333333336,568557.3257426594
confounded-pc,null,0.8,ldak-kvik,loading_q3,6,7200,0.9388602649845121,0.014254925144328292,0.04083333333333333,0.003176884101221288,0.007916666666666667,0.000980126598020964,0.0011111111111111111,0.00041201102706087025,nan,nan,nan,nan,0.41783454148874927,0.034311435172889856,44037461.333333336,568557.3257426594
confounded-pc,null,0.8,ldak-kvik,loading_q4,6,7200,0.9337714497778125,0.036055882023611055,0.043472222222222225,0.0014013331395143823,0.011805555555555555,0.0011469901567812545,0.0008333333333333334,0.00043033148291193526,nan,nan,nan,nan,0.41783454148874927,0.034311435172889856,44037461.333333336,568557.3257426594
confounded-pc,null,0.8,ldak-kvik,loading_q5,6,7200,0.8401913340687801,0.031109477496184892,0.03208333333333333,0.0014553540997144158,0.009861111111111112,0.001126627766148514,0.0009722222222222223,0.000334488738299786,nan,nan,nan,nan,0.41783454148874927,0.034311435172889856,44037461.333333336,568557.3257426594
confounded-pc,null,0.8,ldak-kvik,maf_q1,6,7171,0.9484003372534847,0.023192818610651412,0.04420486418983164,0.0017142853239905493,0.011296165765910556,0.0009612718988860453,0.0011164640951861159,0.0003537229046122629,nan,nan,nan,nan,0.41783454148874927,0.034311435172889856,44037461.333333336,568557.3257426594
confounded-pc,null,0.8,ldak-kvik,maf_q2,6,7168,0.9399922143135102,0.020040134738543186,0.04020709799489891,0.003451968855459162,0.008238737573483293,0.0012246294873067326,0.000697587213201302,0.0002568937063813446,nan,nan,nan,nan,0.41783454148874927,0.034311435172889856,44037461.333333336,568557.3257426594
confounded-pc,null,0.8,ldak-kvik,maf_q3,6,7208,0.9669805751140977,0.025942205158915932,0.04175587773455277,0.0013362502172266585,0.009564938132757349,0.00154723647481378,0.0012489920522860073,0.0003551434686654081,nan,nan,nan,nan,0.41783454148874927,0.034311435172889856,44037461.333333336,568557.3257426594
confounded-pc,null,0.8,ldak-kvik,maf_q4,6,7221,0.9466963245766543,0.012892811393377447,0.045441174300669275,0.004394836752809725,0.009832820288491027,0.0014793118617943126,0.0012487677868834432,0.00028704531917516583,nan,nan,nan,nan,0.41783454148874927,0.034311435172889856,44037461.333333336,568557.3257426594
confounded-pc,null,0.8,ldak-kvik,maf_q5,6,7232,0.8931341995974922,0.04299638710248845,0.04246440024674377,0.0028042842058938118,0.009688608527122328,0.001371507664259886,0.00041505263689959243,0.0002834901067110481,nan,nan,nan,nan,0.41783454148874927,0.034311435172889856,44037461.333333336,568557.3257426594
confounded-pc,null,0.8,ldak-kvik,ld_q1,6,7200,0.9086000645645965,0.017636955104148682,0.042638888888888886,0.0024287691848107803,0.011388888888888888,0.0007954345035153529,0.0011111111111111111,0.00041201102706087025,nan,nan,nan,nan,0.41783454148874927,0.034311435172889856,44037461.333333336,568557.3257426594
confounded-pc,null,0.8,ldak-kvik,ld_q2,6,7200,0.9361673189990559,0.034547550971494013,0.043194444444444445,0.002011732562055546,0.010833333333333334,0.0007757911135427191,0.0008333333333333334,0.00030429030972509234,nan,nan,nan,nan,0.41783454148874927,0.034311435172889856,44037461.333333336,568557.3257426594
confounded-pc,null,0.8,ldak-kvik,ld_q3,6,7200,0.934353116372017,0.030850748476850792,0.04069444444444444,0.0018436159451161234,0.008472222222222223,0.0007881256088395061,0.0008333333333333334,0.000372677996249965,nan,nan,nan,nan,0.41783454148874927,0.034311435172889856,44037461.333333336,568557.3257426594
confounded-pc,null,0.8,ldak-kvik,ld_q4,6,7200,0.9680095498702497,0.027441673895762277,0.043194444444444445,0.0020232064149589054,0.009166666666666667,0.0014751020052613062,0.00125,0.0003568120160740314,nan,nan,nan,nan,0.41783454148874927,0.034311435172889856,44037461.333333336,568557.3257426594
confounded-pc,null,0.8,ldak-kvik,ld_q5,6,7200,0.9558733276440262,0.02382339642994908,0.04430555555555556,0.002953471487446678,0.008749999999999999,0.0010262751778839538,0.0006944444444444445,0.000334488738299786,nan,nan,nan,nan,0.41783454148874927,0.034311435172889856,44037461.333333336,568557.3257426594
confounded,mixed,0.8,bolt-inf,all,6,6000,1.0598370058194984,0.047794376892572855,0.05883333333333333,0.0035253053453251073,0.013166666666666667,0.0019564707454438916,0.0015000000000000002,0.0006191391873668903,0.3833333333333333,0.040138648595974324,0.3,0.0447213595499958,1.5964225626764044,0.06156983956973409,200927914.66666666,2594629.979686644
confounded,mixed,0.8,bolt-inf,loading_q1,6,1179,1.1339542085790113,0.06526410462236402,0.06689353573075221,0.0051604733176939845,0.017995481424206303,0.003919073037341561,0.0036363276063650593,0.0023013645460711637,0.3833333333333333,0.040138648595974324,0.3,0.0447213595499958,1.5964225626764044,0.06156983956973409,200927914.66666666,2594629.979686644
confounded,mixed,0.8,bolt-inf,loading_q2,6,1261,1.1061633978713832,0.14748055632297047,0.055922041747643675,0.008953432855496692,0.014473491073319696,0.0038411290091509617,0.0008333333333333334,0.0008333333333333335,0.3833333333333333,0.040138648595974324,0.3,0.0447213595499958,1.5964225626764044,0.06156983956973409,200927914.66666666,2594629.979686644
confounded,mixed,0.8,bolt-inf,loading_q3,6,1163,1.0776940005809095,0.07778137394572793,0.0640374829804537,0.007636384468242387,0.016327189910187025,0.003963224660149167,0.0017287590458322166,0.001096255802001968,0.3833333333333333,0.040138648595974324,0.3,0.0447213595499958,1.5964225626764044,0.06156983956973409,200927914.66666666,2594629.979686644
confounded,mixed,0.8,bolt-inf,loading_q4,6,1194,1.1370596460298295,0.07537371650207918,0.0541079324993654,0.006816251609974847,0.008293677584620773,0.0027546406412710506,0.0,0.0,0.3833333333333333,0.040138648595974324,0.3,0.0447213595499958,1.5964225626764044,0.06156983956973409,200927914.66666666,2594629.979686644
confounded,mixed,0.8,bolt-inf,loading_q5,6,1203,0.9756582470357443,0.0999254018212117,0.05455349681053348,0.008737460448333068,0.009317366467683599,0.0021785245842252713,0.001661718621144648,0.0010544952671867566,0.3833333333333333,0.040138648595974324,0.3,0.0447213595499958,1.5964225626764044,0.06156983956973409,200927914.66666666,2594629.979686644
confounded,mixed,0.8,bolt-inf,maf_q1,6,1180,1.1138776897486597,0.07780118207942763,0.05623731281018298,0.008072869751988305,0.013370565594656625,0.0031970233103753984,0.0007974481658692185,0.0007974481658692185,0.3833333333333333,0.040138648595974324,0.3,0.0447213595499958,1.5964225626764044,0.06156983956973409,200927914.66666666,2594629.979686644
confounded,mixed,0.8,bolt-inf,maf_q2,6,1233,0.9567737274864442,0.049618212917839355,0.05820545896799068,0.0074505932701283365,0.01610832406670243,0.0033487936438101338,0.0031227146409243817,0.0019750512639072214,0.3833333333333333,0.040138648595974324,0.3,0.0447213595499958,1.5964225626764044,0.06156983956973409,200927914.66666666,2594629.979686644
confounded,mixed,0.8,bolt-inf,maf_q3,6,1179,1.2171610164354973,0.12608603119763878,0.06607050362277421,0.009485783050479426,0.017846760783629918,0.003698630947760973,0.002556303113104598,0.0017600111941617536,0.3833333333333333,0.040138648595974324,0.3,0.0447213595499958,1.5964225626764044,0.06156983956973409,200927914.66666666,2594629.979686644
confounded,mixed,0.8,bolt-inf,maf_q4,6,1229,0.9683868430322445,0.055940996748151,0.06137597385653529,0.008306534978914787,0.01074231444143627,0.004357196242515479,0.0008012820512820514,0.0008012820512820514,0.3833333333333333,0.040138648595974324,0.3,0.0447213595499958,1.5964225626764044,0.06156983956973409,200927914.66666666,2594629.979686644
confounded,mixed,0.8,bolt-inf,maf_q5,6,1179,1.093477325426441,0.13555855561296737,0.05182932189974892,0.005329214233397643,0.007861962488940765,0.003076692677509089,0.0,0.0,0.3833333333333333,0.040138648595974324,0.3,0.0447213595499958,1.5964225626764044,0.06156983956973409,200927914.66666666,2594629.979686644
confounded,mixed,0.8,bolt-inf,ld_q1,6,1139,0.979648614992498,0.04781139475105068,0.06316719131314799,0.003292770446858875,0.01224256076302181,0.0017234163219034331,0.0026501932530301323,0.0018086011877738186,0.3833333333333333,0.040138648595974324,0.3,0.0447213595499958,1.5964225626764044,0.06156983956973409,200927914.66666666,2594629.979686644
confounded,mixed,0.8,bolt-inf,ld_q2,6,1142,1.146185369852534,0.09743901892646825,0.046470362034870094,0.010992345617800088,0.01211073115987539,0.003137223353476283,0.0,0.0,0.3833333333333333,0.040138648595974324,0.3,0.0447213595499958,1.5964225626764044,0.06156983956973409,200927914.66666666,2594629.979686644
confounded,mixed,0.8,bolt-inf,ld_q3,6,1252,1.0279591378072694,0.07212570618697235,0.06314578699672717,0.0035948853709856245,0.01331307540597189,0.0036155300629742942,0.002297771752355129,0.0015807563779881941,0.3833333333333333,0.040138648595974324,0.3,0.0447213595499958,1.5964225626764044,0.06156983956973409,200927914.66666666,2594629.979686644
confounded,mixed,0.8,bolt-inf,ld_q4,6,1237,1.0548120321807983,0.09105084327643914,0.06813025715734333,0.00526456473951441,0.015505845852507154,0.0029966270763054047,0.0016248398880402293,0.0010289567399440747,0.3833333333333333,0.040138648595974324,0.3,0.0447213595499958,1.5964225626764044,0.06156983956973409,200927914.66666666,2594629.979686644
confounded,mixed,0.8,bolt-inf,ld_q5,6,1230,1.203624479555624,0.09797718892605668,0.05297336685883783,0.011845089953279903,0.012571344531494666,0.004892854319994983,0.0008680555555555555,0.0008680555555555556,0.3833333333333333,0.040138648595974324,0.3,0.0447213595499958,1.5964225626764044,0.06156983956973409,200927914.66666666,2594629.979686644
confounded,mixed,0.8,exact,all,6,6000,1.0253875330920126,0.05069694875622663,0.05266666666666667,0.002848001248439178,0.010833333333333332,0.001956470745443892,0.001,0.0005163977794943223,0.3833333333333333,0.040138648595974324,0.26666666666666666,0.04216370213557839,1.5204737363383174,0.06051382576658742,238277973.33333334,6251224.493210498
confounded,mixed,0.8,exact,loading_q1,6,1179,1.0258326464410894,0.06456790007147979,0.04920830581822236,0.002727908719837376,0.012058011492411385,0.004881939248629042,0.0009363295880149813,0.0009363295880149815,0.3833333333333333,0.040138648595974324,0.26666666666666666,0.04216370213557839,1.5204737363383174,0.06051382576658742,238277973.33333334,6251224.493210498
confounded,mixed,0.8,exact,loading_q2,6,1261,1.028623554421817,0.13945604800357264,0.045601139403554675,0.007957702287827176,0.008901561693820777,0.0033888958200116366,0.0008333333333333334,0.0008333333333333335,0.3833333333333333,0.040138648595974324,0.26666666666666666,0.04216370213557839,1.5204737363383174,0.06051382576658742,238277973.33333334,6251224.493210498
confounded,mixed,0.8,exact,loading_q3,6,1163,1.011452053289324,0.07294710937003822,0.05800086572942275,0.008753275639921558,0.014600074193434,0.003956210203227637,0.0017287590458322166,0.001096255802001968,0.3833333333333333,0.040138648595974324,0.26666666666666666,0.04216370213557839,1.5204737363383174,0.06051382576658742,238277973.33333334,6251224.493210498
confounded,mixed,0.8,exact,loading_q4,6,1194,1.075232069105409,0.0802264275017253,0.05242048643317024,0.0067102543792763696,0.007511204971162244,0.0028030830182822772,0.0,0.0,0.3833333333333333,0.040138648595974324,0.26666666666666666,0.04216370213557839,1.5204737363383174,0.06051382576658742,238277973.33333334,6251224.493210498
confounded,mixed,0.8,exact,loading_q5,6,1203,1.0812689647235283,0.10433111667137525,0.059466500447296185,0.00816988742835394,0.011804928656738324,0.00340053946145634,0.001661718621144648,0.0010544952671867566,0.3833333333333333,0.040138648595974324,0.26666666666666666,0.04216370213557839,1.5204737363383174,0.06051382576658742,238277973.33333334,6251224.493210498
confounded,mixed,0.8,exact,maf_q1,6,1180,1.0633875126049093,0.07460270990866993,0.047866038899430585,0.006777730506289753,0.009224124733065922,0.002623838112891619,0.0007974481658692185,0.0007974481658692185,0.3833333333333333,0.040138648595974324,0.26666666666666666,0.04216370213557839,1.5204737363383174,0.06051382576658742,238277973.33333334,6251224.493210498
confounded,mixed,0.8,exact,maf_q2,6,1233,0.928874413386403,0.0465867823337318,0.050943980136744414,0.006134369680061296,0.013603925585335996,0.003916251922557246,0.0007751937984496124,0.0007751937984496124,0.3833333333333333,0.040138648595974324,0.26666666666666666,0.04216370213557839,1.5204737363383174,0.06051382576658742,238277973.33333334,6251224.493210498
confounded,mixed,0.8,exact,maf_q3,6,1179,1.1475370394198405,0.11237947770869876,0.061021914859340894,0.008863815627046884,0.012755632224217474,0.00368933978284045,0.002556303113104598,0.0017600111941617536,0.3833333333333333,0.040138648595974324,0.26666666666666666,0.04216370213557839,1.5204737363383174,0.06051382576658742,238277973.33333334,6251224.493210498
confounded,mixed,0.8,exact,maf_q4,6,1229,0.9751812671776187,0.05726320207985779,0.05481229490767312,0.007648188483068067,0.01074231444143627,0.004357196242515479,0.0008012820512820514,0.0008012820512820514,0.3833333333333333,0.040138648595974324,0.26666666666666666,0.04216370213557839,1.5204737363383174,0.06051382576658742,238277973.33333334,6251224.493210498
confounded,mixed,0.8,exact,maf_q5,6,1179,1.0602580117455656,0.13740174295093965,0.048356366307413835,0.005964487350695953,0.00781295860426918,0.0030521334266835707,0.0,0.0,0.3833333333333333,0.040138648595974324,0.26666666666666666,0.04216370213557839,1.5204737363383174,0.06051382576658742,238277973.33333334,6251224.493210498
confounded,mixed,0.8,exact,ld_q1,6,1139,0.9638429280230593,0.04264909550548019,0.05885285373750233,0.0024645856040559286,0.012188454364279804,0.002948564136821654,0.001763668430335097,0.0017636684303350971,0.3833333333333333,0.040138648595974324,0.26666666666666666,0.04216370213557839,1.5204737363383174,0.06051382576658742,238277973.33333334,6251224.493210498
confounded,mixed,0.8,exact,ld_q2,6,1142,1.1095899379587018,0.09882030849509453,0.03998169897804569,0.0074824088044978055,0.01132744286707854,0.0031548155865543668,0.0,0.0,0.3833333333333333,0.040138648595974324,0.26666666666666666,0.04216370213557839,1.5204737363383174,0.06051382576658742,238277973.33333334,6251224.493210498
confounded,mixed,0.8,exact,ld_q3,6,1252,1.006799247619204,0.07073856133470495,0.058191090267765366,0.004429049687810927,0.009434246368389533,0.0029402402099186816,0.0015503875968992248,0.0015503875968992248,0.3833333333333333,0.040138648595974324,0.26666666666666666,0.04216370213557839,1.5204737363383174,0.06051382576658742,238277973.33333334,6251224.493210498
confounded,mixed,0.8,exact,ld_q4,6,1237,0.9958795677130793,0.09369826004388303,0.06269395736991071,0.00613525669246883,0.011453425385111559,0.0027343193842462644,0.000778816199376947,0.000778816199376947,0.3833333333333333,0.040138648595974324,0.26666666666666666,0.04216370213557839,1.5204737363383174,0.06051382576658742,238277973.33333334,6251224.493210498
confounded,mixed,0.8,exact,ld_q5,6,1230,1.1265579174589064,0.09543591254527303,0.04396429107396505,0.010989975530372417,0.010199463286522622,0.0055547865976431545,0.0008680555555555555,0.0008680555555555556,0.3833333333333333,0.040138648595974324,0.26666666666666666,0.04216370213557839,1.5204737363383174,0.06051382576658742,238277973.33333334,6251224.493210498
confounded,mixed,0.8,kvik,all,6,6000,0.9148194257989584,0.08409413778151945,0.03966666666666666,0.00852708104283706,0.0065,0.002305789814069502,0.0008333333333333334,0.0005426273532033235,0.3166666666666667,0.047726070210921186,0.18333333333333332,0.04013864859597432,3.198541284664922,0.20668192897087842,220722517.33333334,3906566.403163531
confounded,mixed,0.8,kvik,loading_q1,6,1179,0.9361161268633156,0.09661666121815396,0.04193050168033058,0.01001263821593313,0.008528536150258998,0.003414339684104114,0.0009363295880149813,0.0009363295880149815,0.3166666666666667,0.047726070210921186,0.18333333333333332,0.04013864859597432,3.198541284664922,0.20668192897087842,220722517.33333334,3906566.403163531
confounded,mixed,0.8,kvik,loading_q2,6,1261,0.9661157961030841,0.2028651184590159,0.039993973942308046,0.011288591193954072,0.004735007185987579,0.002122427335319355,0.0,0.0,0.3166666666666667,0.047726070210921186,0.18333333333333332,0.04013864859597432,3.198541284664922,0.20668192897087842,220722517.33333334,3906566.403163531
confounded,mixed,0.8,kvik,loading_q3,6,1163,0.8702038538750839,0.07243368939343497,0.04343069484292835,0.008501811417614528,0.007831928699556881,0.0029281962201073834,0.0017287590458322166,0.001096255802001968,0.3166666666666667,0.047726070210921186,0.18333333333333332,0.04013864859597432,3.198541284664922,0.20668192897087842,220722517.33333334,3906566.403163531
confounded,mixed,0.8,kvik,loading_q4,6,1194,0.9187428289828019,0.06263359002644246,0.038475603628905154,0.013665170952815333,0.006514084507042254,0.004354206995668908,0.0,0.0,0.3166666666666667,0.047726070210921186,0.18333333333333332,0.04013864859597432,3.198541284664922,0.20668192897087842,220722517.33333334,3906566.403163531
confounded,mixed,0.8,kvik,loading_q5,6,1203,0.9670435114849636,0.11132619261163526,0.035330646369681244,0.0063766161453415035,0.005099027774810363,0.0023817429962008463,0.001661718621144648,0.0010544952671867566,0.3166666666666667,0.047726070210921186,0.18333333333333332,0.04013864859597432,3.198541284664922,0.20668192897087842,220722517.33333334,3906566.403163531
confounded,mixed,0.8,kvik,maf_q1,6,1180,0.981821553002428,0.09766290278246549,0.03650423202025732,0.008744476877135076,0.006574204499464619,0.00268964365199324,0.0007974481658692185,0.0007974481658692185,0.3166666666666667,0.047726070210921186,0.18333333333333332,0.04013864859597432,3.198541284664922,0.20668192897087842,220722517.33333334,3906566.403163531
confounded,mixed,0.8,kvik,maf_q2,6,1233,0.8780569565337907,0.08744006378333194,0.03625717930848816,0.00779487555513765,0.004716126112162603,0.0029421293050680857,0.0007751937984496124,0.0007751937984496124,0.3166666666666667,0.047726070210921186,0.18333333333333332,0.04013864859597432,3.198541284664922,0.20668192897087842,220722517.33333334,3906566.403163531
confounded,mixed,0.8,kvik,maf_q3,6,1179,1.0354062088581577,0.13812546002835885,0.050350385723455994,0.014149903977693853,0.008439218271777826,0.0033983917984808255,0.002556303113104598,0.0017600111941617536,0.3166666666666667,0.047726070210921186,0.18333333333333332,0.04013864859597432,3.198541284664922,0.20668192897087842,220722517.33333334,3906566.403163531
confounded,mixed,0.8,kvik,maf_q4,6,1229,0.8795587179147617,0.08636131963464555,0.03907839011473457,0.010126217898950402,0.006695728340813137,0.0025673964447316747,0.0,0.0,0.3166666666666667,0.047726070210921186,0.18333333333333332,0.04013864859597432,3.198541284664922,0.20668192897087842,220722517.33333334,3906566.403163531
confounded,mixed,0.8,kvik,maf_q5,6,1179,0.90859908214993,0.151895963477381,0.03626030174316266,0.008469253718739328,0.006226993385048097,0.0035310340504167894,0.0,0.0,0.3166666666666667,0.047726070210921186,0.18333333333333332,0.04013864859597432,3.198541284664922,0.20668192897087842,220722517.33333334,3906566.403163531
confounded,mixed,0.8,kvik,ld_q1,6,1139,0.9152324625031248,0.07207375145107225,0.043072840074311704,0.00774276026570711,0.005324142163538183,0.002743400217309279,0.001763668430335097,0.0017636684303350971,0.3166666666666667,0.047726070210921186,0.18333333333333332,0.04013864859597432,3.198541284664922,0.20668192897087842,220722517.33333334,3906566.403163531
confounded,mixed,0.8,kvik,ld_q2,6,1142,0.9491061559435985,0.088515073249041,0.030555618881862496,0.009675135451064736,0.005001501351216095,0.0031625153921003408,0.0,0.0,0.3166666666666667,0.047726070210921186,0.18333333333333332,0.04013864859597432,3.198541284664922,0.20668192897087842,220722517.33333334,3906566.403163531
confounded,mixed,0.8,kvik,ld_q3,6,1252,0.9278208858337105,0.08817292730074505,0.04095499292176838,0.006602963709834416,0.003072965550804741,0.002296011939728642,0.0015503875968992248,0.0015503875968992248,0.3166666666666667,0.047726070210921186,0.18333333333333332,0.04013864859597432,3.198541284664922,0.20668192897087842,220722517.33333334,3906566.403163531
confounded,mixed,0.8,kvik,ld_q4,6,1237,0.842225890371707,0.10538739542856336,0.049097816060119405,0.00882124369721642,0.009713548605012848,0.002571267307166106,0.0,0.0,0.3166666666666667,0.047726070210921186,0.18333333333333332,0.04013864859597432,3.198541284664922,0.20668192897087842,220722517.33333334,3906566.403163531
confounded,mixed,0.8,kvik,ld_q5,6,1230,0.988842018866757,0.13119869295342418,0.0353483841330813,0.016579919750158562,0.009367769895546255,0.005381203545349479,0.0008680555555555555,0.0008680555555555556,0.3166666666666667,0.047726070210921186,0.18333333333333332,0.04013864859597432,3.198541284664922,0.20668192897087842,220722517.33333334,3906566.403163531
confounded,mixed,0.8,ldak-kvik,all,6,6000,1.9571916440394634,0.8609098453599305,0.122,0.06184927916583454,0.06266666666666666,0.04770860625831686,0.03316666666666667,0.03216666666666667,0.39999999999999997,0.03651483716701108,0.26666666666666666,0.03333333333333333,1.4948979168354224,0.1376000082265035,41934848.0,289638.66096270137
confounded,mixed,0.8,ldak-kvik,loading_q1,6,1179,1.4352681796328959,0.25043813835668943,0.08663426581733014,0.022998204933139303,0.027559471847861356,0.011327324321585484,0.004370716355735082,0.0016543037905220965,0.39999999999999997,0.03651483716701108,0.26666666666666666,0.03333333333333333,1.4948979168354224,0.1376000082265035,41934848.0,289638.66096270137
confounded,mixed,0.8,ldak-kvik,loading_q2,6,1261,1.4673553542480138,0.39684683835754914,0.08942261039455257,0.038550653364879735,0.03161730013075203,0.02204223597245633,0.007541478129713424,0.007541478129713424,0.39999999999999997,0.03651483716701108,0.26666666666666666,0.03333333333333333,1.4948979168354224,0.1376000082265035,41934848.0,289638.66096270137
confounded,mixed,0.8,ldak-kvik,loading_q3,6,1163,2.0744695262215362,1.0600053402690077,0.12427076411636484,0.06430911797343583,0.056940227862598995,0.04576043028017028,0.025577982389127896,0.023479822369336312,0.39999999999999997,0.03651483716701108,0.26666666666666666,0.03333333333333333,1.4948979168354224,0.1376000082265035,41934848.0,289638.66096270137
confounded,mixed,0.8,ldak-kvik,loading_q4,6,1194,2.419209179460779,1.2744111178977995,0.14019064306631282,0.07476108460049845,0.08112334295694072,0.06306500085343901,0.04483925549915397,0.04483925549915398,0.39999999999999997,0.03651483716701108,0.26666666666666666,0.03333333333333333,1.4948979168354224,0.1376000082265035,41934848.0,289638.66096270137
confounded,mixed,0.8,ldak-kvik,loading_q5,6,1203,4.596656758860251,3.485533953317681,0.16598077401475028,0.10729455944832755,0.11298575434548742,0.09371475969996618,0.07984496124031008,0.07984496124031008,0.39999999999999997,0.03651483716701108,0.26666666666666666,0.03333333333333333,1.4948979168354224,0.1376000082265035,41934848.0,289638.66096270137
confounded,mixed,0.8,ldak-kvik,maf_q1,6,1180,1.9660254349751203,0.7673381232397877,0.11390042201678596,0.05350481979413042,0.054750262835333546,0.04067924433787665,0.03058113305609737,0.028555654682218535,0.39999999999999997,0.03651483716701108,0.26666666666666666,0.03333333333333333,1.4948979168354224,0.1376000082265035,41934848.0,289638.66096270137
confounded,mixed,0.8,ldak-kvik,maf_q2,6,1233,1.6980482670128758,0.6466257295419193,0.11764891180861943,0.05994192256923576,0.055262324039957116,0.04283721873786659,0.02622673434856176,0.026226734348561757,0.39999999999999997,0.03651483716701108,0.26666666666666666,0.03333333333333333,1.4948979168354224,0.1376000082265035,41934848.0,289638.66096270137
confounded,mixed,0.8,ldak-kvik,maf_q3,6,1179,2.1476586315413186,0.9760972946016413,0.14099371677853195,0.06637296744845207,0.0671300846465286,0.05497671191919284,0.040544679547716886,0.038536459880883514,0.39999999999999997,0.03651483716701108,0.26666666666666666,0.03333333333333333,1.4948979168354224,0.1376000082265035,41934848.0,289638.66096270137
confounded,mixed,0.8,ldak-kvik,maf_q4,6,1229,1.9903033312593008,0.9021510577308415,0.12365668414242274,0.06312455286055656,0.06480893851883059,0.044547201919321024,0.03154561862086134,0.030594155160758505,0.39999999999999997,0.03651483716701108,0.26666666666666666,0.03333333333333333,1.4948979168354224,0.1376000082265035,41934848.0,289638.66096270137
confounded,mixed,0.8,ldak-kvik,maf_q5,6,1179,2.0215993398726253,0.918657599530565,0.11452859906272751,0.06731963361468492,0.07136054708445831,0.05605538740067286,0.03712871287128713,0.03712871287128713,0.39999999999999997,0.03651483716701108,0.26666666666666666,0.03333333333333333,1.4948979168354224,0.1376000082265035,41934848.0,289638.66096270137
confounded,mixed,0.8,ldak-kvik,ld_q1,6,1139,2.0386174329642914,0.9472390046610127,0.13622244090376517,0.06332093745073578,0.07515477924693069,0.054330819825817445,0.03905688077010237,0.03800850149857766,0.39999999999999997,0.03651483716701108,0.26666666666666666,0.03333333333333333,1.4948979168354224,0.1376000082265035,41934848.0,289638.66096270137
confounded,mixed,0.8,ldak-kvik,ld_q2,6,1142,1.85105933391176,0.764497238983202,0.10331910911682707,0.06283114254455749,0.06725905061907465,0.05259288407980309,0.039597845267948364,0.038576102210348705,0.39999999999999997,0.03651483716701108,0.26666666666666666,0.03333333333333333,1.4948979168354224,0.1376000082265035,41934848.0,289638.66096270137
confounded,mixed,0.8,ldak-kvik,ld_q3,6,1252,2.0197132531823554,0.9119440618315018,0.12143692185915665,0.0660962033158089,0.06315557098933873,0.05250560148272626,0.03178294573643411,0.031782945736434115,0.39999999999999997,0.03651483716701108,0.26666666666666666,0.03333333333333333,1.4948979168354224,0.1376000082265035,41934848.0,289638.66096270137
confounded,mixed,0.8,ldak-kvik,ld_q4,6,1237,2.1065890244918877,1.1938843454800068,0.1456948568564971,0.06913235878522171,0.07187566111302146,0.053695761000204435,0.03880108376608715,0.03787846696505359,0.39999999999999997,0.03651483716701108,0.26666666666666666,0.03333333333333333,1.4948979168354224,0.1376000082265035,41934848.0,289638.66096270137
confounded,mixed,0.8,ldak-kvik,ld_q5,6,1230,1.8635786615757155,0.6021330690037965,0.10475904962752906,0.04954073055630863,0.03885915825759032,0.02797720056852138,0.01873845260335192,0.016747959754698522,0.39999999999999997,0.03651483716701108,0.26666666666666666,0.03333333333333333,1.4948979168354224,0.1376000082265035,41934848.0,289638.66096270137
confounded,null,0.8,bolt-inf,all,6,36000,1.1138178713483606,0.008314006305611724,0.05941666666666667,0.0020297555043421876,0.012527777777777778,0.0007869498862423135,0.0011944444444444444,0.00021695137988629598,nan,nan,nan,nan,1.573487576339782,0.055290694653011584,205570048.0,3854102.8270950257
confounded,null,0.8,bolt-inf,loading_q1,6,7200,1.1103607959222412,0.017270307372735653,0.05986111111111111,0.003431989129166356,0.011250000000000001,0.0012683833396478748,0.0011111111111111111,0.0003513641844631533,nan,nan,nan,nan,1.573487576339782,0.055290694653011584,205570048.0,3854102.8270950257
confounded,null,0.8,bolt-inf,loading_q2,6,7200,1.0659992441106054,0.03262813843631194,0.05986111111111111,0.0024665978468878147,0.012222222222222223,0.0015614965913950216,0.0011111111111111111,0.00027777777777777783,nan,nan,nan,nan,1.573487576339782,0.055290694653011584,205570048.0,3854102.8270950257
confounded,null,0.8,bolt-inf,loading_q3,6,7200,1.0959004573359532,0.024948075100450856,0.05472222222222222,0.0054546389816149225,0.011250000000000001,0.001606554860102362,0.0011111111111111111,0.00027777777777777783,nan,nan,nan,nan,1.573487576339782,0.055290694653011584,205570048.0,3854102.8270950257
confounded,null,0.8,bolt-inf,loading_q4,6,7200,1.1285020216696475,0.030334346703894677,0.062222222222222213,0.0031744543615914787,0.015000000000000001,0.0008050764858994133,0.0018055555555555557,0.0005859728641591385,nan,nan,nan,nan,1.573487576339782,0.055290694653011584,205570048.0,3854102.8270950257
confounded,null,0.8,bolt-inf,loading_q5,6,7200,1.1642718560122622,0.01460584692464605,0.06041666666666667,0.0034071683692321825,0.012916666666666667,0.0016631908199914117,0.0008333333333333334,0.00030429030972509234,nan,nan,nan,nan,1.573487576339782,0.055290694653011584,205570048.0,3854102.8270950257
confounded,null,0.8,bolt-inf,maf_q1,6,7171,1.1331059183912027,0.018235266301307493,0.06205089582225869,0.002687243567949666,0.014366612364771714,0.00184283039317714,0.0013954058810858071,0.0004678489384400391,nan,nan,nan,nan,1.573487576339782,0.055290694653011584,205570048.0,3854102.8270950257
confounded,null,0.8,bolt-inf,maf_q2,6,7168,1.1359990930862327,0.022813920764325864,0.05500215375178047,0.004375518037493596,0.010748521413164064,0.0010367143861278684,0.001534543609816805,0.00039877273922427254,nan,nan,nan,nan,1.573487576339782,0.055290694653011584,205570048.0,3854102.8270950257
confounded,null,0.8,bolt-inf,maf_q3,6,7208,1.0883788997668644,0.026103192021077054,0.0589459138127636,0.0019771370419928895,0.012618749930784037,0.001227931548587708,0.001108824898855433,0.00017379468956481354,nan,nan,nan,nan,1.573487576339782,0.055290694653011584,205570048.0,3854102.8270950257
confounded,null,0.8,bolt-inf,maf_q4,6,7221,1.122800313617107,0.025301641919635867,0.061920125110392826,0.0038003411341872126,0.013435281027580669,0.0014668373481379325,0.001387781965371944,0.0006712056332180303,nan,nan,nan,nan,1.573487576339782,0.055290694653011584,205570048.0,3854102.8270950257
confounded,null,0.8,bolt-inf,maf_q5,6,7232,1.0913822582482855,0.03244399955782892,0.05919858603589184,0.004199112297550677,0.011483484865821778,0.0015560056900641855,0.0005535949784719446,0.0002768319753870968,nan,nan,nan,nan,1.573487576339782,0.055290694653011584,205570048.0,3854102.8270950257
confounded,null,0.8,bolt-inf,ld_q1,6,7200,1.117074092854505,0.0170691518649768,0.059166666666666666,0.003118047822311618,0.013333333333333336,0.0016666666666666674,0.0008333333333333334,0.000372677996249965,nan,nan,nan,nan,1.573487576339782,0.055290694653011584,205570048.0,3854102.8270950257
confounded,null,0.8,bolt-inf,ld_q2,6,7200,1.1416415188253837,0.0459020130535381,0.06083333333333333,0.0035026445035884705,0.012916666666666667,0.0013735261461195686,0.001388888888888889,0.0003513641844631533,nan,nan,nan,nan,1.573487576339782,0.055290694653011584,205570048.0,3854102.8270950257
confounded,null,0.8,bolt-inf,ld_q3,6,7200,1.127905349695377,0.0221003033738623,0.05833333333333333,0.00241522945769824,0.011250000000000001,0.000705468061066683,0.0006944444444444445,0.00025609845714702473,nan,nan,nan,nan,1.573487576339782,0.055290694653011584,205570048.0,3854102.8270950257
confounded,null,0.8,bolt-inf,ld_q4,6,7200,1.101646286535557,0.025888852429631917,0.060000000000000005,0.0025000000000000014,0.01236111111111111,0.001572575539413129,0.0016666666666666668,0.00043033148291193526,nan,nan,nan,nan,1.573487576339782,0.055290694653011584,205570048.0,3854102.8270950257
confounded,null,0.8,bolt-inf,ld_q5,6,7200,1.0788712708654438,0.02020967324816307,0.05875,0.00233482095435365,0.012777777777777779,0.0007954345035153532,0.001388888888888889,0.00041201102706087025,nan,nan,nan,nan,1.573487576339782,0.055290694653011584,205570048.0,3854102.8270950257
confounded,null,0.8,exact,all,6,36000,1.1152046851786026,0.009998040310289748,0.059611111111111115,0.0016603584322238355,0.01338888888888889,0.000717075680011669,0.0014166666666666668,0.00022669117514559071,nan,nan,nan,nan,1.5861114094926354,0.07450367401851907,238895104.0,7298344.092398678
confounded,null,0.8,exact,loading_q1,6,7200,1.0407799917235767,0.010850828093767362,0.05069444444444445,0.003698201932137319,0.009027777777777777,0.001450042570682021,0.0008333333333333334,0.00021516574145596763,nan,nan,nan,nan,1.5861114094926354,0.07450367401851907,238895104.0,7298344.092398678
confounded,null,0.8,exact,loading_q2,6,7200,1.022732718928941,0.03519356583048055,0.05458333333333334,0.0025707579225388564,0.011111111111111112,0.0013028932666176195,0.0008333333333333334,0.00030429030972509234,nan,nan,nan,nan,1.5861114094926354,0.07450367401851907,238895104.0,7298344.092398678
confounded,null,0.8,exact,loading_q3,6,7200,1.0692729005567474,0.028840043142975714,0.05319444444444444,0.005174799453381363,0.010694444444444446,0.0014971681086902078,0.0011111111111111111,0.00027777777777777783,nan,nan,nan,nan,1.5861114094926354,0.07450367401851907,238895104.0,7298344.092398678
confounded,null,0.8,exact,loading_q4,6,7200,1.1476871191028684,0.036122042883928875,0.06513888888888889,0.0036350700911951125,0.015972222222222224,0.0010187289344940136,0.0018055555555555557,0.0005859728641591385,nan,nan,nan,nan,1.5861114094926354,0.07450367401851907,238895104.0,7298344.092398678
confounded,null,0.8,exact,loading_q5,6,7200,1.3015295807664167,0.01808444155233257,0.07444444444444444,0.0022635054208292615,0.02013888888888889,0.001953352610194352,0.0025,0.000372677996249965,nan,nan,nan,nan,1.5861114094926354,0.07450367401851907,238895104.0,7298344.092398678
confounded,null,0.8,exact,maf_q1,6,7171,1.1089963331641999,0.02019808681968472,0.06149172890761668,0.0027013528173862843,0.014226907953335999,0.0021959186658573947,0.0016748137331724896,0.0005732339885841113,nan,nan,nan,nan,1.5861114094926354,0.07450367401851907,238895104.0,7298344.092398678
confounded,null,0.8,exact,maf_q2,6,7168,1.134419090556199,0.026745281422987332,0.055704693475111776,0.004741032112828238,0.012149777364145652,0.0016166581957778115,0.0012552506060655973,0.0002852839749550282,nan,nan,nan,nan,1.5861114094926354,0.07450367401851907,238895104.0,7298344.092398678
confounded,null,0.8,exact,maf_q3,6,7208,1.0975596811076949,0.02753592716128664,0.059784913512053665,0.0011581461809750924,0.013312265926175766,0.0007808801331144167,0.0015256177981243233,0.00013807966401634952,nan,nan,nan,nan,1.5861114094926354,0.07450367401851907,238895104.0,7298344.092398678
confounded,null,0.8,exact,maf_q4,6,7221,1.1329602213025105,0.0239982485269245,0.06219405490025146,0.003438016992834754,0.014545477398637173,0.0014279346378384518,0.0013874367592493686,0.000767028387751212,nan,nan,nan,nan,1.5861114094926354,0.07450367401851907,238895104.0,7298344.092398678
confounded,null,0.8,exact,maf_q5,6,7232,1.0957975177383117,0.033040326833023236,0.05891808431252984,0.0036189779021901804,0.012729348186217534,0.0017026988085869477,0.0012443641681921746,0.0004675683696525458,nan,nan,nan,nan,1.5861114094926354,0.07450367401851907,238895104.0,7298344.092398678
confounded,null,0.8,exact,ld_q1,6,7200,1.1387915589002346,0.018797257056093607,0.06374999999999999,0.002460333461289493,0.014722222222222225,0.0017435949807194685,0.0009722222222222223,0.0005007710104811098,nan,nan,nan,nan,1.5861114094926354,0.07450367401851907,238895104.0,7298344.092398678
confounded,null,0.8,exact,ld_q2,6,7200,1.1476547469733784,0.03507035956048429,0.0626388888888889,0.002699594162457629,0.014722222222222225,0.001388888888888889,0.0022222222222222222,0.0005121969142940494,nan,nan,nan,nan,1.5861114094926354,0.07450367401851907,238895104.0,7298344.092398678
confounded,null,0.8,exact,ld_q3,6,7200,1.1315418277478098,0.025903261567733392,0.05722222222222222,0.0022222222222222227,0.012499999999999999,0.00074535599249993,0.0009722222222222223,0.000334488738299786,nan,nan,nan,nan,1.5861114094926354,0.07450367401851907,238895104.0,7298344.092398678
confounded,null,0.8,exact,ld_q4,6,7200,1.0950230665669916,0.02746005724236949,0.05958333333333334,0.002516151529323804,0.011944444444444445,0.001210805262094632,0.0016666666666666668,0.000372677996249965,nan,nan,nan,nan,1.5861114094926354,0.07450367401851907,238895104.0,7298344.092398678
confounded,null,0.8,exact,ld_q5,6,7200,1.0565445950352503,0.022394664290105237,0.05486111111111111,0.0023015359873863736,0.013055555555555556,0.0005957669608202003,0.00125,0.0004689428615592815,nan,nan,nan,nan,1.5861114094926354,0.07450367401851907,238895104.0,7298344.092398678
confounded,null,0.8,kvik,all,6,36000,0.9516203230230172,0.009549983094270655,0.04091666666666667,0.0011285438011486802,0.006611111111111112,0.0005175917643934273,0.00038888888888888887,0.00013379549531991443,nan,nan,nan,nan,2.0792918403361305,0.10241315159570642,217287338.66666666,7072774.264611225
confounded,null,0.8,kvik,loading_q1,6,7200,0.8738551708641258,0.03774747056436114,0.03416666666666667,0.004383259399460973,0.00513888888888889,0.0014013331395143823,0.0002777777777777778,0.00017568209223157668,nan,nan,nan,nan,2.0792918403361305,0.10241315159570642,217287338.66666666,7072774.264611225
confounded,null,0.8,kvik,loading_q2,6,7200,0.88491476006963,0.034436144959114325,0.034999999999999996,0.0030731814857642955,0.006388888888888888,0.001388888888888889,0.0002777777777777778,0.00017568209223157668,nan,nan,nan,nan,2.0792918403361305,0.10241315159570642,217287338.66666666,7072774.264611225
confounded,null,0.8,kvik,loading_q3,6,7200,0.8996714045361255,0.0244362809326565,0.03652777777777778,0.0037479418220183955,0.0043055555555555555,0.0006602702402224841,0.0005555555555555556,0.00027777777777777783,nan,nan,nan,nan,2.0792918403361305,0.10241315159570642,217287338.66666666,7072774.264611225
confounded,null,0.8,kvik,loading_q4,6,7200,0.9753176905465709,0.03277601903401419,0.04541666666666667,0.0026766306902245318,0.009027777777777779,0.0009957471293852735,0.0004166666666666667,0.00018633899812498252,nan,nan,nan,nan,2.0792918403361305,0.10241315159570642,217287338.66666666,7072774.264611225
confounded,null,0.8,kvik,loading_q5,6,7200,1.1637350487048683,0.07286394952983132,0.05347222222222222,0.0026035647452514127,0.008194444444444443,0.0009722222222222224,0.0004166666666666667,0.00018633899812498252,nan,nan,nan,nan,2.0792918403361305,0.10241315159570642,217287338.66666666,7072774.264611225
confounded,null,0.8,kvik,maf_q1,6,7171,0.9487585822115845,0.022808382069325363,0.041277977312807045,0.0016299644177559256,0.007672387468529066,0.0012144632640012714,0.0005585822813924219,0.00027950206687785996,nan,nan,nan,nan,2.0792918403361305,0.10241315159570642,217287338.66666666,7072774.264611225
confounded,null,0.8,kvik,maf_q2,6,7168,0.9569760477554432,0.026601869841125402,0.03642556936760468,0.002269155998635125,0.005583233182985998,0.00047352070233057207,0.0001392369813422445,0.00013923698134224452,nan,nan,nan,nan,2.0792918403361305,0.10241315159570642,217287338.66666666,7072774.264611225
confounded,null,0.8,kvik,maf_q3,6,7208,0.9255039203741742,0.022198707671523748,0.041892346796037656,0.0015119117487967073,0.00624067601072361,0.0005540958007615387,0.000278473962684489,0.0001761223982271445,nan,nan,nan,nan,2.0792918403361305,0.10241315159570642,217287338.66666666,7072774.264611225
confounded,null,0.8,kvik,maf_q4,6,7221,0.9732479411451308,0.023720528046149297,0.04349830979383008,0.0034814129488188214,0.007345839236888994,0.0007658164611563121,0.0006924015445176312,0.00033433497082319445,nan,nan,nan,nan,2.0792918403361305,0.10241315159570642,217287338.66666666,7072774.264611225
confounded,null,0.8,kvik,maf_q5,6,7232,0.9471243103766783,0.02175730117177253,0.04149915544189957,0.003326075806361308,0.006223652310791028,0.0013354859610348539,0.00027674005045422585,0.0001750257984648999,nan,nan,nan,nan,2.0792918403361305,0.10241315159570642,217287338.66666666,7072774.264611225
confounded,null,0.8,kvik,ld_q1,6,7200,0.9724457122127866,0.01782321737080561,0.044444444444444446,0.002718818734053812,0.006805555555555555,0.0009957471293852735,0.0004166666666666667,0.0002846375212766556,nan,nan,nan,nan,2.0792918403361305,0.10241315159570642,217287338.66666666,7072774.264611225
confounded,null,0.8,kvik,ld_q2,6,7200,0.9862713198282252,0.024837250084612083,0.043888888888888894,0.0015163715626617983,0.007222222222222223,0.0007349309197401641,0.0004166666666666667,0.00018633899812498252,nan,nan,nan,nan,2.0792918403361305,0.10241315159570642,217287338.66666666,7072774.264611225
confounded,null,0.8,kvik,ld_q3,6,7200,0.9609026178933936,0.01614719641553136,0.03972222222222222,0.0020712613202563605,0.006111111111111111,0.00041201102706087025,0.0004166666666666667,0.00028463752127665554,nan,nan,nan,nan,2.0792918403361305,0.10241315159570642,217287338.66666666,7072774.264611225
confounded,null,0.8,kvik,ld_q4,6,7200,0.9369368171508907,0.024185580925326956,0.03958333333333334,0.0015023130314433294,0.0062499999999999995,0.000515949322805742,0.0006944444444444445,0.00025609845714702473,nan,nan,nan,nan,2.0792918403361305,0.10241315159570642,217287338.66666666,7072774.264611225
confounded,null,0.8,kvik,ld_q5,6,7200,0.8925643725620794,0.028638587087538116,0.03694444444444444,0.0022532555322970277,0.006666666666666667,0.0008333333333333333,0.0,0.0,nan,nan,nan,nan,2.0792918403361305,0.10241315159570642,217287338.66666666,7072774.264611225
confounded,null,0.8,ldak-kvik,all,6,36000,3.4548655553289573,0.7297620287884597,0.26525000000000004,0.06181883253148312,0.15833333333333335,0.0451144634769695,0.08166666666666668,0.025708911842941707,nan,nan,nan,nan,1.2916321874945424,0.14058760829961503,42429098.666666664,487859.4118742726
confounded,null,0.8,ldak-kvik,loading_q1,6,7200,1.2748119516616334,0.12163046275586366,0.07819444444444446,0.014274778111181163,0.020416666666666663,0.005973514072166431,0.0044444444444444444,0.002060055135304351,nan,nan,nan,nan,1.2916321874945424,0.14058760829961503,42429098.666666664,487859.4118742726
confounded,null,0.8,ldak-kvik,loading_q2,6,7200,2.2967543787028375,0.40344186559154965,0.1608333333333333,0.034649033977234574,0.059305555555555556,0.0165878925428261,0.013194444444444446,0.005457820869355765,nan,nan,nan,nan,1.2916321874945424,0.14058760829961503,42429098.666666664,487859.4118742726
confounded,null,0.8,ldak-kvik,loading_q3,6,7200,3.560935349495662,0.8311208263416024,0.25000000000000006,0.057760280470233176,0.11888888888888889,0.03402862810728927,0.033749999999999995,0.010311693290557014,nan,nan,nan,nan,1.2916321874945424,0.14058760829961503,42429098.666666664,487859.4118742726
confounded,null,0.8,ldak-kvik,loading_q4,6,7200,6.116221183203337,1.6385992882676839,0.36027777777777786,0.09169763786556043,0.22472222222222224,0.0670280713259677,0.10263888888888889,0.033146292364770825,nan,nan,nan,nan,1.2916321874945424,0.14058760829961503,42429098.666666664,487859.4118742726
confounded,null,0.8,ldak-kvik,loading_q5,6,7200,11.767531339325934,3.400857992166208,0.47694444444444445,0.12045528344012968,0.36833333333333335,0.10861352654318959,0.25430555555555556,0.08175715414008991,nan,nan,nan,nan,1.2916321874945424,0.14058760829961503,42429098.666666664,487859.4118742726
confounded,null,0.8,ldak-kvik,maf_q1,6,7171,3.275444148158144,0.6698421182384409,0.25184438886436,0.05802832220744362,0.1428935430980099,0.04130682857932962,0.06753557837186938,0.02152257635812243,nan,nan,nan,nan,1.2916321874945424,0.14058760829961503,42429098.666666664,487859.4118742726
confounded,null,0.8,ldak-kvik,maf_q2,6,7168,3.3679060717987404,0.7346792309462796,0.2625212792259314,0.060619915125269076,0.15621989785837076,0.04484397795882355,0.08236593330365682,0.026124406391716738,nan,nan,nan,nan,1.2916321874945424,0.14058760829961503,42429098.666666664,487859.4118742726
confounded,null,0.8,ldak-kvik,maf_q3,6,7208,3.401253072882637,0.7491932438734499,0.2678183312312035,0.06298662495075875,0.16492206493875747,0.046888221168089626,0.08587529504660607,0.026937026130491468,nan,nan,nan,nan,1.2916321874945424,0.14058760829961503,42429098.666666664,487859.4118742726
confounded,null,0.8,ldak-kvik,maf_q4,6,7221,3.6474944756237595,0.7781833912647015,0.27536728164949514,0.06607082581723508,0.1676776772914088,0.04806435190721864,0.08797328317124663,0.027709468389950323,nan,nan,nan,nan,1.2916321874945424,0.14058760829961503,42429098.666666664,487859.4118742726
confounded,null,0.8,ldak-kvik,maf_q5,6,7232,3.6190722875528745,0.75582354015445,0.26861657734487,0.06197974493254127,0.15982702273057295,0.04465021812294953,0.08448714429297056,0.026732443798556403,nan,nan,nan,nan,1.2916321874945424,0.14058760829961503,42429098.666666664,487859.4118742726
confounded,null,0.8,ldak-kvik,ld_q1,6,7200,4.610545268829202,1.0879801700721994,0.31263888888888886,0.07512317560078036,0.1990277777777778,0.0585256420007926,0.1175,0.03801011074067686,nan,nan,nan,nan,1.2916321874945424,0.14058760829961503,42429098.666666664,487859.4118742726
confounded,null,0.8,ldak-kvik,ld_q2,6,7200,3.961617679291013,0.8598810841513059,0.28527777777777774,0.06635122129924388,0.17708333333333334,0.050397379230802605,0.09444444444444444,0.029677796497352558,nan,nan,nan,nan,1.2916321874945424,0.14058760829961503,42429098.666666664,487859.4118742726
confounded,null,0.8,ldak-kvik,ld_q3,6,7200,3.557560222754249,0.7516063113867725,0.26625000000000004,0.06245618834801691,0.1602777777777778,0.04538297255062591,0.07958333333333334,0.025423041095009043,nan,nan,nan,nan,1.2916321874945424,0.14058760829961503,42429098.666666664,487859.4118742726
confounded,null,0.8,ldak-kvik,ld_q4,6,7200,2.99590303139647,0.6069733646405459,0.24166666666666667,0.05567556482442292,0.14041666666666666,0.039528324350090106,0.06625,0.020604015699930023,nan,nan,nan,nan,1.2916321874945424,0.14058760829961503,42429098.666666664,487859.4118742726
confounded,null,0.8,ldak-kvik,ld_q5,6,7200,2.6589956268344306,0.5107267455342462,0.2204166666666667,0.049915089939853906,0.1148611111111111,0.03238470765845288,0.050555555555555555,0.01547050159991868,nan,nan,nan,nan,1.2916321874945424,0.14058760829961503,42429098.666666664,487859.4118742726
structured,mixed,0.8,bolt-inf,all,6,6000,1.0247879443524146,0.062248946870601805,0.055833333333333325,0.004400126260814694,0.011999999999999999,0.002129162589689508,0.0011666666666666668,0.00047726070210921194,0.4166666666666667,0.040138648595974324,0.3,0.0447213595499958,1.5736058890082252,0.05099305338740559,215007232.0,8990337.387515496
structured,mixed,0.8,bolt-inf,loading_q1,6,1179,1.1612835197199132,0.07415468130749411,0.06336425786450976,0.005380324612341991,0.0170945805233054,0.00433126152484185,0.0026999980183500783,0.0018239214499656212,0.4166666666666667,0.040138648595974324,0.3,0.0447213595499958,1.5736058890082252,0.05099305338740559,215007232.0,8990337.387515496
structured,mixed,0.8,bolt-inf,loading_q2,6,1261,1.0650773295365856,0.1303256204108413,0.057452623147126125,0.010238742857985886,0.011298528780710346,0.004288282112786031,0.0008333333333333334,0.0008333333333333335,0.4166666666666667,0.040138648595974324,0.3,0.0447213595499958,1.5736058890082252,0.05099305338740559,215007232.0,8990337.387515496
structured,mixed,0.8,bolt-inf,loading_q3,6,1163,1.0719147548407106,0.08512961060303183,0.06222888737646554,0.009332269395418114,0.012899747107612913,0.004823340703938323,0.0017287590458322166,0.001096255802001968,0.4166666666666667,0.040138648595974324,0.3,0.0447213595499958,1.5736058890082252,0.05099305338740559,215007232.0,8990337.387515496
structured,mixed,0.8,bolt-inf,loading_q4,6,1194,1.06408294159448,0.1017421497665085,0.04810345106903047,0.007117333974287709,0.00990583401746154,0.0021033253084754623,0.0,0.0,0.4166666666666667,0.040138648595974324,0.3,0.0447213595499958,1.5736058890082252,0.05099305338740559,215007232.0,8990337.387515496
structured,mixed,0.8,bolt-inf,loading_q5,6,1203,0.8094951029169867,0.05209111973794478,0.048713251846472905,0.007982549482751677,0.009145403163467805,0.0023930508011931733,0.0008865248226950354,0.0008865248226950354,0.4166666666666667,0.040138648595974324,0.3,0.0447213595499958,1.5736058890082252,0.05099305338740559,215007232.0,8990337.387515496
structured,mixed,0.8,bolt-inf,maf_q1,6,1180,0.9950509558127401,0.09988004419332341,0.05109933974737226,0.008683887488733576,0.011622235869244655,0.003775968108273249,0.0017032452673184939,0.0010804913101741904,0.4166666666666667,0.040138648595974324,0.3,0.0447213595499958,1.5736058890082252,0.05099305338740559,215007232.0,8990337.387515496
structured,mixed,0.8,bolt-inf,maf_q2,6,1233,0.9648661907575894,0.0620103796922107,0.05672519658785733,0.004103109624869286,0.013625867901186679,0.0030707672027625098,0.0015613573204621908,0.0009875256319536107,0.4166666666666667,0.040138648595974324,0.3,0.0447213595499958,1.5736058890082252,0.05099305338740559,215007232.0,8990337.387515496
structured,mixed,0.8,bolt-inf,maf_q3,6,1179,1.2217166982878458,0.13728532976170027,0.0669983510760337,0.007271517059248022,0.015230573750151107,0.0036479865714757784,0.0016927452547280866,0.001070917081831113,0.4166666666666667,0.040138648595974324,0.3,0.0447213595499958,1.5736058890082252,0.05099305338740559,215007232.0,8990337.387515496
structured,mixed,0.8,bolt-inf,maf_q4,6,1229,0.9236149193649341,0.0646306536110325,0.05263968901437388,0.010655782053648694,0.010694693101175113,0.003880492715780368,0.0008012820512820514,0.0008012820512820514,0.4166666666666667,0.040138648595974324,0.3,0.0447213595499958,1.5736058890082252,0.05099305338740559,215007232.0,8990337.387515496
structured,mixed,0.8,bolt-inf,maf_q5,6,1179,1.0748109762419968,0.1221016390516325,0.052208451142391345,0.008934135136755346,0.008775682587872638,0.004117339241907441,0.0,0.0,0.4166666666666667,0.040138648595974324,0.3,0.0447213595499958,1.5736058890082252,0.05099305338740559,215007232.0,8990337.387515496
structured,mixed,0.8,bolt-inf,ld_q1,6,1139,0.9431597916729362,0.0769217739561803,0.058781389572666674,0.004509340305441464,0.01051001225166349,0.0019313933024227398,0.001763668430335097,0.0017636684303350971,0.4166666666666667,0.040138648595974324,0.3,0.0447213595499958,1.5736058890082252,0.05099305338740559,215007232.0,8990337.387515496
structured,mixed,0.8,bolt-inf,ld_q2,6,1142,1.072655207211495,0.1169065200892671,0.04920936411327764,0.01004188812811616,0.010192554251207039,0.0036083369007391558,0.000859106529209622,0.0008591065292096223,0.4166666666666667,0.040138648595974324,0.3,0.0447213595499958,1.5736058890082252,0.05099305338740559,215007232.0,8990337.387515496
structured,mixed,0.8,bolt-inf,ld_q3,6,1252,0.9494360852398614,0.05960632246891043,0.05682094571314619,0.0045107933394634816,0.014288976041543543,0.002589343834847034,0.0007751937984496124,0.0007751937984496124,0.4166666666666667,0.040138648595974324,0.3,0.0447213595499958,1.5736058890082252,0.05099305338740559,215007232.0,8990337.387515496
structured,mixed,0.8,bolt-inf,ld_q4,6,1237,1.0032354577590603,0.09810390975512634,0.06245931759926552,0.007286927608985182,0.012397825856854035,0.0029849747013364564,0.0016248398880402293,0.0010289567399440747,0.4166666666666667,0.040138648595974324,0.3,0.0447213595499958,1.5736058890082252,0.05099305338740559,215007232.0,8990337.387515496
structured,mixed,0.8,bolt-inf,ld_q5,6,1230,1.1600462425194673,0.07570704577383439,0.05215723337693293,0.012611904774465143,0.012493178391420943,0.004039863308243016,0.0008680555555555555,0.0008680555555555556,0.4166666666666667,0.040138648595974324,0.3,0.0447213595499958,1.5736058890082252,0.05099305338740559,215007232.0,8990337.387515496
structured,mixed,0.8,exact,all,6,6000,0.9876124768032808,0.05801212483499439,0.049666666666666665,0.003105550586360564,0.01,0.002,0.0008333333333333334,0.00047726070210921183,0.4166666666666667,0.03073181485764296,0.2833333333333333,0.03073181485764296,1.4912055345096935,0.06026461264368691,236219050.66666666,5806118.616089494
structured,mixed,0.8,exact,loading_q1,6,1179,1.033216168571262,0.06348023141573109,0.04995905656897311,0.0025990160086278814,0.011977459328525888,0.004296383464908837,0.0009363295880149813,0.0009363295880149815,0.4166666666666667,0.03073181485764296,0.2833333333333333,0.03073181485764296,1.4912055345096935,0.06026461264368691,236219050.66666666,5806118.616089494
structured,mixed,0.8,exact,loading_q2,6,1261,1.0009069208488441,0.12709017828129723,0.04474676008474307,0.007968132684585714,0.008123678646934461,0.0032999557651800467,0.0008333333333333334,0.0008333333333333335,0.4166666666666667,0.03073181485764296,0.2833333333333333,0.03073181485764296,1.4912055345096935,0.06026461264368691,236219050.66666666,5806118.616089494
structured,mixed,0.8,exact,loading_q3,6,1163,1.0372571999062778,0.09008981040874948,0.05528664518296734,0.00932363067644904,0.01020468741773457,0.004577959097108397,0.0017287590458322166,0.001096255802001968,0.4166666666666667,0.03073181485764296,0.2833333333333333,0.03073181485764296,1.4912055345096935,0.06026461264368691,236219050.66666666,5806118.616089494
structured,mixed,0.8,exact,loading_q4,6,1194,1.046027129018089,0.10344847593283,0.04650398499151964,0.0065315376696954836,0.00990583401746154,0.0021033253084754623,0.0,0.0,0.4166666666666667,0.03073181485764296,0.2833333333333333,0.03073181485764296,1.4912055345096935,0.06026461264368691,236219050.66666666,5806118.616089494
structured,mixed,0.8,exact,loading_q5,6,1203,0.8911269642378166,0.05831297163104346,0.0527721906805296,0.006056642474228798,0.00997459055981938,0.0022430039750573317,0.0008865248226950354,0.0008865248226950354,0.4166666666666667,0.03073181485764296,0.2833333333333333,0.03073181485764296,1.4912055345096935,0.06026461264368691,236219050.66666666,5806118.616089494
structured,mixed,0.8,exact,maf_q1,6,1180,0.9678256690414765,0.09724683256367651,0.04603176307940915,0.00814395728750557,0.008304548972004654,0.002293333768321568,0.0007974481658692185,0.0007974481658692185,0.4166666666666667,0.03073181485764296,0.2833333333333333,0.03073181485764296,1.4912055345096935,0.06026461264368691,236219050.66666666,5806118.616089494
structured,mixed,0.8,exact,maf_q2,6,1233,0.9529807437538581,0.05168322104128565,0.05437524757144304,0.003861523178785254,0.012824585849904625,0.0031330733197811296,0.0007751937984496124,0.0007751937984496124,0.4166666666666667,0.03073181485764296,0.2833333333333333,0.03073181485764296,1.4912055345096935,0.06026461264368691,236219050.66666666,5806118.616089494
structured,mixed,0.8,exact,maf_q3,6,1179,1.1863769728431846,0.13790304373808324,0.0551958076313179,0.006388420196919267,0.010130588187063005,0.0034022297773777196,0.0016927452547280866,0.001070917081831113,0.4166666666666667,0.03073181485764296,0.2833333333333333,0.03073181485764296,1.4912055345096935,0.06026461264368691,236219050.66666666,5806118.616089494
structured,mixed,0.8,exact,maf_q4,6,1229,0.9167342296397537,0.06775869163743199,0.04916848005111027,0.007723863599469856,0.009091980818851179,0.0038994404893456635,0.0008012820512820514,0.0008012820512820514,0.4166666666666667,0.03073181485764296,0.2833333333333333,0.03073181485764296,1.4912055345096935,0.06026461264368691,236219050.66666666,5806118.616089494
structured,mixed,0.8,exact,maf_q5,6,1179,1.0340928803635432,0.11509535307180674,0.043419510290342966,0.006530448090971421,0.00961320352589609,0.0038358827653438743,0.0,0.0,0.4166666666666667,0.03073181485764296,0.2833333333333333,0.03073181485764296,1.4912055345096935,0.06026461264368691,236219050.66666666,5806118.616089494
structured,mixed,0.8,exact,ld_q1,6,1139,0.9670214889999378,0.08866216858259555,0.053557314727142424,0.003930019935946065,0.008697079340034117,0.002233470516481605,0.001763668430335097,0.0017636684303350971,0.4166666666666667,0.03073181485764296,0.2833333333333333,0.03073181485764296,1.4912055345096935,0.06026461264368691,236219050.66666666,5806118.616089494
structured,mixed,0.8,exact,ld_q2,6,1142,1.037140701368186,0.10027545885766292,0.043456766792518975,0.008405389535420133,0.009359220917873704,0.0032319330207709,0.0,0.0,0.4166666666666667,0.03073181485764296,0.2833333333333333,0.03073181485764296,1.4912055345096935,0.06026461264368691,236219050.66666666,5806118.616089494
structured,mixed,0.8,exact,ld_q3,6,1252,0.9216433606505587,0.05496471445551593,0.05092642895266251,0.0038994699655132184,0.010330639947709941,0.002795509870400283,0.0007751937984496124,0.0007751937984496124,0.4166666666666667,0.03073181485764296,0.2833333333333333,0.03073181485764296,1.4912055345096935,0.06026461264368691,236219050.66666666,5806118.616089494
structured,mixed,0.8,exact,ld_q4,6,1237,0.9442614761562016,0.09048903115432426,0.05698915012160936,0.006969725130496583,0.010745439075948283,0.0030616598809591698,0.000778816199376947,0.000778816199376947,0.4166666666666667,0.03073181485764296,0.2833333333333333,0.03073181485764296,1.4912055345096935,0.06026461264368691,236219050.66666666,5806118.616089494
structured,mixed,0.8,exact,ld_q5,6,1230,1.1054405560694283,0.07330611295424096,0.04369525706317288,0.009198852734771687,0.010928095177489496,0.004380306122781914,0.0008680555555555555,0.0008680555555555556,0.4166666666666667,0.03073181485764296,0.2833333333333333,0.03073181485764296,1.4912055345096935,0.06026461264368691,236219050.66666666,5806118.616089494
structured,mixed,0.8,kvik,all,6,6000,1.0604967277670216,0.06043178449918207,0.05616666666666666,0.004989433278884932,0.011999999999999999,0.0013165611772087671,0.0013333333333333333,0.0009545214042184239,0.48333333333333334,0.030731814857642953,0.3,0.02581988897471612,2.5484877850103658,0.12678162110774976,223543296.0,5946779.637161434
structured,mixed,0.8,kvik,loading_q1,6,1179,1.1270429668682471,0.07204294777452676,0.06342844802701454,0.003264280072456957,0.015042132173161278,0.003196083676536022,0.0018181638031825296,0.0011506822730355819,0.48333333333333334,0.030731814857642953,0.3,0.02581988897471612,2.5484877850103658,0.12678162110774976,223543296.0,5946779.637161434
structured,mixed,0.8,kvik,loading_q2,6,1261,1.0877003438753767,0.14292285981935596,0.053236444126306966,0.007273605988443159,0.011944139738257385,0.003993160122262785,0.0007716049382716049,0.0007716049382716051,0.48333333333333334,0.030731814857642953,0.3,0.02581988897471612,2.5484877850103658,0.12678162110774976,223543296.0,5946779.637161434
structured,mixed,0.8,kvik,loading_q3,6,1163,1.0988004630482204,0.06570314882175587,0.06575545606975249,0.011160999934580028,0.01310128603754398,0.004659682166865921,0.002541767175913517,0.001699093365976073,0.48333333333333334,0.030731814857642953,0.3,0.02581988897471612,2.5484877850103658,0.12678162110774976,223543296.0,5946779.637161434
structured,mixed,0.8,kvik,loading_q4,6,1194,1.0854302600487278,0.06151875424948056,0.051961645936383895,0.009074859610649784,0.00975874248381989,0.004605931985144549,0.000782472613458529,0.000782472613458529,0.48333333333333334,0.030731814857642953,0.3,0.02581988897471612,2.5484877850103658,0.12678162110774976,223543296.0,5946779.637161434
structured,mixed,0.8,kvik,loading_q5,6,1203,0.8850896602948074,0.06849546400172384,0.047191779931491686,0.009619444437363152,0.010038606715989612,0.0014221927061140265,0.0008865248226950354,0.0008865248226950354,0.48333333333333334,0.030731814857642953,0.3,0.02581988897471612,2.5484877850103658,0.12678162110774976,223543296.0,5946779.637161434
structured,mixed,0.8,kvik,maf_q1,6,1180,1.0261357686340504,0.056199473972640704,0.051209325751421064,0.007733407760642196,0.012583301655457143,0.002408581292042107,0.0025006934331877123,0.0016692218870558609,0.48333333333333334,0.030731814857642953,0.3,0.02581988897471612,2.5484877850103658,0.12678162110774976,223543296.0,5946779.637161434
structured,mixed,0.8,kvik,maf_q2,6,1233,0.9677855742426725,0.0767615873565982,0.05416948522691314,0.004462038834779588,0.011299329288005375,0.0029488875370640008,0.0007751937984496124,0.0007751937984496124,0.48333333333333334,0.030731814857642953,0.3,0.02581988897471612,2.5484877850103658,0.12678162110774976,223543296.0,5946779.637161434
structured,mixed,0.8,kvik,maf_q3,6,1179,1.2086433515521966,0.15583258793100452,0.07279820507979495,0.006980277569453751,0.011921993498699006,0.003186107237394429,0.002521932651079662,0.0017097070199563775,0.48333333333333334,0.030731814857642953,0.3,0.02581988897471612,2.5484877850103658,0.12678162110774976,223543296.0,5946779.637161434
structured,mixed,0.8,kvik,maf_q4,6,1229,1.046205728102408,0.09328526351365216,0.05086523047202371,0.007697049882178204,0.011390690461183928,0.0036458298634334404,0.00089126559714795,0.00089126559714795,0.48333333333333334,0.030731814857642953,0.3,0.02581988897471612,2.5484877850103658,0.12678162110774976,223543296.0,5946779.637161434
structured,mixed,0.8,kvik,maf_q5,6,1179,1.064039346656967,0.13833716308394817,0.052392003760560156,0.009309250896971814,0.012910039030291254,0.0026995905872991745,0.0,0.0,0.48333333333333334,0.030731814857642953,0.3,0.02581988897471612,2.5484877850103658,0.12678162110774976,223543296.0,5946779.637161434
structured,mixed,0.8,kvik,ld_q1,6,1139,0.9387111852917552,0.07007544802950193,0.050946951284693204,0.004998418690904089,0.009604422379018025,0.0015794556319357193,0.001763668430335097,0.0017636684303350971,0.48333333333333334,0.030731814857642953,0.3,0.02581988897471612,2.5484877850103658,0.12678162110774976,223543296.0,5946779.637161434
structured,mixed,0.8,kvik,ld_q2,6,1142,1.1019297204137557,0.08550384644165053,0.05012250885712,0.007456772918440217,0.010366811245852382,0.0017181471642887987,0.0016681680178827613,0.0010557540044935367,0.48333333333333334,0.030731814857642953,0.3,0.02581988897471612,2.5484877850103658,0.12678162110774976,223543296.0,5946779.637161434
structured,mixed,0.8,kvik,ld_q3,6,1252,1.0256963197020539,0.04958329742707377,0.05182241253171596,0.005290714188941765,0.01590131422021378,0.0031331464855451556,0.0007751937984496124,0.0007751937984496124,0.48333333333333334,0.030731814857642953,0.3,0.02581988897471612,2.5484877850103658,0.12678162110774976,223543296.0,5946779.637161434
structured,mixed,0.8,kvik,ld_q4,6,1237,1.0016826241150516,0.08072218665694544,0.07410627026294407,0.006245501371339697,0.015397657648967394,0.003795836703858492,0.0017543859649122807,0.0017543859649122812,0.48333333333333334,0.030731814857642953,0.3,0.02581988897471612,2.5484877850103658,0.12678162110774976,223543296.0,5946779.637161434
structured,mixed,0.8,kvik,ld_q5,6,1230,1.1803720751361733,0.0883428204318207,0.0536041640294842,0.010272223142959048,0.008464521247221708,0.004154828153872226,0.0008680555555555555,0.0008680555555555556,0.48333333333333334,0.030731814857642953,0.3,0.02581988897471612,2.5484877850103658,0.12678162110774976,223543296.0,5946779.637161434
structured,mixed,0.8,ldak-kvik,all,6,6000,1.144311374333004,0.12937423830703806,0.06566666666666666,0.015109967276970233,0.018166666666666668,0.007661229956374137,0.0025000000000000005,0.001707825127659933,0.48333333333333334,0.030731814857642953,0.30000000000000004,0.0447213595499958,1.1653944796707947,0.20306745539810256,42601130.666666664,128132.00517660599
structured,mixed,0.8,ldak-kvik,loading_q1,6,1179,1.0367908252793476,0.05558520671239256,0.06442902672334315,0.00621529214056775,0.01422574750846201,0.004424756916289334,0.00256891455393328,0.0011583182840395377,0.48333333333333334,0.030731814857642953,0.30000000000000004,0.0447213595499958,1.1653944796707947,0.20306745539810256,42601130.666666664,128132.00517660599
structured,mixed,0.8,ldak-kvik,loading_q2,6,1261,1.1095364047375191,0.1455315830190494,0.05736221871107644,0.011181364864092625,0.010980381566758297,0.004296701036192155,0.0007716049382716049,0.0007716049382716051,0.48333333333333334,0.030731814857642953,0.30000000000000004,0.0447213595499958,1.1653944796707947,0.20306745539810256,42601130.666666664,128132.00517660599
structured,mixed,0.8,ldak-kvik,loading_q3,6,1163,1.1255543605991762,0.10124317530154428,0.06578996681918536,0.015398746295857307,0.017993407432723593,0.0066883569502571285,0.0033547753059948184,0.0024277611473004115,0.48333333333333334,0.030731814857642953,0.30000000000000004,0.0447213595499958,1.1653944796707947,0.20306745539810256,42601130.666666664,128132.00517660599
structured,mixed,0.8,ldak-kvik,loading_q4,6,1194,1.2378499590370373,0.16523974356550666,0.06623453080378763,0.018547662706716518,0.020045298253860325,0.011459060893998415,0.0,0.0,0.48333333333333334,0.030731814857642953,0.30000000000000004,0.0447213595499958,1.1653944796707947,0.20306745539810256,42601130.666666664,128132.00517660599
structured,mixed,0.8,ldak-kvik,loading_q5,6,1203,1.3249306868412365,0.37873789466090724,0.07528984337467087,0.03411603105264206,0.02781641803796551,0.019056472621304166,0.006124301915236235,0.005218095943928041,0.48333333333333334,0.030731814857642953,0.30000000000000004,0.0447213595499958,1.1653944796707947,0.20306745539810256,42601130.666666664,128132.00517660599
structured,mixed,0.8,ldak-kvik,maf_q1,6,1180,1.1150569452184695,0.09864539251557196,0.06230245754674372,0.018753948632919487,0.020589300107469528,0.010415364567684,0.004893037930795368,0.003908184405295849,0.48333333333333334,0.030731814857642953,0.30000000000000004,0.0447213595499958,1.1653944796707947,0.20306745539810256,42601130.666666664,128132.00517660599
structured,mixed,0.8,ldak-kvik,maf_q2,6,1233,1.1230543820080914,0.1339591651795759,0.059277693794360174,0.013210821570965982,0.01829118913459661,0.008277648247199867,0.0007751937984496124,0.0007751937984496124,0.48333333333333334,0.030731814857642953,0.30000000000000004,0.0447213595499958,1.1653944796707947,0.20306745539810256,42601130.666666664,128132.00517660599
structured,mixed,0.8,ldak-kvik,maf_q3,6,1179,1.3177300703892774,0.22110104004564238,0.07586656198002874,0.015693421101166435,0.017713684610038947,0.006134057373676506,0.002521932651079662,0.0017097070199563775,0.48333333333333334,0.030731814857642953,0.30000000000000004,0.0447213595499958,1.1653944796707947,0.20306745539810256,42601130.666666664,128132.00517660599
structured,mixed,0.8,ldak-kvik,maf_q4,6,1229,1.1689634992052809,0.16359487922065638,0.06301777893425194,0.013588403557387508,0.019408172325908364,0.008683942100189733,0.003475078842725902,0.002633297563234813,0.48333333333333334,0.030731814857642953,0.30000000000000004,0.0447213595499958,1.1653944796707947,0.20306745539810256,42601130.666666664,128132.00517660599
structured,mixed,0.8,ldak-kvik,maf_q5,6,1179,1.158320693295512,0.1883724072877803,0.068256874976769,0.018449543099072124,0.014753901168787657,0.006952582618179564,0.0009009009009009009,0.000900900900900901,0.48333333333333334,0.030731814857642953,0.30000000000000004,0.0447213595499958,1.1653944796707947,0.20306745539810256,42601130.666666664,128132.00517660599
structured,mixed,0.8,ldak-kvik,ld_q1,6,1139,1.1405458567781168,0.21473406866509334,0.07122582909327184,0.022055963201182867,0.020226934095060354,0.011950683468325935,0.005305228423507994,0.004320111143299693,0.48333333333333334,0.030731814857642953,0.30000000000000004,0.0447213595499958,1.1653944796707947,0.20306745539810256,42601130.666666664,128132.00517660599
structured,mixed,0.8,ldak-kvik,ld_q2,6,1142,1.267842650385295,0.15356689155226527,0.060565991324674134,0.01854899972841377,0.01762409279925044,0.009156267975805552,0.0016681680178827613,0.0010557540044935367,0.48333333333333334,0.030731814857642953,0.30000000000000004,0.0447213595499958,1.1653944796707947,0.20306745539810256,42601130.666666664,128132.00517660599
structured,mixed,0.8,ldak-kvik,ld_q3,6,1252,1.1264029262862831,0.1139836443629417,0.05588322430843284,0.013821378705495511,0.019366654790415574,0.007034625297662485,0.002269962109361421,0.0015400531414745872,0.48333333333333334,0.030731814857642953,0.30000000000000004,0.0447213595499958,1.1653944796707947,0.20306745539810256,42601130.666666664,128132.00517660599
structured,mixed,0.8,ldak-kvik,ld_q4,6,1237,1.1079786445307678,0.11539671459769213,0.0831046613739983,0.0079442169231172,0.0222829570353138,0.006933625203654339,0.0017543859649122807,0.0017543859649122812,0.48333333333333334,0.030731814857642953,0.30000000000000004,0.0447213595499958,1.1653944796707947,0.20306745539810256,42601130.666666664,128132.00517660599
structured,mixed,0.8,ldak-kvik,ld_q5,6,1230,1.2190411411094966,0.13060876347918518,0.05746180151788885,0.01605982738353776,0.011024545794773447,0.005459311544442808,0.0017271620847651775,0.0010923752092864805,0.48333333333333334,0.030731814857642953,0.30000000000000004,0.0447213595499958,1.1653944796707947,0.20306745539810256,42601130.666666664,128132.00517660599
structured,null,0.8,bolt-inf,all,6,36000,1.0055831543181621,0.024005498446002076,0.04847222222222222,0.0030672755031698213,0.00925,0.0008972695205971242,0.0008333333333333334,0.0002317405957179357,nan,nan,nan,nan,1.541024319488012,0.023297089711342978,208743082.66666666,5024328.717885849
structured,null,0.8,bolt-inf,loading_q1,6,7200,1.0233574527558695,0.016273029590693804,0.05194444444444444,0.0029943362173804147,0.009027777777777779,0.0017926892000291726,0.0009722222222222223,0.0002560984571470247,nan,nan,nan,nan,1.541024319488012,0.023297089711342978,208743082.66666666,5024328.717885849
structured,null,0.8,bolt-inf,loading_q2,6,7200,0.9974567572183693,0.03176411420968954,0.049999999999999996,0.0034493692391723077,0.008888888888888889,0.0010467468711898207,0.0009722222222222223,0.00025609845714702473,nan,nan,nan,nan,1.541024319488012,0.023297089711342978,208743082.66666666,5024328.717885849
structured,null,0.8,bolt-inf,loading_q3,6,7200,1.0065567921997773,0.019724817495136427,0.04305555555555555,0.0028920922410711936,0.00875,0.0012313422366278615,0.0005555555555555556,0.00027777777777777783,nan,nan,nan,nan,1.541024319488012,0.023297089711342978,208743082.66666666,5024328.717885849
structured,null,0.8,bolt-inf,loading_q4,6,7200,1.0052727378748911,0.03658053949010138,0.052222222222222225,0.0032250945052666666,0.011111111111111113,0.0013721210039142747,0.0006944444444444445,0.0004521894610027696,nan,nan,nan,nan,1.541024319488012,0.023297089711342978,208743082.66666666,5024328.717885849
structured,null,0.8,bolt-inf,loading_q5,6,7200,0.9829732894560426,0.07285159210382737,0.04513888888888889,0.007848143996992593,0.008472222222222223,0.0016161320230876507,0.0009722222222222223,0.0006602702402224841,nan,nan,nan,nan,1.541024319488012,0.023297089711342978,208743082.66666666,5024328.717885849
structured,null,0.8,bolt-inf,maf_q1,6,7171,1.0258237376738502,0.03145787232128228,0.0476980513819362,0.003115592678620573,0.010044201035675685,0.001372826203149983,0.00111634748146208,0.0002800864642945582,nan,nan,nan,nan,1.541024319488012,0.023297089711342978,208743082.66666666,5024328.717885849
structured,null,0.8,bolt-inf,maf_q2,6,7168,0.9810481829487339,0.026569413452695586,0.04770856683238397,0.0029132052484971897,0.00850766526976273,0.0008969727327762521,0.0005573094180814586,0.0001762425359582684,nan,nan,nan,nan,1.541024319488012,0.023297089711342978,208743082.66666666,5024328.717885849
structured,null,0.8,bolt-inf,maf_q3,6,7208,1.0021360065040705,0.025755754255625585,0.049675202327963915,0.0032952090433787254,0.009293193872771086,0.0012731017782230732,0.000971900094379109,0.00025571119156944677,nan,nan,nan,nan,1.541024319488012,0.023297089711342978,208743082.66666666,5024328.717885849
structured,null,0.8,bolt-inf,maf_q4,6,7221,1.055272454560303,0.055040033395635436,0.04958674363938245,0.004914713592260165,0.009145449780626237,0.0009914746379255548,0.0012465733988651956,0.00046751629234313057,nan,nan,nan,nan,1.541024319488012,0.023297089711342978,208743082.66666666,5024328.717885849
structured,null,0.8,bolt-inf,maf_q5,6,7232,0.9815398095513812,0.034865484233996206,0.047722387102254404,0.004009495008604237,0.009272417515025654,0.001245131431625838,0.00027674005045422585,0.0001750257984648999,nan,nan,nan,nan,1.541024319488012,0.023297089711342978,208743082.66666666,5024328.717885849
structured,null,0.8,bolt-inf,ld_q1,6,7200,1.0076499222801223,0.04699725245150515,0.049166666666666664,0.005344606142160039,0.011249999999999998,0.0020270165999064483,0.0006944444444444445,0.0003977172517576765,nan,nan,nan,nan,1.541024319488012,0.023297089711342978,208743082.66666666,5024328.717885849
structured,null,0.8,bolt-inf,ld_q2,6,7200,0.9900564249756578,0.05062058379615223,0.04791666666666666,0.0030788255336518613,0.010416666666666666,0.0011536977587386216,0.0011111111111111111,0.00041201102706087025,nan,nan,nan,nan,1.541024319488012,0.023297089711342978,208743082.66666666,5024328.717885849
structured,null,0.8,bolt-inf,ld_q3,6,7200,1.016262306431389,0.022037357176752988,0.04805555555555555,0.0035594596621425214,0.006805555555555555,0.0010187289344940138,0.0005555555555555556,0.0002777777777777779,nan,nan,nan,nan,1.541024319488012,0.023297089711342978,208743082.66666666,5024328.717885849
structured,null,0.8,bolt-inf,ld_q4,6,7200,1.0341285602095704,0.032582983744178694,0.048749999999999995,0.002374147020315733,0.009027777777777779,0.001105890513188577,0.0011111111111111111,0.00027777777777777783,nan,nan,nan,nan,1.541024319488012,0.023297089711342978,208743082.66666666,5024328.717885849
structured,null,0.8,bolt-inf,ld_q5,6,7200,0.9704692734828139,0.02209560858515406,0.04847222222222222,0.003928862022281193,0.00875,0.001268383339647875,0.0006944444444444445,0.000334488738299786,nan,nan,nan,nan,1.541024319488012,0.023297089711342978,208743082.66666666,5024328.717885849
structured,null,0.8,exact,all,6,36000,0.9870472135005764,0.013542465373157906,0.04683333333333334,0.001176151917625157,0.00911111111111111,0.0006907680463275357,0.0007222222222222222,0.00014698618394803282,nan,nan,nan,nan,1.5083536806632765,0.06522662697308892,225498453.33333334,1523287.170405779
structured,null,0.8,exact,loading_q1,6,7200,1.0110649291344271,0.01577088059965629,0.05180555555555555,0.0027589640657408685,0.009027777777777779,0.001644528901735076,0.0011111111111111111,0.00027777777777777783,nan,nan,nan,nan,1.5083536806632765,0.06522662697308892,225498453.33333334,1523287.170405779
structured,null,0.8,exact,loading_q2,6,7200,0.9829555131842488,0.026962466773944323,0.049027777777777774,0.002817083028617272,0.008333333333333333,0.0007136240321480628,0.0008333333333333334,0.00021516574145596763,nan,nan,nan,nan,1.5083536806632765,0.06522662697308892,225498453.33333334,1523287.170405779
structured,null,0.8,exact,loading_q3,6,7200,0.9994936530283125,0.022390112245992064,0.041666666666666664,0.0025819888974716117,0.009027777777777779,0.0013508684906430924,0.0004166666666666667,0.00018633899812498252,nan,nan,nan,nan,1.5083536806632765,0.06522662697308892,225498453.33333334,1523287.170405779
structured,null,0.8,exact,loading_q4,6,7200,0.9884677765513162,0.03408355369255824,0.050833333333333335,0.0019484086574166877,0.011111111111111113,0.0012108052620946317,0.0006944444444444445,0.0004521894610027696,nan,nan,nan,nan,1.5083536806632765,0.06522662697308892,225498453.33333334,1523287.170405779
structured,null,0.8,exact,loading_q5,6,7200,0.9473081927628918,0.047052853872495935,0.040833333333333326,0.003568120160740314,0.008055555555555557,0.0013028932666176195,0.0005555555555555556,0.00027777777777777783,nan,nan,nan,nan,1.5083536806632765,0.06522662697308892,225498453.33333334,1523287.170405779
structured,null,0.8,exact,maf_q1,6,7171,1.0032219307162313,0.029066088435549274,0.04629995770483251,0.002124104263812916,0.009625088963563136,0.0011020415424958384,0.000976526452379306,0.00014026569028980095,nan,nan,nan,nan,1.5083536806632765,0.06522662697308892,225498453.33333334,1523287.170405779
structured,null,0.8,exact,maf_q2,6,7168,0.9671934003080365,0.029426064464255035,0.04562920769211515,0.002120313012263233,0.008510671292214805,0.0007943641458161178,0.0006965463994237031,0.00025678353679961123,nan,nan,nan,nan,1.5083536806632765,0.06522662697308892,225498453.33333334,1523287.170405779
structured,null,0.8,exact,maf_q3,6,7208,0.9957659467968827,0.023421781757585868,0.047858834295886436,0.0016773418922428525,0.008874661640475527,0.0008664739060113026,0.0006944582948105465,0.0001388999458120101,nan,nan,nan,nan,1.5083536806632765,0.06522662697308892,225498453.33333334,1523287.170405779
structured,null,0.8,exact,maf_q4,6,7221,1.0217761262688494,0.03384516550403371,0.048069110920053164,0.002736941727224448,0.00928456803884735,0.0007968795639901395,0.0009699482259744625,0.0002563654979656013,nan,nan,nan,nan,1.5083536806632765,0.06522662697308892,225498453.33333334,1523287.170405779
structured,null,0.8,exact,maf_q5,6,7232,0.9603898629066968,0.03353264240171577,0.046337105108848246,0.0024343062217792306,0.009272764062342191,0.0011695806714237466,0.00027674005045422585,0.0001750257984648999,nan,nan,nan,nan,1.5083536806632765,0.06522662697308892,225498453.33333334,1523287.170405779
structured,null,0.8,exact,ld_q1,6,7200,0.9804794057721943,0.027159590428625566,0.04694444444444445,0.003047970383187823,0.010972222222222222,0.001905361182182502,0.0006944444444444445,0.0003977172517576765,nan,nan,nan,nan,1.5083536806632765,0.06522662697308892,225498453.33333334,1523287.170405779
structured,null,0.8,exact,ld_q2,6,7200,0.9695159987432201,0.04269740670052593,0.04666666666666667,0.0025639957242698497,0.01,0.0006804138174397718,0.0008333333333333334,0.00030429030972509234,nan,nan,nan,nan,1.5083536806632765,0.06522662697308892,225498453.33333334,1523287.170405779
structured,null,0.8,exact,ld_q3,6,7200,1.0007273405376043,0.021734843944555292,0.04708333333333334,0.0025617376914898998,0.006527777777777778,0.0010187289344940138,0.0004166666666666667,0.00028463752127665554,nan,nan,nan,nan,1.5083536806632765,0.06522662697308892,225498453.33333334,1523287.170405779
structured,null,0.8,exact,ld_q4,6,7200,1.0223647198852086,0.029968559053329586,0.04763888888888889,0.001298443988057805,0.00888888888888889,0.000668977476599572,0.0011111111111111111,0.00027777777777777783,nan,nan,nan,nan,1.5083536806632765,0.06522662697308892,225498453.33333334,1523287.170405779
structured,null,0.8,exact,ld_q5,6,7200,0.9729768421721184,0.02036364884108071,0.04583333333333334,0.0024056261216234406,0.009166666666666667,0.0015061601901917734,0.0005555555555555556,0.00027777777777777783,nan,nan,nan,nan,1.5083536806632765,0.06522662697308892,225498453.33333334,1523287.170405779
structured,null,0.8,kvik,all,6,36000,1.0067672307619189,0.02402105832835134,0.04836111111111111,0.003039680985535679,0.00925,0.0008972695205971242,0.0008333333333333334,0.0002317405957179357,nan,nan,nan,nan,1.6228035276775092,0.066171153332753,213745664.0,4638514.592656001
structured,null,0.8,kvik,loading_q1,6,7200,1.0218157331845934,0.01632704329215025,0.05180555555555555,0.0029924029322004712,0.008888888888888889,0.001834174891024353,0.0009722222222222223,0.0002560984571470247,nan,nan,nan,nan,1.6228035276775092,0.066171153332753,213745664.0,4638514.592656001
structured,null,0.8,kvik,loading_q2,6,7200,0.999113828000811,0.03154513254553366,0.05013888888888888,0.0033844460859410903,0.008888888888888889,0.0010467468711898207,0.0009722222222222223,0.00025609845714702473,nan,nan,nan,nan,1.6228035276775092,0.066171153332753,213745664.0,4638514.592656001
structured,null,0.8,kvik,loading_q3,6,7200,1.0092221220540576,0.01965741886865633,0.04305555555555555,0.0028920922410711936,0.00875,0.0012313422366278615,0.0005555555555555556,0.00027777777777777783,nan,nan,nan,nan,1.6228035276775092,0.066171153332753,213745664.0,4638514.592656001
structured,null,0.8,kvik,loading_q4,6,7200,1.0041722840606029,0.0355998113167991,0.05250000000000001,0.003241798769087814,0.011250000000000001,0.0013735261461195688,0.0006944444444444445,0.0004521894610027696,nan,nan,nan,nan,1.6228035276775092,0.066171153332753,213745664.0,4638514.592656001
structured,null,0.8,kvik,loading_q5,6,7200,0.9830605611986732,0.07277878915673876,0.04430555555555556,0.007886394363039598,0.008472222222222223,0.0016161320230876507,0.0009722222222222223,0.0006602702402224841,nan,nan,nan,nan,1.6228035276775092,0.066171153332753,213745664.0,4638514.592656001
structured,null,0.8,kvik,maf_q1,6,7171,1.02922776006921,0.032155907759178794,0.04727940693868347,0.003021107647226078,0.010044201035675685,0.001372826203149983,0.00111634748146208,0.0002800864642945582,nan,nan,nan,nan,1.6228035276775092,0.066171153332753,213745664.0,4638514.592656001
structured,null,0.8,kvik,maf_q2,6,7168,0.9814627543031328,0.026877284522749238,0.047568510809975005,0.0028411272671974006,0.008368311869539765,0.0009374166050897244,0.0005573094180814586,0.0001762425359582684,nan,nan,nan,nan,1.6228035276775092,0.066171153332753,213745664.0,4638514.592656001
structured,null,0.8,kvik,maf_q3,6,7208,1.0045055226207376,0.025115211812260452,0.04995114051780939,0.0032649250018377445,0.00929330799112917,0.001120771766381103,0.000971900094379109,0.00025571119156944677,nan,nan,nan,nan,1.6228035276775092,0.066171153332753,213745664.0,4638514.592656001
structured,null,0.8,kvik,maf_q4,6,7221,1.053804823607454,0.05509545737631869,0.04944797039486399,0.004979970717644874,0.009284338669515125,0.0010902641799961697,0.0012465733988651956,0.00046751629234313057,nan,nan,nan,nan,1.6228035276775092,0.066171153332753,213745664.0,4638514.592656001
structured,null,0.8,kvik,maf_q5,6,7232,0.9839974201410057,0.03524680879693624,0.047583498213365515,0.0040478973510047166,0.009272417515025654,0.001245131431625838,0.00027674005045422585,0.0001750257984648999,nan,nan,nan,nan,1.6228035276775092,0.066171153332753,213745664.0,4638514.592656001
structured,null,0.8,kvik,ld_q1,6,7200,1.0081134650580614,0.04713851449888344,0.049166666666666664,0.005344606142160039,0.011249999999999998,0.0020270165999064483,0.0006944444444444445,0.0003977172517576765,nan,nan,nan,nan,1.6228035276775092,0.066171153332753,213745664.0,4638514.592656001
structured,null,0.8,kvik,ld_q2,6,7200,0.9898191275864071,0.05059694992902667,0.04750000000000001,0.002973649709127252,0.010416666666666666,0.0011536977587386216,0.0011111111111111111,0.00041201102706087025,nan,nan,nan,nan,1.6228035276775092,0.066171153332753,213745664.0,4638514.592656001
structured,null,0.8,kvik,ld_q3,6,7200,1.017759276187227,0.02183265804959018,0.04791666666666666,0.003393553256352949,0.006805555555555555,0.0010187289344940138,0.0005555555555555556,0.0002777777777777779,nan,nan,nan,nan,1.6228035276775092,0.066171153332753,213745664.0,4638514.592656001
structured,null,0.8,kvik,ld_q4,6,7200,1.0357902416988451,0.032311429967670925,0.048749999999999995,0.002431944047845643,0.00888888888888889,0.0010900787150193657,0.0011111111111111111,0.00027777777777777783,nan,nan,nan,nan,1.6228035276775092,0.066171153332753,213745664.0,4638514.592656001
structured,null,0.8,kvik,ld_q5,6,7200,0.9726012820934145,0.021141467592157417,0.04847222222222222,0.003928862022281193,0.00888888888888889,0.0013379549531991443,0.0006944444444444445,0.000334488738299786,nan,nan,nan,nan,1.6228035276775092,0.066171153332753,213745664.0,4638514.592656001
structured,null,0.8,ldak-kvik,all,6,36000,0.9833209356397532,0.013868050738884079,0.04666666666666667,0.0010147066717182997,0.009277777777777777,0.0006493111259416438,0.0007222222222222222,0.00011111111111111112,nan,nan,nan,nan,0.35885971534298733,0.02875885073365801,41601706.666666664,469555.5818023867
structured,null,0.8,ldak-kvik,loading_q1,6,7200,1.0165002505937872,0.015477812761012916,0.05194444444444444,0.0026498311150470718,0.009305555555555556,0.001572575539413129,0.00125,0.0001863389981249825,nan,nan,nan,nan,0.35885971534298733,0.02875885073365801,41601706.666666664,469555.5818023867
structured,null,0.8,ldak-kvik,loading_q2,6,7200,0.9855358531870557,0.02704188824748911,0.04972222222222222,0.002641080960889937,0.009027777777777779,0.000816968953880708,0.0008333333333333334,0.00021516574145596763,nan,nan,nan,nan,0.35885971534298733,0.02875885073365801,41601706.666666664,469555.5818023867
structured,null,0.8,ldak-kvik,loading_q3,6,7200,0.9978999476999771,0.02237805024857878,0.041666666666666664,0.0028300634726555625,0.009027777777777779,0.0013508684906430924,0.0004166666666666667,0.00018633899812498252,nan,nan,nan,nan,0.35885971534298733,0.02875885073365801,41601706.666666664,469555.5818023867
structured,null,0.8,ldak-kvik,loading_q4,6,7200,0.9838272336264299,0.035562133394914465,0.04986111111111111,0.0019414659727785063,0.011111111111111112,0.0010900787150193657,0.0006944444444444445,0.0004521894610027696,nan,nan,nan,nan,0.35885971534298733,0.02875885073365801,41601706.666666664,469555.5818023867
structured,null,0.8,ldak-kvik,loading_q5,6,7200,0.9329166466041746,0.046773294526749234,0.040138888888888884,0.0031359376489770337,0.007916666666666667,0.001268383339647875,0.0004166666666666667,0.00018633899812498252,nan,nan,nan,nan,0.35885971534298733,0.02875885073365801,41601706.666666664,469555.5818023867
structured,null,0.8,ldak-kvik,maf_q1,6,7171,1.0004137393861725,0.02797858274345997,0.04588061123130822,0.00184526434255833,0.010183437822174615,0.0012740086841788233,0.000976526452379306,0.00014026569028980095,nan,nan,nan,nan,0.35885971534298733,0.02875885073365801,41601706.666666664,469555.5818023867
structured,null,0.8,ldak-kvik,maf_q2,6,7168,0.9612848707242801,0.03123858923709149,0.04549401754700258,0.002497202227362926,0.008374456116515874,0.0008725833140460371,0.0006965463994237031,0.00025678353679961123,nan,nan,nan,nan,0.35885971534298733,0.02875885073365801,41601706.666666664,469555.5818023867
structured,null,0.8,ldak-kvik,maf_q3,6,7208,0.9977672337553258,0.021486951782706116,0.04799472170270825,0.0015564274770797641,0.009012516617040183,0.0009821193001190926,0.0008324273897332839,1.7757087990994932e-06,nan,nan,nan,nan,0.35885971534298733,0.02875885073365801,41601706.666666664,469555.5818023867
structured,null,0.8,ldak-kvik,maf_q4,6,7221,1.018511299067681,0.031715662872453074,0.047931374636051315,0.0025955607044931004,0.00942345692773624,0.00088693064870853,0.0008316356395290961,0.00021607932738976503,nan,nan,nan,nan,0.35885971534298733,0.02875885073365801,41601706.666666664,469555.5818023867
structured,null,0.8,ldak-kvik,maf_q5,6,7232,0.9565047537799546,0.035817356476796215,0.046062311405787655,0.002460777142537636,0.009409938273590476,0.0010058652305553425,0.00027674005045422585,0.0001750257984648999,nan,nan,nan,nan,0.35885971534298733,0.02875885073365801,41601706.666666664,469555.5818023867
structured,null,0.8,ldak-kvik,ld_q1,6,7200,0.9724827058233374,0.02536172419734214,0.04652777777777778,0.0029219528815460577,0.010972222222222222,0.001905361182182502,0.0005555555555555556,0.00027777777777777783,nan,nan,nan,nan,0.35885971534298733,0.02875885073365801,41601706.666666664,469555.5818023867
structured,null,0.8,ldak-kvik,ld_q2,6,7200,0.9628075091717934,0.04275571516671042,0.04680555555555555,0.0027756936626079573,0.01013888888888889,0.00045218946100276973,0.0008333333333333334,0.00030429030972509234,nan,nan,nan,nan,0.35885971534298733,0.02875885073365801,41601706.666666664,469555.5818023867
structured,null,0.8,ldak-kvik,ld_q3,6,7200,0.9924898727424205,0.02576740628718097,0.04583333333333334,0.0023863035105460583,0.007083333333333333,0.0009316949906249125,0.0004166666666666667,0.00028463752127665554,nan,nan,nan,nan,0.35885971534298733,0.02875885073365801,41601706.666666664,469555.5818023867
structured,null,0.8,ldak-kvik,ld_q4,6,7200,1.0207636793436021,0.027441263537717316,0.04763888888888889,0.0010412036007772943,0.009166666666666667,0.0007136240321480628,0.0011111111111111111,0.00027777777777777783,nan,nan,nan,nan,0.35885971534298733,0.02875885073365801,41601706.666666664,469555.5818023867
structured,null,0.8,ldak-kvik,ld_q5,6,7200,0.9736301574176617,0.021215888314573886,0.04652777777777778,0.002079626331582756,0.009027777777777779,0.0013161508600535703,0.0006944444444444445,0.00025609845714702473,nan,nan,nan,nan,0.35885971534298733,0.02875885073365801,41601706.666666664,469555.5818023867
unstructured,mixed,0.8,bolt-inf,all,6,6000,0.9750600784315515,0.034527800543929406,0.04766666666666666,0.002996294007232564,0.008833333333333334,0.001376388188137505,0.001666666666666667,0.0006146362971528592,0.44999999999999996,0.03415650255319866,0.2833333333333334,0.040138648595974324,1.6411449929970938,0.052171478810358975,197894144.0,583459.8284157474
unstructured,mixed,0.8,bolt-inf,loading_q1,6,1180,0.9390964067471473,0.0727964587255282,0.048527758118895314,0.00540060231296955,0.009112357804469229,0.003501663865422457,0.0023982785602503914,0.001619212647777485,0.44999999999999996,0.03415650255319866,0.2833333333333334,0.040138648595974324,1.6411449929970938,0.052171478810358975,197894144.0,583459.8284157474
unstructured,mixed,0.8,bolt-inf,loading_q2,6,1236,0.9632348075754065,0.02845268389930144,0.0449221677399206,0.005915763811430515,0.008180894779772761,0.0027570725316760553,0.003139987813900857,0.0009960212237144265,0.44999999999999996,0.03415650255319866,0.2833333333333334,0.040138648595974324,1.6411449929970938,0.052171478810358975,197894144.0,583459.8284157474
unstructured,mixed,0.8,bolt-inf,loading_q3,6,1207,0.9856721788025076,0.09335075311567438,0.04873162286885221,0.007512035421319826,0.007390101354950152,0.002087866872830761,0.0,0.0,0.44999999999999996,0.03415650255319866,0.2833333333333334,0.040138648595974324,1.6411449929970938,0.052171478810358975,197894144.0,583459.8284157474
unstructured,mixed,0.8,bolt-inf,loading_q4,6,1203,1.1007340517008914,0.11379557614693542,0.05008633269643509,0.0046402575875658094,0.011690977921918309,0.0024989981794513168,0.0008291873963515755,0.0008291873963515756,0.44999999999999996,0.03415650255319866,0.2833333333333334,0.040138648595974324,1.6411449929970938,0.052171478810358975,197894144.0,583459.8284157474
unstructured,mixed,0.8,bolt-inf,loading_q5,6,1174,0.9648569496593091,0.05745589442763909,0.04798974431374493,0.004211709852715479,0.0076582896940131165,0.0017005411454449725,0.0016501650165016502,0.0016501650165016502,0.44999999999999996,0.03415650255319866,0.2833333333333334,0.040138648595974324,1.6411449929970938,0.052171478810358975,197894144.0,583459.8284157474
unstructured,mixed,0.8,bolt-inf,maf_q1,6,1162,0.911082611113123,0.04265956911330203,0.04547158550184153,0.005082103273019491,0.008178226528336443,0.0032937710690073632,0.0007751937984496124,0.0007751937984496124,0.44999999999999996,0.03415650255319866,0.2833333333333334,0.040138648595974324,1.6411449929970938,0.052171478810358975,197894144.0,583459.8284157474
unstructured,mixed,0.8,bolt-inf,maf_q2,6,1179,0.9387225703480047,0.09394095762213323,0.04604591389131082,0.007161522750989447,0.011968979148298519,0.004531565530394011,0.0017143511907909813,0.0010845141849725056,0.44999999999999996,0.03415650255319866,0.2833333333333334,0.040138648595974324,1.6411449929970938,0.052171478810358975,197894144.0,583459.8284157474
unstructured,mixed,0.8,bolt-inf,maf_q3,6,1221,1.0338584880075494,0.0266513804558245,0.04846600880872606,0.009819661779459353,0.004798514570036398,0.0020825393794504615,0.0008818342151675485,0.0008818342151675486,0.44999999999999996,0.03415650255319866,0.2833333333333334,0.040138648595974324,1.6411449929970938,0.052171478810358975,197894144.0,583459.8284157474
unstructured,mixed,0.8,bolt-inf,maf_q4,6,1242,1.0545437391333385,0.07840393085237475,0.04751412723396775,0.006212307931205238,0.011136087961758509,0.00355601780463787,0.001584613068352906,0.0010027103096772979,0.44999999999999996,0.03415650255319866,0.2833333333333334,0.040138648595974324,1.6411449929970938,0.052171478810358975,197894144.0,583459.8284157474
unstructured,mixed,0.8,bolt-inf,maf_q5,6,1196,1.0010021969343297,0.10761169115505287,0.05035762063504237,0.007309906048036676,0.007466184969147054,0.003618189610253364,0.003315889942074776,0.0021006461654145196,0.44999999999999996,0.03415650255319866,0.2833333333333334,0.040138648595974324,1.6411449929970938,0.052171478810358975,197894144.0,583459.8284157474
unstructured,mixed,0.8,bolt-inf,ld_q1,6,1201,1.0146197388664369,0.06391235245810714,0.045549416535656695,0.007342567963328694,0.004185210936423122,0.0008461261726947175,0.000931098696461825,0.0009310986964618252,0.44999999999999996,0.03415650255319866,0.2833333333333334,0.040138648595974324,1.6411449929970938,0.052171478810358975,197894144.0,583459.8284157474
unstructured,mixed,0.8,bolt-inf,ld_q2,6,1187,1.0109458459973146,0.032631230161818334,0.04937035301749213,0.0051555141210446,0.009321427694606586,0.0016038667690360636,0.0008291873963515755,0.0008291873963515756,0.44999999999999996,0.03415650255319866,0.2833333333333334,0.040138648595974324,1.6411449929970938,0.052171478810358975,197894144.0,583459.8284157474
unstructured,mixed,0.8,bolt-inf,ld_q3,6,1198,0.9716933377950793,0.14794025963653218,0.04777510502375266,0.007234100993478942,0.010796023239902489,0.0033792463229408436,0.0024724900419161194,0.0017051056375004482,0.44999999999999996,0.03415650255319866,0.2833333333333334,0.040138648595974324,1.6411449929970938,0.052171478810358975,197894144.0,583459.8284157474
unstructured,mixed,0.8,bolt-inf,ld_q4,6,1201,0.9682974951286397,0.10205488074137824,0.04915820775046054,0.005823816349022641,0.008328748701020844,0.003415959596889809,0.0025673940949935813,0.00177997761568785,0.44999999999999996,0.03415650255319866,0.2833333333333334,0.040138648595974324,1.6411449929970938,0.052171478810358975,197894144.0,583459.8284157474
unstructured,mixed,0.8,bolt-inf,ld_q5,6,1213,0.9504509803850799,0.033069109493425175,0.047288614278704455,0.005493695349846951,0.011694606723734563,0.0023266119209671933,0.001759615206046762,0.001113163060572443,0.44999999999999996,0.03415650255319866,0.2833333333333334,0.040138648595974324,1.6411449929970938,0.052171478810358975,197894144.0,583459.8284157474
unstructured,mixed,0.8,exact,all,6,6000,0.9497819719989539,0.028934855383202424,0.04466666666666666,0.0027768887466211377,0.008333333333333333,0.0014981470036162822,0.0015000000000000002,0.0005627314338711378,0.4666666666666666,0.033333333333333326,0.2833333333333334,0.040138648595974324,1.5357742986719434,0.05525175312333372,222541141.33333334,85909.7417753721
unstructured,mixed,0.8,exact,loading_q1,6,1180,0.8992288609220388,0.06429221146798647,0.04774528550543678,0.0057629825887549335,0.008279024471135897,0.003558119382343178,0.0016158059467918622,0.0010226845216247719,0.4666666666666666,0.033333333333333326,0.2833333333333334,0.040138648595974324,1.5357742986719434,0.05525175312333372,222541141.33333334,85909.7417753721
unstructured,mixed,0.8,exact,loading_q2,6,1236,0.9672824425221732,0.027281674722471363,0.04266991548766835,0.0063212499875831,0.007375741800706739,0.0021589498180495156,0.003139987813900857,0.0009960212237144265,0.4666666666666666,0.033333333333333326,0.2833333333333334,0.040138648595974324,1.5357742986719434,0.05525175312333372,222541141.33333334,85909.7417753721
unstructured,mixed,0.8,exact,loading_q3,6,1207,0.9632602614088027,0.09506308783159469,0.045444948768438576,0.007519468796867021,0.007390101354950152,0.002087866872830761,0.0,0.0,0.4666666666666666,0.033333333333333326,0.2833333333333334,0.040138648595974324,1.5357742986719434,0.05525175312333372,222541141.33333334,85909.7417753721
unstructured,mixed,0.8,exact,loading_q4,6,1203,1.068305054120745,0.11051747041543517,0.04591775126307308,0.004180349663757975,0.010827420063541796,0.0030396218841927,0.0008291873963515755,0.0008291873963515756,0.4666666666666666,0.033333333333333326,0.2833333333333334,0.040138648595974324,1.5357742986719434,0.05525175312333372,222541141.33333334,85909.7417753721
unstructured,mixed,0.8,exact,loading_q5,6,1174,0.9221071303599281,0.05348527933928518,0.04370566539695194,0.003885941469715761,0.0076582896940131165,0.0017005411454449725,0.0016501650165016502,0.0016501650165016502,0.4666666666666666,0.033333333333333326,0.2833333333333334,0.040138648595974324,1.5357742986719434,0.05525175312333372,222541141.33333334,85909.7417753721
unstructured,mixed,0.8,exact,maf_q1,6,1162,0.886681188028079,0.04393071416692372,0.041113284502468435,0.006172549165053071,0.007323525673635589,0.0032968092517784886,0.0007751937984496124,0.0007751937984496124,0.4666666666666666,0.033333333333333326,0.2833333333333334,0.040138648595974324,1.5357742986719434,0.05525175312333372,222541141.33333334,85909.7417753721
unstructured,mixed,0.8,exact,maf_q2,6,1179,0.8963841553719046,0.08945312573781637,0.04604591389131082,0.007161522750989447,0.011968979148298519,0.004531565530394011,0.0008726003490401396,0.0008726003490401396,0.4666666666666666,0.033333333333333326,0.2833333333333334,0.040138648595974324,1.5357742986719434,0.05525175312333372,222541141.33333334,85909.7417753721
unstructured,mixed,0.8,exact,maf_q3,6,1221,0.9983118411413062,0.03113979940609112,0.04521788183558889,0.00986553997340831,0.004798514570036398,0.0020825393794504615,0.0008818342151675485,0.0008818342151675486,0.4666666666666666,0.033333333333333326,0.2833333333333334,0.040138648595974324,1.5357742986719434,0.05525175312333372,222541141.33333334,85909.7417753721
unstructured,mixed,0.8,exact,maf_q4,6,1242,1.012263990765824,0.07061455115885577,0.044319057869664336,0.006258802156702765,0.009525782003626465,0.003156666293024859,0.001584613068352906,0.0010027103096772979,0.4666666666666666,0.033333333333333326,0.2833333333333334,0.040138648595974324,1.5357742986719434,0.05525175312333372,222541141.33333334,85909.7417753721
unstructured,mixed,0.8,exact,maf_q5,6,1196,0.9627740208458956,0.09885993330903595,0.0461196675068617,0.007262855262608236,0.007466184969147054,0.003618189610253364,0.003315889942074776,0.0021006461654145196,0.4666666666666666,0.033333333333333326,0.2833333333333334,0.040138648595974324,1.5357742986719434,0.05525175312333372,222541141.33333334,85909.7417753721
unstructured,mixed,0.8,exact,ld_q1,6,1201,0.9866907566913173,0.057653005853207075,0.04116867487297659,0.004961763340628327,0.0033839288851410707,0.0010763220548718714,0.000931098696461825,0.0009310986964618252,0.4666666666666666,0.033333333333333326,0.2833333333333334,0.040138648595974324,1.5357742986719434,0.05525175312333372,222541141.33333334,85909.7417753721
unstructured,mixed,0.8,exact,ld_q2,6,1187,0.9889573883177193,0.03257165702322317,0.046057463822713245,0.004348772625358176,0.009321427694606586,0.0016038667690360636,0.0008291873963515755,0.0008291873963515756,0.4666666666666666,0.033333333333333326,0.2833333333333334,0.040138648595974324,1.5357742986719434,0.05525175312333372,222541141.33333334,85909.7417753721
unstructured,mixed,0.8,exact,ld_q3,6,1198,0.952129737525743,0.14009133406229035,0.044411821305369546,0.006401587000995756,0.010796023239902489,0.0033792463229408436,0.001634969103892669,0.0010345110364391064,0.4666666666666666,0.033333333333333326,0.2833333333333334,0.040138648595974324,1.5357742986719434,0.05525175312333372,222541141.33333334,85909.7417753721
unstructured,mixed,0.8,exact,ld_q4,6,1201,0.9357304538383874,0.09579196983439313,0.04741927369445332,0.005951164631728119,0.008328748701020844,0.003415959596889809,0.0025673940949935813,0.00177997761568785,0.4666666666666666,0.033333333333333326,0.2833333333333334,0.040138648595974324,1.5357742986719434,0.05525175312333372,222541141.33333334,85909.7417753721
unstructured,mixed,0.8,exact,ld_q5,6,1213,0.9213792626135193,0.0337293633504263,0.044703916564406865,0.0051887717636430256,0.010158508413442706,0.0030488214207288586,0.001759615206046762,0.001113163060572443,0.4666666666666666,0.033333333333333326,0.2833333333333334,0.040138648595974324,1.5357742986719434,0.05525175312333372,222541141.33333334,85909.7417753721
unstructured,mixed,0.8,kvik,all,6,6000,0.9823167256882716,0.026676315236398504,0.049999999999999996,0.002816617356570348,0.009333333333333334,0.001115546702045434,0.0011666666666666668,0.00030731814857642964,0.43333333333333335,0.03333333333333333,0.3166666666666667,0.030731814857642967,1.982373805512907,0.07522135668880732,206708736.0,1779027.5520072945
unstructured,mixed,0.8,kvik,loading_q1,6,1180,0.9599799516361908,0.07206415054059274,0.0552685921872611,0.004782011310277363,0.007382140062597809,0.0032839210471199962,0.002483861502347418,0.0011128164029959304,0.43333333333333335,0.03333333333333333,0.3166666666666667,0.030731814857642967,1.982373805512907,0.07522135668880732,206708736.0,1779027.5520072945
unstructured,mixed,0.8,kvik,loading_q2,6,1236,0.9756368788636481,0.06928350551905792,0.052427893827986856,0.006019988504979446,0.007926837149581306,0.0023233925126270767,0.0015015015015015015,0.0009496329309814954,0.43333333333333335,0.03333333333333333,0.3166666666666667,0.030731814857642967,1.982373805512907,0.07522135668880732,206708736.0,1779027.5520072945
unstructured,mixed,0.8,kvik,loading_q3,6,1207,0.9845138979071327,0.05083625442388369,0.044665783196025495,0.00631620150760496,0.007532253817691453,0.0012011099135061903,0.0008417508417508418,0.0008417508417508418,0.43333333333333335,0.03333333333333333,0.3166666666666667,0.030731814857642967,1.982373805512907,0.07522135668880732,206708736.0,1779027.5520072945
unstructured,mixed,0.8,kvik,loading_q4,6,1203,1.0769558201240474,0.06659450201655914,0.05258688278104468,0.007891997732885306,0.014407939612746687,0.003308344209952476,0.0,0.0,0.43333333333333335,0.03333333333333333,0.3166666666666667,0.030731814857642967,1.982373805512907,0.07522135668880732,206708736.0,1779027.5520072945
unstructured,mixed,0.8,kvik,loading_q5,6,1174,0.9558863794693493,0.033325386747193195,0.04550881505760065,0.010464960423225471,0.009492781653847397,0.002185182484909042,0.0008250825082508251,0.0008250825082508251,0.43333333333333335,0.03333333333333333,0.3166666666666667,0.030731814857642967,1.982373805512907,0.07522135668880732,206708736.0,1779027.5520072945
unstructured,mixed,0.8,kvik,maf_q1,6,1162,0.9957205916988371,0.07475482995241754,0.04977060323369509,0.003964521639254982,0.01095765979125763,0.0028555499094942726,0.0007751937984496124,0.0007751937984496124,0.43333333333333335,0.03333333333333333,0.3166666666666667,0.030731814857642967,1.982373805512907,0.07522135668880732,206708736.0,1779027.5520072945
unstructured,mixed,0.8,kvik,maf_q2,6,1179,0.9605135200706165,0.09632700326391297,0.04388511388787122,0.008902622635379706,0.008741445194324777,0.0031786127713277204,0.0,0.0,0.43333333333333335,0.03333333333333333,0.3166666666666667,0.030731814857642967,1.982373805512907,0.07522135668880732,206708736.0,1779027.5520072945
unstructured,mixed,0.8,kvik,maf_q3,6,1221,1.0108036206747066,0.035335958853909506,0.057269995519689525,0.003951802488459627,0.00875970365974446,0.0027890785114710226,0.0,0.0,0.43333333333333335,0.03333333333333333,0.3166666666666667,0.030731814857642967,1.982373805512907,0.07522135668880732,206708736.0,1779027.5520072945
unstructured,mixed,0.8,kvik,maf_q4,6,1242,0.9780689436198303,0.0694167508856724,0.04182392693919743,0.003986790986854636,0.008787725106149278,0.0022641262731781784,0.003218599996457481,0.001624698873771025,0.43333333333333335,0.03333333333333333,0.3166666666666667,0.030731814857642967,1.982373805512907,0.07522135668880732,206708736.0,1779027.5520072945
unstructured,mixed,0.8,kvik,maf_q5,6,1196,1.0225626720237386,0.044079988105205116,0.05700072525829936,0.006242498678901431,0.00933833259070226,0.0037413780374630475,0.001657944971037388,0.0010503230827072598,0.43333333333333335,0.03333333333333333,0.3166666666666667,0.030731814857642967,1.982373805512907,0.07522135668880732,206708736.0,1779027.5520072945
unstructured,mixed,0.8,kvik,ld_q1,6,1201,1.0492745589603962,0.06332804473452021,0.051967174459254556,0.005519831768773992,0.004978242162622665,0.0012480060834644067,0.000931098696461825,0.0009310986964618252,0.43333333333333335,0.03333333333333333,0.3166666666666667,0.030731814857642967,1.982373805512907,0.07522135668880732,206708736.0,1779027.5520072945
unstructured,mixed,0.8,kvik,ld_q2,6,1187,0.9875587643340622,0.04884951768820096,0.05110484825114681,0.005631692845385354,0.009300900220635424,0.0020518369453425014,0.0008291873963515755,0.0008291873963515756,0.43333333333333335,0.03333333333333333,0.3166666666666667,0.030731814857642967,1.982373805512907,0.07522135668880732,206708736.0,1779027.5520072945
unstructured,mixed,0.8,kvik,ld_q3,6,1198,0.9463867380637327,0.07910324262788038,0.04729766153004298,0.004517853369585685,0.012486641796816716,0.0020398412895188396,0.0016887137630171684,0.001070505812972768,0.43333333333333335,0.03333333333333333,0.3166666666666667,0.030731814857642967,1.982373805512907,0.07522135668880732,206708736.0,1779027.5520072945
unstructured,mixed,0.8,kvik,ld_q4,6,1201,1.0027062776346496,0.1062838288554606,0.04905086764226869,0.005356036990109672,0.012641333744461462,0.003901234820040959,0.0008771929824561404,0.0008771929824561406,0.43333333333333335,0.03333333333333333,0.3166666666666667,0.030731814857642967,1.982373805512907,0.07522135668880732,206708736.0,1779027.5520072945
unstructured,mixed,0.8,kvik,ld_q5,6,1213,0.9768879020279178,0.06937033641739056,0.050356178106205456,0.004792796305629845,0.007502835859725693,0.002104565366869389,0.001721139855921076,0.001089931841059053,0.43333333333333335,0.03333333333333333,0.3166666666666667,0.030731814857642967,1.982373805512907,0.07522135668880732,206708736.0,1779027.5520072945
unstructured,mixed,0.8,ldak-kvik,all,6,6000,1.0007548798005228,0.04445612224810351,0.05216666666666667,0.0021666666666666666,0.0105,0.001384437310486346,0.0011666666666666668,0.00030731814857642964,0.5,0.03651483716701107,0.3166666666666667,0.030731814857642967,0.7649942918214947,0.06519956423113407,41413290.666666664,417018.4874337241
unstructured,mixed,0.8,ldak-kvik,loading_q1,6,1180,0.964170598873718,0.05962571761132513,0.06215571391889937,0.006534262092669454,0.009254799238627771,0.002959948800655517,0.002483861502347418,0.0011128164029959304,0.5,0.03651483716701107,0.3166666666666667,0.030731814857642967,0.7649942918214947,0.06519956423113407,41413290.666666664,417018.4874337241
unstructured,mixed,0.8,ldak-kvik,loading_q2,6,1236,0.964610883652503,0.05206171512104141,0.0500889248118205,0.006891200227660877,0.008822894497251557,0.0018330060745612026,0.0015015015015015015,0.0009496329309814954,0.5,0.03651483716701107,0.3166666666666667,0.030731814857642967,0.7649942918214947,0.06519956423113407,41413290.666666664,417018.4874337241
unstructured,mixed,0.8,ldak-kvik,loading_q3,6,1207,0.9787461124907484,0.06341592275137865,0.0454272031475829,0.006192243994815361,0.010750775529363849,0.0014542999755141762,0.0008417508417508418,0.0008417508417508418,0.5,0.03651483716701107,0.3166666666666667,0.030731814857642967,0.7649942918214947,0.06519956423113407,41413290.666666664,417018.4874337241
unstructured,mixed,0.8,ldak-kvik,loading_q4,6,1203,1.113259278155944,0.09107582429535067,0.06025806708460905,0.007569032401210057,0.014440439102040426,0.0038848432911272094,0.0,0.0,0.5,0.03651483716701107,0.3166666666666667,0.030731814857642967,0.7649942918214947,0.06519956423113407,41413290.666666664,417018.4874337241
unstructured,mixed,0.8,ldak-kvik,loading_q5,6,1174,0.9990419524470558,0.04351332600561406,0.04302912808538331,0.007249373616704922,0.009431339339403188,0.0020920277617385544,0.0008250825082508251,0.0008250825082508251,0.5,0.03651483716701107,0.3166666666666667,0.030731814857642967,0.7649942918214947,0.06519956423113407,41413290.666666664,417018.4874337241
unstructured,mixed,0.8,ldak-kvik,maf_q1,6,1162,0.9792052549268484,0.08633810031663164,0.050413213193812145,0.0043807109231996325,0.010959279693375045,0.0021837227954811965,0.0007751937984496124,0.0007751937984496124,0.5,0.03651483716701107,0.3166666666666667,0.030731814857642967,0.7649942918214947,0.06519956423113407,41413290.666666664,417018.4874337241
unstructured,mixed,0.8,ldak-kvik,maf_q2,6,1179,0.9314986107166016,0.0843573600969559,0.05051303821867512,0.008771044260347692,0.007899694352573934,0.0032178187748518458,0.0,0.0,0.5,0.03651483716701107,0.3166666666666667,0.030731814857642967,0.7649942918214947,0.06519956423113407,41413290.666666664,417018.4874337241
unstructured,mixed,0.8,ldak-kvik,maf_q3,6,1221,1.0225032906071683,0.05962464206703622,0.06189594061891083,0.0058769564130761376,0.010332345624063289,0.0036885932285891107,0.0,0.0,0.5,0.03651483716701107,0.3166666666666667,0.030731814857642967,0.7649942918214947,0.06519956423113407,41413290.666666664,417018.4874337241
unstructured,mixed,0.8,ldak-kvik,maf_q4,6,1242,1.009462987644831,0.06915710503081625,0.04514005722254554,0.00562323493761618,0.01202481696432059,0.0015961414188713915,0.003218599996457481,0.001624698873771025,0.5,0.03651483716701107,0.3166666666666667,0.030731814857642967,0.7649942918214947,0.06519956423113407,41413290.666666664,417018.4874337241
unstructured,mixed,0.8,ldak-kvik,maf_q5,6,1196,1.0810466792977376,0.060283248259047954,0.051804504328066804,0.006775870267396587,0.010888720187601482,0.0032573604820608907,0.001657944971037388,0.0010503230827072598,0.5,0.03651483716701107,0.3166666666666667,0.030731814857642967,0.7649942918214947,0.06519956423113407,41413290.666666664,417018.4874337241
unstructured,mixed,0.8,ldak-kvik,ld_q1,6,1201,1.0215152211988119,0.06797723002522402,0.05838450128023562,0.00384189732157503,0.005811575495955998,0.0015030689409563766,0.000931098696461825,0.0009310986964618252,0.5,0.03651483716701107,0.3166666666666667,0.030731814857642967,0.7649942918214947,0.06519956423113407,41413290.666666664,417018.4874337241
unstructured,mixed,0.8,ldak-kvik,ld_q2,6,1187,0.9838940509323164,0.04786208126108215,0.045418708319550416,0.004122805103753001,0.009313094152934713,0.0024263197994792824,0.0008291873963515755,0.0008291873963515756,0.5,0.03651483716701107,0.3166666666666667,0.030731814857642967,0.7649942918214947,0.06519956423113407,41413290.666666664,417018.4874337241
unstructured,mixed,0.8,ldak-kvik,ld_q3,6,1198,0.987346673314188,0.11545464926970807,0.04741201754588511,0.006293069049597283,0.014109172470936763,0.0028490026064783972,0.0016887137630171684,0.001070505812972768,0.5,0.03651483716701107,0.3166666666666667,0.030731814857642967,0.7649942918214947,0.06519956423113407,41413290.666666664,417018.4874337241
unstructured,mixed,0.8,ldak-kvik,ld_q4,6,1201,1.0305082326338886,0.1027306136827852,0.050612555000699964,0.006258420107261802,0.013162911517224068,0.004604891582787921,0.0008771929824561404,0.0008771929824561406,0.5,0.03651483716701107,0.3166666666666667,0.030731814857642967,0.7649942918214947,0.06519956423113407,41413290.666666664,417018.4874337241
unstructured,mixed,0.8,ldak-kvik,ld_q5,6,1213,0.9767056069214545,0.06120620935400777,0.05873053744979023,0.005418905745192293,0.009961290049840641,0.002772035357122269,0.001721139855921076,0.001089931841059053,0.5,0.03651483716701107,0.3166666666666667,0.030731814857642967,0.7649942918214947,0.06519956423113407,41413290.666666664,417018.4874337241
unstructured,null,0.8,bolt-inf,all,6,36000,1.0159104019161824,0.019368991800883775,0.05111111111111111,0.002001234187096787,0.010333333333333333,0.0008649555758234919,0.0008055555555555556,0.00023339946152888894,nan,nan,nan,nan,1.5629367986693978,0.05457124452006408,199750997.33333334,2046590.1266223073
unstructured,null,0.8,bolt-inf,loading_q1,6,7200,1.0448504137858963,0.04031169429642467,0.050555555555555555,0.003870990558143299,0.01,0.001666666666666667,0.0008333333333333334,0.00021516574145596763,nan,nan,nan,nan,1.5629367986693978,0.05457124452006408,199750997.33333334,2046590.1266223073
unstructured,null,0.8,bolt-inf,loading_q2,6,7200,1.0052745925986317,0.0425234256986466,0.050972222222222224,0.0032872978508942303,0.009861111111111112,0.001206016297005134,0.00125,0.0003568120160740314,nan,nan,nan,nan,1.5629367986693978,0.05457124452006408,199750997.33333334,2046590.1266223073
unstructured,null,0.8,bolt-inf,loading_q3,6,7200,1.041562654178762,0.02539739244320577,0.05263888888888888,0.0029219528815460577,0.011111111111111113,0.0015163715626617983,0.0005555555555555556,0.00041201102706087025,nan,nan,nan,nan,1.5629367986693978,0.05457124452006408,199750997.33333334,2046590.1266223073
unstructured,null,0.8,bolt-inf,loading_q4,6,7200,0.9690585499625092,0.04064415349255757,0.049305555555555554,0.0030536610288328264,0.01,0.0012171612389003691,0.0005555555555555556,0.00027777777777777783,nan,nan,nan,nan,1.5629367986693978,0.05457124452006408,199750997.33333334,2046590.1266223073
unstructured,null,0.8,bolt-inf,loading_q5,6,7200,1.0258179012331188,0.02602559062684391,0.052083333333333336,0.0032400131458352427,0.010694444444444446,0.001572575539413129,0.0008333333333333334,0.00030429030972509234,nan,nan,nan,nan,1.5629367986693978,0.05457124452006408,199750997.33333334,2046590.1266223073
unstructured,null,0.8,bolt-inf,maf_q1,6,7146,0.9958438488940905,0.02630742418375293,0.049965801365256975,0.002125010990870425,0.009378208215493795,0.0006735434347815227,0.0005583502318590576,0.00017656724213579842,nan,nan,nan,nan,1.5629367986693978,0.05457124452006408,199750997.33333334,2046590.1266223073
unstructured,null,0.8,bolt-inf,maf_q2,6,7138,1.064547292968793,0.034842516188590265,0.05251017071453239,0.003932952767761739,0.012051013566172762,0.0011684100694428156,0.0012586518258531363,0.0006399801621474884,nan,nan,nan,nan,1.5629367986693978,0.05457124452006408,199750997.33333334,2046590.1266223073
unstructured,null,0.8,bolt-inf,maf_q3,6,7243,1.0220823641391321,0.03217090509094294,0.050262910915819796,0.002278082344256981,0.010214796172989928,0.0012882972315628905,0.0006916947486041058,0.00033278190145859634,nan,nan,nan,nan,1.5629367986693978,0.05457124452006408,199750997.33333334,2046590.1266223073
unstructured,null,0.8,bolt-inf,maf_q4,6,7205,0.9948418336923952,0.024336408791586737,0.04968985008832786,0.002918509234435253,0.0095739663815505,0.0010625952592583975,0.0005546486561891924,0.00017540360857757354,nan,nan,nan,nan,1.5629367986693978,0.05457124452006408,199750997.33333334,2046590.1266223073
unstructured,null,0.8,bolt-inf,maf_q5,6,7268,1.0125562946513256,0.04020839895985312,0.053102573224233014,0.002139529688578796,0.010458260116993119,0.0017090825363563925,0.0009620363748146034,0.0003929658286389807,nan,nan,nan,nan,1.5629367986693978,0.05457124452006408,199750997.33333334,2046590.1266223073
unstructured,null,0.8,bolt-inf,ld_q1,6,7200,1.0290085620932887,0.03569531173530426,0.051388888888888894,0.003816792008292815,0.009861111111111112,0.001262285307500196,0.001388888888888889,0.000668977476599572,nan,nan,nan,nan,1.5629367986693978,0.05457124452006408,199750997.33333334,2046590.1266223073
unstructured,null,0.8,bolt-inf,ld_q2,6,7200,0.9706130176104981,0.020418182784906414,0.04986111111111111,0.0025496610764841423,0.011388888888888888,0.0017568209223157664,0.0005555555555555556,0.00017568209223157665,nan,nan,nan,nan,1.5629367986693978,0.05457124452006408,199750997.33333334,2046590.1266223073
unstructured,null,0.8,bolt-inf,ld_q3,6,7200,1.0445748169509954,0.02275075342357086,0.05430555555555555,0.002549661076484141,0.010694444444444444,0.0012984439880578049,0.0006944444444444445,0.000334488738299786,nan,nan,nan,nan,1.5629367986693978,0.05457124452006408,199750997.33333334,2046590.1266223073
unstructured,null,0.8,bolt-inf,ld_q4,6,7200,1.0095966640466052,0.042571637488385446,0.04944444444444444,0.0033379597523999554,0.00986111111111111,0.0016862278011973545,0.0006944444444444445,0.00025609845714702473,nan,nan,nan,nan,1.5629367986693978,0.05457124452006408,199750997.33333334,2046590.1266223073
unstructured,null,0.8,bolt-inf,ld_q5,6,7200,1.0445556373513953,0.022278460170122128,0.050555555555555555,0.0031671539586087165,0.00986111111111111,0.0018055555555555555,0.0006944444444444445,0.0003977172517576765,nan,nan,nan,nan,1.5629367986693978,0.05457124452006408,199750997.33333334,2046590.1266223073
unstructured,null,0.8,exact,all,6,36000,1.0116757244976045,0.018054677002060263,0.05097222222222222,0.0020066632828813604,0.010277777777777776,0.0007412035591181297,0.0008055555555555556,0.00023339946152888894,nan,nan,nan,nan,1.5465820278138078,0.04934280249548613,226334037.33333334,2633789.931188219
unstructured,null,0.8,exact,loading_q1,6,7200,1.0386279671922567,0.035858999212810855,0.04972222222222222,0.003828902431136173,0.01,0.0016527194200715023,0.0008333333333333334,0.00021516574145596763,nan,nan,nan,nan,1.5465820278138078,0.04934280249548613,226334037.33333334,2633789.931188219
unstructured,null,0.8,exact,loading_q2,6,7200,1.003106062545825,0.04298483943619762,0.05125,0.003218508396182352,0.01013888888888889,0.001166997307644445,0.00125,0.0003568120160740314,nan,nan,nan,nan,1.5465820278138078,0.04934280249548613,226334037.33333334,2633789.931188219
unstructured,null,0.8,exact,loading_q3,6,7200,1.0411508806157694,0.022693345935216422,0.05263888888888888,0.003000128598066802,0.010833333333333334,0.0014751020052613062,0.0005555555555555556,0.00041201102706087025,nan,nan,nan,nan,1.5465820278138078,0.04934280249548613,226334037.33333334,2633789.931188219
unstructured,null,0.8,exact,loading_q4,6,7200,0.9677991539798335,0.0353310726825413,0.048749999999999995,0.003454398698814365,0.01027777777777778,0.0013205404804449681,0.0005555555555555556,0.00027777777777777783,nan,nan,nan,nan,1.5465820278138078,0.04934280249548613,226334037.33333334,2633789.931188219
unstructured,null,0.8,exact,loading_q5,6,7200,1.0194406922629697,0.022233484329358937,0.0525,0.0034426518632954817,0.01013888888888889,0.001542854897444313,0.0008333333333333334,0.00030429030972509234,nan,nan,nan,nan,1.5465820278138078,0.04934280249548613,226334037.33333334,2633789.931188219
unstructured,null,0.8,exact,maf_q1,6,7146,0.9901778128888195,0.02423375922419144,0.04996650398744298,0.0021932269452204483,0.009238152193084832,0.0007265601957387144,0.0005583502318590576,0.00017656724213579842,nan,nan,nan,nan,1.5465820278138078,0.04934280249548613,226334037.33333334,2633789.931188219
unstructured,null,0.8,exact,maf_q2,6,7138,1.049293840515585,0.03445648156852637,0.05279144737603087,0.003898273294769397,0.012049142972006585,0.0010139103785501505,0.0012586518258531363,0.0006399801621474884,nan,nan,nan,nan,1.5465820278138078,0.04934280249548613,226334037.33333334,2633789.931188219
unstructured,null,0.8,exact,maf_q3,6,7243,1.0158482781679183,0.03281974696046928,0.05012538885423793,0.002210277950311875,0.01049073606469266,0.0011770729241822493,0.0006916947486041058,0.00033278190145859634,nan,nan,nan,nan,1.5465820278138078,0.04934280249548613,226334037.33333334,2633789.931188219
unstructured,null,0.8,exact,maf_q4,6,7205,0.990123371315999,0.020191469479364205,0.04885627040682475,0.0029810148447001112,0.00929549241886601,0.0010311894629548186,0.0005546486561891924,0.00017540360857757354,nan,nan,nan,nan,1.5465820278138078,0.04934280249548613,226334037.33333334,2633789.931188219
unstructured,null,0.8,exact,maf_q5,6,7268,1.0104207222911965,0.037672481575385115,0.053102799211401465,0.002243672275952964,0.010321200783308324,0.001511466876300946,0.0009620363748146034,0.0003929658286389807,nan,nan,nan,nan,1.5465820278138078,0.04934280249548613,226334037.33333334,2633789.931188219
unstructured,null,0.8,exact,ld_q1,6,7200,1.0253861113373233,0.036866990068451386,0.050972222222222224,0.0038814412812450344,0.00986111111111111,0.0011469901567812545,0.001388888888888889,0.000668977476599572,nan,nan,nan,nan,1.5465820278138078,0.04934280249548613,226334037.33333334,2633789.931188219
unstructured,null,0.8,exact,ld_q2,6,7200,0.9661673406769876,0.02001158116030616,0.050555555555555555,0.0029475874210849583,0.011250000000000001,0.0016208993845439063,0.0005555555555555556,0.00017568209223157665,nan,nan,nan,nan,1.5465820278138078,0.04934280249548613,226334037.33333334,2633789.931188219
unstructured,null,0.8,exact,ld_q3,6,7200,1.0404475599707428,0.022483275594171515,0.05333333333333332,0.002266911751455907,0.010555555555555556,0.0011111111111111113,0.0006944444444444445,0.000334488738299786,nan,nan,nan,nan,1.5465820278138078,0.04934280249548613,226334037.33333334,2633789.931188219
unstructured,null,0.8,exact,ld_q4,6,7200,1.0090832993126557,0.041485247054801014,0.04958333333333334,0.003366157827333489,0.01,0.0017873008824606017,0.0006944444444444445,0.00025609845714702473,nan,nan,nan,nan,1.5465820278138078,0.04934280249548613,226334037.33333334,2633789.931188219
unstructured,null,0.8,exact,ld_q5,6,7200,1.0363598901212436,0.02197848585553235,0.050416666666666665,0.0036435508728386063,0.009722222222222222,0.0017829785039868012,0.0006944444444444445,0.0003977172517576765,nan,nan,nan,nan,1.5465820278138078,0.04934280249548613,226334037.33333334,2633789.931188219
unstructured,null,0.8,kvik,all,6,36000,1.0131624009868239,0.017760768057621078,0.05094444444444444,0.0019463482743173875,0.010222222222222221,0.0008149831475952111,0.0008055555555555556,0.00023339946152888894,nan,nan,nan,nan,1.6945649858389515,0.04090582666293812,208158720.0,2393002.7162666856
unstructured,null,0.8,kvik,loading_q1,6,7200,1.0396101409736158,0.03677908359132377,0.049861111111111106,0.0038334339761345463,0.009861111111111112,0.0016585450265031313,0.0008333333333333334,0.00021516574145596763,nan,nan,nan,nan,1.6945649858389515,0.04090582666293812,208158720.0,2393002.7162666856
unstructured,null,0.8,kvik,loading_q2,6,7200,1.0037138172190743,0.04248086959258581,0.050972222222222224,0.0031726308357186922,0.01,0.0012360330811826106,0.00125,0.0003568120160740314,nan,nan,nan,nan,1.6945649858389515,0.04090582666293812,208158720.0,2393002.7162666856
unstructured,null,0.8,kvik,loading_q3,6,7200,1.0390656259613622,0.02622517730820657,0.05263888888888888,0.0029219528815460577,0.010833333333333334,0.0014751020052613062,0.0005555555555555556,0.00041201102706087025,nan,nan,nan,nan,1.6945649858389515,0.04090582666293812,208158720.0,2393002.7162666856
unstructured,null,0.8,kvik,loading_q4,6,7200,0.9658307803228299,0.03775276404449223,0.049305555555555554,0.0030536610288328264,0.01,0.0012171612389003691,0.0005555555555555556,0.00027777777777777783,nan,nan,nan,nan,1.6945649858389515,0.04090582666293812,208158720.0,2393002.7162666856
unstructured,null,0.8,kvik,loading_q5,6,7200,1.0188731008868492,0.02346608849652074,0.05194444444444444,0.003078198928265571,0.010416666666666666,0.001532819962369044,0.0008333333333333334,0.00030429030972509234,nan,nan,nan,nan,1.6945649858389515,0.04090582666293812,208158720.0,2393002.7162666856
unstructured,null,0.8,kvik,maf_q1,6,7146,0.9976106077285413,0.026434867222235994,0.049965801365256975,0.002125010990870425,0.009378208215493795,0.0006735434347815227,0.0005583502318590576,0.00017656724213579842,nan,nan,nan,nan,1.6945649858389515,0.04090582666293812,208158720.0,2393002.7162666856
unstructured,null,0.8,kvik,maf_q2,6,7138,1.062418533452353,0.035288468449204156,0.052090456148496216,0.003738781251425517,0.011910485179438643,0.0010778751981739138,0.0012586518258531363,0.0006399801621474884,nan,nan,nan,nan,1.6945649858389515,0.04090582666293812,208158720.0,2393002.7162666856
unstructured,null,0.8,kvik,maf_q3,6,7243,1.0191708823522798,0.032072156423461895,0.05012539716444466,0.002241281064384181,0.010077282421614792,0.0011739643581960952,0.0006916947486041058,0.00033278190145859634,nan,nan,nan,nan,1.6945649858389515,0.04090582666293812,208158720.0,2393002.7162666856
unstructured,null,0.8,kvik,maf_q4,6,7205,0.9878233663834535,0.02333716750824968,0.04941299210451624,0.0028726401475137296,0.00929549241886601,0.0010311894629548186,0.0005546486561891924,0.00017540360857757354,nan,nan,nan,nan,1.6945649858389515,0.04090582666293812,208158720.0,2393002.7162666856
unstructured,null,0.8,kvik,maf_q5,6,7268,1.0099337085325832,0.03987935442564906,0.053103711599430094,0.0022181823180278436,0.010458260116993119,0.0017090825363563925,0.0009620363748146034,0.0003929658286389807,nan,nan,nan,nan,1.6945649858389515,0.04090582666293812,208158720.0,2393002.7162666856
unstructured,null,0.8,kvik,ld_q1,6,7200,1.0295003834623662,0.0367422430762302,0.05125000000000001,0.003780738219115611,0.009861111111111112,0.001262285307500196,0.001388888888888889,0.000668977476599572,nan,nan,nan,nan,1.6945649858389515,0.04090582666293812,208158720.0,2393002.7162666856
unstructured,null,0.8,kvik,ld_q2,6,7200,0.9689711166555556,0.019283976077991538,0.04986111111111111,0.0025496610764841423,0.011388888888888888,0.0017568209223157664,0.0005555555555555556,0.00017568209223157665,nan,nan,nan,nan,1.6945649858389515,0.04090582666293812,208158720.0,2393002.7162666856
unstructured,null,0.8,kvik,ld_q3,6,7200,1.0420754387483504,0.022133508019359406,0.05375,0.0023149074055556296,0.010555555555555556,0.0012484558363469018,0.0006944444444444445,0.000334488738299786,nan,nan,nan,nan,1.6945649858389515,0.04090582666293812,208158720.0,2393002.7162666856
unstructured,null,0.8,kvik,ld_q4,6,7200,1.0086430864361258,0.04206229799486223,0.04944444444444445,0.0034336749200805424,0.00972222222222222,0.0017699480357859989,0.0006944444444444445,0.00025609845714702473,nan,nan,nan,nan,1.6945649858389515,0.04090582666293812,208158720.0,2393002.7162666856
unstructured,null,0.8,kvik,ld_q5,6,7200,1.0392120727916232,0.02051920412969866,0.050416666666666665,0.0031531142747495892,0.009583333333333334,0.0017710375699216757,0.0006944444444444445,0.0003977172517576765,nan,nan,nan,nan,1.6945649858389515,0.04090582666293812,208158720.0,2393002.7162666856
unstructured,null,0.8,ldak-kvik,all,6,36000,1.0179751915408644,0.020416080226413596,0.05161111111111111,0.0019449205766258724,0.010638888888888887,0.0007690983979173357,0.0008333333333333334,0.00022771001702132445,nan,nan,nan,nan,0.5149990623467602,0.04010065630273177,40853504.0,645326.5007065287
unstructured,null,0.8,ldak-kvik,loading_q1,6,7200,1.0435526582090755,0.03946817546562276,0.05125,0.0038172973763199607,0.01013888888888889,0.0016585450265031317,0.0008333333333333334,0.00021516574145596763,nan,nan,nan,nan,0.5149990623467602,0.04010065630273177,40853504.0,645326.5007065287
unstructured,null,0.8,ldak-kvik,loading_q2,6,7200,0.9943516270431817,0.040683336207129536,0.05194444444444444,0.0033031036658210553,0.010416666666666666,0.0011536977587386218,0.001388888888888889,0.00041201102706087025,nan,nan,nan,nan,0.5149990623467602,0.04010065630273177,40853504.0,645326.5007065287
unstructured,null,0.8,ldak-kvik,loading_q3,6,7200,1.0539211115809395,0.02500692118806165,0.05305555555555555,0.0031817380140614126,0.011250000000000001,0.0015176431532941928,0.0005555555555555556,0.00041201102706087025,nan,nan,nan,nan,0.5149990623467602,0.04010065630273177,40853504.0,645326.5007065287
unstructured,null,0.8,ldak-kvik,loading_q4,6,7200,0.9722576964290651,0.04089609053390478,0.04972222222222222,0.0031155721984022114,0.010555555555555556,0.0013205404804449681,0.0005555555555555556,0.00027777777777777783,nan,nan,nan,nan,0.5149990623467602,0.04010065630273177,40853504.0,645326.5007065287
unstructured,null,0.8,ldak-kvik,loading_q5,6,7200,1.0273201339012001,0.02784702074706511,0.052083333333333336,0.0034543986988143645,0.010833333333333334,0.0015515822270854378,0.0008333333333333334,0.00030429030972509234,nan,nan,nan,nan,0.5149990623467602,0.04010065630273177,40853504.0,645326.5007065287
unstructured,null,0.8,ldak-kvik,maf_q1,6,7146,0.9954202709307846,0.0258178992285198,0.05052567326036875,0.0021438901002692468,0.00951791204337868,0.0006814413364177418,0.0005583502318590576,0.00017656724213579842,nan,nan,nan,nan,0.5149990623467602,0.04010065630273177,40853504.0,645326.5007065287
unstructured,null,0.8,ldak-kvik,maf_q2,6,7138,1.0575194118170197,0.03347017101737388,0.052930931338490216,0.003434688345735543,0.012749329117316048,0.0010976751837398024,0.0013994175916189021,0.0006735217720387791,nan,nan,nan,nan,0.5149990623467602,0.04010065630273177,40853504.0,645326.5007065287
unstructured,null,0.8,ldak-kvik,maf_q3,6,7243,1.023864878200883,0.03291952556864134,0.050401684160338245,0.0022987933101893407,0.010629048651138026,0.0011529408112777916,0.0006916947486041058,0.00033278190145859634,nan,nan,nan,nan,0.5149990623467602,0.04010065630273177,40853504.0,645326.5007065287
unstructured,null,0.8,ldak-kvik,maf_q4,6,7205,0.9971888013218936,0.02652151226328899,0.05038628076208624,0.00267845404859375,0.009713087138367417,0.0011043329850056317,0.0005546486561891924,0.00017540360857757354,nan,nan,nan,nan,0.5149990623467602,0.04010065630273177,40853504.0,645326.5007065287
unstructured,null,0.8,ldak-kvik,maf_q5,6,7268,1.0186022493043543,0.04050657348396681,0.053792200270797626,0.0021130907165842175,0.01059588874593175,0.0015792080286847303,0.0009620363748146034,0.0003929658286389807,nan,nan,nan,nan,0.5149990623467602,0.04010065630273177,40853504.0,645326.5007065287
unstructured,null,0.8,ldak-kvik,ld_q1,6,7200,1.0317790267912912,0.03492320940877544,0.051666666666666666,0.0038670019011766343,0.010277777777777776,0.0012484558363469018,0.001388888888888889,0.000668977476599572,nan,nan,nan,nan,0.5149990623467602,0.04010065630273177,40853504.0,645326.5007065287
unstructured,null,0.8,ldak-kvik,ld_q2,6,7200,0.9776713241279454,0.025005177161987746,0.050972222222222224,0.002612440559900329,0.011527777777777777,0.0017269201158188396,0.0005555555555555556,0.00017568209223157665,nan,nan,nan,nan,0.5149990623467602,0.04010065630273177,40853504.0,645326.5007065287
unstructured,null,0.8,ldak-kvik,ld_q3,6,7200,1.0459326218320342,0.022233639134975905,0.053888888888888896,0.0023537466849238736,0.010972222222222222,0.0012060162970051339,0.0008333333333333334,0.00037267799624996503,nan,nan,nan,nan,0.5149990623467602,0.04010065630273177,40853504.0,645326.5007065287
unstructured,null,0.8,ldak-kvik,ld_q4,6,7200,1.012098025331165,0.04255958550921058,0.050416666666666665,0.0034342366664924947,0.010277777777777776,0.0017568209223157664,0.0006944444444444445,0.00025609845714702473,nan,nan,nan,nan,0.5149990623467602,0.04010065630273177,40853504.0,645326.5007065287
unstructured,null,0.8,ldak-kvik,ld_q5,6,7200,1.0426507371489162,0.022622238702692702,0.05111111111111111,0.003196255525253895,0.01013888888888889,0.0016862278011973545,0.0006944444444444445,0.0003977172517576765,nan,nan,nan,nan,0.5149990623467602,0.04010065630273177,40853504.0,645326.5007065287
confounded-pc,mixed,0,bolt-inf,all,6,6000,1.0556728804529107,0.013443101182877797,0.0515,0.002093641166325627,0.010333333333333332,0.0013581032524975576,0.001,0.0003651483716701108,0.35000000000000003,0.06191391873668904,0.2166666666666667,0.04772607021092118,1.5843961805124611,0.01922880865944661,198849877.33333334,576093.0121445475
confounded-pc,mixed,0,bolt-inf,loading_q1,6,1202,0.9971246483521229,0.05436739167487155,0.04812157701316009,0.0057790570989212755,0.01368020267869638,0.004284106173168688,0.0015503875968992248,0.0015503875968992248,0.35000000000000003,0.06191391873668904,0.2166666666666667,0.04772607021092118,1.5843961805124611,0.01922880865944661,198849877.33333334,576093.0121445475
confounded-pc,mixed,0,bolt-inf,loading_q2,6,1181,0.9922427354158966,0.04255485406926595,0.05288178786554365,0.005789651403344979,0.011773808616105752,0.002503669540232812,0.0008291873963515755,0.0008291873963515756,0.35000000000000003,0.06191391873668904,0.2166666666666667,0.04772607021092118,1.5843961805124611,0.01922880865944661,198849877.33333334,576093.0121445475
confounded-pc,mixed,0,bolt-inf,loading_q3,6,1274,1.080647783151968,0.04889081616357935,0.047523215273963824,0.0066971668894590065,0.007818220003056278,0.0019552043021474315,0.001505266734624533,0.0009521925330032414,0.35000000000000003,0.06191391873668904,0.2166666666666667,0.04772607021092118,1.5843961805124611,0.01922880865944661,198849877.33333334,576093.0121445475
confounded-pc,mixed,0,bolt-inf,loading_q4,6,1157,1.1147368664224242,0.06074932711708015,0.055773087980227086,0.006226591278807943,0.00615920526240784,0.002162188139545941,0.0,0.0,0.35000000000000003,0.06191391873668904,0.2166666666666667,0.04772607021092118,1.5843961805124611,0.01922880865944661,198849877.33333334,576093.0121445475
confounded-pc,mixed,0,bolt-inf,loading_q5,6,1186,1.1017877504957017,0.08953817698569647,0.05323687604649327,0.011963786826724578,0.012073826731723193,0.004517409470106434,0.0007861635220125786,0.0007861635220125788,0.35000000000000003,0.06191391873668904,0.2166666666666667,0.04772607021092118,1.5843961805124611,0.01922880865944661,198849877.33333334,576093.0121445475
confounded-pc,mixed,0,bolt-inf,maf_q1,6,1217,1.1487212115938934,0.12886864190562103,0.05754833103891683,0.005164110425179813,0.011546247699979964,0.0028456811397657685,0.0008417508417508418,0.0008417508417508418,0.35000000000000003,0.06191391873668904,0.2166666666666667,0.04772607021092118,1.5843961805124611,0.01922880865944661,198849877.33333334,576093.0121445475
confounded-pc,mixed,0,bolt-inf,maf_q2,6,1174,1.103026236799596,0.0998809551158703,0.05453615439458448,0.005254964835943145,0.0075201686996494545,0.0026808549772769116,0.001698827679219836,0.0010756062417429982,0.35000000000000003,0.06191391873668904,0.2166666666666667,0.04772607021092118,1.5843961805124611,0.01922880865944661,198849877.33333334,576093.0121445475
confounded-pc,mixed,0,bolt-inf,maf_q3,6,1194,0.99508085364728,0.038315066493461676,0.051707002306659644,0.004148798692342712,0.012530384152212496,0.0010154573432342852,0.0008417508417508418,0.0008417508417508418,0.35000000000000003,0.06191391873668904,0.2166666666666667,0.04772607021092118,1.5843961805124611,0.01922880865944661,198849877.33333334,576093.0121445475
confounded-pc,mixed,0,bolt-inf,maf_q4,6,1192,1.0278958285526614,0.07467842737546705,0.049600496422387126,0.0054718873551386415,0.010967168177294274,0.003992168410677794,0.0,0.0,0.35000000000000003,0.06191391873668904,0.2166666666666667,0.04772607021092118,1.5843961805124611,0.01922880865944661,198849877.33333334,576093.0121445475
confounded-pc,mixed,0,bolt-inf,maf_q5,6,1223,1.0732293502529646,0.09273831548179169,0.04304845638162091,0.008295578486258995,0.008888748322046364,0.001407543559902098,0.0015885984023238924,0.0010053327929148317,0.35000000000000003,0.06191391873668904,0.2166666666666667,0.04772607021092118,1.5843961805124611,0.01922880865944661,198849877.33333334,576093.0121445475
confounded-pc,mixed,0,bolt-inf,ld_q1,6,1159,1.0442677936190172,0.03612965024270631,0.05668655402310324,0.01354792009047909,0.010801631551964048,0.0045720781861862585,0.0009523809523809524,0.0009523809523809524,0.35000000000000003,0.06191391873668904,0.2166666666666667,0.04772607021092118,1.5843961805124611,0.01922880865944661,198849877.33333334,576093.0121445475
confounded-pc,mixed,0,bolt-inf,ld_q2,6,1229,1.0502830603418774,0.04173633899419109,0.04505504558864632,0.006554640136473431,0.009799479021925355,0.004484505185242763,0.0008503401360544217,0.0008503401360544217,0.35000000000000003,0.06191391873668904,0.2166666666666667,0.04772607021092118,1.5843961805124611,0.01922880865944661,198849877.33333334,576093.0121445475
confounded-pc,mixed,0,bolt-inf,ld_q3,6,1211,1.0898219218091232,0.07329915132341056,0.045156248797537234,0.006769030620856157,0.006466147018734163,0.0016040537495656034,0.0008012820512820514,0.0008012820512820514,0.35000000000000003,0.06191391873668904,0.2166666666666667,0.04772607021092118,1.5843961805124611,0.01922880865944661,198849877.33333334,576093.0121445475
confounded-pc,mixed,0,bolt-inf,ld_q4,6,1211,1.103896668924354,0.05464609952533415,0.057758981004954836,0.0035718459469737513,0.01230847161128669,0.0025908748363844916,0.0008771929824561404,0.0008771929824561404,0.35000000000000003,0.06191391873668904,0.2166666666666667,0.04772607021092118,1.5843961805124611,0.01922880865944661,198849877.33333334,576093.0121445475
confounded-pc,mixed,0,bolt-inf,ld_q5,6,1190,0.970499034423374,0.03500372688255215,0.05479012428668306,0.007383346314902738,0.012916942755674924,0.00331514693303238,0.001755155770074594,0.0011190551893145275,0.35000000000000003,0.06191391873668904,0.2166666666666667,0.04772607021092118,1.5843961805124611,0.01922880865944661,198849877.33333334,576093.0121445475
confounded-pc,mixed,0,exact,all,6,6000,1.037935706977353,0.018371025045259594,0.050833333333333335,0.002242270674512285,0.009833333333333335,0.001077548658349641,0.001,0.0003651483716701108,0.35000000000000003,0.06191391873668904,0.2166666666666667,0.04772607021092118,1.4927749236521777,0.013960739259050411,222475605.33333334,166140.36660981717
confounded-pc,mixed,0,exact,loading_q1,6,1202,0.9785941214186585,0.05105357529845076,0.04812157701316009,0.0057790570989212755,0.012905008880246765,0.003619512024674165,0.0015503875968992248,0.0015503875968992248,0.35000000000000003,0.06191391873668904,0.2166666666666667,0.04772607021092118,1.4927749236521777,0.013960739259050411,222475605.33333334,166140.36660981717
confounded-pc,mixed,0,exact,loading_q2,6,1181,0.9714281027957204,0.04185522972253969,0.051955861939617716,0.006289670688445865,0.010944621219754175,0.002431176232616279,0.0008291873963515755,0.0008291873963515756,0.35000000000000003,0.06191391873668904,0.2166666666666667,0.04772607021092118,1.4927749236521777,0.013960739259050411,222475605.33333334,166140.36660981717
confounded-pc,mixed,0,exact,loading_q3,6,1274,1.059912120957408,0.05112877505435566,0.04673332585848199,0.006965044004522245,0.007818220003056278,0.0019552043021474315,0.001505266734624533,0.0009521925330032414,0.35000000000000003,0.06191391873668904,0.2166666666666667,0.04772607021092118,1.4927749236521777,0.013960739259050411,222475605.33333334,166140.36660981717
confounded-pc,mixed,0,exact,loading_q4,6,1157,1.0935912943579182,0.060278933338001016,0.0548367583922121,0.005574799456005367,0.005338187200010468,0.0020337936364338083,0.0,0.0,0.35000000000000003,0.06191391873668904,0.2166666666666667,0.04772607021092118,1.4927749236521777,0.013960739259050411,222475605.33333334,166140.36660981717
confounded-pc,mixed,0,exact,loading_q5,6,1186,1.0934729643348182,0.08742023428542774,0.05246527110822166,0.012195389281512677,0.012073826731723193,0.004517409470106434,0.0007861635220125786,0.0007861635220125788,0.35000000000000003,0.06191391873668904,0.2166666666666667,0.04772607021092118,1.4927749236521777,0.013960739259050411,222475605.33333334,166140.36660981717
confounded-pc,mixed,0,exact,maf_q1,6,1217,1.1293730270517417,0.12212152444725677,0.05754833103891683,0.005164110425179813,0.011546247699979964,0.0028456811397657685,0.0008417508417508418,0.0008417508417508418,0.35000000000000003,0.06191391873668904,0.2166666666666667,0.04772607021092118,1.4927749236521777,0.013960739259050411,222475605.33333334,166140.36660981717
confounded-pc,mixed,0,exact,maf_q2,6,1174,1.0907171032509282,0.09651959942453359,0.05453615439458448,0.005254964835943145,0.006638334484481909,0.0026238521716954507,0.001698827679219836,0.0010756062417429982,0.35000000000000003,0.06191391873668904,0.2166666666666667,0.04772607021092118,1.4927749236521777,0.013960739259050411,222475605.33333334,166140.36660981717
confounded-pc,mixed,0,exact,maf_q3,6,1194,0.9900099378531645,0.04076421944783074,0.04927966530265216,0.003233850408717181,0.012530384152212496,0.0010154573432342852,0.0008417508417508418,0.0008417508417508418,0.35000000000000003,0.06191391873668904,0.2166666666666667,0.04772607021092118,1.4927749236521777,0.013960739259050411,222475605.33333334,166140.36660981717
confounded-pc,mixed,0,exact,maf_q4,6,1192,1.0165035039689483,0.06975371682271488,0.048775413914136305,0.005824216615144311,0.010137980780942697,0.0036962141064362654,0.0,0.0,0.35000000000000003,0.06191391873668904,0.2166666666666667,0.04772607021092118,1.4927749236521777,0.013960739259050411,222475605.33333334,166140.36660981717
confounded-pc,mixed,0,exact,maf_q5,6,1223,1.0604414311754489,0.09068070754481578,0.04304845638162091,0.008295578486258995,0.008025190463669852,0.002001882417677467,0.0015885984023238924,0.0010053327929148317,0.35000000000000003,0.06191391873668904,0.2166666666666667,0.04772607021092118,1.4927749236521777,0.013960739259050411,222475605.33333334,166140.36660981717
confounded-pc,mixed,0,exact,ld_q1,6,1159,1.0279620355127885,0.03564787007583643,0.05578565312220234,0.013102333874934119,0.009976549043713223,0.004849301830021356,0.0009523809523809524,0.0009523809523809524,0.35000000000000003,0.06191391873668904,0.2166666666666667,0.04772607021092118,1.4927749236521777,0.013960739259050411,222475605.33333334,166140.36660981717
confounded-pc,mixed,0,exact,ld_q2,6,1229,1.0251587256337487,0.040796854199863626,0.04336299821131976,0.007229871090651377,0.008949138885870933,0.0037087319985105553,0.0008503401360544217,0.0008503401360544217,0.35000000000000003,0.06191391873668904,0.2166666666666667,0.04772607021092118,1.4927749236521777,0.013960739259050411,222475605.33333334,166140.36660981717
confounded-pc,mixed,0,exact,ld_q3,6,1211,1.075498749371538,0.06823938720963753,0.04435496674625517,0.006514895308239215,0.006466147018734163,0.0016040537495656034,0.0008012820512820514,0.0008012820512820514,0.35000000000000003,0.06191391873668904,0.2166666666666667,0.04772607021092118,1.4927749236521777,0.013960739259050411,222475605.33333334,166140.36660981717
confounded-pc,mixed,0,exact,ld_q4,6,1211,1.0932927626491733,0.049839768302223114,0.057758981004954836,0.0035718459469737513,0.01230847161128669,0.0025908748363844916,0.0008771929824561404,0.0008771929824561404,0.35000000000000003,0.06191391873668904,0.2166666666666667,0.04772607021092118,1.4927749236521777,0.013960739259050411,222475605.33333334,166140.36660981717
confounded-pc,mixed,0,exact,ld_q5,6,1190,0.965020220363841,0.0343961017949986,0.05479012428668306,0.007383346314902738,0.012087755359323347,0.0033183738281409277,0.001755155770074594,0.0011190551893145275,0.35000000000000003,0.06191391873668904,0.2166666666666667,0.04772607021092118,1.4927749236521777,0.013960739259050411,222475605.33333334,166140.36660981717
confounded-pc,mixed,0,kvik,all,6,6000,1.0365324152311985,0.023320022046576627,0.050499999999999996,0.003211956828269438,0.011666666666666665,0.0016465452046971292,0.0005,0.0003415650255319867,0.36666666666666664,0.04216370213557839,0.3,0.051639777949432225,1.824385562678799,0.03693991646654516,208893269.33333334,2597303.85563341
confounded-pc,mixed,0,kvik,loading_q1,6,1202,1.0038693926840037,0.0630023264462229,0.047794473182988566,0.00403728027275729,0.011508380232433285,0.003913341237207926,0.0007751937984496124,0.0007751937984496124,0.36666666666666664,0.04216370213557839,0.3,0.051639777949432225,1.824385562678799,0.03693991646654516,208893269.33333334,2597303.85563341
confounded-pc,mixed,0,kvik,loading_q2,6,1181,0.9578585864102184,0.06924072905699508,0.05000880330830793,0.0032275327014245126,0.014283704572830064,0.0036094342068394222,0.0,0.0,0.36666666666666664,0.04216370213557839,0.3,0.051639777949432225,1.824385562678799,0.03693991646654516,208893269.33333334,2597303.85563341
confounded-pc,mixed,0,kvik,loading_q3,6,1274,1.0514355019551962,0.04661108494956205,0.05074360022046945,0.007499846123913347,0.01325366166061757,0.003118563437920673,0.0,0.0,0.36666666666666664,0.04216370213557839,0.3,0.051639777949432225,1.824385562678799,0.03693991646654516,208893269.33333334,2597303.85563341
confounded-pc,mixed,0,kvik,loading_q4,6,1157,1.057390415958085,0.09859319253327785,0.04988734468270666,0.009347372052430745,0.006822985166288165,0.002033122169745101,0.0,0.0,0.36666666666666664,0.04216370213557839,0.3,0.051639777949432225,1.824385562678799,0.03693991646654516,208893269.33333334,2597303.85563341
confounded-pc,mixed,0,kvik,loading_q5,6,1186,1.0914222448648474,0.08249863988561053,0.05331709213921363,0.00799857411135972,0.011745976545387065,0.0016361417516732783,0.001706973835088085,0.0010846113241508482,0.36666666666666664,0.04216370213557839,0.3,0.051639777949432225,1.824385562678799,0.03693991646654516,208893269.33333334,2597303.85563341
confounded-pc,mixed,0,kvik,maf_q1,6,1217,1.1232562372419206,0.09944391001845321,0.057760803203949294,0.008238629955661436,0.014626990014388564,0.003096958681050637,0.0008417508417508418,0.0008417508417508418,0.36666666666666664,0.04216370213557839,0.3,0.051639777949432225,1.824385562678799,0.03693991646654516,208893269.33333334,2597303.85563341
confounded-pc,mixed,0,kvik,maf_q2,6,1174,0.9828660410198437,0.03990865656703171,0.04590135773742435,0.0048920863735330946,0.008335926963377944,0.004041115321729575,0.0,0.0,0.36666666666666664,0.04216370213557839,0.3,0.051639777949432225,1.824385562678799,0.03693991646654516,208893269.33333334,2597303.85563341
confounded-pc,mixed,0,kvik,maf_q3,6,1194,1.0520193656700574,0.04969130989467416,0.056998153343609005,0.00379926827552181,0.014221665273105269,0.0023793540713521687,0.0,0.0,0.36666666666666664,0.04216370213557839,0.3,0.051639777949432225,1.824385562678799,0.03693991646654516,208893269.33333334,2597303.85563341
confounded-pc,mixed,0,kvik,maf_q4,6,1192,1.0692463940626957,0.022454313120606053,0.05465142161912806,0.008143649975832933,0.013472381931394729,0.005630281196257865,0.0008291873963515755,0.0008291873963515756,0.36666666666666664,0.04216370213557839,0.3,0.051639777949432225,1.824385562678799,0.03693991646654516,208893269.33333334,2597303.85563341
confounded-pc,mixed,0,kvik,maf_q5,6,1223,0.9770784246665963,0.06580969356630982,0.036966530877064634,0.0077727924118585305,0.007260826766445215,0.0027682110352275557,0.0008169934640522876,0.0008169934640522878,0.36666666666666664,0.04216370213557839,0.3,0.051639777949432225,1.824385562678799,0.03693991646654516,208893269.33333334,2597303.85563341
confounded-pc,mixed,0,kvik,ld_q1,6,1159,1.0482076272889576,0.08711468813003324,0.05872930440173785,0.009461665177061518,0.01143498814074507,0.003557384078318457,0.0,0.0,0.36666666666666664,0.04216370213557839,0.3,0.051639777949432225,1.824385562678799,0.03693991646654516,208893269.33333334,2597303.85563341
confounded-pc,mixed,0,kvik,ld_q2,6,1229,0.9396740444759208,0.05493296256013328,0.04782110188622355,0.008496020692600338,0.012304534529333222,0.004276356504730855,0.0008503401360544217,0.0008503401360544217,0.36666666666666664,0.04216370213557839,0.3,0.051639777949432225,1.824385562678799,0.03693991646654516,208893269.33333334,2597303.85563341
confounded-pc,mixed,0,kvik,ld_q3,6,1211,1.0495536925749007,0.040484399166226016,0.04087864410326316,0.006255916009017662,0.009116861600438337,0.002896138872202318,0.0008012820512820514,0.0008012820512820514,0.36666666666666664,0.04216370213557839,0.3,0.051639777949432225,1.824385562678799,0.03693991646654516,208893269.33333334,2597303.85563341
confounded-pc,mixed,0,kvik,ld_q4,6,1211,1.1420088845461647,0.05321148417237536,0.05877273454261709,0.0075557399098427425,0.01564267189186234,0.0030951408888669923,0.0007861635220125786,0.0007861635220125788,0.36666666666666664,0.04216370213557839,0.3,0.051639777949432225,1.824385562678799,0.03693991646654516,208893269.33333334,2597303.85563341
confounded-pc,mixed,0,kvik,ld_q5,6,1190,1.0158030731119565,0.05170025159520298,0.048958757916999086,0.007195444585011129,0.010347840013461654,0.003437975926786663,0.0,0.0,0.36666666666666664,0.04216370213557839,0.3,0.051639777949432225,1.824385562678799,0.03693991646654516,208893269.33333334,2597303.85563341
confounded-pc,mixed,0,ldak-kvik,all,6,6000,0.9489784901617546,0.01926855892758813,0.042833333333333334,0.00256146659379175,0.011666666666666665,0.0014063348739819326,0.0005,0.00022360679774997898,0.36666666666666664,0.04216370213557839,0.31666666666666665,0.04772607021092118,0.6480293750064448,0.10834564754820258,45088768.0,383679.5590989961
confounded-pc,mixed,0,ldak-kvik,loading_q1,6,1202,1.0240945236715324,0.08110772846936806,0.048611495958937094,0.005143110046101065,0.013050091464066995,0.004803673153919168,0.0,0.0,0.36666666666666664,0.04216370213557839,0.31666666666666665,0.04772607021092118,0.6480293750064448,0.10834564754820258,45088768.0,383679.5590989961
confounded-pc,mixed,0,ldak-kvik,loading_q2,6,1181,0.9270719390725194,0.06684366370067217,0.04413986018865715,0.0022401073578810497,0.012696593036005887,0.002810171597039521,0.0008291873963515755,0.0008291873963515756,0.36666666666666664,0.04216370213557839,0.31666666666666665,0.04772607021092118,0.6480293750064448,0.10834564754820258,45088768.0,383679.5590989961
confounded-pc,mixed,0,ldak-kvik,loading_q3,6,1274,0.9953450170247652,0.07364985204749391,0.04216085422352938,0.006437764567824855,0.013347447862852356,0.0031195098862906168,0.0007974481658692185,0.0007974481658692185,0.36666666666666664,0.04216370213557839,0.31666666666666665,0.04772607021092118,0.6480293750064448,0.10834564754820258,45088768.0,383679.5590989961
confounded-pc,mixed,0,ldak-kvik,loading_q4,6,1157,0.9381313964846775,0.050981236171308696,0.0430033839066624,0.0069401356137742025,0.006958621895157807,0.0011512027961224406,0.0,0.0,0.36666666666666664,0.04216370213557839,0.31666666666666665,0.04772607021092118,0.6480293750064448,0.10834564754820258,45088768.0,383679.5590989961
confounded-pc,mixed,0,ldak-kvik,loading_q5,6,1186,0.9401978992316712,0.06388022651202792,0.03556134542989279,0.007528510229901859,0.011745976545387065,0.0016361417516732783,0.0007861635220125786,0.0007861635220125788,0.36666666666666664,0.04216370213557839,0.31666666666666665,0.04772607021092118,0.6480293750064448,0.10834564754820258,45088768.0,383679.5590989961
confounded-pc,mixed,0,ldak-kvik,maf_q1,6,1217,1.0646659650041603,0.08528439216744696,0.046119057157507214,0.004799283548146413,0.014570855741207112,0.003060713688601176,0.0,0.0,0.36666666666666664,0.04216370213557839,0.31666666666666665,0.04772607021092118,0.6480293750064448,0.10834564754820258,45088768.0,383679.5590989961
confounded-pc,mixed,0,ldak-kvik,maf_q2,6,1174,0.9043815038217589,0.0411433478189667,0.03643472607255659,0.007232778049871012,0.010805677750290647,0.004309162590010219,0.001675485008818342,0.0010618690104755113,0.36666666666666664,0.04216370213557839,0.31666666666666665,0.04772607021092118,0.6480293750064448,0.10834564754820258,45088768.0,383679.5590989961
confounded-pc,mixed,0,ldak-kvik,maf_q3,6,1194,0.9538922551751998,0.05815757139544498,0.05098031350121992,0.0017174525210348567,0.009154606879376399,0.0007378890002139373,0.0,0.0,0.36666666666666664,0.04216370213557839,0.31666666666666665,0.04772607021092118,0.6480293750064448,0.10834564754820258,45088768.0,383679.5590989961
confounded-pc,mixed,0,ldak-kvik,maf_q4,6,1192,0.9566456834820825,0.0425476810456385,0.04446230511116906,0.006188820349788996,0.013497380903418003,0.004255943707375629,0.0,0.0,0.36666666666666664,0.04216370213557839,0.31666666666666665,0.04772607021092118,0.6480293750064448,0.10834564754820258,45088768.0,383679.5590989961
confounded-pc,mixed,0,ldak-kvik,maf_q5,6,1223,0.9746634357166896,0.06289776954017438,0.035276556053799916,0.0050188989469507434,0.009585604894939119,0.0027724993811663653,0.0008169934640522876,0.0008169934640522878,0.36666666666666664,0.04216370213557839,0.31666666666666665,0.04772607021092118,0.6480293750064448,0.10834564754820258,45088768.0,383679.5590989961
confounded-pc,mixed,0,ldak-kvik,ld_q1,6,1159,0.9977824800990085,0.0891683207766448,0.04765464025924454,0.010544515772893464,0.012426493431422816,0.0032421279874872548,0.0009523809523809524,0.0009523809523809524,0.36666666666666664,0.04216370213557839,0.31666666666666665,0.04772607021092118,0.6480293750064448,0.10834564754820258,45088768.0,383679.5590989961
confounded-pc,mixed,0,ldak-kvik,ld_q2,6,1229,0.8562754296571436,0.03318976727523597,0.03829618451205573,0.006830222913499369,0.012236667006737327,0.003132158513594462,0.0,0.0,0.36666666666666664,0.04216370213557839,0.31666666666666665,0.04772607021092118,0.6480293750064448,0.10834564754820258,45088768.0,383679.5590989961
confounded-pc,mixed,0,ldak-kvik,ld_q3,6,1211,0.9309420417456692,0.04393347171868397,0.03797465809901784,0.0052096158331899215,0.010522083010214187,0.0033739044280667006,0.0008012820512820514,0.0008012820512820514,0.36666666666666664,0.04216370213557839,0.31666666666666665,0.04772607021092118,0.6480293750064448,0.10834564754820258,45088768.0,383679.5590989961
confounded-pc,mixed,0,ldak-kvik,ld_q4,6,1211,1.0708082350254278,0.027940387603300098,0.04720911795924748,0.006915645759262401,0.0158533349317426,0.0025792777777571187,0.0,0.0,0.36666666666666664,0.04216370213557839,0.31666666666666665,0.04772607021092118,0.6480293750064448,0.10834564754820258,45088768.0,383679.5590989961
confounded-pc,mixed,0,ldak-kvik,ld_q5,6,1190,0.9500985396130585,0.0389907213295767,0.04501663797081104,0.007611417319512035,0.007831696109783301,0.003737456990406228,0.0007861635220125786,0.0007861635220125788,0.36666666666666664,0.04216370213557839,0.31666666666666665,0.04772607021092118,0.6480293750064448,0.10834564754820258,45088768.0,383679.5590989961
confounded-pc,null,0,bolt-inf,all,6,36000,1.0117809747242223,0.007827257761706305,0.05055555555555555,0.0005735959777395691,0.009666666666666665,0.0006295206877429022,0.0007777777777777778,0.00013379549531991443,nan,nan,nan,nan,1.5536460415072118,0.00850113626100451,199955797.33333334,1270506.1629842564
confounded-pc,null,0,bolt-inf,loading_q1,6,7200,1.0175027285729201,0.01760518118720214,0.04861111111111111,0.0027188187340538134,0.010416666666666666,0.0013735261461195686,0.0008333333333333334,0.000372677996249965,nan,nan,nan,nan,1.5536460415072118,0.00850113626100451,199955797.33333334,1270506.1629842564
confounded-pc,null,0,bolt-inf,loading_q2,6,7200,0.9901398034477142,0.011072233899465087,0.04694444444444445,0.0017959144305827353,0.009027777777777779,0.0009233761188108149,0.0008333333333333334,0.000372677996249965,nan,nan,nan,nan,1.5536460415072118,0.00850113626100451,199955797.33333334,1270506.1629842564
confounded-pc,null,0,bolt-inf,loading_q3,6,7200,1.0136757320377974,0.044062409787540474,0.050277777777777775,0.0016620305890723995,0.009166666666666667,0.0010318986456114843,0.0004166666666666667,0.00018633899812498252,nan,nan,nan,nan,1.5536460415072118,0.00850113626100451,199955797.33333334,1270506.1629842564
confounded-pc,null,0,bolt-inf,loading_q4,6,7200,1.0476311695820482,0.010176488481008088,0.052361111111111115,0.0018685588954269043,0.01013888888888889,0.0013161508600535708,0.0009722222222222223,0.0001388888888888889,nan,nan,nan,nan,1.5536460415072118,0.00850113626100451,199955797.33333334,1270506.1629842564
confounded-pc,null,0,bolt-inf,loading_q5,6,7200,1.0055785492504334,0.031263530997107034,0.05458333333333334,0.0023248855009639926,0.009583333333333333,0.0016631908199914117,0.0008333333333333334,0.00043033148291193526,nan,nan,nan,nan,1.5536460415072118,0.00850113626100451,199955797.33333334,1270506.1629842564
confounded-pc,null,0,bolt-inf,maf_q1,6,7159,0.9609371092105158,0.014128437562237304,0.04734175206356222,0.002069839903135286,0.0106095431450089,0.0010196719180009667,0.0006966593856635074,0.00039816519642420895,nan,nan,nan,nan,1.5536460415072118,0.00850113626100451,199955797.33333334,1270506.1629842564
confounded-pc,null,0,bolt-inf,maf_q2,6,7172,1.0019131946941948,0.018406063890181075,0.05145636744586618,0.0012387552291678102,0.01073349646248937,0.0011273568562352799,0.0011159204899004176,0.000353152508059146,nan,nan,nan,nan,1.5536460415072118,0.00850113626100451,199955797.33333334,1270506.1629842564
confounded-pc,null,0,bolt-inf,maf_q3,6,7234,0.9986656892549148,0.01368352041251321,0.051708995598610495,0.0012354716332330924,0.008569512141170956,0.0013332462017245825,0.0011060636505805888,0.00046293856500794633,nan,nan,nan,nan,1.5536460415072118,0.00850113626100451,199955797.33333334,1270506.1629842564
confounded-pc,null,0,bolt-inf,maf_q4,6,7199,1.0464701372465115,0.03974377390732754,0.05460109896725963,0.0009832036623895863,0.010691030072252673,0.0012519445430007098,0.00041575836694698827,0.0001859397530352163,nan,nan,nan,nan,1.5536460415072118,0.00850113626100451,199955797.33333334,1270506.1629842564
confounded-pc,null,0,bolt-inf,maf_q5,6,7236,1.0578918386478298,0.01299037604085053,0.047658048555734016,0.0029326685834517433,0.007734307994745361,0.0008102756799466582,0.0005509743986816885,0.0002750786302159545,nan,nan,nan,nan,1.5536460415072118,0.00850113626100451,199955797.33333334,1270506.1629842564
confounded-pc,null,0,bolt-inf,ld_q1,6,7200,1.005440130729674,0.024881444945600833,0.05347222222222222,0.0015277777777777772,0.011944444444444445,0.0012484558363469022,0.001388888888888889,0.0005121969142940495,nan,nan,nan,nan,1.5536460415072118,0.00850113626100451,199955797.33333334,1270506.1629842564
confounded-pc,null,0,bolt-inf,ld_q2,6,7200,1.0427869909681091,0.017851682781245423,0.050416666666666665,0.0021381672664362015,0.008194444444444443,0.0009233761188108148,0.0008333333333333334,0.0005692750425533112,nan,nan,nan,nan,1.5536460415072118,0.00850113626100451,199955797.33333334,1270506.1629842564
confounded-pc,null,0,bolt-inf,ld_q3,6,7200,1.0015866891645364,0.021933876946035217,0.04361111111111111,0.0023240556292613204,0.007777777777777777,0.0007657804862272347,0.0005555555555555556,0.00027777777777777783,nan,nan,nan,nan,1.5536460415072118,0.00850113626100451,199955797.33333334,1270506.1629842564
confounded-pc,null,0,bolt-inf,ld_q4,6,7200,1.0007975077781295,0.041082466782398734,0.05361111111111111,0.0022429588042429272,0.009861111111111112,0.0016585450265031313,0.0002777777777777778,0.00027777777777777783,nan,nan,nan,nan,1.5536460415072118,0.00850113626100451,199955797.33333334,1270506.1629842564
confounded-pc,null,0,bolt-inf,ld_q5,6,7200,1.0190935954133986,0.02883828067535985,0.051666666666666666,0.0017347216662217772,0.010555555555555554,0.0015908690070307058,0.0008333333333333334,0.00021516574145596763,nan,nan,nan,nan,1.5536460415072118,0.00850113626100451,199955797.33333334,1270506.1629842564
confounded-pc,null,0,exact,all,6,36000,1.0114790119787895,0.008360495226914183,0.05066666666666666,0.0005900408021045227,0.009833333333333333,0.0005708992257184503,0.0007777777777777777,0.00014054567378526134,nan,nan,nan,nan,1.5098239513269316,0.02854121456874402,227297962.66666666,4818300.911974972
confounded-pc,null,0,exact,loading_q1,6,7200,1.0175236840383057,0.020063756992674164,0.04861111111111111,0.002314073955517615,0.010555555555555556,0.0012850037229133753,0.0008333333333333334,0.000372677996249965,nan,nan,nan,nan,1.5098239513269316,0.02854121456874402,227297962.66666666,4818300.911974972
confounded-pc,null,0,exact,loading_q2,6,7200,0.9919620391714702,0.012200287187422896,0.04694444444444445,0.001662030589072399,0.009444444444444445,0.0008784104611578834,0.0006944444444444445,0.00025609845714702473,nan,nan,nan,nan,1.5098239513269316,0.02854121456874402,227297962.66666666,4818300.911974972
confounded-pc,null,0,exact,loading_q3,6,7200,1.0085591440603763,0.041915149246372296,0.049999999999999996,0.0015811388300841897,0.009166666666666667,0.001097134314340639,0.0005555555555555556,0.00017568209223157665,nan,nan,nan,nan,1.5098239513269316,0.02854121456874402,227297962.66666666,4818300.911974972
confounded-pc,null,0,exact,loading_q4,6,7200,1.047220861205745,0.00968924223998467,0.05291666666666667,0.001969089844271921,0.010416666666666666,0.0013902770840269112,0.0009722222222222223,0.0001388888888888889,nan,nan,nan,nan,1.5098239513269316,0.02854121456874402,227297962.66666666,4818300.911974972
confounded-pc,null,0,exact,loading_q5,6,7200,1.0030126553448693,0.031027163039655303,0.05486111111111112,0.002522277287700419,0.009583333333333333,0.0016631908199914117,0.0008333333333333334,0.00043033148291193526,nan,nan,nan,nan,1.5098239513269316,0.02854121456874402,227297962.66666666,4818300.911974972
confounded-pc,null,0,exact,maf_q1,6,7159,0.9597909236669642,0.014407343525491747,0.047762049190222554,0.002111562382113845,0.010329653662578838,0.0010872778974693735,0.0006966593856635074,0.00039816519642420895,nan,nan,nan,nan,1.5098239513269316,0.02854121456874402,227297962.66666666,4818300.911974972
confounded-pc,null,0,exact,maf_q2,6,7172,1.0035550668930335,0.020229388531248584,0.051318776424333724,0.0010040595411059264,0.010870545832074675,0.001252779529833468,0.0009764504759534162,0.00025762373098026423,nan,nan,nan,nan,1.5098239513269316,0.02854121456874402,227297962.66666666,4818300.911974972
confounded-pc,null,0,exact,maf_q3,6,7234,0.991271910131633,0.013769768574631875,0.05198665754007777,0.0011490613984433719,0.008847058822627787,0.0012075672137425264,0.0011060636505805888,0.00046293856500794633,nan,nan,nan,nan,1.5098239513269316,0.02854121456874402,227297962.66666666,4818300.911974972
confounded-pc,null,0,exact,maf_q4,6,7199,1.041296964986385,0.0375485840297929,0.054184522511464335,0.0010343222685964264,0.010972893726278507,0.0012424979111728858,0.00041575836694698827,0.0001859397530352163,nan,nan,nan,nan,1.5098239513269316,0.02854121456874402,227297962.66666666,4818300.911974972
confounded-pc,null,0,exact,maf_q5,6,7236,1.0542183297361103,0.016474509155599684,0.04807139185773366,0.0031537458925893075,0.008149254868503352,0.0007727381355189696,0.0006897476432001453,0.00033250758842623483,nan,nan,nan,nan,1.5098239513269316,0.02854121456874402,227297962.66666666,4818300.911974972
confounded-pc,null,0,exact,ld_q1,6,7200,0.9988637628745035,0.02193185368142588,0.05361111111111111,0.0015614965913950214,0.012222222222222223,0.0009043789220055393,0.001388888888888889,0.0005121969142940495,nan,nan,nan,nan,1.5098239513269316,0.02854121456874402,227297962.66666666,4818300.911974972
confounded-pc,null,0,exact,ld_q2,6,7200,1.0406223246385273,0.020582918955284833,0.04986111111111111,0.0018809063352477995,0.008333333333333333,0.000937885723118563,0.0008333333333333334,0.0005692750425533112,nan,nan,nan,nan,1.5098239513269316,0.02854121456874402,227297962.66666666,4818300.911974972
confounded-pc,null,0,exact,ld_q3,6,7200,0.9916925662799647,0.024763951572148363,0.04416666666666667,0.0023174059571793564,0.007916666666666667,0.0007978559231302817,0.0005555555555555556,0.00027777777777777783,nan,nan,nan,nan,1.5098239513269316,0.02854121456874402,227297962.66666666,4818300.911974972
confounded-pc,null,0,exact,ld_q4,6,7200,0.9938328606706289,0.03692368502683693,0.05402777777777778,0.0025405659425887725,0.01013888888888889,0.0017402727897418984,0.0002777777777777778,0.00017568209223157665,nan,nan,nan,nan,1.5098239513269316,0.02854121456874402,227297962.66666666,4818300.911974972
confounded-pc,null,0,exact,ld_q5,6,7200,1.0222966950539345,0.0289133140174514,0.05166666666666667,0.0016386534670836254,0.010555555555555554,0.0015908690070307058,0.0008333333333333334,0.00021516574145596763,nan,nan,nan,nan,1.5098239513269316,0.02854121456874402,227297962.66666666,4818300.911974972
confounded-pc,null,0,kvik,all,6,36000,1.0126595236526008,0.008291481525581037,0.05055555555555555,0.0005638273091717897,0.00963888888888889,0.0006197620013130888,0.0007777777777777778,0.00013379549531991443,nan,nan,nan,nan,1.633030013986475,0.03883838585463463,206127104.0,837487.9432767178
confounded-pc,null,0,kvik,loading_q1,6,7200,1.0167538322187004,0.018124295444191096,0.04875000000000001,0.002667968432263688,0.010277777777777778,0.0016197088596792502,0.0008333333333333334,0.000372677996249965,nan,nan,nan,nan,1.633030013986475,0.03883838585463463,206127104.0,837487.9432767178
confounded-pc,null,0,kvik,loading_q2,6,7200,0.9897909003882951,0.01088866190798258,0.04694444444444445,0.001662030589072399,0.009305555555555556,0.0008717974903597346,0.0008333333333333334,0.000372677996249965,nan,nan,nan,nan,1.633030013986475,0.03883838585463463,206127104.0,837487.9432767178
confounded-pc,null,0,kvik,loading_q3,6,7200,1.013204572521726,0.043715940817705246,0.05000000000000001,0.001595711846260564,0.009027777777777779,0.0010412036007772954,0.0005555555555555556,0.00017568209223157665,nan,nan,nan,nan,1.633030013986475,0.03883838585463463,206127104.0,837487.9432767178
confounded-pc,null,0,kvik,loading_q4,6,7200,1.048440476841668,0.00981628271212586,0.0525,0.001972026594366538,0.01013888888888889,0.0013161508600535708,0.0009722222222222223,0.0001388888888888889,nan,nan,nan,nan,1.633030013986475,0.03883838585463463,206127104.0,837487.9432767178
confounded-pc,null,0,kvik,loading_q5,6,7200,1.0025466904379814,0.030671389662551236,0.05458333333333334,0.0023248855009639926,0.009444444444444445,0.0016197088596792502,0.0006944444444444445,0.000334488738299786,nan,nan,nan,nan,1.633030013986475,0.03883838585463463,206127104.0,837487.9432767178
confounded-pc,null,0,kvik,maf_q1,6,7159,0.9612628313190191,0.013938165932020895,0.047061978418403955,0.0020197892065785972,0.0106095431450089,0.0010196719180009667,0.0006966593856635074,0.00039816519642420895,nan,nan,nan,nan,1.633030013986475,0.03883838585463463,206127104.0,837487.9432767178
confounded-pc,null,0,kvik,maf_q2,6,7172,1.0010986198792462,0.018848139966128913,0.05145878809022786,0.0012377344449741108,0.010731075818127675,0.001164058883278786,0.0011159204899004176,0.000353152508059146,nan,nan,nan,nan,1.633030013986475,0.03883838585463463,206127104.0,837487.9432767178
confounded-pc,null,0,kvik,maf_q3,6,7234,0.9987814739704403,0.013682970159775995,0.05198631118374638,0.0011455166746718935,0.008569512141170956,0.0013332462017245825,0.0011060636505805888,0.00046293856500794633,nan,nan,nan,nan,1.633030013986475,0.03883838585463463,206127104.0,837487.9432767178
confounded-pc,null,0,kvik,maf_q4,6,7199,1.047564605769296,0.03845583572843624,0.054460925151728366,0.0009424888124163904,0.010691030072252673,0.0012519445430007098,0.00027710057437904597,0.00017526114773122332,nan,nan,nan,nan,1.633030013986475,0.03883838585463463,206127104.0,837487.9432767178
confounded-pc,null,0,kvik,maf_q5,6,7236,1.0574549286142574,0.01272944163777449,0.04779682180025247,0.0029182864820972887,0.007596907610024284,0.0007151808794531947,0.0006897476432001453,0.00033250758842623483,nan,nan,nan,nan,1.633030013986475,0.03883838585463463,206127104.0,837487.9432767178
confounded-pc,null,0,kvik,ld_q1,6,7200,1.0027380940832327,0.02633764917599787,0.05347222222222222,0.0015277777777777772,0.011805555555555557,0.001316150860053571,0.001388888888888889,0.0005121969142940495,nan,nan,nan,nan,1.633030013986475,0.03883838585463463,206127104.0,837487.9432767178
confounded-pc,null,0,kvik,ld_q2,6,7200,1.0428803216789386,0.017866339409652918,0.050277777777777775,0.002093493742379641,0.008194444444444443,0.0008717974903597343,0.0006944444444444445,0.0004521894610027696,nan,nan,nan,nan,1.633030013986475,0.03883838585463463,206127104.0,837487.9432767178
confounded-pc,null,0,kvik,ld_q3,6,7200,1.0003198253474903,0.021944042620890385,0.04374999999999999,0.0023643768265185178,0.007777777777777777,0.0007657804862272347,0.0005555555555555556,0.00027777777777777783,nan,nan,nan,nan,1.633030013986475,0.03883838585463463,206127104.0,837487.9432767178
confounded-pc,null,0,kvik,ld_q4,6,7200,1.001380840502419,0.04115285129739432,0.05375,0.002284711668330909,0.009861111111111112,0.0016585450265031313,0.0004166666666666667,0.00028463752127665554,nan,nan,nan,nan,1.633030013986475,0.03883838585463463,206127104.0,837487.9432767178
confounded-pc,null,0,kvik,ld_q5,6,7200,1.0203527110293278,0.028991135379980097,0.05152777777777778,0.0017402727897418984,0.010555555555555554,0.0015908690070307058,0.0008333333333333334,0.00021516574145596763,nan,nan,nan,nan,1.633030013986475,0.03883838585463463,206127104.0,837487.9432767178
confounded-pc,null,0,ldak-kvik,all,6,36000,0.9466182071491348,0.007754332372387659,0.04313888888888889,0.0006602702402224839,0.009972222222222223,0.0006316009444945597,0.0009166666666666666,0.00017612074982385954,nan,nan,nan,nan,0.4269581321568694,0.07366874888068914,43177301.333333336,784981.8926982824
confounded-pc,null,0,ldak-kvik,loading_q1,6,7200,1.0059153696557281,0.017412005842514382,0.04791666666666666,0.0025344843876242583,0.010555555555555556,0.001355145657516719,0.0009722222222222223,0.000334488738299786,nan,nan,nan,nan,0.4269581321568694,0.07366874888068914,43177301.333333336,784981.8926982824
confounded-pc,null,0,ldak-kvik,loading_q2,6,7200,0.969419596645483,0.013719572940123076,0.04486111111111111,0.001953352610194352,0.009305555555555558,0.0008717974903597346,0.0009722222222222223,0.0003977172517576765,nan,nan,nan,nan,0.4269581321568694,0.07366874888068914,43177301.333333336,784981.8926982824
confounded-pc,null,0,ldak-kvik,loading_q3,6,7200,0.9685454323181694,0.04227311000369398,0.04527777777777778,0.0014218315435633034,0.009444444444444445,0.0009296222517045287,0.0006944444444444445,0.00025609845714702473,nan,nan,nan,nan,0.4269581321568694,0.07366874888068914,43177301.333333336,784981.8926982824
confounded-pc,null,0,ldak-kvik,loading_q4,6,7200,0.9554037920564352,0.010865352987760193,0.042777777777777776,0.0016053536974222102,0.010694444444444444,0.0013161508600535708,0.0011111111111111111,0.00017568209223157665,nan,nan,nan,nan,0.4269581321568694,0.07366874888068914,43177301.333333336,784981.8926982824
confounded-pc,null,0,ldak-kvik,loading_q5,6,7200,0.8369589915925402,0.02618177190263342,0.034861111111111114,0.0014816261503438424,0.00986111111111111,0.00163039228786991,0.0008333333333333334,0.00043033148291193526,nan,nan,nan,nan,0.4269581321568694,0.07366874888068914,43177301.333333336,784981.8926982824
confounded-pc,null,0,ldak-kvik,maf_q1,6,7159,0.9118642141008421,0.014406085316253299,0.04203566938856956,0.001991854738598602,0.010749834951967373,0.0010828593165877183,0.0008363632135483914,0.00037299100526094287,nan,nan,nan,nan,0.4269581321568694,0.07366874888068914,43177301.333333336,784981.8926982824
confounded-pc,null,0,ldak-kvik,maf_q2,6,7172,0.9397097317108619,0.01737530319714176,0.0444934295868423,0.0018387622175477538,0.011153083466473387,0.0012516878665148829,0.0012533208746214948,0.0003571745729323199,nan,nan,nan,nan,0.4269581321568694,0.07366874888068914,43177301.333333336,784981.8926982824
confounded-pc,null,0,ldak-kvik,maf_q3,6,7234,0.9310217819232743,0.01564127536989474,0.04396159556908444,0.0014343012558983399,0.008847289918948733,0.0013175246661402047,0.001244606183138084,0.000467201331929222,nan,nan,nan,nan,0.4269581321568694,0.07366874888068914,43177301.333333336,784981.8926982824
confounded-pc,null,0,ldak-kvik,maf_q4,6,7199,0.9751518262543981,0.036832785133103174,0.04543798261095517,0.0013169664996386466,0.010971608799636138,0.0011622892477400853,0.0005546472558358772,0.0001754024747914832,nan,nan,nan,nan,0.4269581321568694,0.07366874888068914,43177301.333333336,784981.8926982824
confounded-pc,null,0,ldak-kvik,maf_q5,6,7236,0.9877213072757215,0.013502227283082655,0.03978335520229521,0.0029591625126639365,0.00814902415654239,0.0008837348846856783,0.0006897476432001453,0.00033250758842623483,nan,nan,nan,nan,0.4269581321568694,0.07366874888068914,43177301.333333336,784981.8926982824
confounded-pc,null,0,ldak-kvik,ld_q1,6,7200,0.9349412227520894,0.019571965199299577,0.04597222222222223,0.0016862278011973545,0.012638888888888892,0.0009722222222222224,0.001388888888888889,0.0005121969142940495,nan,nan,nan,nan,0.4269581321568694,0.07366874888068914,43177301.333333336,784981.8926982824
confounded-pc,null,0,ldak-kvik,ld_q2,6,7200,0.9724768926873498,0.01509972046902636,0.04305555555555555,0.0017033010796395443,0.008055555555555554,0.0007657804862272347,0.0008333333333333334,0.0005692750425533112,nan,nan,nan,nan,0.4269581321568694,0.07366874888068914,43177301.333333336,784981.8926982824
confounded-pc,null,0,ldak-kvik,ld_q3,6,7200,0.9275924896913098,0.025922901658844585,0.037083333333333336,0.0016770509831248424,0.008055555555555555,0.000668977476599572,0.0005555555555555556,0.00027777777777777783,nan,nan,nan,nan,0.4269581321568694,0.07366874888068914,43177301.333333336,784981.8926982824
confounded-pc,null,0,ldak-kvik,ld_q4,6,7200,0.9313973104395977,0.042834386349454946,0.045138888888888895,0.0021017702708918825,0.010277777777777778,0.0018467522376216295,0.0006944444444444445,0.0005450393575096829,nan,nan,nan,nan,0.4269581321568694,0.07366874888068914,43177301.333333336,784981.8926982824
confounded-pc,null,0,ldak-kvik,ld_q5,6,7200,0.9563114277576985,0.029709495337243128,0.044444444444444446,0.0019563129846287787,0.010833333333333332,0.0016101529717988266,0.0011111111111111111,0.00027777777777777783,nan,nan,nan,nan,0.4269581321568694,0.07366874888068914,43177301.333333336,784981.8926982824
confounded,mixed,0,bolt-inf,all,6,6000,1.0759762666501798,0.015030328995532808,0.05583333333333334,0.0012494443209327545,0.011166666666666665,0.0017591033069278349,0.0016666666666666668,0.0003333333333333334,0.35000000000000003,0.06191391873668904,0.2333333333333334,0.04944132324730442,1.5487094651713658,0.027720225324316946,197776725.33333334,675962.1793938212
confounded,mixed,0,bolt-inf,loading_q1,6,1202,1.131443211442109,0.046711933378411286,0.05688378409088207,0.006620263019823104,0.014477614850516135,0.004206210976238575,0.0023402770123810575,0.0015930389474947497,0.35000000000000003,0.06191391873668904,0.2333333333333334,0.04944132324730442,1.5487094651713658,0.027720225324316946,197776725.33333334,675962.1793938212
confounded,mixed,0,bolt-inf,loading_q2,6,1181,1.0642186229819837,0.06146762482868168,0.05721959782368943,0.004620404962137944,0.014410468241260401,0.0038020648208870384,0.0008291873963515755,0.0008291873963515756,0.35000000000000003,0.06191391873668904,0.2333333333333334,0.04944132324730442,1.5487094651713658,0.027720225324316946,197776725.33333334,675962.1793938212
confounded,mixed,0,bolt-inf,loading_q3,6,1274,1.1272072446301797,0.06830931252282835,0.05917936815985869,0.007852384516059671,0.009315532760341506,0.003354796813596691,0.001505266734624533,0.0009521925330032414,0.35000000000000003,0.06191391873668904,0.2333333333333334,0.04944132324730442,1.5487094651713658,0.027720225324316946,197776725.33333334,675962.1793938212
confounded,mixed,0,bolt-inf,loading_q4,6,1157,1.0943451280914527,0.07840863279217634,0.05453029200749407,0.0028563403816871478,0.007730472680710976,0.002297733810609063,0.0017287590458322166,0.001096255802001968,0.35000000000000003,0.06191391873668904,0.2333333333333334,0.04944132324730442,1.5487094651713658,0.027720225324316946,197776725.33333334,675962.1793938212
confounded,mixed,0,bolt-inf,loading_q5,6,1186,1.038339172248536,0.07261819188301617,0.05083196548608528,0.009592904534740068,0.009405318502974637,0.0021386052909798552,0.001706973835088085,0.0010846113241508482,0.35000000000000003,0.06191391873668904,0.2333333333333334,0.04944132324730442,1.5487094651713658,0.027720225324316946,197776725.33333334,675962.1793938212
confounded,mixed,0,bolt-inf,maf_q1,6,1217,1.210094139456108,0.10369931616138431,0.06420433920281758,0.007674717592218118,0.012366158281394903,0.0036224633303272107,0.0016316402572326746,0.001032721519156891,0.35000000000000003,0.06191391873668904,0.2333333333333334,0.04944132324730442,1.5487094651713658,0.027720225324316946,197776725.33333334,675962.1793938212
confounded,mixed,0,bolt-inf,maf_q2,6,1174,1.1119349918014456,0.10796162866532492,0.0579018345465244,0.0044627848924090625,0.010077487923635345,0.004023311344830074,0.001698827679219836,0.0010756062417429982,0.35000000000000003,0.06191391873668904,0.2333333333333334,0.04944132324730442,1.5487094651713658,0.027720225324316946,197776725.33333334,675962.1793938212
confounded,mixed,0,bolt-inf,maf_q3,6,1194,1.0419625778005652,0.04311296755121816,0.056350678920944884,0.0056412648868624194,0.011794512880626938,0.0017853153875105985,0.0016430328930328933,0.0010396179436872083,0.35000000000000003,0.06191391873668904,0.2333333333333334,0.04944132324730442,1.5487094651713658,0.027720225324316946,197776725.33333334,675962.1793938212
confounded,mixed,0,bolt-inf,maf_q4,6,1192,1.05504732607419,0.09392225750914253,0.0486839208086109,0.0021980661998013385,0.012644285221522967,0.003650232007490764,0.001675211085014858,0.001059576777862721,0.35000000000000003,0.06191391873668904,0.2333333333333334,0.04944132324730442,1.5487094651713658,0.027720225324316946,197776725.33333334,675962.1793938212
confounded,mixed,0,bolt-inf,maf_q5,6,1223,1.0207071028002388,0.09099479987552586,0.051557407215673666,0.006299234170910665,0.00874020244687488,0.002385002827928698,0.0015885984023238924,0.0010053327929148317,0.35000000000000003,0.06191391873668904,0.2333333333333334,0.04944132324730442,1.5487094651713658,0.027720225324316946,197776725.33333334,675962.1793938212
confounded,mixed,0,bolt-inf,ld_q1,6,1159,1.102702551918653,0.04549980210385625,0.06251524072725703,0.011971359998420177,0.013313573131069805,0.0054331911976623435,0.0018532818532818532,0.001172796473605613,0.35000000000000003,0.06191391873668904,0.2333333333333334,0.04944132324730442,1.5487094651713658,0.027720225324316946,197776725.33333334,675962.1793938212
confounded,mixed,0,bolt-inf,ld_q2,6,1229,1.0190643693948147,0.05146591084622661,0.04758823911353388,0.006651510037783582,0.009052927157796207,0.003569676668675952,0.0017610869484405783,0.001114791584070479,0.35000000000000003,0.06191391873668904,0.2333333333333334,0.04944132324730442,1.5487094651713658,0.027720225324316946,197776725.33333334,675962.1793938212
confounded,mixed,0,bolt-inf,ld_q3,6,1211,1.1252543065590201,0.06661845291542823,0.05199483634232512,0.0049429379189711515,0.011376408112145181,0.0013776646355050828,0.0016103435399551903,0.0010184885067873076,0.35000000000000003,0.06191391873668904,0.2333333333333334,0.04944132324730442,1.5487094651713658,0.027720225324316946,197776725.33333334,675962.1793938212
confounded,mixed,0,bolt-inf,ld_q4,6,1211,1.1723253785845507,0.07526001073752016,0.06535816644269431,0.005098050111194549,0.008975967971153844,0.004098546410911447,0.001663356504468719,0.0010543594083539758,0.35000000000000003,0.06191391873668904,0.2333333333333334,0.04944132324730442,1.5487094651713658,0.027720225324316946,197776725.33333334,675962.1793938212
confounded,mixed,0,bolt-inf,ld_q5,6,1190,0.9952365358530333,0.04819813644088158,0.05410361568469566,0.008587291779547713,0.013395020993108011,0.0036634485544667183,0.001755155770074594,0.0011190551893145275,0.35000000000000003,0.06191391873668904,0.2333333333333334,0.04944132324730442,1.5487094651713658,0.027720225324316946,197776725.33333334,675962.1793938212
confounded,mixed,0,exact,all,6,6000,1.0587883583708464,0.01678033897368053,0.05466666666666667,0.001308094458023239,0.011166666666666665,0.0015793810320642847,0.0016666666666666668,0.00042163702135578394,0.35000000000000003,0.06191391873668904,0.2166666666666667,0.04772607021092118,1.478073104158587,0.04450136289218403,225973589.33333334,3425211.382298915
confounded,mixed,0,exact,loading_q1,6,1202,1.0443712189876806,0.04759324495172896,0.049980212205128625,0.006684693546209541,0.012847720197365664,0.0038203938093524523,0.0015503875968992248,0.0015503875968992248,0.35000000000000003,0.06191391873668904,0.2166666666666667,0.04772607021092118,1.478073104158587,0.04450136289218403,225973589.33333334,3425211.382298915
confounded,mixed,0,exact,loading_q2,6,1181,0.9885801158411144,0.055824094630358506,0.052430325793038086,0.0047775068754819724,0.013484542315334476,0.004311917556439404,0.0008291873963515755,0.0008291873963515756,0.35000000000000003,0.06191391873668904,0.2166666666666667,0.04772607021092118,1.478073104158587,0.04450136289218403,225973589.33333334,3425211.382298915
confounded,mixed,0,exact,loading_q3,6,1274,1.0837218454170527,0.06934772069448546,0.053840756368517824,0.005911901145085123,0.007012817859847754,0.0025828509171599815,0.001505266734624533,0.0009521925330032414,0.35000000000000003,0.06191391873668904,0.2166666666666667,0.04772607021092118,1.478073104158587,0.04450136289218403,225973589.33333334,3425211.382298915
confounded,mixed,0,exact,loading_q4,6,1157,1.0867976678727576,0.06888422723028353,0.05625905105332629,0.0027645126062644455,0.009376814144125611,0.002472364628576201,0.0017287590458322166,0.001096255802001968,0.35000000000000003,0.06191391873668904,0.2166666666666667,0.04772607021092118,1.478073104158587,0.04450136289218403,225973589.33333334,3425211.382298915
confounded,mixed,0,exact,loading_q5,6,1186,1.1157331768476426,0.07164703595912615,0.06120023031364147,0.010650410972636942,0.012776019874888194,0.002983859526335276,0.00263807253154991,0.0011864156362469196,0.35000000000000003,0.06191391873668904,0.2166666666666667,0.04772607021092118,1.478073104158587,0.04450136289218403,225973589.33333334,3425211.382298915
confounded,mixed,0,exact,maf_q1,6,1217,1.1806558599882842,0.1060075451901532,0.06504181719765599,0.007525106178729476,0.012366158281394903,0.0036224633303272107,0.0024733910989835164,0.0011071063145578668,0.35000000000000003,0.06191391873668904,0.2166666666666667,0.04772607021092118,1.478073104158587,0.04450136289218403,225973589.33333334,3425211.382298915
confounded,mixed,0,exact,maf_q2,6,1174,1.0877559360943172,0.09879964885399588,0.055455431661449846,0.005309819897448406,0.010936594452844969,0.003902998540244658,0.001698827679219836,0.0010756062417429982,0.35000000000000003,0.06191391873668904,0.2166666666666667,0.04772607021092118,1.478073104158587,0.04450136289218403,225973589.33333334,3425211.382298915
confounded,mixed,0,exact,maf_q3,6,1194,1.0385210423419424,0.0411927418970272,0.05298394761303712,0.004266175238806904,0.013527257260430142,0.002657663589920397,0.0008417508417508418,0.0008417508417508418,0.35000000000000003,0.06191391873668904,0.2166666666666667,0.04772607021092118,1.478073104158587,0.04450136289218403,225973589.33333334,3425211.382298915
confounded,mixed,0,exact,maf_q4,6,1192,1.0413386856478444,0.08563001630668003,0.047887942160484094,0.001967570603682542,0.01012195976136501,0.0037007430224039713,0.001675211085014858,0.001059576777862721,0.35000000000000003,0.06191391873668904,0.2166666666666667,0.04772607021092118,1.478073104158587,0.04450136289218403,225973589.33333334,3425211.382298915
confounded,mixed,0,exact,maf_q5,6,1223,0.9993937798719061,0.09508145486753031,0.05139993694531142,0.00857329489675891,0.008599807961138572,0.003317212713368372,0.0015885984023238924,0.0010053327929148317,0.35000000000000003,0.06191391873668904,0.2166666666666667,0.04772607021092118,1.478073104158587,0.04450136289218403,225973589.33333334,3425211.382298915
confounded,mixed,0,exact,ld_q1,6,1159,1.0792394383070338,0.049031264184950976,0.06179680907598955,0.012615330825561433,0.01338939152371988,0.0065503390631645305,0.0028056628056628056,0.0019373537778824932,0.35000000000000003,0.06191391873668904,0.2166666666666667,0.04772607021092118,1.478073104158587,0.04450136289218403,225973589.33333334,3425211.382298915
confounded,mixed,0,exact,ld_q2,6,1229,1.0238220216233676,0.05246105628784325,0.04920820578407606,0.006577317182387654,0.009052927157796207,0.003569676668675952,0.0017610869484405783,0.001114791584070479,0.35000000000000003,0.06191391873668904,0.2166666666666667,0.04772607021092118,1.478073104158587,0.04450136289218403,225973589.33333334,3425211.382298915
confounded,mixed,0,exact,ld_q3,6,1211,1.0769020593365621,0.07853727993280002,0.04974427892872423,0.003959581676268447,0.010186956889429619,0.0035489990971851,0.0008012820512820514,0.0008012820512820514,0.35000000000000003,0.06191391873668904,0.2166666666666667,0.04772607021092118,1.478073104158587,0.04450136289218403,225973589.33333334,3425211.382298915
confounded,mixed,0,exact,ld_q4,6,1211,1.1284905754850592,0.06250515490309079,0.06349163416998355,0.005077003381195882,0.009777250022435895,0.003816179083433404,0.001663356504468719,0.0010543594083539758,0.35000000000000003,0.06191391873668904,0.2166666666666667,0.04772607021092118,1.478073104158587,0.04450136289218403,225973589.33333334,3425211.382298915
confounded,mixed,0,exact,ld_q5,6,1190,0.9712372859394841,0.045570620005578585,0.051415004269259844,0.00862546530772277,0.013423496574266622,0.0038310277695779845,0.001755155770074594,0.0011190551893145275,0.35000000000000003,0.06191391873668904,0.2166666666666667,0.04772607021092118,1.478073104158587,0.04450136289218403,225973589.33333334,3425211.382298915
confounded,mixed,0,kvik,all,6,6000,0.8624197775472909,0.04303948778441372,0.034166666666666665,0.003081305639569766,0.005333333333333333,0.0009888264649460885,0.0,0.0,0.31666666666666665,0.04772607021092118,0.2166666666666667,0.04772607021092118,3.228932471984687,0.21091139583220453,222333610.66666666,4973975.556993493
confounded,mixed,0,kvik,loading_q1,6,1202,0.854478544337066,0.07709781430849942,0.0285365212474952,0.005626075782495065,0.0039053602263125022,0.0025366253720113174,0.0,0.0,0.31666666666666665,0.04772607021092118,0.2166666666666667,0.04772607021092118,3.228932471984687,0.21091139583220453,222333610.66666666,4973975.556993493
confounded,mixed,0,kvik,loading_q2,6,1181,0.8296765648497989,0.04489948578964701,0.03739164286213523,0.004342094804881132,0.007734285718824233,0.002156141177858807,0.0,0.0,0.31666666666666665,0.04772607021092118,0.2166666666666667,0.04772607021092118,3.228932471984687,0.21091139583220453,222333610.66666666,4973975.556993493
confounded,mixed,0,kvik,loading_q3,6,1274,0.8581256526822872,0.05802601367428975,0.034511537560306,0.005180713731502957,0.006247255603703597,0.002333833382886273,0.0,0.0,0.31666666666666665,0.04772607021092118,0.2166666666666667,0.04772607021092118,3.228932471984687,0.21091139583220453,222333610.66666666,4973975.556993493
confounded,mixed,0,kvik,loading_q4,6,1157,0.9146648842960711,0.05889116683684415,0.02908875630257335,0.00320115798476762,0.005103859555079067,0.0026052530747967652,0.0,0.0,0.31666666666666665,0.04772607021092118,0.2166666666666667,0.04772607021092118,3.228932471984687,0.21091139583220453,222333610.66666666,4973975.556993493
confounded,mixed,0,kvik,loading_q5,6,1186,0.8651042630897204,0.0750566446646001,0.040507104306469276,0.006402888377732746,0.0035804558718683746,0.0018379282788160952,0.0,0.0,0.31666666666666665,0.04772607021092118,0.2166666666666667,0.04772607021092118,3.228932471984687,0.21091139583220453,222333610.66666666,4973975.556993493
confounded,mixed,0,kvik,maf_q1,6,1217,0.970205842054634,0.08167287495497562,0.03613966298290612,0.0074172425918701875,0.005619289406172147,0.0022484681872052673,0.0,0.0,0.31666666666666665,0.04772607021092118,0.2166666666666667,0.04772607021092118,3.228932471984687,0.21091139583220453,222333610.66666666,4973975.556993493
confounded,mixed,0,kvik,maf_q2,6,1174,0.7972470328596035,0.06776719204874246,0.03323554502722812,0.007542846393597932,0.005073760583138247,0.0018420070449401567,0.0,0.0,0.31666666666666665,0.04772607021092118,0.2166666666666667,0.04772607021092118,3.228932471984687,0.21091139583220453,222333610.66666666,4973975.556993493
confounded,mixed,0,kvik,maf_q3,6,1194,0.8481985633882522,0.06622834830260989,0.03946543218489861,0.0036870852535719873,0.005877739596226991,0.0015167770449934586,0.0,0.0,0.31666666666666665,0.04772607021092118,0.2166666666666667,0.04772607021092118,3.228932471984687,0.21091139583220453,222333610.66666666,4973975.556993493
confounded,mixed,0,kvik,maf_q4,6,1192,0.8619141480200901,0.04408013274911405,0.03354593878048299,0.005259523205661466,0.0075479587152025305,0.003355288484800033,0.0,0.0,0.31666666666666665,0.04772607021092118,0.2166666666666667,0.04772607021092118,3.228932471984687,0.21091139583220453,222333610.66666666,4973975.556993493
confounded,mixed,0,kvik,maf_q5,6,1223,0.8584834527893271,0.057197087037598945,0.02809006660999051,0.00452434857942241,0.002416094992898438,0.0010842512999325034,0.0,0.0,0.31666666666666665,0.04772607021092118,0.2166666666666667,0.04772607021092118,3.228932471984687,0.21091139583220453,222333610.66666666,4973975.556993493
confounded,mixed,0,kvik,ld_q1,6,1159,0.939192700105188,0.07693799538264628,0.037037198070310445,0.007975157662720302,0.008263467549181835,0.0044954233987229975,0.0,0.0,0.31666666666666665,0.04772607021092118,0.2166666666666667,0.04772607021092118,3.228932471984687,0.21091139583220453,222333610.66666666,4973975.556993493
confounded,mixed,0,kvik,ld_q2,6,1229,0.8443483441392822,0.07182730450610206,0.030975698033008314,0.008486715519876451,0.0060315458516801606,0.0024833102639394895,0.0,0.0,0.31666666666666665,0.04772607021092118,0.2166666666666667,0.04772607021092118,3.228932471984687,0.21091139583220453,222333610.66666666,4973975.556993493
confounded,mixed,0,kvik,ld_q3,6,1211,0.7828263077124707,0.07774294660252486,0.030907477383650874,0.005257915412846197,0.002531225919753418,0.0016801987847560554,0.0,0.0,0.31666666666666665,0.04772607021092118,0.2166666666666667,0.04772607021092118,3.228932471984687,0.21091139583220453,222333610.66666666,4973975.556993493
confounded,mixed,0,kvik,ld_q4,6,1211,0.9566892284171566,0.051704546197989726,0.04180845684585808,0.006430400108368081,0.004289718348372984,0.0028543609967045364,0.0,0.0,0.31666666666666665,0.04772607021092118,0.2166666666666667,0.04772607021092118,3.228932471984687,0.21091139583220453,222333610.66666666,4973975.556993493
confounded,mixed,0,kvik,ld_q5,6,1190,0.9064090608861054,0.07600057782637605,0.032336680427967876,0.004744585084842246,0.006969846053384693,0.002976537278542265,0.0,0.0,0.31666666666666665,0.04772607021092118,0.2166666666666667,0.04772607021092118,3.228932471984687,0.21091139583220453,222333610.66666666,4973975.556993493
confounded,mixed,0,ldak-kvik,all,6,6000,3.309132058527659,1.397480736515806,0.1955,0.08854782135471582,0.122,0.06897922392527574,0.07383333333333333,0.04592560409086756,0.43333333333333335,0.0557773351022717,0.3,0.03651483716701108,1.3454812221461907,0.09675728722956002,42011306.666666664,433880.50657376985
confounded,mixed,0,ldak-kvik,loading_q1,6,1202,1.3572725381380686,0.23646461631850726,0.08709244764757458,0.0299898066434938,0.0270117582730096,0.013370162082068005,0.0076795297725530285,0.0049900626096697955,0.43333333333333335,0.0557773351022717,0.3,0.03651483716701108,1.3454812221461907,0.09675728722956002,42011306.666666664,433880.50657376985
confounded,mixed,0,ldak-kvik,loading_q2,6,1181,2.240249220554657,0.8029397904260093,0.15221044306382703,0.06544459296742167,0.0739950939178401,0.039475593632646896,0.022107238846816823,0.014144971181131623,0.43333333333333335,0.0557773351022717,0.3,0.03651483716701108,1.3454812221461907,0.09675728722956002,42011306.666666664,433880.50657376985
confounded,mixed,0,ldak-kvik,loading_q3,6,1274,3.4977230782566235,1.5624610377678285,0.1901941726958645,0.09232381790681757,0.11039398722199577,0.06546945994438662,0.05679957469431154,0.03593119540100735,0.43333333333333335,0.0557773351022717,0.3,0.03651483716701108,1.3454812221461907,0.09675728722956002,42011306.666666664,433880.50657376985
confounded,mixed,0,ldak-kvik,loading_q4,6,1157,4.946496622406218,2.4114918860615187,0.23755779760455897,0.1168749199103402,0.16183704117572004,0.09257434822855919,0.10086625920895582,0.06221411562151738,0.43333333333333335,0.0557773351022717,0.3,0.03651483716701108,1.3454812221461907,0.09675728722956002,42011306.666666664,433880.50657376985
confounded,mixed,0,ldak-kvik,loading_q5,6,1186,10.25935535942449,5.688193327168544,0.31554848931067886,0.14426489004745258,0.2423626641142321,0.13942640321036218,0.18592535703641633,0.11596203501733357,0.43333333333333335,0.0557773351022717,0.3,0.03651483716701108,1.3454812221461907,0.09675728722956002,42011306.666666664,433880.50657376985
confounded,mixed,0,ldak-kvik,maf_q1,6,1217,3.052833009988858,1.2574378839795861,0.19402771171562028,0.08020454580389519,0.10864640200660809,0.058128931647653335,0.05743162367586332,0.03488974330530199,0.43333333333333335,0.0557773351022717,0.3,0.03651483716701108,1.3454812221461907,0.09675728722956002,42011306.666666664,433880.50657376985
confounded,mixed,0,ldak-kvik,maf_q2,6,1174,3.412811633178635,1.4679164882020148,0.19679763698527272,0.09080976060957362,0.12700067684032426,0.0738282523193846,0.08237109658678286,0.05205419305331696,0.43333333333333335,0.0557773351022717,0.3,0.03651483716701108,1.3454812221461907,0.09675728722956002,42011306.666666664,433880.50657376985
confounded,mixed,0,ldak-kvik,maf_q3,6,1194,3.285403303599334,1.3587743440384796,0.1951707747808955,0.08676001930297299,0.12563013065532033,0.07012491099194978,0.07474252327193504,0.047650883153369385,0.43333333333333335,0.0557773351022717,0.3,0.03651483716701108,1.3454812221461907,0.09675728722956002,42011306.666666664,433880.50657376985
confounded,mixed,0,ldak-kvik,maf_q4,6,1192,3.5475883827132244,1.525203743336654,0.19790747137824272,0.09448430680760948,0.12622092665479653,0.07282792287478389,0.07974838687274288,0.04964674343508539,0.43333333333333335,0.0557773351022717,0.3,0.03651483716701108,1.3454812221461907,0.09675728722956002,42011306.666666664,433880.50657376985
confounded,mixed,0,ldak-kvik,maf_q5,6,1223,3.3641194148544913,1.4682608482408794,0.19239966714141435,0.0919549386337033,0.12217466620092128,0.0705228574312515,0.07445882037070194,0.046648644303248214,0.43333333333333335,0.0557773351022717,0.3,0.03651483716701108,1.3454812221461907,0.09675728722956002,42011306.666666664,433880.50657376985
confounded,mixed,0,ldak-kvik,ld_q1,6,1159,3.2877632318914856,1.3093859820991378,0.20205027251249463,0.08285895619699954,0.12460722331793073,0.06625113054251786,0.0817035883124992,0.04817747994941352,0.43333333333333335,0.0557773351022717,0.3,0.03651483716701108,1.3454812221461907,0.09675728722956002,42011306.666666664,433880.50657376985
confounded,mixed,0,ldak-kvik,ld_q2,6,1229,2.8857328483831566,1.1528455677297422,0.17576475162661118,0.08483056651722531,0.1059821912003075,0.05924563707669372,0.065240326010531,0.040467354142678755,0.43333333333333335,0.0557773351022717,0.3,0.03651483716701108,1.3454812221461907,0.09675728722956002,42011306.666666664,433880.50657376985
confounded,mixed,0,ldak-kvik,ld_q3,6,1211,3.405336221341493,1.5221368768813976,0.19527149160973065,0.0931438087760921,0.12278618366086312,0.06949195755847078,0.07203435609334485,0.045835155188528355,0.43333333333333335,0.0557773351022717,0.3,0.03651483716701108,1.3454812221461907,0.09675728722956002,42011306.666666664,433880.50657376985
confounded,mixed,0,ldak-kvik,ld_q4,6,1211,3.4095826525855117,1.4111010498256604,0.19989034933958513,0.08681364088896835,0.12377653761796285,0.07257459826842473,0.07803147692401179,0.04954885356086006,0.43333333333333335,0.0557773351022717,0.3,0.03651483716701108,1.3454812221461907,0.09675728722956002,42011306.666666664,433880.50657376985
confounded,mixed,0,ldak-kvik,ld_q5,6,1190,3.726405903594099,1.6663661893385693,0.206920363222883,0.095697428114114,0.13359887649157973,0.07753777040889384,0.07165057773877431,0.04541236277347395,0.43333333333333335,0.0557773351022717,0.3,0.03651483716701108,1.3454812221461907,0.09675728722956002,42011306.666666664,433880.50657376985
confounded,null,0,bolt-inf,all,6,36000,1.0528621023456444,0.0041566865937120515,0.057972222222222224,0.0012348464192005193,0.011777777777777778,0.0006065486250647191,0.001222222222222222,0.00016480441082434807,nan,nan,nan,nan,1.5391364233316078,0.05706762518528694,201012565.33333334,3903670.183459891
confounded,null,0,bolt-inf,loading_q1,6,7200,1.0776546485636884,0.02403218557532815,0.05708333333333334,0.0033867251744727394,0.012361111111111113,0.0021453725682944033,0.0020833333333333333,0.000515949322805742,nan,nan,nan,nan,1.5391364233316078,0.05706762518528694,201012565.33333334,3903670.183459891
confounded,null,0,bolt-inf,loading_q2,6,7200,1.0481358258301754,0.011420109849932712,0.05291666666666666,0.0022334784364139108,0.010972222222222222,0.001481626150343843,0.00125,0.0003568120160740314,nan,nan,nan,nan,1.5391364233316078,0.05706762518528694,201012565.33333334,3903670.183459891
confounded,null,0,bolt-inf,loading_q3,6,7200,1.0344361243516202,0.03350791728393475,0.058888888888888886,0.0017168374600402716,0.011527777777777777,0.0011058905131885771,0.0005555555555555556,0.00027777777777777783,nan,nan,nan,nan,1.5391364233316078,0.05706762518528694,201012565.33333334,3903670.183459891
confounded,null,0,bolt-inf,loading_q4,6,7200,1.0962971003348825,0.017935025440528357,0.06333333333333334,0.0022360679774997894,0.012916666666666667,0.0011931517552730294,0.0009722222222222223,0.000334488738299786,nan,nan,nan,nan,1.5391364233316078,0.05706762518528694,201012565.33333334,3903670.183459891
confounded,null,0,bolt-inf,loading_q5,6,7200,1.021598869462836,0.026163446062416676,0.057638888888888885,0.001497168108690208,0.011111111111111112,0.0009296222517045287,0.00125,0.00041666666666666675,nan,nan,nan,nan,1.5391364233316078,0.05706762518528694,201012565.33333334,3903670.183459891
confounded,null,0,bolt-inf,maf_q1,6,7159,1.0080366417946285,0.011427149962225077,0.057260156584845366,0.0030650908364520313,0.012286436971825054,0.0020968654955807885,0.0013942524634413273,0.00046562516658364727,nan,nan,nan,nan,1.5391364233316078,0.05706762518528694,201012565.33333334,3903670.183459891
confounded,null,0,bolt-inf,maf_q2,6,7172,1.0609064892965787,0.015996104116956275,0.059285629005952585,0.0026633942310461184,0.01296265944104147,0.0010410339987141247,0.0012516022605313433,0.0003540472959299221,nan,nan,nan,nan,1.5391364233316078,0.05706762518528694,201012565.33333334,3903670.183459891
confounded,null,0,bolt-inf,maf_q3,6,7234,1.0595618982565282,0.025632132609072017,0.05667899453309377,0.0008400971021210336,0.011616791217438166,0.0015833369393901467,0.0015218076584723392,0.0003966196858806039,nan,nan,nan,nan,1.5391364233316078,0.05706762518528694,201012565.33333334,3903670.183459891
confounded,null,0,bolt-inf,maf_q4,6,7199,1.0766196764181604,0.019916766018658074,0.05863014479124224,0.001648671568081707,0.012082375532111526,0.0015271569865140558,0.0013844468143074864,0.0004596338447555195,nan,nan,nan,nan,1.5391364233316078,0.05706762518528694,201012565.33333334,3903670.183459891
confounded,null,0,bolt-inf,maf_q5,6,7236,1.0722178651556644,0.023162828077144173,0.05803553657638435,0.0025050095904603667,0.00994026147312972,0.0015426033524788786,0.0005523472584790681,0.0002770022440952289,nan,nan,nan,nan,1.5391364233316078,0.05706762518528694,201012565.33333334,3903670.183459891
confounded,null,0,bolt-inf,ld_q1,6,7200,1.0283026974433747,0.004699507293067233,0.05722222222222222,0.0025519297950790786,0.01361111111111111,0.001355145657516719,0.0016666666666666668,0.00030429030972509234,nan,nan,nan,nan,1.5391364233316078,0.05706762518528694,201012565.33333334,3903670.183459891
confounded,null,0,bolt-inf,ld_q2,6,7200,1.0656831095828618,0.020755217737105015,0.058611111111111114,0.0012668615834434867,0.009583333333333334,0.0006364688465216446,0.00125,0.0005159493228057421,nan,nan,nan,nan,1.5391364233316078,0.05706762518528694,201012565.33333334,3903670.183459891
confounded,null,0,bolt-inf,ld_q3,6,7200,1.0480733303904304,0.03526778931547613,0.05319444444444444,0.002758964065740868,0.009305555555555555,0.001018728934494014,0.0008333333333333334,0.00021516574145596763,nan,nan,nan,nan,1.5391364233316078,0.05706762518528694,201012565.33333334,3903670.183459891
confounded,null,0,bolt-inf,ld_q4,6,7200,1.0580214348893116,0.028910431212270757,0.05875,0.0012123973801552886,0.012916666666666668,0.001173590565237645,0.0009722222222222223,0.0003977172517576765,nan,nan,nan,nan,1.5391364233316078,0.05706762518528694,201012565.33333334,3903670.183459891
confounded,null,0,bolt-inf,ld_q5,6,7200,1.0653690569089773,0.031020491996352293,0.06208333333333333,0.0024509068616421245,0.013472222222222224,0.0008169689538807079,0.001388888888888889,0.00017568209223157665,nan,nan,nan,nan,1.5391364233316078,0.05706762518528694,201012565.33333334,3903670.183459891
confounded,null,0,exact,all,6,36000,1.0544886194983294,0.006095904015861493,0.0583888888888889,0.0008888888888888896,0.012194444444444445,0.00045829124385867435,0.0011666666666666668,0.0001551582227085438,nan,nan,nan,nan,1.498712923998634,0.012455410376213127,223982933.33333334,801493.2304427227
confounded,null,0,exact,loading_q1,6,7200,1.006143992375882,0.016884165051468676,0.04972222222222222,0.0024783008914661623,0.009583333333333334,0.001471173630762818,0.0016666666666666668,0.00043033148291193526,nan,nan,nan,nan,1.498712923998634,0.012455410376213127,223982933.33333334,801493.2304427227
confounded,null,0,exact,loading_q2,6,7200,0.9989638937216879,0.013601130429399436,0.04763888888888889,0.0020572440512539474,0.008611111111111111,0.001090078715019366,0.0008333333333333334,0.00030429030972509234,nan,nan,nan,nan,1.498712923998634,0.012455410376213127,223982933.33333334,801493.2304427227
confounded,null,0,exact,loading_q3,6,7200,1.015216590236381,0.03140260422360024,0.057361111111111106,0.0016303922878699096,0.010833333333333334,0.001031898645611484,0.0005555555555555556,0.00027777777777777783,nan,nan,nan,nan,1.498712923998634,0.012455410376213127,223982933.33333334,801493.2304427227
confounded,null,0,exact,loading_q4,6,7200,1.1119649359049444,0.013922101083225218,0.06430555555555556,0.00215613537448056,0.01388888888888889,0.0011111111111111115,0.0009722222222222223,0.000334488738299786,nan,nan,nan,nan,1.498712923998634,0.012455410376213127,223982933.33333334,801493.2304427227
confounded,null,0,exact,loading_q5,6,7200,1.125283267732205,0.022292692921641048,0.07291666666666667,0.002819820719281438,0.018055555555555554,0.001501028454011811,0.0018055555555555557,0.0005007710104811097,nan,nan,nan,nan,1.498712923998634,0.012455410376213127,223982933.33333334,801493.2304427227
confounded,null,0,exact,maf_q1,6,7159,1.0028307981522828,0.010569746618121446,0.0572663591170983,0.002511213128219503,0.01256282151639175,0.0018191109329193786,0.0011155439093957539,0.000352332127899157,nan,nan,nan,nan,1.498712923998634,0.012455410376213127,223982933.33333334,801493.2304427227
confounded,null,0,exact,maf_q2,6,7172,1.0525863787477652,0.013536879444542765,0.05970537638826101,0.003121358835229186,0.013375686542211941,0.0012538354880961794,0.0013890026452524206,0.0004597476849595651,nan,nan,nan,nan,1.498712923998634,0.012455410376213127,223982933.33333334,801493.2304427227
confounded,null,0,exact,maf_q3,6,7234,1.0599513088929469,0.022232576350597475,0.05696179461974251,0.0014294419899601436,0.011610092602582075,0.0012113603595827744,0.0011082284486846814,0.0005102604118950114,nan,nan,nan,nan,1.498712923998634,0.012455410376213127,223982933.33333334,801493.2304427227
confounded,null,0,exact,maf_q4,6,7199,1.0833577932774177,0.02097885602565241,0.06044087706026721,0.0018798589559073477,0.012910518182170254,0.0015192221852279241,0.001526106708940166,0.0003962427059205485,nan,nan,nan,nan,1.498712923998634,0.012455410376213127,223982933.33333334,801493.2304427227
confounded,null,0,exact,maf_q5,6,7236,1.0916099047792631,0.026847626095374978,0.057618293987811244,0.0026307062875917443,0.010493063336279904,0.0011854796448550699,0.0006908897910365633,0.00025556768446907674,nan,nan,nan,nan,1.498712923998634,0.012455410376213127,223982933.33333334,801493.2304427227
confounded,null,0,exact,ld_q1,6,7200,1.0270406678733317,0.006475161853640381,0.057499999999999996,0.002183693778559282,0.014444444444444446,0.0010467468711898207,0.00125,0.0003568120160740314,nan,nan,nan,nan,1.498712923998634,0.012455410376213127,223982933.33333334,801493.2304427227
confounded,null,0,exact,ld_q2,6,7200,1.078980102910516,0.02025124312290839,0.059305555555555556,0.0018561293191431249,0.01,0.00048112522432468827,0.00125,0.0005159493228057421,nan,nan,nan,nan,1.498712923998634,0.012455410376213127,223982933.33333334,801493.2304427227
confounded,null,0,exact,ld_q3,6,7200,1.04737907173741,0.030129961724025607,0.052361111111111115,0.0021236833248386004,0.01,0.0013263707095903692,0.0011111111111111111,0.00027777777777777783,nan,nan,nan,nan,1.498712923998634,0.012455410376213127,223982933.33333334,801493.2304427227
confounded,null,0,exact,ld_q4,6,7200,1.056072065645709,0.032050941930050224,0.060416666666666674,0.0014068285846778447,0.012361111111111113,0.0009481137869931122,0.0006944444444444445,0.000334488738299786,nan,nan,nan,nan,1.498712923998634,0.012455410376213127,223982933.33333334,801493.2304427227
confounded,null,0,exact,ld_q5,6,7200,1.0628010477710201,0.031206846994498213,0.06236111111111112,0.0022300210373807005,0.014166666666666668,0.00043033148291193505,0.0015277777777777779,0.0002560984571470247,nan,nan,nan,nan,1.498712923998634,0.012455410376213127,223982933.33333334,801493.2304427227
confounded,null,0,kvik,all,6,36000,0.9168216953308604,0.018862556553005123,0.04022222222222222,0.0021446171490616646,0.006138888888888889,0.0007869498862423136,0.0005833333333333334,0.00024626844732557226,nan,nan,nan,nan,2.212482944324923,0.06098149789085655,214182570.66666666,3168895.076879581
confounded,null,0,kvik,loading_q1,6,7200,0.9019737862100551,0.03161695309398089,0.03722222222222222,0.004258252699098858,0.006388888888888889,0.0011520245196293178,0.0006944444444444445,0.0005450393575096829,nan,nan,nan,nan,2.212482944324923,0.06098149789085655,214182570.66666666,3168895.076879581
confounded,null,0,kvik,loading_q2,6,7200,0.887019434548744,0.029848698886963773,0.034305555555555554,0.0024096321629024273,0.0044444444444444444,0.0006334307917217434,0.0002777777777777778,0.00017568209223157668,nan,nan,nan,nan,2.212482944324923,0.06098149789085655,214182570.66666666,3168895.076879581
confounded,null,0,kvik,loading_q3,6,7200,0.9018306113198348,0.031102515518595723,0.03972222222222222,0.0033379597523999554,0.005694444444444444,0.001243811843179895,0.0004166666666666667,0.00018633899812498252,nan,nan,nan,nan,2.212482944324923,0.06098149789085655,214182570.66666666,3168895.076879581
confounded,null,0,kvik,loading_q4,6,7200,0.9556268218533468,0.01930210510197427,0.04486111111111111,0.003603089380853569,0.008055555555555555,0.001024393828588099,0.0005555555555555556,0.00027777777777777783,nan,nan,nan,nan,2.212482944324923,0.06098149789085655,214182570.66666666,3168895.076879581
confounded,null,0,kvik,loading_q5,6,7200,0.9572606173116581,0.048155457910805645,0.045000000000000005,0.001031898645611484,0.006111111111111111,0.0013028932666176193,0.0009722222222222223,0.0005007710104811097,nan,nan,nan,nan,2.212482944324923,0.06098149789085655,214182570.66666666,3168895.076879581
confounded,null,0,kvik,maf_q1,6,7159,0.8828851844552817,0.02365326728324068,0.041482125612344566,0.003384643118187608,0.006417373003436485,0.0010259205047535597,0.0005584772289665256,0.00028005027949596067,nan,nan,nan,nan,2.212482944324923,0.06098149789085655,214182570.66666666,3168895.076879581
confounded,null,0,kvik,maf_q2,6,7172,0.915775276405796,0.021212994204105703,0.03862091441863882,0.001954696355359116,0.0075149600422698805,0.0012004751546141439,0.0006942638566904766,0.0003339425339252981,nan,nan,nan,nan,2.212482944324923,0.06098149789085655,214182570.66666666,3168895.076879581
confounded,null,0,kvik,maf_q3,6,7234,0.9239866219797119,0.018278818325814978,0.04188227925026666,0.0015517001667968444,0.00567215246288326,0.001163774681007145,0.0006919081383494084,0.0005427954862318983,nan,nan,nan,nan,2.212482944324923,0.06098149789085655,214182570.66666666,3168895.076879581
confounded,null,0,kvik,maf_q4,6,7199,0.9363663488083952,0.024687596670747814,0.042652933938077224,0.0027571742441245247,0.00666769467118324,0.0018481247941094792,0.0005550031520422809,0.00027739772387163107,nan,nan,nan,nan,2.212482944324923,0.06098149789085655,214182570.66666666,3168895.076879581
confounded,null,0,kvik,maf_q5,6,7236,0.9329692858081619,0.028207872621172775,0.036490678001499695,0.003208433046638784,0.0044209416302238465,0.0007270663406750852,0.0004149468737579909,0.0002840016224417657,nan,nan,nan,nan,2.212482944324923,0.06098149789085655,214182570.66666666,3168895.076879581
confounded,null,0,kvik,ld_q1,6,7200,0.8991985751193451,0.016449669874677282,0.04180555555555556,0.002145372568294403,0.007777777777777777,0.0008240220541217405,0.0005555555555555556,0.00027777777777777783,nan,nan,nan,nan,2.212482944324923,0.06098149789085655,214182570.66666666,3168895.076879581
confounded,null,0,kvik,ld_q2,6,7200,0.9215188593004555,0.02718713560705969,0.04125,0.0015328199623690438,0.0044444444444444444,0.000795434503515353,0.0008333333333333334,0.0005692750425533112,nan,nan,nan,nan,2.212482944324923,0.06098149789085655,214182570.66666666,3168895.076879581
confounded,null,0,kvik,ld_q3,6,7200,0.9084639435814902,0.01756402798800105,0.034305555555555554,0.003596659115084922,0.005,0.0008871510790372952,0.0006944444444444445,0.00025609845714702473,nan,nan,nan,nan,2.212482944324923,0.06098149789085655,214182570.66666666,3168895.076879581
confounded,null,0,kvik,ld_q4,6,7200,0.922217512410452,0.0437610886745117,0.04097222222222222,0.0019414659727785054,0.006527777777777778,0.001713463390365682,0.0004166666666666667,0.0002846375212766556,nan,nan,nan,nan,2.212482944324923,0.06098149789085655,214182570.66666666,3168895.076879581
confounded,null,0,kvik,ld_q5,6,7200,0.9385944453241781,0.02217963446062629,0.04277777777777778,0.003730918531195737,0.006944444444444444,0.0012484558363469018,0.0004166666666666667,0.0002846375212766556,nan,nan,nan,nan,2.212482944324923,0.06098149789085655,214182570.66666666,3168895.076879581
confounded,null,0,ldak-kvik,all,6,36000,3.1160281644819006,0.6707782735346809,0.24319444444444446,0.05884869828741718,0.13727777777777778,0.04124140015105881,0.06705555555555556,0.02229726219145678,nan,nan,nan,nan,1.114394930472675,0.15149152499106425,41533440.0,476996.74265722197
confounded,null,0,ldak-kvik,loading_q1,6,7200,1.256937811456577,0.09652782625023515,0.07555555555555556,0.01215956159865992,0.01902777777777778,0.005894193103867485,0.003194444444444444,0.0011669973076444448,nan,nan,nan,nan,1.114394930472675,0.15149152499106425,41533440.0,476996.74265722197
confounded,null,0,ldak-kvik,loading_q2,6,7200,2.0016512300835285,0.32848737415508894,0.1423611111111111,0.03008123004856297,0.04916666666666667,0.014124119113797535,0.010833333333333334,0.004227336084388178,nan,nan,nan,nan,1.114394930472675,0.15149152499106425,41533440.0,476996.74265722197
confounded,null,0,ldak-kvik,loading_q3,6,7200,3.115700053021934,0.7032951087412156,0.2234722222222222,0.053143070637573474,0.10236111111111112,0.03174873624392662,0.03138888888888889,0.010849702732458437,nan,nan,nan,nan,1.114394930472675,0.15149152499106425,41533440.0,476996.74265722197
confounded,null,0,ldak-kvik,loading_q4,6,7200,5.504155927517327,1.4964155206368757,0.3323611111111111,0.08741991484979654,0.18680555555555553,0.05988585464381179,0.07722222222222223,0.028062980315667313,nan,nan,nan,nan,1.114394930472675,0.15149152499106425,41533440.0,476996.74265722197
confounded,null,0,ldak-kvik,loading_q5,6,7200,9.964921529516873,2.9537376542252356,0.44222222222222224,0.12079015831465331,0.32902777777777775,0.10142535493384675,0.21263888888888885,0.07001435589123274,nan,nan,nan,nan,1.114394930472675,0.15149152499106425,41533440.0,476996.74265722197
confounded,null,0,ldak-kvik,maf_q1,6,7159,2.7098981059044327,0.5708310703680352,0.21969259362118984,0.05494892836411894,0.11672065273874203,0.035836949780493635,0.05175178330911334,0.01777410123781865,nan,nan,nan,nan,1.114394930472675,0.15149152499106425,41533440.0,476996.74265722197
confounded,null,0,ldak-kvik,maf_q2,6,7172,3.028897681939281,0.630494153506048,0.23253332723241812,0.056401006370442,0.13100312500876754,0.03753693017893289,0.06307128097169262,0.020995239608210033,nan,nan,nan,nan,1.114394930472675,0.15149152499106425,41533440.0,476996.74265722197
confounded,null,0,ldak-kvik,maf_q3,6,7234,3.1666315731158075,0.6888494709258914,0.24727185414711741,0.06001807947417985,0.1431400693416642,0.044394577388323135,0.06947685835814275,0.02321661711533921,nan,nan,nan,nan,1.114394930472675,0.15149152499106425,41533440.0,476996.74265722197
confounded,null,0,ldak-kvik,maf_q4,6,7199,3.3985284452226345,0.7468391933867375,0.25528420198398133,0.060977034109358744,0.14426345717069786,0.043880434700212134,0.07432875547083556,0.0249157427146505,nan,nan,nan,nan,1.114394930472675,0.15149152499106425,41533440.0,476996.74265722197
confounded,null,0,ldak-kvik,maf_q5,6,7236,3.351943309397915,0.7607365916316675,0.26089054381025717,0.06223088345277011,0.15100516639593617,0.04482857514304064,0.07648252993367215,0.02490325333606058,nan,nan,nan,nan,1.114394930472675,0.15149152499106425,41533440.0,476996.74265722197
confounded,null,0,ldak-kvik,ld_q1,6,7200,3.276173109748673,0.7386751066806041,0.24569444444444444,0.06134466104129687,0.14444444444444446,0.04342280648987109,0.06888888888888889,0.0221125767241793,nan,nan,nan,nan,1.114394930472675,0.15149152499106425,41533440.0,476996.74265722197
confounded,null,0,ldak-kvik,ld_q2,6,7200,3.195051799932946,0.7197387166102643,0.25333333333333335,0.06090710899333449,0.13944444444444445,0.04208768771018579,0.06583333333333334,0.02270177020345265,nan,nan,nan,nan,1.114394930472675,0.15149152499106425,41533440.0,476996.74265722197
confounded,null,0,ldak-kvik,ld_q3,6,7200,3.0560727357801354,0.6326531770133436,0.2363888888888889,0.059152058707898886,0.13472222222222222,0.041619788444001694,0.06430555555555556,0.021304034423461897,nan,nan,nan,nan,1.114394930472675,0.15149152499106425,41533440.0,476996.74265722197
confounded,null,0,ldak-kvik,ld_q4,6,7200,2.88703735776696,0.5821923815624319,0.2386111111111111,0.0543231358301392,0.13333333333333333,0.03934827870488158,0.06749999999999999,0.02264357483882529,nan,nan,nan,nan,1.114394930472675,0.15149152499106425,41533440.0,476996.74265722197
confounded,null,0,ldak-kvik,ld_q5,6,7200,3.22694838003029,0.7224564207126505,0.2419444444444445,0.058956460184875964,0.13444444444444445,0.040248456760538516,0.06875,0.023509995904027876,nan,nan,nan,nan,1.114394930472675,0.15149152499106425,41533440.0,476996.74265722197
structured,mixed,0,bolt-inf,all,6,6000,1.0377065160570071,0.016424712916238572,0.0515,0.0017464249196572988,0.010166666666666668,0.001661659144081936,0.0011666666666666668,0.00030731814857642964,0.35000000000000003,0.06191391873668904,0.2166666666666667,0.04772607021092118,1.5631663613312412,0.015759705613647146,199084714.66666666,1142310.0315397938
structured,mixed,0,bolt-inf,loading_q1,6,1202,1.0559282863600792,0.054219818976521075,0.05316651370694502,0.004934728196686196,0.015355687687514719,0.0038990369439447403,0.0023402770123810575,0.0015930389474947497,0.35000000000000003,0.06191391873668904,0.2166666666666667,0.04772607021092118,1.5631663613312412,0.015759705613647146,199084714.66666666,1142310.0315397938
structured,mixed,0,bolt-inf,loading_q2,6,1181,1.0242860116570693,0.04435253025652709,0.05787773979037489,0.005523056308276542,0.012752093448557251,0.003203723622568419,0.0008291873963515755,0.0008291873963515756,0.35000000000000003,0.06191391873668904,0.2166666666666667,0.04772607021092118,1.5631663613312412,0.015759705613647146,199084714.66666666,1142310.0315397938
structured,mixed,0,bolt-inf,loading_q3,6,1274,1.064091725298634,0.03895117434289614,0.05374930005523972,0.007861050307331224,0.009291747507198455,0.002884919159226405,0.001505266734624533,0.0009521925330032414,0.35000000000000003,0.06191391873668904,0.2166666666666667,0.04772607021092118,1.5631663613312412,0.015759705613647146,199084714.66666666,1142310.0315397938
structured,mixed,0,bolt-inf,loading_q4,6,1157,1.076175448330787,0.06866313869676757,0.04958925217594732,0.005158499824236966,0.004381278939731421,0.002611478434379986,0.0,0.0,0.35000000000000003,0.06191391873668904,0.2166666666666667,0.04772607021092118,1.5631663613312412,0.015759705613647146,199084714.66666666,1142310.0315397938
structured,mixed,0,bolt-inf,loading_q5,6,1186,0.9710584963435253,0.07857349030859746,0.04204160959005329,0.010446594414239629,0.008813354636705581,0.0038266366896525243,0.0007861635220125786,0.0007861635220125788,0.35000000000000003,0.06191391873668904,0.2166666666666667,0.04772607021092118,1.5631663613312412,0.015759705613647146,199084714.66666666,1142310.0315397938
structured,mixed,0,bolt-inf,maf_q1,6,1217,1.1438465316797064,0.11008435306108871,0.062537996544033,0.006911933297353597,0.011598109126248972,0.0036419761968565167,0.0008417508417508418,0.0008417508417508418,0.35000000000000003,0.06191391873668904,0.2166666666666667,0.04772607021092118,1.5631663613312412,0.015759705613647146,199084714.66666666,1142310.0315397938
structured,mixed,0,bolt-inf,maf_q2,6,1174,1.0781552742536173,0.08073865440024361,0.05606813287354814,0.004777973431439332,0.008425965801098731,0.002692930954842485,0.001698827679219836,0.0010756062417429982,0.35000000000000003,0.06191391873668904,0.2166666666666667,0.04772607021092118,1.5631663613312412,0.015759705613647146,199084714.66666666,1142310.0315397938
structured,mixed,0,bolt-inf,maf_q3,6,1194,0.9892674001792701,0.0318174678773442,0.047809999143930776,0.0043690140731767295,0.012538316127591645,0.0020595419080386857,0.0016430328930328933,0.0010396179436872083,0.35000000000000003,0.06191391873668904,0.2166666666666667,0.04772607021092118,1.5631663613312412,0.015759705613647146,199084714.66666666,1142310.0315397938
structured,mixed,0,bolt-inf,maf_q4,6,1192,1.0186181553271731,0.06653555768351241,0.04794916469681607,0.005099610805560554,0.010062150421748574,0.0031759167589314693,0.0,0.0,0.35000000000000003,0.06191391873668904,0.2166666666666667,0.04772607021092118,1.5631663613312412,0.015759705613647146,199084714.66666666,1142310.0315397938
structured,mixed,0,bolt-inf,maf_q5,6,1223,1.0247551146527625,0.07960279463252987,0.04230043617046462,0.00802684845664991,0.007992818291418976,0.0021995315293970785,0.0015885984023238924,0.0010053327929148317,0.35000000000000003,0.06191391873668904,0.2166666666666667,0.04772607021092118,1.5631663613312412,0.015759705613647146,199084714.66666666,1142310.0315397938
structured,mixed,0,bolt-inf,ld_q1,6,1159,1.057557248184078,0.04177653828381327,0.05461126444781367,0.011916777818191202,0.013432620750117426,0.005831106247477824,0.0009523809523809524,0.0009523809523809524,0.35000000000000003,0.06191391873668904,0.2166666666666667,0.04772607021092118,1.5631663613312412,0.015759705613647146,199084714.66666666,1142310.0315397938
structured,mixed,0,bolt-inf,ld_q2,6,1229,0.9887325894596032,0.03585177256486865,0.04265260630464562,0.007010900153606097,0.009022391641173433,0.00334785893324559,0.0008503401360544217,0.0008503401360544217,0.35000000000000003,0.06191391873668904,0.2166666666666667,0.04772607021092118,1.5631663613312412,0.015759705613647146,199084714.66666666,1142310.0315397938
structured,mixed,0,bolt-inf,ld_q3,6,1211,1.078445338668408,0.06366467900697168,0.049288454485274046,0.0067891411319737525,0.008199924772618364,0.0015346151993617812,0.0016103435399551903,0.0010184885067873076,0.35000000000000003,0.06191391873668904,0.2166666666666667,0.04772607021092118,1.5631663613312412,0.015759705613647146,199084714.66666666,1142310.0315397938
structured,mixed,0,bolt-inf,ld_q4,6,1211,1.1353147791180842,0.06501239023957968,0.0592479098461677,0.006247498475846526,0.009103232808221798,0.003338847778272396,0.0008771929824561404,0.0008771929824561404,0.35000000000000003,0.06191391873668904,0.2166666666666667,0.04772607021092118,1.5631663613312412,0.015759705613647146,199084714.66666666,1142310.0315397938
structured,mixed,0,bolt-inf,ld_q5,6,1190,0.9513242811058137,0.03498933590792882,0.05314917172981404,0.007882468248501261,0.011797784441610506,0.0034862297136688735,0.001755155770074594,0.0011190551893145275,0.35000000000000003,0.06191391873668904,0.2166666666666667,0.04772607021092118,1.5631663613312412,0.015759705613647146,199084714.66666666,1142310.0315397938
structured,mixed,0,exact,all,6,6000,1.0273225004296942,0.018295583302974212,0.050166666666666665,0.0018870906472957544,0.009833333333333335,0.0014472195564061605,0.001,0.0003651483716701108,0.35000000000000003,0.06191391873668904,0.2166666666666667,0.04772607021092118,1.4942205281598337,0.02732562468019238,222795093.33333334,438949.88903568994
structured,mixed,0,exact,loading_q1,6,1202,0.9913850904127145,0.06237327198322716,0.04796858215242431,0.005783619285736429,0.011233285249597385,0.0038726280885465715,0.0015503875968992248,0.0015503875968992248,0.35000000000000003,0.06191391873668904,0.2166666666666667,0.04772607021092118,1.4942205281598337,0.02732562468019238,222795093.33333334,438949.88903568994
structured,mixed,0,exact,loading_q2,6,1181,0.9668070540275799,0.03603667595903687,0.052780113696705315,0.005626267540667346,0.01105485049665012,0.0024661198978050557,0.0008291873963515755,0.0008291873963515756,0.35000000000000003,0.06191391873668904,0.2166666666666667,0.04772607021092118,1.4942205281598337,0.02732562468019238,222795093.33333334,438949.88903568994
structured,mixed,0,exact,loading_q3,6,1274,1.0443331778717138,0.03816807659569967,0.04758031792604422,0.005369687757432232,0.009291747507198455,0.002884919159226405,0.001505266734624533,0.0009521925330032414,0.35000000000000003,0.06191391873668904,0.2166666666666667,0.04772607021092118,1.4942205281598337,0.02732562468019238,222795093.33333334,438949.88903568994
structured,mixed,0,exact,loading_q4,6,1157,1.0628456907095252,0.05748851196438408,0.04958925217594732,0.005158499824236966,0.004381278939731421,0.002611478434379986,0.0,0.0,0.35000000000000003,0.06191391873668904,0.2166666666666667,0.04772607021092118,1.4942205281598337,0.02732562468019238,222795093.33333334,438949.88903568994
structured,mixed,0,exact,loading_q5,6,1186,1.0500081307042144,0.08317114756285382,0.05230677361050176,0.010766781632582711,0.01299606275822933,0.004343321564048315,0.0007861635220125786,0.0007861635220125788,0.35000000000000003,0.06191391873668904,0.2166666666666667,0.04772607021092118,1.4942205281598337,0.02732562468019238,222795093.33333334,438949.88903568994
structured,mixed,0,exact,maf_q1,6,1217,1.1191008131415894,0.10610449345252654,0.06083735987240285,0.007645340856707488,0.012314296855125894,0.0028234879068568166,0.0008417508417508418,0.0008417508417508418,0.35000000000000003,0.06191391873668904,0.2166666666666667,0.04772607021092118,1.4942205281598337,0.02732562468019238,222795093.33333334,438949.88903568994
structured,mixed,0,exact,maf_q2,6,1174,1.0778950055815915,0.09322678896626613,0.050219003084986814,0.0050063068406067095,0.007544131585931184,0.0026961081372401273,0.001698827679219836,0.0010756062417429982,0.35000000000000003,0.06191391873668904,0.2166666666666667,0.04772607021092118,1.4942205281598337,0.02732562468019238,222795093.33333334,438949.88903568994
structured,mixed,0,exact,maf_q3,6,1194,0.9931160062804398,0.042488588010938334,0.04782652041361351,0.003986484909007048,0.010821283160558677,0.0023221276167985855,0.0008417508417508418,0.0008417508417508418,0.35000000000000003,0.06191391873668904,0.2166666666666667,0.04772607021092118,1.4942205281598337,0.02732562468019238,222795093.33333334,438949.88903568994
structured,mixed,0,exact,maf_q4,6,1192,1.0197006704987976,0.05634527694427978,0.04715693950045465,0.004991760011327053,0.010989200044186546,0.0035540987134240315,0.0,0.0,0.35000000000000003,0.06191391873668904,0.2166666666666667,0.04772607021092118,1.4942205281598337,0.02732562468019238,222795093.33333334,438949.88903568994
structured,mixed,0,exact,maf_q5,6,1223,1.0225688593932232,0.07918940188942956,0.043911378184297044,0.008009147764005516,0.007129260433042464,0.0025602379425738236,0.0015885984023238924,0.0010053327929148317,0.35000000000000003,0.06191391873668904,0.2166666666666667,0.04772607021092118,1.4942205281598337,0.02732562468019238,222795093.33333334,438949.88903568994
structured,mixed,0,exact,ld_q1,6,1159,1.0393541920429537,0.040661452576690495,0.053047557884107095,0.011892155126609051,0.01346202431490278,0.005824022215426005,0.0009523809523809524,0.0009523809523809524,0.35000000000000003,0.06191391873668904,0.2166666666666667,0.04772607021092118,1.4942205281598337,0.02732562468019238,222795093.33333334,438949.88903568994
structured,mixed,0,exact,ld_q2,6,1229,0.999173770715684,0.04319600710990326,0.04329395864020574,0.005998221761220825,0.009022391641173433,0.00334785893324559,0.0008503401360544217,0.0008503401360544217,0.35000000000000003,0.06191391873668904,0.2166666666666667,0.04772607021092118,1.4942205281598337,0.02732562468019238,222795093.33333334,438949.88903568994
structured,mixed,0,exact,ld_q3,6,1211,1.0461431487052297,0.06136312642107896,0.04861444053333383,0.005461634690479968,0.008127114287908565,0.000817078601139227,0.0008012820512820514,0.0008012820512820514,0.35000000000000003,0.06191391873668904,0.2166666666666667,0.04772607021092118,1.4942205281598337,0.02732562468019238,222795093.33333334,438949.88903568994
structured,mixed,0,exact,ld_q4,6,1211,1.1265954524492656,0.06205801717450971,0.057766612262586094,0.003996290061301157,0.008991086500423316,0.003058744579942848,0.0008771929824561404,0.0008771929824561404,0.35000000000000003,0.06191391873668904,0.2166666666666667,0.04772607021092118,1.4942205281598337,0.02732562468019238,222795093.33333334,438949.88903568994
structured,mixed,0,exact,ld_q5,6,1190,0.9524617535553189,0.03958397514668354,0.04954940611477204,0.008240988604927647,0.010215096183293386,0.0038931362568487967,0.001755155770074594,0.0011190551893145275,0.35000000000000003,0.06191391873668904,0.2166666666666667,0.04772607021092118,1.4942205281598337,0.02732562468019238,222795093.33333334,438949.88903568994
structured,mixed,0,kvik,all,6,6000,1.025205322787816,0.018265689521444927,0.050833333333333335,0.004158658971885582,0.011999999999999999,0.0020493901531919195,0.001,0.0006831300510639734,0.36666666666666664,0.04216370213557839,0.2833333333333333,0.040138648595974324,2.1977416250059227,0.15248413918602,217675093.33333334,4026464.6231426625
structured,mixed,0,kvik,loading_q1,6,1202,1.072330808140281,0.05780218089057224,0.0559959455767531,0.006258850975295023,0.013152970502615971,0.004133103156940319,0.0007751937984496124,0.0007751937984496124,0.36666666666666664,0.04216370213557839,0.2833333333333333,0.040138648595974324,2.1977416250059227,0.15248413918602,217675093.33333334,4026464.6231426625
structured,mixed,0,kvik,loading_q2,6,1181,0.9809987493069033,0.0694031354228911,0.057507149869154506,0.00476115170085774,0.017011781314191676,0.003380647120161558,0.0008210180623973727,0.0008210180623973728,0.36666666666666664,0.04216370213557839,0.2833333333333333,0.040138648595974324,2.1977416250059227,0.15248413918602,217675093.33333334,4026464.6231426625
structured,mixed,0,kvik,loading_q3,6,1274,1.0458080177077724,0.056824669687886846,0.04540166022338426,0.008298199678596926,0.012489135666733778,0.0031866354493101444,0.001594896331738437,0.001594896331738437,0.36666666666666664,0.04216370213557839,0.2833333333333333,0.040138648595974324,2.1977416250059227,0.15248413918602,217675093.33333334,4026464.6231426625
structured,mixed,0,kvik,loading_q4,6,1157,1.1024180343881282,0.09120094146967722,0.04733715464847912,0.006947070787440772,0.00692572795195778,0.0021190782459631083,0.0,0.0,0.36666666666666664,0.04216370213557839,0.2833333333333333,0.040138648595974324,2.1977416250059227,0.15248413918602,217675093.33333334,4026464.6231426625
structured,mixed,0,kvik,loading_q5,6,1186,0.9680654796199256,0.10819321421196279,0.0479716932606388,0.007840208888040826,0.009993592758908609,0.002582782404923023,0.001706973835088085,0.0010846113241508482,0.36666666666666664,0.04216370213557839,0.2833333333333333,0.040138648595974324,2.1977416250059227,0.15248413918602,217675093.33333334,4026464.6231426625
structured,mixed,0,kvik,maf_q1,6,1217,1.1407687788556833,0.11068521619737536,0.056806764251945474,0.01365531031280409,0.013759126065389376,0.004144873360593836,0.0008417508417508418,0.0008417508417508418,0.36666666666666664,0.04216370213557839,0.2833333333333333,0.040138648595974324,2.1977416250059227,0.15248413918602,217675093.33333334,4026464.6231426625
structured,mixed,0,kvik,maf_q2,6,1174,0.9901990780603459,0.06568633806007293,0.04488266793438093,0.007507112489535427,0.009129577757028736,0.00451232000143833,0.0007936507936507938,0.0007936507936507939,0.36666666666666664,0.04216370213557839,0.2833333333333333,0.040138648595974324,2.1977416250059227,0.15248413918602,217675093.33333334,4026464.6231426625
structured,mixed,0,kvik,maf_q3,6,1194,1.0284400083475864,0.040490667204812,0.054651938532068255,0.0041403156686069574,0.013298792238887696,0.0020629061282927243,0.0,0.0,0.36666666666666664,0.04216370213557839,0.2833333333333333,0.040138648595974324,2.1977416250059227,0.15248413918602,217675093.33333334,4026464.6231426625
structured,mixed,0,kvik,maf_q4,6,1192,1.0575308608516323,0.04235139579545187,0.05207200805130152,0.006029278085045042,0.0150836787886924,0.005668180572456466,0.0025264303482587062,0.0017111115743294995,0.36666666666666664,0.04216370213557839,0.2833333333333333,0.040138648595974324,2.1977416250059227,0.15248413918602,217675093.33333334,4026464.6231426625
structured,mixed,0,kvik,maf_q5,6,1223,0.9688415121257251,0.051283673107450745,0.045585590041534584,0.004817794857384704,0.007998883663922403,0.00296518141311073,0.0008169934640522876,0.0008169934640522878,0.36666666666666664,0.04216370213557839,0.2833333333333333,0.040138648595974324,2.1977416250059227,0.15248413918602,217675093.33333334,4026464.6231426625
structured,mixed,0,kvik,ld_q1,6,1159,0.9903481180706327,0.07511163078183095,0.05788863952995558,0.009730234586673261,0.013204200776294342,0.0031853444047861917,0.0,0.0,0.36666666666666664,0.04216370213557839,0.2833333333333333,0.040138648595974324,2.1977416250059227,0.15248413918602,217675093.33333334,4026464.6231426625
structured,mixed,0,kvik,ld_q2,6,1229,1.0010507408617435,0.06729557812095277,0.050441058602298174,0.0102398440816314,0.011252667439048672,0.0041143878944837975,0.0008503401360544217,0.0008503401360544217,0.36666666666666664,0.04216370213557839,0.2833333333333333,0.040138648595974324,2.1977416250059227,0.15248413918602,217675093.33333334,4026464.6231426625
structured,mixed,0,kvik,ld_q3,6,1211,1.0543449860081722,0.041133428829563924,0.045239535119377845,0.004721243911503228,0.009893482459372408,0.0032932351012344265,0.0017376116392970326,0.0011039295203566157,0.36666666666666664,0.04216370213557839,0.2833333333333333,0.040138648595974324,2.1977416250059227,0.15248413918602,217675093.33333334,4026464.6231426625
structured,mixed,0,kvik,ld_q4,6,1211,1.1492967108574907,0.07512178419626629,0.05786548066755096,0.007494959004830782,0.017501572906941845,0.004282074677832517,0.0007861635220125786,0.0007861635220125788,0.36666666666666664,0.04216370213557839,0.2833333333333333,0.040138648595974324,2.1977416250059227,0.15248413918602,217675093.33333334,4026464.6231426625
structured,mixed,0,kvik,ld_q5,6,1190,0.9971425547000052,0.052535762362690086,0.045615093556853246,0.00805790842619346,0.008585196971748846,0.0031386480448416234,0.001755155770074594,0.0011190551893145275,0.36666666666666664,0.04216370213557839,0.2833333333333333,0.040138648595974324,2.1977416250059227,0.15248413918602,217675093.33333334,4026464.6231426625
structured,mixed,0,ldak-kvik,all,6,6000,1.1364559779374535,0.11505295575235511,0.06883333333333333,0.014808593601164304,0.018666666666666668,0.006581117770645889,0.002166666666666667,0.0017779513804126114,0.3833333333333333,0.040138648595974324,0.31666666666666665,0.04772607021092118,1.0637091666770477,0.07271598499425327,42420906.666666664,640939.2972082284
structured,mixed,0,ldak-kvik,loading_q1,6,1202,1.085330237963204,0.07207857014827321,0.0600376873494916,0.009392449464766287,0.011550209209932197,0.0030576240298520996,0.0,0.0,0.3833333333333333,0.040138648595974324,0.31666666666666665,0.04772607021092118,1.0637091666770477,0.07271598499425327,42420906.666666664,640939.2972082284
structured,mixed,0,ldak-kvik,loading_q2,6,1181,1.028475542278782,0.08158764841266766,0.06696729531960703,0.007678946330017913,0.018775449744526773,0.004179541962768977,0.0017028522775649213,0.0010780081235064398,0.3833333333333333,0.040138648595974324,0.31666666666666665,0.04772607021092118,1.0637091666770477,0.07271598499425327,42420906.666666664,640939.2972082284
structured,mixed,0,ldak-kvik,loading_q3,6,1274,1.132436643281111,0.10718327799039624,0.05628571482119744,0.012400548907587986,0.015613083986239798,0.004396369874379781,0.0015619741597530108,0.0009882082938021681,0.3833333333333333,0.040138648595974324,0.31666666666666665,0.04772607021092118,1.0637091666770477,0.07271598499425327,42420906.666666664,640939.2972082284
structured,mixed,0,ldak-kvik,loading_q4,6,1157,1.2951097528396442,0.19712006393600284,0.06830593901032818,0.017573310184903226,0.015954587555530027,0.008260884854421361,0.0036630036630036634,0.0036630036630036634,0.3833333333333333,0.040138648595974324,0.31666666666666665,0.04772607021092118,1.0637091666770477,0.07271598499425327,42420906.666666664,640939.2972082284
structured,mixed,0,ldak-kvik,loading_q5,6,1186,1.4378690150188087,0.40712082692884544,0.09019563167853079,0.03522825102425146,0.030165550430866283,0.019982097078363705,0.0038580246913580245,0.0038580246913580245,0.3833333333333333,0.040138648595974324,0.31666666666666665,0.04772607021092118,1.0637091666770477,0.07271598499425327,42420906.666666664,640939.2972082284
structured,mixed,0,ldak-kvik,maf_q1,6,1217,1.3913262483716007,0.17443120873173895,0.07619167056896484,0.016870576876862938,0.021321477837089906,0.007912560887860489,0.0,0.0,0.3833333333333333,0.040138648595974324,0.31666666666666665,0.04772607021092118,1.0637091666770477,0.07271598499425327,42420906.666666664,640939.2972082284
structured,mixed,0,ldak-kvik,maf_q2,6,1174,1.1328105149244934,0.13867823782846478,0.05579941776197669,0.00920676900930955,0.014522121122651624,0.004512360767829644,0.0016994478951000691,0.001078329882677709,0.3833333333333333,0.040138648595974324,0.31666666666666665,0.04772607021092118,1.0637091666770477,0.07271598499425327,42420906.666666664,640939.2972082284
structured,mixed,0,ldak-kvik,maf_q3,6,1194,1.0616000119892015,0.09018608677767641,0.07009871609947077,0.014984484059039531,0.020687035064023723,0.006710517863583284,0.0024271844660194177,0.0024271844660194177,0.3833333333333333,0.040138648595974324,0.31666666666666665,0.04772607021092118,1.0637091666770477,0.07271598499425327,42420906.666666664,640939.2972082284
structured,mixed,0,ldak-kvik,maf_q4,6,1192,1.196191883788966,0.1538150648645751,0.07399088763813891,0.023119817800082702,0.02264738310972682,0.010735344496616804,0.005944197687535252,0.004975760247460522,0.3833333333333333,0.040138648595974324,0.31666666666666665,0.04772607021092118,1.0637091666770477,0.07271598499425327,42420906.666666664,640939.2972082284
structured,mixed,0,ldak-kvik,maf_q5,6,1223,1.072992183773075,0.1309870179719211,0.0675683685543015,0.014620606281578404,0.013400118231823637,0.0071197581139131215,0.0007716049382716049,0.0007716049382716049,0.3833333333333333,0.040138648595974324,0.31666666666666665,0.04772607021092118,1.0637091666770477,0.07271598499425327,42420906.666666664,640939.2972082284
structured,mixed,0,ldak-kvik,ld_q1,6,1159,1.0638983701574258,0.09440486219395804,0.07742168742934011,0.021093001466517613,0.02303829229355418,0.011736182134565553,0.005405405405405406,0.005405405405405407,0.3833333333333333,0.040138648595974324,0.31666666666666665,0.04772607021092118,1.0637091666770477,0.07271598499425327,42420906.666666664,640939.2972082284
structured,mixed,0,ldak-kvik,ld_q2,6,1229,1.206453163595947,0.16600812821165395,0.07177758695351973,0.018043011383874562,0.01664056727983605,0.007048648742835398,0.0007092198581560284,0.0007092198581560284,0.3833333333333333,0.040138648595974324,0.31666666666666665,0.04772607021092118,1.0637091666770477,0.07271598499425327,42420906.666666664,640939.2972082284
structured,mixed,0,ldak-kvik,ld_q3,6,1211,1.1467393645642325,0.056855522662323084,0.05059745139506853,0.008799950247108128,0.014929597088142165,0.0017667022699917301,0.0,0.0,0.3833333333333333,0.040138648595974324,0.31666666666666665,0.04772607021092118,1.0637091666770477,0.07271598499425327,42420906.666666664,640939.2972082284
structured,mixed,0,ldak-kvik,ld_q4,6,1211,1.2607902842345797,0.20426389696622,0.08193134171907757,0.024686889685252157,0.026455561652390377,0.013809870736554593,0.002631578947368421,0.0026315789473684214,0.3833333333333333,0.040138648595974324,0.31666666666666665,0.04772607021092118,1.0637091666770477,0.07271598499425327,42420906.666666664,640939.2972082284
structured,mixed,0,ldak-kvik,ld_q5,6,1190,1.0928095925540247,0.12157981189552693,0.06484119388247374,0.011237756639225266,0.013347101733653608,0.004021702671030632,0.002548806563725388,0.0011510750588185458,0.3833333333333333,0.040138648595974324,0.31666666666666665,0.04772607021092118,1.0637091666770477,0.07271598499425327,42420906.666666664,640939.2972082284
structured,null,0,bolt-inf,all,6,36000,0.9820442561598774,0.016428241459730354,0.04686111111111111,0.0010983292586896828,0.009027777777777777,0.0005634166057234542,0.0007222222222222223,0.00011915339216404011,nan,nan,nan,nan,1.5338839933198567,0.009250468328867898,199816533.33333334,2057586.959131994
structured,null,0,bolt-inf,loading_q1,6,7200,1.02321085852393,0.019018768962940927,0.049166666666666664,0.0022256917360011256,0.011527777777777777,0.0012804922857351233,0.0009722222222222223,0.000334488738299786,nan,nan,nan,nan,1.5338839933198567,0.009250468328867898,199816533.33333334,2057586.959131994
structured,null,0,bolt-inf,loading_q2,6,7200,0.9833183820852925,0.01866005013767721,0.04833333333333333,0.0017743021580745903,0.008611111111111111,0.0005957669608202006,0.0006944444444444445,0.00025609845714702473,nan,nan,nan,nan,1.5338839933198567,0.009250468328867898,199816533.33333334,2057586.959131994
structured,null,0,bolt-inf,loading_q3,6,7200,1.0032682001983482,0.035673467930947445,0.04999999999999999,0.0018130187635645241,0.009305555555555555,0.0014659194224398626,0.0004166666666666667,0.00018633899812498252,nan,nan,nan,nan,1.5338839933198567,0.009250468328867898,199816533.33333334,2057586.959131994
structured,null,0,bolt-inf,loading_q4,6,7200,0.9858709222510661,0.022500105168141306,0.04513888888888889,0.002219616527885886,0.008055555555555557,0.0007349309197401641,0.0011111111111111111,0.00017568209223157665,nan,nan,nan,nan,1.5338839933198567,0.009250468328867898,199816533.33333334,2057586.959131994
structured,null,0,bolt-inf,loading_q5,6,7200,0.9136960991814872,0.03453174797670477,0.041666666666666664,0.0022152668930418766,0.007638888888888889,0.0012622853075001962,0.0004166666666666667,0.00028463752127665554,nan,nan,nan,nan,1.5338839933198567,0.009250468328867898,199816533.33333334,2057586.959131994
structured,null,0,bolt-inf,maf_q1,6,7159,0.9406741319971844,0.014970568623913195,0.045814782967000665,0.0010523321549213201,0.009634169328431749,0.0009299651960129014,0.0008363632135483914,0.00037299100526094287,nan,nan,nan,nan,1.5338839933198567,0.009250468328867898,199816533.33333334,2057586.959131994
structured,null,0,bolt-inf,maf_q2,6,7172,0.9809781508431903,0.015923555578800607,0.04728016759105099,0.001084599785768691,0.009337876717763382,0.0013014673497290176,0.0006959824707806281,0.00025703146568049835,nan,nan,nan,nan,1.5338839933198567,0.009250468328867898,199816533.33333334,2057586.959131994
structured,null,0,bolt-inf,maf_q3,6,7234,0.9605685969298166,0.029721948383992385,0.04826066563265588,0.0015812840846421378,0.00857966799438813,0.001457520130617965,0.0009677510641352222,0.00033314250582962035,nan,nan,nan,nan,1.5338839933198567,0.009250468328867898,199816533.33333334,2057586.959131994
structured,null,0,bolt-inf,maf_q4,6,7199,1.0084408477022386,0.028549268343264874,0.0487717549539796,0.0016501084559202802,0.010004255953496194,0.0014495205644740265,0.00041575836694698827,0.0001859397530352163,nan,nan,nan,nan,1.5338839933198567,0.009250468328867898,199816533.33333334,2057586.959131994
structured,null,0,bolt-inf,maf_q5,6,7236,1.0282766742541514,0.020613172956883516,0.04419961087363713,0.003532559400851908,0.007593248154608338,0.0009306674684861988,0.0006895169312391837,0.0002536314860222382,nan,nan,nan,nan,1.5338839933198567,0.009250468328867898,199816533.33333334,2057586.959131994
structured,null,0,bolt-inf,ld_q1,6,7200,0.9804839119956422,0.020531496904401,0.049166666666666664,0.001875771446237126,0.010972222222222223,0.0011266277661485138,0.0009722222222222223,0.000334488738299786,nan,nan,nan,nan,1.5338839933198567,0.009250468328867898,199816533.33333334,2057586.959131994
structured,null,0,bolt-inf,ld_q2,6,7200,1.0022231406858972,0.022971716710071838,0.04847222222222222,0.0023015359873863736,0.0075,0.0008050764858994133,0.0004166666666666667,0.0002846375212766556,nan,nan,nan,nan,1.5338839933198567,0.009250468328867898,199816533.33333334,2057586.959131994
structured,null,0,bolt-inf,ld_q3,6,7200,0.9659695445515352,0.0325211233858431,0.03972222222222222,0.0024969116726938035,0.00736111111111111,0.0005450393575096829,0.0006944444444444445,0.00025609845714702473,nan,nan,nan,nan,1.5338839933198567,0.009250468328867898,199816533.33333334,2057586.959131994
structured,null,0,bolt-inf,ld_q4,6,7200,0.9872051990847677,0.03549345007699859,0.04888888888888889,0.0025879588219671376,0.008888888888888889,0.0018592445034090568,0.0004166666666666667,0.00041666666666666675,nan,nan,nan,nan,1.5338839933198567,0.009250468328867898,199816533.33333334,2057586.959131994
structured,null,0,bolt-inf,ld_q5,6,7200,0.9730118493596932,0.026204437967328405,0.04805555555555555,0.0013888888888888887,0.010416666666666666,0.0017044332174047166,0.0011111111111111111,0.00027777777777777783,nan,nan,nan,nan,1.5338839933198567,0.009250468328867898,199816533.33333334,2057586.959131994
structured,null,0,exact,all,6,36000,0.9807821011543124,0.017406231458610824,0.04702777777777778,0.0011225109639542636,0.009194444444444444,0.0005891246907358135,0.0007777777777777778,0.00016480441082434807,nan,nan,nan,nan,1.5124021944939159,0.021466623570783883,225320960.0,2577912.763180839
structured,null,0,exact,loading_q1,6,7200,1.0085857381410481,0.017383706546071933,0.04833333333333333,0.0022360679774997903,0.011250000000000001,0.0012500000000000002,0.0008333333333333334,0.000372677996249965,nan,nan,nan,nan,1.5124021944939159,0.021466623570783883,225320960.0,2577912.763180839
structured,null,0,exact,loading_q2,6,7200,0.9770519596146089,0.016060523771353148,0.04708333333333333,0.0016631908199914113,0.008333333333333333,0.0005692750425533111,0.0005555555555555556,0.00027777777777777783,nan,nan,nan,nan,1.5124021944939159,0.021466623570783883,225320960.0,2577912.763180839
structured,null,0,exact,loading_q3,6,7200,1.0010796060929386,0.03524527891562937,0.049305555555555554,0.0014659194224398622,0.009583333333333333,0.0014393607120035128,0.0005555555555555556,0.00027777777777777783,nan,nan,nan,nan,1.5124021944939159,0.021466623570783883,225320960.0,2577912.763180839
structured,null,0,exact,loading_q4,6,7200,0.9858820224743888,0.02049034911584207,0.04652777777777778,0.00268238998830944,0.008472222222222223,0.000758185781330899,0.00125,0.0001863389981249825,nan,nan,nan,nan,1.5124021944939159,0.021466623570783883,225320960.0,2577912.763180839
structured,null,0,exact,loading_q5,6,7200,0.9415816142662347,0.04552971101297474,0.04388888888888889,0.0028760398012321743,0.008333333333333333,0.0014433756729740645,0.0006944444444444445,0.0004521894610027696,nan,nan,nan,nan,1.5124021944939159,0.021466623570783883,225320960.0,2577912.763180839
structured,null,0,exact,maf_q1,6,7159,0.9444182355636795,0.015750884528454856,0.045533013454461924,0.0010980645139645063,0.010055642668855376,0.0008612444942335509,0.0011141409913261694,0.0003512172232150752,nan,nan,nan,nan,1.5124021944939159,0.021466623570783883,225320960.0,2577912.763180839
structured,null,0,exact,maf_q2,6,7172,0.9743253765787343,0.014985637092217714,0.047557389004854844,0.0010433705347422436,0.009335456073401685,0.0013163839858406111,0.0006959824707806281,0.00025703146568049835,nan,nan,nan,nan,1.5124021944939159,0.021466623570783883,225320960.0,2577912.763180839
structured,null,0,exact,maf_q3,6,7234,0.9645344150532268,0.029942795962650103,0.04812108518131303,0.001506452999311976,0.008994950959846806,0.0014691281371997636,0.0011060636505805888,0.00046293856500794633,nan,nan,nan,nan,1.5124021944939159,0.021466623570783883,225320960.0,2577912.763180839
structured,null,0,exact,maf_q4,6,7199,0.9960027856272742,0.02293872310635607,0.04890926870535473,0.001494555920682361,0.01000577197645951,0.0014849516793650742,0.00041575836694698827,0.0001859397530352163,nan,nan,nan,nan,1.5124021944939159,0.021466623570783883,225320960.0,2577912.763180839
structured,null,0,exact,maf_q5,6,7236,1.028705561938246,0.021171797544795395,0.04502813176135573,0.003903286651315808,0.007596109518573529,0.0006803155119519977,0.0005521165465181064,0.00017460010770252354,nan,nan,nan,nan,1.5124021944939159,0.021466623570783883,225320960.0,2577912.763180839
structured,null,0,exact,ld_q1,6,7200,0.985348119597666,0.01571054454570883,0.048749999999999995,0.0016907975326148,0.011111111111111112,0.0009781564923143893,0.0009722222222222223,0.000334488738299786,nan,nan,nan,nan,1.5124021944939159,0.021466623570783883,225320960.0,2577912.763180839
structured,null,0,exact,ld_q2,6,7200,0.9938095328999328,0.020283136994663983,0.04833333333333334,0.0021623889395587293,0.007777777777777777,0.0008784104611578832,0.0005555555555555556,0.00041201102706087025,nan,nan,nan,nan,1.5124021944939159,0.021466623570783883,225320960.0,2577912.763180839
structured,null,0,exact,ld_q3,6,7200,0.967340322918723,0.03122764675373515,0.04055555555555556,0.0029397236789606563,0.007222222222222221,0.0005121969142940492,0.0006944444444444445,0.00025609845714702473,nan,nan,nan,nan,1.5124021944939159,0.021466623570783883,225320960.0,2577912.763180839
structured,null,0,exact,ld_q4,6,7200,0.9854172304480134,0.03637077170192546,0.04916666666666667,0.0024626844732557225,0.009305555555555555,0.0019414659727785058,0.0006944444444444445,0.0004521894610027696,nan,nan,nan,nan,1.5124021944939159,0.021466623570783883,225320960.0,2577912.763180839
structured,null,0,exact,ld_q5,6,7200,0.9725223616868974,0.02680539405520155,0.04833333333333333,0.0015515822270854383,0.010555555555555556,0.0016896562584161727,0.0009722222222222223,0.00025609845714702473,nan,nan,nan,nan,1.5124021944939159,0.021466623570783883,225320960.0,2577912.763180839
structured,null,0,kvik,all,6,36000,0.9847175296579485,0.017897320376337733,0.04672222222222222,0.0010993825427523586,0.009083333333333334,0.0005912165737164657,0.0007222222222222222,0.0001266861583443487,nan,nan,nan,nan,1.6486665553141695,0.017643585051200138,205837653.33333334,1094091.9575414937
structured,null,0,kvik,loading_q1,6,7200,1.023212089470016,0.019055010509355392,0.04958333333333333,0.0024414438654509654,0.011527777777777777,0.0012804922857351233,0.0009722222222222223,0.000334488738299786,nan,nan,nan,nan,1.6486665553141695,0.017643585051200138,205837653.33333334,1094091.9575414937
structured,null,0,kvik,loading_q2,6,7200,0.9896701925510921,0.021006710205582608,0.04791666666666666,0.0018225694113693611,0.008472222222222223,0.0005859728641591385,0.0006944444444444445,0.00025609845714702473,nan,nan,nan,nan,1.6486665553141695,0.017643585051200138,205837653.33333334,1094091.9575414937
structured,null,0,kvik,loading_q3,6,7200,1.0076577754162062,0.036580422057326645,0.04972222222222222,0.0015908690070307058,0.009722222222222222,0.001405456737852613,0.0004166666666666667,0.00018633899812498252,nan,nan,nan,nan,1.6486665553141695,0.017643585051200138,205837653.33333334,1094091.9575414937
structured,null,0,kvik,loading_q4,6,7200,0.981238229847583,0.017154835418798135,0.04486111111111111,0.0021236833248386,0.008055555555555555,0.000795434503515353,0.0011111111111111111,0.00017568209223157665,nan,nan,nan,nan,1.6486665553141695,0.017643585051200138,205837653.33333334,1094091.9575414937
structured,null,0,kvik,loading_q5,6,7200,0.9234293939531198,0.03764792877994793,0.041527777777777775,0.0021453725682944037,0.007638888888888889,0.0012622853075001962,0.0004166666666666667,0.00028463752127665554,nan,nan,nan,nan,1.6486665553141695,0.017643585051200138,205837653.33333334,1094091.9575414937
structured,null,0,kvik,maf_q1,6,7159,0.9437316685443068,0.017974559292177072,0.046093741673162936,0.0011991828820204753,0.009634169328431749,0.0009299651960129014,0.0009752521024372804,0.00033458599864227465,nan,nan,nan,nan,1.6486665553141695,0.017643585051200138,205837653.33333334,1094091.9575414937
structured,null,0,kvik,maf_q2,6,7172,0.9846231630528903,0.015944695698232352,0.04686070450380267,0.0010807835796540811,0.009198055688680607,0.0013290679859451727,0.0006959824707806281,0.00025703146568049835,nan,nan,nan,nan,1.6486665553141695,0.017643585051200138,205837653.33333334,1094091.9575414937
structured,null,0,kvik,maf_q3,6,7234,0.9627325565690716,0.031356503467485176,0.0481208552352009,0.001549991776546736,0.008717980580833496,0.0014898924711067025,0.0009677510641352222,0.00033314250582962035,nan,nan,nan,nan,1.6486665553141695,0.017643585051200138,205837653.33333334,1094091.9575414937
structured,null,0,kvik,maf_q4,6,7199,1.010168724817822,0.030256457380845182,0.048076949968176574,0.0015602578022645545,0.010142913746064136,0.0015178097363119007,0.00041575836694698827,0.0001859397530352163,nan,nan,nan,nan,1.6486665553141695,0.017643585051200138,205837653.33333334,1094091.9575414937
structured,null,0,kvik,maf_q5,6,7236,1.031613297332269,0.02331799570006574,0.04447715736267404,0.0037890630962414858,0.007732021399126795,0.0009130487031486439,0.0005521165465181064,0.0002753079645439501,nan,nan,nan,nan,1.6486665553141695,0.017643585051200138,205837653.33333334,1094091.9575414937
structured,null,0,kvik,ld_q1,6,7200,0.9721181282239281,0.021119834722972547,0.04861111111111111,0.0017959144305827344,0.011111111111111112,0.0010243938285880987,0.0008333333333333334,0.00030429030972509234,nan,nan,nan,nan,1.6486665553141695,0.017643585051200138,205837653.33333334,1094091.9575414937
structured,null,0,kvik,ld_q2,6,7200,1.0136638911194094,0.02854386477041566,0.04833333333333333,0.002173067468400883,0.007777777777777777,0.0008784104611578834,0.0004166666666666667,0.0002846375212766556,nan,nan,nan,nan,1.6486665553141695,0.017643585051200138,205837653.33333334,1094091.9575414937
structured,null,0,kvik,ld_q3,6,7200,0.9711895002526781,0.032341780218852485,0.03972222222222222,0.0026498311150470713,0.00736111111111111,0.0005450393575096829,0.0006944444444444445,0.00025609845714702473,nan,nan,nan,nan,1.6486665553141695,0.017643585051200138,205837653.33333334,1094091.9575414937
structured,null,0,kvik,ld_q4,6,7200,0.9875656286361263,0.03579714908198343,0.048472222222222215,0.0025038550524055492,0.008749999999999999,0.001757918592477416,0.0005555555555555556,0.00041201102706087025,nan,nan,nan,nan,1.6486665553141695,0.017643585051200138,205837653.33333334,1094091.9575414937
structured,null,0,kvik,ld_q5,6,7200,0.9793933614472952,0.028360792387141003,0.04847222222222222,0.0015577860992011061,0.010416666666666666,0.0017044332174047166,0.0011111111111111111,0.00027777777777777783,nan,nan,nan,nan,1.6486665553141695,0.017643585051200138,205837653.33333334,1094091.9575414937
structured,null,0,ldak-kvik,all,6,36000,0.9926896276041246,0.02207681375703563,0.049055555555555554,0.0018770873155299563,0.00986111111111111,0.000693109828647597,0.0009166666666666666,0.00019602531960419284,nan,nan,nan,nan,0.44252044416498393,0.06190219306388014,40935424.0,169411.4050784854
structured,null,0,ldak-kvik,loading_q1,6,7200,1.0105635350671613,0.017916009796033503,0.05013888888888889,0.0030460711388140714,0.011527777777777777,0.0013678969169161257,0.0011111111111111111,0.0004648111258522643,nan,nan,nan,nan,0.44252044416498393,0.06190219306388014,40935424.0,169411.4050784854
structured,null,0,ldak-kvik,loading_q2,6,7200,0.9803946988833229,0.018510415813564118,0.049166666666666664,0.0017347216662217777,0.008749999999999999,0.0005989960736902174,0.0005555555555555556,0.00027777777777777783,nan,nan,nan,nan,0.44252044416498393,0.06190219306388014,40935424.0,169411.4050784854
structured,null,0,ldak-kvik,loading_q3,6,7200,1.016197479176504,0.03901947298573393,0.05069444444444445,0.0017666754017953165,0.010277777777777778,0.001501028454011811,0.0008333333333333334,0.00043033148291193526,nan,nan,nan,nan,0.44252044416498393,0.06190219306388014,40935424.0,169411.4050784854
structured,null,0,ldak-kvik,loading_q4,6,7200,0.9992827196921819,0.027432858686311783,0.04777777777777778,0.0031377824992095413,0.009166666666666667,0.0008050764858994133,0.001388888888888889,0.0002777777777777778,nan,nan,nan,nan,0.44252044416498393,0.06190219306388014,40935424.0,169411.4050784854
structured,null,0,ldak-kvik,loading_q5,6,7200,0.963884618069465,0.058804068910501855,0.047499999999999994,0.005059827255139434,0.009583333333333334,0.0017313824491386022,0.0006944444444444445,0.0004521894610027696,nan,nan,nan,nan,0.44252044416498393,0.06190219306388014,40935424.0,169411.4050784854
structured,null,0,ldak-kvik,maf_q1,6,7159,0.950707308824773,0.01832683586706818,0.04762278333954421,0.002304593846289903,0.010612828102402922,0.0011107304160898688,0.001391918769103947,0.0005117673039718035,nan,nan,nan,nan,0.44252044416498393,0.06190219306388014,40935424.0,169411.4050784854
structured,null,0,ldak-kvik,maf_q2,6,7172,0.997878133902045,0.028224322979532767,0.0490938256274109,0.0015401904848982987,0.01003780781018449,0.0011838379766444635,0.0012504252983883306,0.00041500282539309625,nan,nan,nan,nan,0.44252044416498393,0.06190219306388014,40935424.0,169411.4050784854
structured,null,0,ldak-kvik,maf_q3,6,7234,0.9926414893486625,0.04103782279319784,0.05144784521472898,0.0028207274594637057,0.009548315415429899,0.0015343818997325803,0.0011066399530241112,0.0003504374422575486,nan,nan,nan,nan,0.44252044416498393,0.06190219306388014,40935424.0,169411.4050784854
structured,null,0,ldak-kvik,maf_q4,6,7199,1.0147094828208296,0.032144535034736056,0.05043428941284526,0.001535412893975363,0.010977908632962531,0.0015371735313159402,0.00041575836694698827,0.0001859397530352163,nan,nan,nan,nan,0.44252044416498393,0.06190219306388014,40935424.0,169411.4050784854
structured,null,0,ldak-kvik,maf_q5,6,7236,1.0417686770086236,0.028499908490413416,0.04667968209760342,0.004454352119302598,0.008145711057457839,0.001021399332988136,0.0004147161617970292,0.00018547020235233722,nan,nan,nan,nan,0.44252044416498393,0.06190219306388014,40935424.0,169411.4050784854
structured,null,0,ldak-kvik,ld_q1,6,7200,1.0001169311679183,0.023608909189537744,0.05069444444444445,0.002301535987386373,0.010972222222222222,0.0009481137869931118,0.0009722222222222223,0.000334488738299786,nan,nan,nan,nan,0.44252044416498393,0.06190219306388014,40935424.0,169411.4050784854
structured,null,0,ldak-kvik,ld_q2,6,7200,1.0038491403596972,0.027004443326363627,0.05041666666666667,0.0029166666666666672,0.009305555555555555,0.0013161508600535703,0.0004166666666666667,0.0002846375212766556,nan,nan,nan,nan,0.44252044416498393,0.06190219306388014,40935424.0,169411.4050784854
structured,null,0,ldak-kvik,ld_q3,6,7200,0.9734785049099082,0.03418592862563292,0.04277777777777778,0.003420165327026975,0.007916666666666667,0.0004166666666666666,0.0006944444444444445,0.00025609845714702473,nan,nan,nan,nan,0.44252044416498393,0.06190219306388014,40935424.0,169411.4050784854
structured,null,0,ldak-kvik,ld_q4,6,7200,1.00149945294919,0.039168484661540694,0.05097222222222222,0.0028334694956388806,0.009861111111111112,0.0019414659727785063,0.0011111111111111111,0.0004648111258522642,nan,nan,nan,nan,0.44252044416498393,0.06190219306388014,40935424.0,169411.4050784854
structured,null,0,ldak-kvik,ld_q5,6,7200,0.9862846910331139,0.029696872055598518,0.05041666666666667,0.0021381672664362015,0.011250000000000001,0.0015774745405000765,0.001388888888888889,0.0004648111258522643,nan,nan,nan,nan,0.44252044416498393,0.06190219306388014,40935424.0,169411.4050784854
unstructured,mixed,0,bolt-inf,all,6,6000,1.0399347137368433,0.02459040502595739,0.049666666666666665,0.0032006943691087475,0.009,0.0017126976771553507,0.001,0.0003651483716701108,0.2833333333333333,0.03073181485764296,0.25,0.03415650255319866,1.563378291670233,0.02261573930565665,196979370.66666666,121776.71220685469
unstructured,mixed,0,bolt-inf,loading_q1,6,1201,1.014068369168667,0.0734015752036433,0.05623379624302435,0.010965729359307149,0.009241235159126789,0.002420188192678006,0.0,0.0,0.2833333333333333,0.03073181485764296,0.25,0.03415650255319866,1.563378291670233,0.02261573930565665,196979370.66666666,121776.71220685469
unstructured,mixed,0,bolt-inf,loading_q2,6,1172,1.0231378384517797,0.06009955470223353,0.05303396706652002,0.007392211956387736,0.009436111850260446,0.003572820620147734,0.0,0.0,0.2833333333333333,0.03073181485764296,0.25,0.03415650255319866,1.563378291670233,0.02261573930565665,196979370.66666666,121776.71220685469
unstructured,mixed,0,bolt-inf,loading_q3,6,1191,1.082301606693644,0.06983033281955316,0.04422550537780431,0.011201937853088335,0.008159486156597374,0.0032539195270687355,0.0015972365514975047,0.0010112905474187368,0.2833333333333333,0.03073181485764296,0.25,0.03415650255319866,1.563378291670233,0.02261573930565665,196979370.66666666,121776.71220685469
unstructured,mixed,0,bolt-inf,loading_q4,6,1202,1.0527633889121457,0.03525421172142844,0.04581587691884431,0.004799604190066652,0.006659617573082189,0.001687980930622279,0.002514439186458456,0.0011271857453603433,0.2833333333333333,0.03073181485764296,0.25,0.03415650255319866,1.563378291670233,0.02261573930565665,196979370.66666666,121776.71220685469
unstructured,mixed,0,bolt-inf,loading_q5,6,1234,1.0877597633624658,0.05005911248853806,0.048411025077733906,0.0036952109684154602,0.011278945254774617,0.002597624432644707,0.0007645259938837921,0.0007645259938837922,0.2833333333333333,0.03073181485764296,0.25,0.03415650255319866,1.563378291670233,0.02261573930565665,196979370.66666666,121776.71220685469
unstructured,mixed,0,bolt-inf,maf_q1,6,1229,1.0735511430702165,0.041198476477241563,0.050292117153639244,0.009080645265319301,0.009098317537916324,0.002459934712723071,0.0008250825082508251,0.0008250825082508251,0.2833333333333333,0.03073181485764296,0.25,0.03415650255319866,1.563378291670233,0.02261573930565665,196979370.66666666,121776.71220685469
unstructured,mixed,0,bolt-inf,maf_q2,6,1189,0.9707604582392869,0.06143988022358379,0.0501800686379034,0.005368625279641472,0.005971354107108935,0.001572333498145432,0.0017032452673184939,0.0010804913101741902,0.2833333333333333,0.03073181485764296,0.25,0.03415650255319866,1.563378291670233,0.02261573930565665,196979370.66666666,121776.71220685469
unstructured,mixed,0,bolt-inf,maf_q3,6,1161,1.0054753481177734,0.06527136765329737,0.04516132518559729,0.005969781434041535,0.013649893304974852,0.0039122818265895296,0.0009157509157509159,0.0009157509157509159,0.2833333333333333,0.03073181485764296,0.25,0.03415650255319866,1.563378291670233,0.02261573930565665,196979370.66666666,121776.71220685469
unstructured,mixed,0,bolt-inf,maf_q4,6,1186,1.0451476348288795,0.07845622981610414,0.05836486906671907,0.010641527016510917,0.009490780428163747,0.0036681609882816915,0.001736111111111111,0.0017361111111111112,0.2833333333333333,0.03073181485764296,0.25,0.03415650255319866,1.563378291670233,0.02261573930565665,196979370.66666666,121776.71220685469
unstructured,mixed,0,bolt-inf,maf_q5,6,1235,1.1525638056293321,0.09710805617690736,0.04424542422547082,0.006615524366859438,0.007457315036872349,0.0028922616219301343,0.0,0.0,0.2833333333333333,0.03073181485764296,0.25,0.03415650255319866,1.563378291670233,0.02261573930565665,196979370.66666666,121776.71220685469
unstructured,mixed,0,bolt-inf,ld_q1,6,1235,0.9780002230071007,0.0753721923107268,0.06054458754143752,0.0059655577955081245,0.009665681414169945,0.002823422417975466,0.0008291873963515755,0.0008291873963515756,0.2833333333333333,0.03073181485764296,0.25,0.03415650255319866,1.563378291670233,0.02261573930565665,196979370.66666666,121776.71220685469
unstructured,mixed,0,bolt-inf,ld_q2,6,1162,1.1272642326355626,0.07866139106616521,0.050113260976887834,0.006413820366792919,0.009583015023611564,0.002971745678932264,0.0018315018315018317,0.0018315018315018317,0.2833333333333333,0.03073181485764296,0.25,0.03415650255319866,1.563378291670233,0.02261573930565665,196979370.66666666,121776.71220685469
unstructured,mixed,0,bolt-inf,ld_q3,6,1210,1.1051232632641586,0.056896878327179184,0.048289090563546154,0.002662451656886449,0.007621568392413861,0.001773543110409105,0.0008130081300813008,0.0008130081300813009,0.2833333333333333,0.03073181485764296,0.25,0.03415650255319866,1.563378291670233,0.02261573930565665,196979370.66666666,121776.71220685469
unstructured,mixed,0,bolt-inf,ld_q4,6,1183,1.0922068568401866,0.09758557709102633,0.04725271626091105,0.0064600275903609426,0.00769099976665518,0.0022783619870712186,0.000859106529209622,0.0008591065292096221,0.2833333333333333,0.03073181485764296,0.25,0.03415650255319866,1.563378291670233,0.02261573930565665,196979370.66666666,121776.71220685469
unstructured,mixed,0,bolt-inf,ld_q5,6,1210,0.9215148220206809,0.07338853952484466,0.04184746125253793,0.00884889384651903,0.010668975294834628,0.0018790855285561784,0.0008333333333333334,0.0008333333333333333,0.2833333333333333,0.03073181485764296,0.25,0.03415650255319866,1.563378291670233,0.02261573930565665,196979370.66666666,121776.71220685469
unstructured,mixed,0,exact,all,6,6000,1.0176352805734246,0.024368528363466972,0.047499999999999994,0.0027537852736430504,0.009,0.0012649110640673518,0.001,0.0003651483716701108,0.2833333333333333,0.03073181485764296,0.25,0.03415650255319866,1.5432326595085517,0.0069670872669370205,223567872.0,726641.6365910595
unstructured,mixed,0,exact,loading_q1,6,1201,0.9924227365535748,0.07000718975295642,0.05126160916090838,0.009387707121929746,0.010046388138192811,0.0018786535072302943,0.0,0.0,0.2833333333333333,0.03073181485764296,0.25,0.03415650255319866,1.5432326595085517,0.0069670872669370205,223567872.0,726641.6365910595
unstructured,mixed,0,exact,loading_q2,6,1172,1.008788906017891,0.055021512437332366,0.04960285193763686,0.006071588739552373,0.009436111850260446,0.003572820620147734,0.0,0.0,0.2833333333333333,0.03073181485764296,0.25,0.03415650255319866,1.5432326595085517,0.0069670872669370205,223567872.0,726641.6365910595
unstructured,mixed,0,exact,loading_q3,6,1191,1.065408350063733,0.06953606642209591,0.04337948168914102,0.011735836937806464,0.006536736146750591,0.0030312382707592803,0.0015972365514975047,0.0010112905474187368,0.2833333333333333,0.03073181485764296,0.25,0.03415650255319866,1.5432326595085517,0.0069670872669370205,223567872.0,726641.6365910595
unstructured,mixed,0,exact,loading_q4,6,1202,1.0440277016707975,0.03684235766857351,0.04496553678278989,0.004870771811372647,0.007501368414833031,0.001736673652011873,0.002514439186458456,0.0011271857453603433,0.2833333333333333,0.03073181485764296,0.25,0.03415650255319866,1.5432326595085517,0.0069670872669370205,223567872.0,726641.6365910595
unstructured,mixed,0,exact,loading_q5,6,1234,1.074861387881332,0.05375056080307305,0.0476933988884096,0.004023728109116467,0.011347482587462892,0.001968680922386984,0.0007645259938837921,0.0007645259938837922,0.2833333333333333,0.03073181485764296,0.25,0.03415650255319866,1.5432326595085517,0.0069670872669370205,223567872.0,726641.6365910595
unstructured,mixed,0,exact,maf_q1,6,1229,1.0470786485932242,0.04557793468779623,0.046451871377909605,0.007822949400767495,0.009098317537916324,0.002459934712723071,0.0008250825082508251,0.0008250825082508251,0.2833333333333333,0.03073181485764296,0.25,0.03415650255319866,1.5432326595085517,0.0069670872669370205,223567872.0,726641.6365910595
unstructured,mixed,0,exact,maf_q2,6,1189,0.9413641736507558,0.06014327064565053,0.050295976323870846,0.005045408960242562,0.006877151208558211,0.0017601963115490675,0.0017032452673184939,0.0010804913101741902,0.2833333333333333,0.03073181485764296,0.25,0.03415650255319866,1.5432326595085517,0.0069670872669370205,223567872.0,726641.6365910595
unstructured,mixed,0,exact,maf_q3,6,1161,0.9904766949867677,0.06454378528673779,0.04260105888425376,0.006474208016975323,0.012856242511324056,0.0037712420957957188,0.0009157509157509159,0.0009157509157509159,0.2833333333333333,0.03073181485764296,0.25,0.03415650255319866,1.5432326595085517,0.0069670872669370205,223567872.0,726641.6365910595
unstructured,mixed,0,exact,maf_q4,6,1186,1.032153417735999,0.07276631211700223,0.05665929257314006,0.009898436794830087,0.010262385366435351,0.00333489520047449,0.001736111111111111,0.0017361111111111112,0.2833333333333333,0.03073181485764296,0.25,0.03415650255319866,1.5432326595085517,0.0069670872669370205,223567872.0,726641.6365910595
unstructured,mixed,0,exact,maf_q5,6,1235,1.097589264882223,0.09185488970998791,0.04177145680360065,0.0056993766991325825,0.0067102901795908524,0.002908587029120155,0.0,0.0,0.2833333333333333,0.03073181485764296,0.25,0.03415650255319866,1.5432326595085517,0.0069670872669370205,223567872.0,726641.6365910595
unstructured,mixed,0,exact,ld_q1,6,1235,0.9518409521273467,0.06198030279553495,0.057311913266636726,0.004933998437816946,0.009665681414169945,0.002823422417975466,0.0008291873963515755,0.0008291873963515756,0.2833333333333333,0.03073181485764296,0.25,0.03415650255319866,1.5432326595085517,0.0069670872669370205,223567872.0,726641.6365910595
unstructured,mixed,0,exact,ld_q2,6,1162,1.1264821753723766,0.07939277497642357,0.049275740038864375,0.006464696701034151,0.011292416733013275,0.002280534516144082,0.0018315018315018317,0.0018315018315018317,0.2833333333333333,0.03073181485764296,0.25,0.03415650255319866,1.5432326595085517,0.0069670872669370205,223567872.0,726641.6365910595
unstructured,mixed,0,exact,ld_q3,6,1210,1.085683846157501,0.054326174973230966,0.048289090563546154,0.002662451656886449,0.00597984941607393,0.0016544223230737032,0.0008130081300813008,0.0008130081300813009,0.2833333333333333,0.03073181485764296,0.25,0.03415650255319866,1.5432326595085517,0.0069670872669370205,223567872.0,726641.6365910595
unstructured,mixed,0,exact,ld_q4,6,1183,1.062660467734741,0.097887275703809,0.04476476321724066,0.0074312253504343105,0.00769099976665518,0.0022783619870712186,0.000859106529209622,0.0008591065292096221,0.2833333333333333,0.03073181485764296,0.25,0.03415650255319866,1.5432326595085517,0.0069670872669370205,223567872.0,726641.6365910595
unstructured,mixed,0,exact,ld_q5,6,1210,0.9040391799785784,0.0708350297402619,0.03761380094140538,0.007997076114686539,0.010734259473022034,0.0014873153252866987,0.0008333333333333334,0.0008333333333333333,0.2833333333333333,0.03073181485764296,0.25,0.03415650255319866,1.5432326595085517,0.0069670872669370205,223567872.0,726641.6365910595
unstructured,mixed,0,kvik,all,6,6000,1.0143753802366842,0.03193904697042348,0.050666666666666665,0.0028944391128123206,0.009,0.001414213562373095,0.001,0.0005163977794943223,0.3333333333333333,0.03333333333333335,0.26666666666666666,0.021081851067789193,1.9972891181726784,0.09179400172927439,211173376.0,2170316.2759897774
unstructured,mixed,0,kvik,loading_q1,6,1201,1.053487130499569,0.06935256958339192,0.04870767314284221,0.007434501275492606,0.006684078112933246,0.0010791001847636446,0.0008210180623973727,0.0008210180623973728,0.3333333333333333,0.03333333333333335,0.26666666666666666,0.021081851067789193,1.9972891181726784,0.09179400172927439,211173376.0,2170316.2759897774
unstructured,mixed,0,kvik,loading_q2,6,1172,1.0099445579535982,0.09422554158738254,0.05330954490986655,0.011164622425526452,0.005027566609185631,0.0032108016380708515,0.0008460236886632825,0.0008460236886632824,0.3333333333333333,0.03333333333333335,0.26666666666666666,0.021081851067789193,1.9972891181726784,0.09179400172927439,211173376.0,2170316.2759897774
unstructured,mixed,0,kvik,loading_q3,6,1191,1.0447324789101478,0.03944708239073999,0.05097881079303181,0.008472466788690729,0.009172063782078226,0.0029917511952493557,0.0,0.0,0.3333333333333333,0.03333333333333335,0.26666666666666666,0.021081851067789193,1.9972891181726784,0.09179400172927439,211173376.0,2170316.2759897774
unstructured,mixed,0,kvik,loading_q4,6,1202,0.9921478382231,0.0448265378477895,0.04939175281703543,0.006351508581719253,0.012481639438142553,0.002516719970277966,0.001572327044025157,0.0015723270440251575,0.3333333333333333,0.03333333333333335,0.26666666666666666,0.021081851067789193,1.9972891181726784,0.09179400172927439,211173376.0,2170316.2759897774
unstructured,mixed,0,kvik,loading_q5,6,1234,1.0695632772652701,0.052449274721566366,0.05140886988533546,0.0041168098128279255,0.011277766287213368,0.0019172165370823474,0.001576052937494411,0.0009967875772115098,0.3333333333333333,0.03333333333333335,0.26666666666666666,0.021081851067789193,1.9972891181726784,0.09179400172927439,211173376.0,2170316.2759897774
unstructured,mixed,0,kvik,maf_q1,6,1229,1.0439453054147847,0.10450696533820078,0.04487920543463064,0.004263811733247498,0.004904094305345312,0.0012490561579672648,0.0008012820512820514,0.0008012820512820514,0.3333333333333333,0.03333333333333335,0.26666666666666666,0.021081851067789193,1.9972891181726784,0.09179400172927439,211173376.0,2170316.2759897774
unstructured,mixed,0,kvik,maf_q2,6,1189,0.9779281666246238,0.058066082715312294,0.05139927239879197,0.00451278179273634,0.00934265154897693,0.002103794692835407,0.0008635578583765113,0.0008635578583765112,0.3333333333333333,0.03333333333333335,0.26666666666666666,0.021081851067789193,1.9972891181726784,0.09179400172927439,211173376.0,2170316.2759897774
unstructured,mixed,0,kvik,maf_q3,6,1161,0.968033145940746,0.049532389730759664,0.05612215337253968,0.006953298427403067,0.009153672894750118,0.004136425010247515,0.0017094017094017096,0.0010852496236038573,0.3333333333333333,0.03333333333333335,0.26666666666666666,0.021081851067789193,1.9972891181726784,0.09179400172927439,211173376.0,2170316.2759897774
unstructured,mixed,0,kvik,maf_q4,6,1186,1.0355946154680287,0.07258252984425614,0.05467121057989811,0.010713537124346147,0.014571033500959512,0.003263976278907199,0.001736111111111111,0.0017361111111111112,0.3333333333333333,0.03333333333333335,0.26666666666666666,0.021081851067789193,1.9972891181726784,0.09179400172927439,211173376.0,2170316.2759897774
unstructured,mixed,0,kvik,maf_q5,6,1235,1.155727923127155,0.150257743732782,0.047318317845055524,0.006396252058863545,0.007555066395719891,0.004021210555448187,0.0,0.0,0.3333333333333333,0.03333333333333335,0.26666666666666666,0.021081851067789193,1.9972891181726784,0.09179400172927439,211173376.0,2170316.2759897774
unstructured,mixed,0,kvik,ld_q1,6,1235,1.0662952534137828,0.12560392181200708,0.05868646457055268,0.005941283616698452,0.008672900948240851,0.004245332517942915,0.0007541478129713424,0.0007541478129713425,0.3333333333333333,0.03333333333333335,0.26666666666666666,0.021081851067789193,1.9972891181726784,0.09179400172927439,211173376.0,2170316.2759897774
unstructured,mixed,0,kvik,ld_q2,6,1162,1.0509229777313946,0.04944520332331759,0.05277941737438751,0.004958211913771971,0.008793499671692679,0.003082643112729927,0.002669022769525282,0.0018553360417072192,0.3333333333333333,0.03333333333333335,0.26666666666666666,0.021081851067789193,1.9972891181726784,0.09179400172927439,211173376.0,2170316.2759897774
unstructured,mixed,0,kvik,ld_q3,6,1210,1.0694980848840465,0.060508680503487976,0.05104600903354373,0.006747488313947784,0.007621568392413861,0.0013200966539242507,0.0,0.0,0.3333333333333333,0.03333333333333335,0.26666666666666666,0.021081851067789193,1.9972891181726784,0.09179400172927439,211173376.0,2170316.2759897774
unstructured,mixed,0,kvik,ld_q4,6,1183,0.952797108864949,0.06161745257537751,0.047366043286663245,0.005707546946475701,0.01266243717389226,0.0028933282554207155,0.0008250825082508251,0.0008250825082508251,0.3333333333333333,0.03333333333333335,0.26666666666666666,0.021081851067789193,1.9972891181726784,0.09179400172927439,211173376.0,2170316.2759897774
unstructured,mixed,0,kvik,ld_q5,6,1210,0.9720758988821702,0.06239094974657657,0.04424073942979284,0.005941921242593427,0.007311383359770457,0.0024414466592295016,0.0007680491551459293,0.0007680491551459294,0.3333333333333333,0.03333333333333335,0.26666666666666666,0.021081851067789193,1.9972891181726784,0.09179400172927439,211173376.0,2170316.2759897774
unstructured,mixed,0,ldak-kvik,all,6,6000,0.9949468546569822,0.01762607324961989,0.051,0.004531372124791048,0.009833333333333335,0.0021972204663569333,0.0011666666666666668,0.00047726070210921194,0.3333333333333333,0.03333333333333335,0.2833333333333333,0.03073181485764296,0.9088505833157493,0.08524296556561364,40774314.666666664,270101.44706840144
unstructured,mixed,0,ldak-kvik,loading_q1,6,1201,0.9908871163149523,0.05617262194882531,0.05211481144455421,0.008432410642131814,0.008434450239290818,0.0017776127162176772,0.0008210180623973727,0.0008210180623973728,0.3333333333333333,0.03333333333333335,0.2833333333333333,0.03073181485764296,0.9088505833157493,0.08524296556561364,40774314.666666664,270101.44706840144
unstructured,mixed,0,ldak-kvik,loading_q2,6,1172,0.9451072600372372,0.05096666336235113,0.049322184661694184,0.012239431314097519,0.006719613986512197,0.0048489211066131315,0.0024894955431957835,0.001720238318757239,0.3333333333333333,0.03333333333333335,0.2833333333333333,0.03073181485764296,0.9088505833157493,0.08524296556561364,40774314.666666664,270101.44706840144
unstructured,mixed,0,ldak-kvik,loading_q3,6,1191,1.068803693282607,0.03783399100066742,0.04928676341570525,0.008859979797835392,0.009172063782078226,0.0029917511952493557,0.0007680491551459293,0.0007680491551459294,0.3333333333333333,0.03333333333333335,0.2833333333333333,0.03073181485764296,0.9088505833157493,0.08524296556561364,40774314.666666664,270101.44706840144
unstructured,mixed,0,ldak-kvik,loading_q4,6,1202,0.9879306490496704,0.05042722611478722,0.05197626256228625,0.0082475452472442,0.01509683646034766,0.005463537689605355,0.0007861635220125786,0.0007861635220125788,0.3333333333333333,0.03333333333333335,0.2833333333333333,0.03073181485764296,0.9088505833157493,0.08524296556561364,40774314.666666664,270101.44706840144
unstructured,mixed,0,ldak-kvik,loading_q5,6,1234,1.0342236118364054,0.052749094294701204,0.05286792757722092,0.0030442836366149045,0.009655891367553378,0.001126959485759628,0.0007861635220125786,0.0007861635220125788,0.3333333333333333,0.03333333333333335,0.2833333333333333,0.03073181485764296,0.9088505833157493,0.08524296556561364,40774314.666666664,270101.44706840144
unstructured,mixed,0,ldak-kvik,maf_q1,6,1229,0.9725308452462951,0.08872099044722657,0.044857474194733016,0.006343261388556535,0.005672143460491241,0.0014349792356040038,0.0007680491551459293,0.0007680491551459296,0.3333333333333333,0.03333333333333335,0.2833333333333333,0.03073181485764296,0.9088505833157493,0.08524296556561364,40774314.666666664,270101.44706840144
unstructured,mixed,0,ldak-kvik,maf_q2,6,1189,0.9705777258839546,0.04301822820643703,0.0493774207926479,0.0037214728807618844,0.011933325124106465,0.002612529262026629,0.0008635578583765113,0.0008635578583765112,0.3333333333333333,0.03333333333333335,0.2833333333333333,0.03073181485764296,0.9088505833157493,0.08524296556561364,40774314.666666664,270101.44706840144
unstructured,mixed,0,ldak-kvik,maf_q3,6,1161,0.9472850042588691,0.06532946267804914,0.048082422896079814,0.006923954536999122,0.0059688947099719334,0.0025608115200888835,0.0017094017094017096,0.0010852496236038573,0.3333333333333333,0.03333333333333335,0.2833333333333333,0.03073181485764296,0.9088505833157493,0.08524296556561364,40774314.666666664,270101.44706840144
unstructured,mixed,0,ldak-kvik,maf_q4,6,1186,1.0090081266868336,0.04368693915747319,0.06337611418696831,0.009308811838377966,0.018079805430784072,0.004157911112174403,0.0025736320491345616,0.001770285668821519,0.3333333333333333,0.03333333333333335,0.2833333333333333,0.03073181485764296,0.9088505833157493,0.08524296556561364,40774314.666666664,270101.44706840144
unstructured,mixed,0,ldak-kvik,maf_q5,6,1235,1.1476540662605383,0.11096933642235907,0.05077087420794399,0.006845190590357593,0.008432259378176033,0.00484998058878956,0.0,0.0,0.3333333333333333,0.03333333333333335,0.2833333333333333,0.03073181485764296,0.9088505833157493,0.08524296556561364,40774314.666666664,270101.44706840144
unstructured,mixed,0,ldak-kvik,ld_q1,6,1235,0.981876430992315,0.08631817040371882,0.05318616649569268,0.005983267677735805,0.008648232561835245,0.003676168785271487,0.0008291873963515755,0.0008291873963515756,0.3333333333333333,0.03333333333333335,0.2833333333333333,0.03073181485764296,0.9088505833157493,0.08524296556561364,40774314.666666664,270101.44706840144
unstructured,mixed,0,ldak-kvik,ld_q2,6,1162,1.0801599898373238,0.039853595604223434,0.05184817614463882,0.004766869168984488,0.009622687068044254,0.002987269795572167,0.002669022769525282,0.0018553360417072192,0.3333333333333333,0.03333333333333335,0.2833333333333333,0.03073181485764296,0.9088505833157493,0.08524296556561364,40774314.666666664,270101.44706840144
unstructured,mixed,0,ldak-kvik,ld_q3,6,1210,1.0981201568764405,0.08039593075887828,0.053830203053188634,0.008569264353347913,0.008455144044250637,0.002662770455431512,0.0009208103130755064,0.0009208103130755064,0.3333333333333333,0.03333333333333335,0.2833333333333333,0.03073181485764296,0.9088505833157493,0.08524296556561364,40774314.666666664,270101.44706840144
unstructured,mixed,0,ldak-kvik,ld_q4,6,1183,0.9412778977141323,0.047944266279343686,0.051437978257938145,0.007015412051791412,0.01604073009547775,0.005650130877084193,0.0016501650165016502,0.0016501650165016502,0.3333333333333333,0.03333333333333335,0.2833333333333333,0.03073181485764296,0.9088505833157493,0.08524296556561364,40774314.666666664,270101.44706840144
unstructured,mixed,0,ldak-kvik,ld_q5,6,1210,0.9713756454169967,0.06197499630101598,0.04599694887637775,0.00830939450124438,0.006456682505069602,0.0019826991743973556,0.0,0.0,0.3333333333333333,0.03333333333333335,0.2833333333333333,0.03073181485764296,0.9088505833157493,0.08524296556561364,40774314.666666664,270101.44706840144
unstructured,null,0,bolt-inf,all,6,36000,0.9883334506978555,0.009081064829760514,0.04944444444444445,0.0006201353894389258,0.010055555555555555,0.00037924551479724466,0.0010277777777777778,0.00018467522376216294,nan,nan,nan,nan,1.5062099028436933,0.048143481943279914,198301013.33333334,1170385.5223978884
unstructured,null,0,bolt-inf,loading_q1,6,7200,0.9798767949870321,0.01569088855928737,0.05194444444444444,0.001191533921640401,0.010416666666666666,0.0009801265980209641,0.0008333333333333334,0.00030429030972509234,nan,nan,nan,nan,1.5062099028436933,0.048143481943279914,198301013.33333334,1170385.5223978884
unstructured,null,0,bolt-inf,loading_q2,6,7200,0.9629990410179766,0.02242911542513272,0.050277777777777775,0.0013888888888888892,0.011944444444444445,0.0008240220541217405,0.0016666666666666668,0.0,nan,nan,nan,nan,1.5062099028436933,0.048143481943279914,198301013.33333334,1170385.5223978884
unstructured,null,0,bolt-inf,loading_q3,6,7200,1.0251622142972554,0.022635553968705476,0.04861111111111111,0.001979836631245051,0.007361111111111111,0.0009233761188108145,0.0006944444444444445,0.0004521894610027696,nan,nan,nan,nan,1.5062099028436933,0.048143481943279914,198301013.33333334,1170385.5223978884
unstructured,null,0,bolt-inf,loading_q4,6,7200,0.9871618846814044,0.018396892747603154,0.04611111111111111,0.0017568209223157664,0.009722222222222222,0.0012850037229133755,0.0008333333333333334,0.00037267799624996503,nan,nan,nan,nan,1.5062099028436933,0.048143481943279914,198301013.33333334,1170385.5223978884
unstructured,null,0,bolt-inf,loading_q5,6,7200,1.0216074762876008,0.016075056649294282,0.05027777777777778,0.0018839805508681304,0.010833333333333334,0.0011587029785896786,0.0011111111111111111,0.00035136418446315325,nan,nan,nan,nan,1.5062099028436933,0.048143481943279914,198301013.33333334,1170385.5223978884
unstructured,null,0,bolt-inf,maf_q1,6,7147,1.0161140377920248,0.026112091835752072,0.05246122529318731,0.0023267690272731818,0.012583576470675317,0.001065462161099598,0.0013940341186463538,0.0005955885912166632,nan,nan,nan,nan,1.5062099028436933,0.048143481943279914,198301013.33333334,1170385.5223978884
unstructured,null,0,bolt-inf,maf_q2,6,7143,0.9502877487496391,0.019703966059408787,0.04971679673182066,0.0015246479153098317,0.010354607336954225,0.0009676138932170824,0.0011246505101723916,0.0006408798964469362,nan,nan,nan,nan,1.5062099028436933,0.048143481943279914,198301013.33333334,1170385.5223978884
unstructured,null,0,bolt-inf,maf_q3,6,7229,0.9925476975404468,0.04093884369317528,0.04691063598662598,0.0029620690812811558,0.009690819804865107,0.0007471649730275889,0.0011097330852727755,0.0002783241050041923,nan,nan,nan,nan,1.5062099028436933,0.048143481943279914,198301013.33333334,1170385.5223978884
unstructured,null,0,bolt-inf,maf_q4,6,7227,0.9886446361385502,0.012318664924638989,0.04953072707040332,0.002115728566138497,0.00857927501228864,0.0008711169061924472,0.0008311056359446544,0.00021700463707576155,nan,nan,nan,nan,1.5062099028436933,0.048143481943279914,198301013.33333334,1170385.5223978884
unstructured,null,0,bolt-inf,maf_q5,6,7254,1.0042513288310368,0.016894860830487145,0.04866690221073871,0.002007244479558706,0.009096624703619919,0.001574396213645038,0.000689298082571985,0.00033258445557265043,nan,nan,nan,nan,1.5062099028436933,0.048143481943279914,198301013.33333334,1170385.5223978884
unstructured,null,0,bolt-inf,ld_q1,6,7200,0.98489820458281,0.03291067138605259,0.04680555555555555,0.002485296266215398,0.009583333333333334,0.0005590169943749476,0.0015277777777777779,0.0005450393575096829,nan,nan,nan,nan,1.5062099028436933,0.048143481943279914,198301013.33333334,1170385.5223978884
unstructured,null,0,bolt-inf,ld_q2,6,7200,1.0073182535561438,0.015608680575561187,0.050555555555555555,0.001229774645621037,0.01013888888888889,0.001481626150343843,0.0006944444444444445,0.0003977172517576765,nan,nan,nan,nan,1.5062099028436933,0.048143481943279914,198301013.33333334,1170385.5223978884
unstructured,null,0,bolt-inf,ld_q3,6,7200,0.9992693347837746,0.039509616551938735,0.050972222222222224,0.003266104448973569,0.012500000000000002,0.0007757911135427191,0.0009722222222222223,0.0003977172517576765,nan,nan,nan,nan,1.5062099028436933,0.048143481943279914,198301013.33333334,1170385.5223978884
unstructured,null,0,bolt-inf,ld_q4,6,7200,0.9920042315100824,0.01772565415737101,0.052222222222222225,0.002777777777777778,0.009722222222222222,0.0005121969142940495,0.0009722222222222223,0.00025609845714702473,nan,nan,nan,nan,1.5062099028436933,0.048143481943279914,198301013.33333334,1170385.5223978884
unstructured,null,0,bolt-inf,ld_q5,6,7200,0.9492180152029147,0.02854385199629155,0.04666666666666667,0.0032131097202047227,0.008333333333333333,0.0011587029785896786,0.0009722222222222223,0.000334488738299786,nan,nan,nan,nan,1.5062099028436933,0.048143481943279914,198301013.33333334,1170385.5223978884
unstructured,null,0,exact,all,6,36000,0.9848649538717371,0.008139814107997852,0.04958333333333333,0.0006732315654666979,0.010166666666666666,0.00045946829173634064,0.0010277777777777778,0.00018467522376216294,nan,nan,nan,nan,1.4930828609988869,0.02760766241599448,236546730.66666666,8551567.72447243
unstructured,null,0,exact,loading_q1,6,7200,0.9730897541270617,0.015717898713242237,0.052222222222222225,0.001152024519629318,0.010555555555555556,0.0009043789220055395,0.0008333333333333334,0.00030429030972509234,nan,nan,nan,nan,1.4930828609988869,0.02760766241599448,236546730.66666666,8551567.72447243
unstructured,null,0,exact,loading_q2,6,7200,0.9594300190291927,0.02299942557931236,0.050416666666666665,0.0014231876063832778,0.011805555555555555,0.000788125608839506,0.0016666666666666668,0.0,nan,nan,nan,nan,1.4930828609988869,0.02760766241599448,236546730.66666666,8551567.72447243
unstructured,null,0,exact,loading_q3,6,7200,1.0102030755981668,0.022616202723446447,0.04888888888888889,0.0019083960041464075,0.0076388888888888895,0.0010632032893891465,0.0006944444444444445,0.0004521894610027696,nan,nan,nan,nan,1.4930828609988869,0.02760766241599448,236546730.66666666,8551567.72447243
unstructured,null,0,exact,loading_q4,6,7200,0.9793139697687386,0.019334421594391905,0.04597222222222222,0.0016303922878699096,0.00986111111111111,0.0013161508600535708,0.0008333333333333334,0.00037267799624996503,nan,nan,nan,nan,1.4930828609988869,0.02760766241599448,236546730.66666666,8551567.72447243
unstructured,null,0,exact,loading_q5,6,7200,1.0189321940469436,0.01664021541299348,0.050416666666666665,0.001757918592477416,0.010972222222222222,0.001225059837288886,0.0011111111111111111,0.00035136418446315325,nan,nan,nan,nan,1.4930828609988869,0.02760766241599448,236546730.66666666,8551567.72447243
unstructured,null,0,exact,maf_q1,6,7147,1.013682577724557,0.025542286145878026,0.05273910438959453,0.0021888516917197413,0.012581454289639126,0.0012636593706514283,0.0013940341186463538,0.0005955885912166632,nan,nan,nan,nan,1.4930828609988869,0.02760766241599448,236546730.66666666,8551567.72447243
unstructured,null,0,exact,maf_q2,6,7143,0.9481900324589995,0.018938111118639578,0.04929686227775423,0.0014827013508477386,0.010494781152485484,0.001017616670973724,0.0011246505101723916,0.0006408798964469362,nan,nan,nan,nan,1.4930828609988869,0.02760766241599448,236546730.66666666,8551567.72447243
unstructured,null,0,exact,maf_q3,6,7229,0.9812665536002502,0.039406673214437096,0.04760679906186661,0.0031981107641901522,0.009690819804865107,0.0007471649730275889,0.0011097330852727755,0.0002783241050041923,nan,nan,nan,nan,1.4930828609988869,0.02760766241599448,236546730.66666666,8551567.72447243
unstructured,null,0,exact,maf_q4,6,7227,0.9821683695101479,0.014481141593824241,0.049533334737579725,0.002106662133458651,0.009133222051101375,0.000981758829294244,0.0008311056359446544,0.00021700463707576155,nan,nan,nan,nan,1.4930828609988869,0.02760766241599448,236546730.66666666,8551567.72447243
unstructured,null,0,exact,maf_q5,6,7254,1.0014761478617131,0.015816915314022108,0.04880292575700956,0.0017983821207007869,0.008957966911051976,0.0016369117446215433,0.000689298082571985,0.00033258445557265043,nan,nan,nan,nan,1.4930828609988869,0.02760766241599448,236546730.66666666,8551567.72447243
unstructured,null,0,exact,ld_q1,6,7200,0.9787094680011079,0.033906053645091076,0.04750000000000001,0.002755465948363832,0.009722222222222222,0.0005957669608202006,0.0015277777777777779,0.0005450393575096829,nan,nan,nan,nan,1.4930828609988869,0.02760766241599448,236546730.66666666,8551567.72447243
unstructured,null,0,exact,ld_q2,6,7200,1.0064600413557927,0.01678340435681612,0.050277777777777775,0.0013888888888888892,0.010138888888888888,0.0013847159534016132,0.0006944444444444445,0.0003977172517576765,nan,nan,nan,nan,1.4930828609988869,0.02760766241599448,236546730.66666666,8551567.72447243
unstructured,null,0,exact,ld_q3,6,7200,0.991206504978484,0.03853146257908784,0.05111111111111111,0.0035267933884675297,0.012777777777777779,0.001024393828588099,0.0009722222222222223,0.0003977172517576765,nan,nan,nan,nan,1.4930828609988869,0.02760766241599448,236546730.66666666,8551567.72447243
unstructured,null,0,exact,ld_q4,6,7200,0.9838526376223832,0.017644802524795056,0.0525,0.0028867513459481286,0.009583333333333334,0.00041666666666666675,0.0009722222222222223,0.00025609845714702473,nan,nan,nan,nan,1.4930828609988869,0.02760766241599448,236546730.66666666,8551567.72447243
unstructured,null,0,exact,ld_q5,6,7200,0.9507943890927715,0.02965066841774583,0.04652777777777778,0.0030231871417143803,0.008611111111111111,0.0012108052620946315,0.0009722222222222223,0.000334488738299786,nan,nan,nan,nan,1.4930828609988869,0.02760766241599448,236546730.66666666,8551567.72447243
unstructured,null,0,kvik,all,6,36000,0.9879653089327176,0.009179259321351085,0.04958333333333334,0.0007658812401894128,0.01011111111111111,0.0004547418206595806,0.0009722222222222224,0.00018467522376216294,nan,nan,nan,nan,1.6322351805089663,0.01718773457265769,208213333.33333334,3208520.0866676904
unstructured,null,0,kvik,loading_q1,6,7200,0.9805490839054034,0.01590670730681762,0.05180555555555555,0.001186667186849657,0.010277777777777778,0.0009781564923143895,0.0008333333333333334,0.00030429030972509234,nan,nan,nan,nan,1.6322351805089663,0.01718773457265769,208213333.33333334,3208520.0866676904
unstructured,null,0,kvik,loading_q2,6,7200,0.9601211758223704,0.023114679020745224,0.050555555555555555,0.001908396004146408,0.012083333333333335,0.0009065093817822624,0.0016666666666666668,0.0,nan,nan,nan,nan,1.6322351805089663,0.01718773457265769,208213333.33333334,3208520.0866676904
unstructured,null,0,kvik,loading_q3,6,7200,1.0291417483792535,0.02498536055200223,0.04833333333333334,0.0017612074982385954,0.0075,0.0009622504486493763,0.0006944444444444445,0.0004521894610027696,nan,nan,nan,nan,1.6322351805089663,0.01718773457265769,208213333.33333334,3208520.0866676904
unstructured,null,0,kvik,loading_q4,6,7200,0.9831397861240152,0.018986911476223747,0.04708333333333333,0.0019454362549881257,0.01,0.0013608276348795437,0.0005555555555555556,0.00035136418446315336,nan,nan,nan,nan,1.6322351805089663,0.01718773457265769,208213333.33333334,3208520.0866676904
unstructured,null,0,kvik,loading_q5,6,7200,1.0258479999683503,0.016813981920871125,0.0501388888888889,0.0019295061096458062,0.010694444444444444,0.001243811843179895,0.0011111111111111111,0.00035136418446315325,nan,nan,nan,nan,1.6322351805089663,0.01718773457265769,208213333.33333334,3208520.0866676904
unstructured,null,0,kvik,maf_q1,6,7147,1.0120661871818746,0.026976125578281312,0.05315682907727189,0.0027493052538760505,0.012444455713858398,0.000986027281353047,0.0012549133618294367,0.000598960749732016,nan,nan,nan,nan,1.6322351805089663,0.01718773457265769,208213333.33333334,3208520.0866676904
unstructured,null,0,kvik,maf_q2,6,7143,0.9492171226909408,0.018427427736341363,0.04943496197085013,0.0014297831787773848,0.010354607336954225,0.0009676138932170824,0.0011246505101723916,0.0006408798964469362,nan,nan,nan,nan,1.6322351805089663,0.01718773457265769,208213333.33333334,3208520.0866676904
unstructured,null,0,kvik,maf_q3,6,7229,0.9917669805586772,0.04038640709337344,0.04691063598662598,0.0029620690812811558,0.009553645593616822,0.0006903341279425223,0.0009715351858808461,0.0002573606695446194,nan,nan,nan,nan,1.6322351805089663,0.01718773457265769,208213333.33333334,3208520.0866676904
unstructured,null,0,kvik,maf_q4,6,7227,0.990375454998675,0.017146545986721495,0.05008628378530094,0.0020814248716693336,0.00899559474584401,0.001080449233963963,0.0008311056359446544,0.00021700463707576155,nan,nan,nan,nan,1.6322351805089663,0.01718773457265769,208213333.33333334,3208520.0866676904
unstructured,null,0,kvik,maf_q5,6,7254,1.0046453272734692,0.019168426942569292,0.04839061521484511,0.0019138426852174848,0.009235397948138374,0.0016105540099969253,0.000689298082571985,0.00033258445557265043,nan,nan,nan,nan,1.6322351805089663,0.01718773457265769,208213333.33333334,3208520.0866676904
unstructured,null,0,kvik,ld_q1,6,7200,0.9816549350781894,0.0316302448989179,0.04708333333333333,0.0025344843876242583,0.009722222222222222,0.0006334307917217435,0.0015277777777777779,0.0005450393575096829,nan,nan,nan,nan,1.6322351805089663,0.01718773457265769,208213333.33333334,3208520.0866676904
unstructured,null,0,kvik,ld_q2,6,7200,1.0091829516365254,0.014851907907575951,0.049999999999999996,0.0014751020052613062,0.010138888888888888,0.0014659194224398626,0.0006944444444444445,0.0003977172517576765,nan,nan,nan,nan,1.6322351805089663,0.01718773457265769,208213333.33333334,3208520.0866676904
unstructured,null,0,kvik,ld_q3,6,7200,1.0014372525314064,0.042115139199693646,0.05125,0.0035794552658190894,0.012638888888888889,0.0008979572152913674,0.0008333333333333334,0.00030429030972509234,nan,nan,nan,nan,1.6322351805089663,0.01718773457265769,208213333.33333334,3208520.0866676904
unstructured,null,0,kvik,ld_q4,6,7200,0.9841409838183308,0.02013658646074502,0.052222222222222225,0.0026845465396332377,0.009722222222222222,0.0005121969142940495,0.0008333333333333334,0.00030429030972509234,nan,nan,nan,nan,1.6322351805089663,0.01718773457265769,208213333.33333334,3208520.0866676904
unstructured,null,0,kvik,ld_q5,6,7200,0.9525198273623859,0.028039922150271814,0.04736111111111111,0.0031433105533128446,0.008333333333333333,0.0011587029785896786,0.0009722222222222223,0.000334488738299786,nan,nan,nan,nan,1.6322351805089663,0.01718773457265769,208213333.33333334,3208520.0866676904
unstructured,null,0,ldak-kvik,all,6,36000,0.9855967684925919,0.008552880290427757,0.049777777777777775,0.0005671022291188817,0.010361111111111111,0.00043336894440569774,0.0010555555555555555,0.00020487876571761974,nan,nan,nan,nan,0.44429995819033746,0.052954777922937256,40714240.0,720411.7646390848
unstructured,null,0,ldak-kvik,loading_q1,6,7200,0.9764593546883065,0.0154804296786052,0.051527777777777777,0.0015428548974443126,0.010694444444444446,0.000948113786993112,0.0008333333333333334,0.00030429030972509234,nan,nan,nan,nan,0.44429995819033746,0.052954777922937256,40714240.0,720411.7646390848
unstructured,null,0,ldak-kvik,loading_q2,6,7200,0.9595649933645287,0.025937509857691145,0.05125,0.0014393607120035123,0.012222222222222223,0.0006689774765995719,0.0018055555555555557,0.00013888888888888886,nan,nan,nan,nan,0.44429995819033746,0.052954777922937256,40714240.0,720411.7646390848
unstructured,null,0,ldak-kvik,loading_q3,6,7200,1.0178199980453255,0.025534038018093775,0.04875000000000001,0.001809824014362436,0.0076388888888888895,0.0010187289344940138,0.0006944444444444445,0.0004521894610027696,nan,nan,nan,nan,0.44429995819033746,0.052954777922937256,40714240.0,720411.7646390848
unstructured,null,0,ldak-kvik,loading_q4,6,7200,0.9739246293035707,0.01745623369140302,0.04652777777777778,0.0016862278011973545,0.01,0.0013608276348795437,0.0008333333333333334,0.00037267799624996503,nan,nan,nan,nan,0.44429995819033746,0.052954777922937256,40714240.0,720411.7646390848
unstructured,null,0,ldak-kvik,loading_q5,6,7200,1.01408776688891,0.014869578159806666,0.050833333333333335,0.0018757714462371256,0.011250000000000001,0.0010918468892796415,0.0011111111111111111,0.00035136418446315325,nan,nan,nan,nan,0.44429995819033746,0.052954777922937256,40714240.0,720411.7646390848
unstructured,null,0,ldak-kvik,maf_q1,6,7147,1.00942656079311,0.02486399742419161,0.053018640061189004,0.0021461767305310854,0.012862167241439236,0.0011605276546430973,0.0013940341186463538,0.0005955885912166632,nan,nan,nan,nan,0.44429995819033746,0.052954777922937256,40714240.0,720411.7646390848
unstructured,null,0,ldak-kvik,maf_q2,6,7143,0.9448283357253557,0.017069592030836602,0.0495777969013441,0.0016435596556945151,0.010492576431876963,0.0010558541039284019,0.0011246505101723916,0.0006408798964469362,nan,nan,nan,nan,0.44429995819033746,0.052954777922937256,40714240.0,720411.7646390848
unstructured,null,0,ldak-kvik,maf_q3,6,7229,0.9849743353721343,0.04075860590159114,0.04788148018300987,0.0030901136094497804,0.00983194314666584,0.0008077770914127334,0.0011097330852727755,0.0002783241050041923,nan,nan,nan,nan,0.44429995819033746,0.052954777922937256,40714240.0,720411.7646390848
unstructured,null,0,ldak-kvik,maf_q4,6,7227,0.9817893427796683,0.011490183728397538,0.049528237359541094,0.002058696141118443,0.008855675562064461,0.0008174735308522762,0.0008311056359446544,0.00021700463707576155,nan,nan,nan,nan,0.44429995819033746,0.052954777922937256,40714240.0,720411.7646390848
unstructured,null,0,ldak-kvik,maf_q5,6,7254,1.0034334839101202,0.017183119416114646,0.04894113403130873,0.0018326884573576484,0.009787182279335224,0.0017854164843093062,0.0008260221733567813,0.0003694222251624452,nan,nan,nan,nan,0.44429995819033746,0.052954777922937256,40714240.0,720411.7646390848
unstructured,null,0,ldak-kvik,ld_q1,6,7200,0.9755735375189588,0.03284913530273262,0.04694444444444445,0.0026759099063982878,0.009722222222222222,0.0005957669608202006,0.0015277777777777779,0.0005450393575096829,nan,nan,nan,nan,0.44429995819033746,0.052954777922937256,40714240.0,720411.7646390848
unstructured,null,0,ldak-kvik,ld_q2,6,7200,1.0099461584211396,0.0184704730946864,0.050555555555555555,0.0014540280364780445,0.01013888888888889,0.001481626150343843,0.0006944444444444445,0.0003977172517576765,nan,nan,nan,nan,0.44429995819033746,0.052954777922937256,40714240.0,720411.7646390848
unstructured,null,0,ldak-kvik,ld_q3,6,7200,0.9887850600223471,0.033601112330508616,0.051666666666666666,0.0031768841012212888,0.012777777777777779,0.001024393828588099,0.0009722222222222223,0.0003977172517576765,nan,nan,nan,nan,0.44429995819033746,0.052954777922937256,40714240.0,720411.7646390848
unstructured,null,0,ldak-kvik,ld_q4,6,7200,0.9880199303383249,0.017439331794453856,0.052638888888888895,0.0028659613688780308,0.009861111111111112,0.0006242279181734511,0.0011111111111111111,0.00035136418446315325,nan,nan,nan,nan,0.44429995819033746,0.052954777922937256,40714240.0,720411.7646390848
unstructured,null,0,ldak-kvik,ld_q5,6,7200,0.9525878920811807,0.027753044480354285,0.04708333333333333,0.003078825533651861,0.009305555555555555,0.0013508684906430924,0.0009722222222222223,0.000334488738299786,nan,nan,nan,nan,0.44429995819033746,0.052954777922937256,40714240.0,720411.7646390848
