cell,trait,rho,method,stratum,n_replicates,n_null,lambda_gc,lambda_gc_mcse,rejection_0.05,rejection_0.05_mcse,rejection_0.01,rejection_0.01_mcse,rejection_0.001,rejection_0.001_mcse,power_bonferroni,power_bonferroni_mcse,power_5e-8,power_5e-8_mcse,wall_seconds,wall_seconds_mcse,peak_rss_bytes,peak_rss_bytes_mcse
confounded-pc,mixed,0.8,bolt-inf,all,6,6000,1.0341620946557055,0.05324009125045837,0.05516666666666666,0.00467202073815793,0.011666666666666665,0.002512192490855569,0.001,0.00044721359549995795,0.39999999999999997,0.03651483716701108,0.3,0.0447213595499958,2.221538423327729,0.20216618951448795,297921194.6666667,10211852.194951078
confounded-pc,mixed,0.8,bolt-inf,loading_q1,6,1179,1.0953515470291595,0.07196156705793609,0.05541851501708153,0.003842261038011423,0.012808762243162136,0.005117299020624936,0.0018181638031825296,0.0011506822730355819,0.39999999999999997,0.03651483716701108,0.3,0.0447213595499958,2.221538423327729,0.20216618951448795,297921194.6666667,10211852.194951078
confounded-pc,mixed,0.8,bolt-inf,loading_q2,6,1261,1.052198284338175,0.13985450924214649,0.05261255580705878,0.007568733064421392,0.010508639365228513,0.004591917180485107,0.0008333333333333334,0.0008333333333333335,0.39999999999999997,0.03651483716701108,0.3,0.0447213595499958,2.221538423327729,0.20216618951448795,297921194.6666667,10211852.194951078
confounded-pc,mixed,0.8,bolt-inf,loading_q3,6,1163,1.0600803401717742,0.08266813200890542,0.05613130769322824,0.00987500499584779,0.011068245276111081,0.004468586318317046,0.0017287590458322166,0.001096255802001968,0.39999999999999997,0.03651483716701108,0.3,0.0447213595499958,2.221538423327729,0.20216618951448795,297921194.6666667,10211852.194951078
confounded-pc,mixed,0.8,bolt-inf,loading_q4,6,1194,1.0930689555448294,0.09284001452277475,0.053823162623580584,0.008271621878020965,0.010739167350794873,0.002610838395081293,0.0,0.0,0.39999999999999997,0.03651483716701108,0.3,0.0447213595499958,2.221538423327729,0.20216618951448795,297921194.6666667,10211852.194951078
confounded-pc,mixed,0.8,bolt-inf,loading_q5,6,1203,0.9531842113771859,0.05565874109166699,0.05839463401375119,0.007529396316300436,0.013448497576169914,0.0026691703140317227,0.0008865248226950354,0.0008865248226950354,0.39999999999999997,0.03651483716701108,0.3,0.0447213595499958,2.221538423327729,0.20216618951448795,297921194.6666667,10211852.194951078
confounded-pc,mixed,0.8,bolt-inf,maf_q1,6,1180,0.9820245588790818,0.08766511933668247,0.049400512068152415,0.008598408099686063,0.013345026434746216,0.004023044940150602,0.0007974481658692185,0.0007974481658692185,0.39999999999999997,0.03651483716701108,0.3,0.0447213595499958,2.221538423327729,0.20216618951448795,297921194.6666667,10211852.194951078
confounded-pc,mixed,0.8,bolt-inf,maf_q2,6,1233,0.9490888807229091,0.05237300894541711,0.06002819640218163,0.005142227196161953,0.012770592252002664,0.0037281964487523686,0.0015613573204621908,0.0009875256319536107,0.39999999999999997,0.03651483716701108,0.3,0.0447213595499958,2.221538423327729,0.20216618951448795,297921194.6666667,10211852.194951078
confounded-pc,mixed,0.8,bolt-inf,maf_q3,6,1179,1.2187099999781035,0.12444938168007057,0.061876661368699876,0.009114421507199417,0.01184880124548225,0.0027504217871458015,0.0016927452547280866,0.001070917081831113,0.39999999999999997,0.03651483716701108,0.3,0.0447213595499958,2.221538423327729,0.20216618951448795,297921194.6666667,10211852.194951078
confounded-pc,mixed,0.8,bolt-inf,maf_q4,6,1229,0.9690705099051976,0.070711477761463,0.05340149539345403,0.00754941946668783,0.010776897209649923,0.004177356441319402,0.0008012820512820514,0.0008012820512820514,0.39999999999999997,0.03651483716701108,0.3,0.0447213595499958,2.221538423327729,0.20216618951448795,297921194.6666667,10211852.194951078
confounded-pc,mixed,0.8,bolt-inf,maf_q5,6,1179,1.1193466508494678,0.13626895104700748,0.05123173184884037,0.008715533160475549,0.00962602272392706,0.0042616206770625924,0.0,0.0,0.39999999999999997,0.03651483716701108,0.3,0.0447213595499958,2.221538423327729,0.20216618951448795,297921194.6666667,10211852.194951078
confounded-pc,mixed,0.8,bolt-inf,ld_q1,6,1139,0.9396719730984421,0.05842139285226324,0.05986267594390599,0.0033044789014417078,0.011306771459032494,0.0031686027643835143,0.001763668430335097,0.0017636684303350971,0.39999999999999997,0.03651483716701108,0.3,0.0447213595499958,2.221538423327729,0.20216618951448795,297921194.6666667,10211852.194951078
confounded-pc,mixed,0.8,bolt-inf,ld_q2,6,1142,1.1160174359704076,0.12262986984149389,0.04926581099011287,0.009069008282234772,0.011025887584540373,0.004121127056596447,0.0,0.0,0.39999999999999997,0.03651483716701108,0.3,0.0447213595499958,2.221538423327729,0.20216618951448795,297921194.6666667,10211852.194951078
confounded-pc,mixed,0.8,bolt-inf,ld_q3,6,1252,0.9699319383696223,0.054484702384271465,0.05581396918426502,0.003971109182679267,0.012659081388393075,0.0024613706671631954,0.0007751937984496124,0.0007751937984496124,0.39999999999999997,0.03651483716701108,0.3,0.0447213595499958,2.221538423327729,0.20216618951448795,297921194.6666667,10211852.194951078
confounded-pc,mixed,0.8,bolt-inf,ld_q4,6,1237,1.0149618156595923,0.06199534799006403,0.06178342458839176,0.0065459433618614655,0.013247471946444654,0.0040812134212657005,0.0016248398880402293,0.0010289567399440747,0.39999999999999997,0.03651483716701108,0.3,0.0447213595499958,2.221538423327729,0.20216618951448795,297921194.6666667,10211852.194951078
confounded-pc,mixed,0.8,bolt-inf,ld_q5,6,1230,1.2055070128778367,0.09851480623130106,0.049573384551325934,0.011571463193930766,0.010103012669238671,0.00449519982297315,0.0008680555555555555,0.0008680555555555556,0.39999999999999997,0.03651483716701108,0.3,0.0447213595499958,2.221538423327729,0.20216618951448795,297921194.6666667,10211852.194951078
confounded-pc,mixed,0.8,exact,all,6,6000,1.0001863119905876,0.04937361499481186,0.051,0.00467618077780005,0.009999999999999998,0.0018618986725025253,0.0008333333333333334,0.00047726070210921183,0.39999999999999997,0.03651483716701108,0.2833333333333333,0.03073181485764296,2.821703104166469,0.2885140148486121,489783296.0,10216259.808202896
confounded-pc,mixed,0.8,exact,loading_q1,6,1179,1.0333841845196077,0.07185292010208867,0.05190830383657244,0.002919830694978937,0.012808762243162136,0.005117299020624936,0.0009363295880149813,0.0009363295880149815,0.39999999999999997,0.03651483716701108,0.2833333333333333,0.03073181485764296,2.821703104166469,0.2885140148486121,489783296.0,10216259.808202896
confounded-pc,mixed,0.8,exact,loading_q2,6,1261,1.0206433971312634,0.1321852138892573,0.04472930295944281,0.007675256314146927,0.007281927805183619,0.0027443525399179747,0.0008333333333333334,0.0008333333333333335,0.39999999999999997,0.03651483716701108,0.2833333333333333,0.03073181485764296,2.821703104166469,0.2885140148486121,489783296.0,10216259.808202896
confounded-pc,mixed,0.8,exact,loading_q3,6,1163,1.0299115927417632,0.08234056512030623,0.05450529143306563,0.009268461883617518,0.01020468741773457,0.004577959097108397,0.0017287590458322166,0.001096255802001968,0.39999999999999997,0.03651483716701108,0.2833333333333333,0.03073181485764296,2.821703104166469,0.2885140148486121,489783296.0,10216259.808202896
confounded-pc,mixed,0.8,exact,loading_q4,6,1194,1.0568141351454796,0.09614738243933041,0.05049623900329809,0.008582422520883034,0.009174222123877813,0.002677950958373843,0.0,0.0,0.39999999999999997,0.03651483716701108,0.2833333333333333,0.03073181485764296,2.821703104166469,0.2885140148486121,489783296.0,10216259.808202896
confounded-pc,mixed,0.8,exact,loading_q5,6,1203,0.94698896483738,0.06414144770652404,0.054320840331608326,0.008455228887512796,0.010915068932658015,0.002850873502522663,0.0008865248226950354,0.0008865248226950354,0.39999999999999997,0.03651483716701108,0.2833333333333333,0.03073181485764296,2.821703104166469,0.2885140148486121,489783296.0,10216259.808202896
confounded-pc,mixed,0.8,exact,maf_q1,6,1180,0.9666399718829305,0.09439397127844745,0.04842410757701681,0.009832475008433572,0.00841289790758471,0.0015839963413510237,0.0007974481658692185,0.0007974481658692185,0.39999999999999997,0.03651483716701108,0.2833333333333333,0.03073181485764296,2.821703104166469,0.2885140148486121,489783296.0,10216259.808202896
confounded-pc,mixed,0.8,exact,maf_q2,6,1233,0.9267336692269407,0.04628403906480396,0.05521272684175813,0.0043889191239079185,0.011166211057201475,0.003342573605662218,0.0007751937984496124,0.0007751937984496124,0.39999999999999997,0.03651483716701108,0.2833333333333333,0.03073181485764296,2.821703104166469,0.2885140148486121,489783296.0,10216259.808202896
confounded-pc,mixed,0.8,exact,maf_q3,6,1179,1.1642351713864332,0.12172717602256834,0.0567899384837962,0.008826804872339762,0.011019613849130673,0.0019828518724570535,0.0016927452547280866,0.001070917081831113,0.39999999999999997,0.03651483716701108,0.2833333333333333,0.03073181485764296,2.821703104166469,0.2885140148486121,489783296.0,10216259.808202896
confounded-pc,mixed,0.8,exact,maf_q4,6,1229,0.9311078860086717,0.07054360879459401,0.049214860315937144,0.006959784791261624,0.010776897209649923,0.004177356441319402,0.0008012820512820514,0.0008012820512820514,0.39999999999999997,0.03651483716701108,0.2833333333333333,0.03073181485764296,2.821703104166469,0.2885140148486121,489783296.0,10216259.808202896
confounded-pc,mixed,0.8,exact,maf_q5,6,1179,1.0782762597360864,0.12465480470211307,0.04517312804187631,0.007254646052560185,0.008775682587872638,0.004117339241907441,0.0,0.0,0.39999999999999997,0.03651483716701108,0.2833333333333333,0.03073181485764296,2.821703104166469,0.2885140148486121,489783296.0,10216259.808202896
confounded-pc,mixed,0.8,exact,ld_q1,6,1139,0.9178242307553001,0.06399645677511337,0.05382369732869524,0.004296918004180476,0.0078010219923638656,0.001768481526737063,0.001763668430335097,0.0017636684303350971,0.39999999999999997,0.03651483716701108,0.2833333333333333,0.03073181485764296,2.821703104166469,0.2885140148486121,489783296.0,10216259.808202896
confounded-pc,mixed,0.8,exact,ld_q2,6,1142,1.0487388896644012,0.11038754194806308,0.04237715389251773,0.008218273621801437,0.007691052899990944,0.0028246112488706653,0.0,0.0,0.39999999999999997,0.03651483716701108,0.2833333333333333,0.03073181485764296,2.821703104166469,0.2885140148486121,489783296.0,10216259.808202896
confounded-pc,mixed,0.8,exact,ld_q3,6,1252,0.9460973062262411,0.062209151097665595,0.05320159697761221,0.005066677172527023,0.01191169723293717,0.0019231251826140156,0.0007751937984496124,0.0007751937984496124,0.39999999999999997,0.03651483716701108,0.2833333333333333,0.03073181485764296,2.821703104166469,0.2885140148486121,489783296.0,10216259.808202896
confounded-pc,mixed,0.8,exact,ld_q4,6,1237,0.9709735675739192,0.061475903017537754,0.059383390901901915,0.0067775759344220025,0.012370278963988512,0.003832377593055915,0.000778816199376947,0.000778816199376947,0.39999999999999997,0.03651483716701108,0.2833333333333333,0.03073181485764296,2.821703104166469,0.2885140148486121,489783296.0,10216259.808202896
confounded-pc,mixed,0.8,exact,ld_q5,6,1230,1.1408557144781053,0.0749603546964626,0.04611011135544965,0.009396363941687271,0.010103012669238671,0.00449519982297315,0.0008680555555555555,0.0008680555555555556,0.39999999999999997,0.03651483716701108,0.2833333333333333,0.03073181485764296,2.821703104166469,0.2885140148486121,489783296.0,10216259.808202896
confounded-pc,mixed,0.8,kvik,all,6,6000,1.0275116858277646,0.05359737028440381,0.051666666666666666,0.003333333333333334,0.011333333333333332,0.0015846485765339622,0.0016666666666666668,0.0005577733510227171,0.48333333333333334,0.04013864859597431,0.2833333333333333,0.03073181485764296,2.7073177778414297,0.1252313376574426,331612160.0,5901061.01427057
confounded-pc,mixed,0.8,kvik,loading_q1,6,1179,1.051690402098827,0.06347145253459928,0.05564531374955528,0.0036992018385921723,0.0107901013527784,0.0020601590434588266,0.001687080338765732,0.0010766428055228741,0.48333333333333334,0.04013864859597431,0.2833333333333333,0.03073181485764296,2.7073177778414297,0.1252313376574426,331612160.0,5901061.01427057
confounded-pc,mixed,0.8,kvik,loading_q2,6,1261,1.0747852545150443,0.13270592700378495,0.04145503402638341,0.004151971329283932,0.011877582694956154,0.003568230945018186,0.0008333333333333334,0.0008333333333333335,0.48333333333333334,0.04013864859597431,0.2833333333333333,0.03073181485764296,2.7073177778414297,0.1252313376574426,331612160.0,5901061.01427057
confounded-pc,mixed,0.8,kvik,loading_q3,6,1163,1.0785884151500353,0.04240683209490726,0.053407594661492454,0.009165633321731486,0.012124135198974517,0.003988175162738027,0.0017287590458322166,0.001096255802001968,0.48333333333333334,0.04013864859597431,0.2833333333333333,0.03073181485764296,2.7073177778414297,0.1252313376574426,331612160.0,5901061.01427057
confounded-pc,mixed,0.8,kvik,loading_q4,6,1194,1.0537640348407866,0.09784774603665955,0.05380051233980371,0.010454452751836513,0.009714857774095554,0.004517091364865896,0.0016339869281045752,0.0016339869281045756,0.48333333333333334,0.04013864859597431,0.2833333333333333,0.03073181485764296,2.7073177778414297,0.1252313376574426,331612160.0,5901061.01427057
confounded-pc,mixed,0.8,kvik,loading_q5,6,1203,0.9067285430910582,0.05882074286015831,0.054657703871436446,0.007248951542417977,0.011820835930579088,0.002340528311039023,0.00252082515035427,0.001130923061130173,0.48333333333333334,0.04013864859597431,0.2833333333333333,0.03073181485764296,2.7073177778414297,0.1252313376574426,331612160.0,5901061.01427057
confounded-pc,mixed,0.8,kvik,maf_q1,6,1180,1.019269886246876,0.08177428922483927,0.046381128571740954,0.004577655228687315,0.010063062924086359,0.0017165880587152822,0.001665503721424774,0.0010547759480187724,0.48333333333333334,0.04013864859597431,0.2833333333333333,0.03073181485764296,2.7073177778414297,0.1252313376574426,331612160.0,5901061.01427057
confounded-pc,mixed,0.8,kvik,maf_q2,6,1233,0.9857658694852852,0.07964009781857083,0.05579555332445559,0.005133100969716134,0.009679832432659461,0.002985980234326442,0.0024098091830649974,0.001078643265686236,0.48333333333333334,0.04013864859597431,0.2833333333333333,0.03073181485764296,2.7073177778414297,0.1252313376574426,331612160.0,5901061.01427057
confounded-pc,mixed,0.8,kvik,maf_q3,6,1179,1.1587803548128923,0.12429115063027368,0.06530046682241726,0.005276202671057888,0.01270487743962601,0.002177070400671055,0.002556303113104598,0.0017600111941617536,0.48333333333333334,0.04013864859597431,0.2833333333333333,0.03073181485764296,2.7073177778414297,0.1252313376574426,331612160.0,5901061.01427057
confounded-pc,mixed,0.8,kvik,maf_q4,6,1229,0.9798773242597071,0.08429697902372105,0.04760473273024695,0.0067624417383623315,0.012383332239997996,0.004388878018473293,0.0016025641025641027,0.0016025641025641027,0.48333333333333334,0.04013864859597431,0.2833333333333333,0.03073181485764296,2.7073177778414297,0.1252313376574426,331612160.0,5901061.01427057
confounded-pc,mixed,0.8,kvik,maf_q5,6,1179,1.0583603120103797,0.09025213507867864,0.04363603840945618,0.008325277532070316,0.012114483003615992,0.004733500216476303,0.0,0.0,0.48333333333333334,0.04013864859597431,0.2833333333333333,0.03073181485764296,2.7073177778414297,0.1252313376574426,331612160.0,5901061.01427057
confounded-pc,mixed,0.8,kvik,ld_q1,6,1139,0.9516314186155338,0.06806422832285748,0.05418008918685615,0.006446372150266745,0.008695546562861362,0.002576147456769262,0.0025970017636684304,0.0017936223961098235,0.48333333333333334,0.04013864859597431,0.2833333333333333,0.03073181485764296,2.7073177778414297,0.1252313376574426,331612160.0,5901061.01427057
confounded-pc,mixed,0.8,kvik,ld_q2,6,1142,1.0997351732462353,0.10977366375523329,0.046198740855682104,0.005110574997118108,0.007639572848510893,0.002417625650352312,0.0,0.0,0.48333333333333334,0.04013864859597431,0.2833333333333333,0.03073181485764296,2.7073177778414297,0.1252313376574426,331612160.0,5901061.01427057
confounded-pc,mixed,0.8,kvik,ld_q3,6,1252,0.9545168716037361,0.0464164046768467,0.0448127942344212,0.005238737960890102,0.012726849090867362,0.0040344432119748235,0.0024050884516000795,0.0016137435390948516,0.48333333333333334,0.04013864859597431,0.2833333333333333,0.03073181485764296,2.7073177778414297,0.1252313376574426,331612160.0,5901061.01427057
confounded-pc,mixed,0.8,kvik,ld_q4,6,1237,1.0257999359529217,0.0660991757213911,0.06562158099321234,0.005065728659153846,0.015296582469457531,0.003927308401476071,0.001557632398753894,0.001557632398753894,0.48333333333333334,0.04013864859597431,0.2833333333333333,0.03073181485764296,2.7073177778414297,0.1252313376574426,331612160.0,5901061.01427057
confounded-pc,mixed,0.8,kvik,ld_q5,6,1230,1.1457484782427014,0.07908451256153702,0.04780748598337692,0.007182291951287847,0.011806655255719542,0.004927557648836149,0.001657944971037388,0.0010503230827072598,0.48333333333333334,0.04013864859597431,0.2833333333333333,0.03073181485764296,2.7073177778414297,0.1252313376574426,331612160.0,5901061.01427057
confounded-pc,mixed,0.8,ldak-kvik,all,6,6000,0.9298752559899737,0.049630815372630754,0.044000000000000004,0.003087609647175843,0.0105,0.001607275126832159,0.0015000000000000002,0.0003415650255319867,0.5,0.03651483716701107,0.3,0.02581988897471612,0.895994659649053,0.06990498469020448,46238378.666666664,372231.0347493581
confounded-pc,mixed,0.8,ldak-kvik,loading_q1,6,1179,1.0242564077138454,0.0746058415429724,0.05620796534216942,0.004999927150592433,0.011005701053396827,0.002658341886487336,0.00256891455393328,0.0011583182840395377,0.5,0.03651483716701107,0.3,0.02581988897471612,0.895994659649053,0.06990498469020448,46238378.666666664,372231.0347493581
confounded-pc,mixed,0.8,ldak-kvik,loading_q2,6,1261,1.0068656043361894,0.08599992945810377,0.04149567653696473,0.006520866626096978,0.008695030245839262,0.0025166645368359516,0.0008333333333333334,0.0008333333333333335,0.5,0.03651483716701107,0.3,0.02581988897471612,0.895994659649053,0.06990498469020448,46238378.666666664,372231.0347493581
confounded-pc,mixed,0.8,ldak-kvik,loading_q3,6,1163,0.9950539752746724,0.07259106277938215,0.04845845747551463,0.008245568464633764,0.012226877984644132,0.00434853877610579,0.0018070165128988658,0.0011430149560053553,0.5,0.03651483716701107,0.3,0.02581988897471612,0.895994659649053,0.06990498469020448,46238378.666666664,372231.0347493581
confounded-pc,mixed,0.8,ldak-kvik,loading_q4,6,1194,0.9380236570451146,0.06387767015928456,0.03970522990724759,0.009998146048318014,0.010566372088741602,0.005570505006829561,0.0008169934640522876,0.0008169934640522878,0.5,0.03651483716701107,0.3,0.02581988897471612,0.895994659649053,0.06990498469020448,46238378.666666664,372231.0347493581
confounded-pc,mixed,0.8,ldak-kvik,loading_q5,6,1203,0.7682921093987294,0.03658281621641173,0.03419065732881008,0.0018170983204924968,0.010081089294246925,0.002351718676900737,0.0017456313519046574,0.001104238463553767,0.5,0.03651483716701107,0.3,0.02581988897471612,0.895994659649053,0.06990498469020448,46238378.666666664,372231.0347493581
confounded-pc,mixed,0.8,ldak-kvik,maf_q1,6,1180,0.9616834313752984,0.06834262025514182,0.0386732037365286,0.005423808351441403,0.008407208292171254,0.0020869878481669935,0.002571300822874049,0.0011530729864952139,0.5,0.03651483716701107,0.3,0.02581988897471612,0.895994659649053,0.06990498469020448,46238378.666666664,372231.0347493581
confounded-pc,mixed,0.8,ldak-kvik,maf_q2,6,1233,0.8791017044941044,0.06987829485622483,0.04211043920704539,0.00442206786267377,0.010438090609602517,0.0033429041595346,0.0008333333333333334,0.0008333333333333335,0.5,0.03651483716701107,0.3,0.02581988897471612,0.895994659649053,0.06990498469020448,46238378.666666664,372231.0347493581
confounded-pc,mixed,0.8,ldak-kvik,maf_q3,6,1179,1.04706227455988,0.10538525685967087,0.056797964412243135,0.00293587042144222,0.011054671980877062,0.0021003639630782327,0.0025137633171254596,0.0011247329830998657,0.5,0.03651483716701107,0.3,0.02581988897471612,0.895994659649053,0.06990498469020448,46238378.666666664,372231.0347493581
confounded-pc,mixed,0.8,ldak-kvik,maf_q4,6,1229,0.8876420155761536,0.09011840022827788,0.044762581630423216,0.004483289546003338,0.01311011340822836,0.004275301727592969,0.0016025641025641027,0.0016025641025641027,0.5,0.03651483716701107,0.3,0.02581988897471612,0.895994659649053,0.06990498469020448,46238378.666666664,372231.0347493581
confounded-pc,mixed,0.8,ldak-kvik,maf_q5,6,1179,0.9606742088890337,0.07559631194895,0.03779482806524773,0.008837302337089712,0.009364714064674942,0.004792357404355425,0.0,0.0,0.5,0.03651483716701107,0.3,0.02581988897471612,0.895994659649053,0.06990498469020448,46238378.666666664,372231.0347493581
confounded-pc,mixed,0.8,ldak-kvik,ld_q1,6,1139,0.8390979601468711,0.04527406363809889,0.03405296420084468,0.00387014701429518,0.007858286221460604,0.002199986814513753,0.0025970017636684304,0.0017936223961098235,0.5,0.03651483716701107,0.3,0.02581988897471612,0.895994659649053,0.06990498469020448,46238378.666666664,372231.0347493581
confounded-pc,mixed,0.8,ldak-kvik,ld_q2,6,1142,0.9734410027837505,0.08987812321198232,0.0375542501913736,0.0033438442113344308,0.007019618369333114,0.0011122766710198865,0.000859106529209622,0.0008591065292096223,0.5,0.03651483716701107,0.3,0.02581988897471612,0.895994659649053,0.06990498469020448,46238378.666666664,372231.0347493581
confounded-pc,mixed,0.8,ldak-kvik,ld_q3,6,1252,0.9045239496275609,0.03442393601033563,0.039359689829675804,0.005762358893501707,0.011984670850999732,0.0032391292350325263,0.0016298946531504669,0.0010326739346684585,0.5,0.03651483716701107,0.3,0.02581988897471612,0.895994659649053,0.06990498469020448,46238378.666666664,372231.0347493581
confounded-pc,mixed,0.8,ldak-kvik,ld_q4,6,1237,0.9323296589868142,0.07761428729892358,0.06274489118575266,0.004387037155331355,0.016142606158120815,0.0035610129890880156,0.001557632398753894,0.001557632398753894,0.5,0.03651483716701107,0.3,0.02581988897471612,0.895994659649053,0.06990498469020448,46238378.666666664,372231.0347493581
confounded-pc,mixed,0.8,ldak-kvik,ld_q5,6,1230,1.064080335806273,0.07907882240024723,0.045273830647342084,0.006692197160294409,0.009219217569934548,0.004061839774742751,0.0008250825082508251,0.0008250825082508251,0.5,0.03651483716701107,0.3,0.02581988897471612,0.895994659649053,0.06990498469020448,46238378.666666664,372231.0347493581
confounded-pc,null,0.8,bolt-inf,all,6,36000,1.007915017813203,0.01398909463034563,0.04994444444444445,0.0015832845996398724,0.009472222222222222,0.0005969314537648585,0.0008611111111111111,0.0001248455836346902,nan,nan,nan,nan,1.9373909583276447,0.11564976682869256,287003989.3333333,5458686.676025206
confounded-pc,null,0.8,bolt-inf,loading_q1,6,7200,1.0337711911058525,0.022722713556861295,0.05291666666666667,0.0025617376914898998,0.009444444444444445,0.0012668615834434867,0.0009722222222222223,0.00025609845714702473,nan,nan,nan,nan,1.9373909583276447,0.11564976682869256,287003989.3333333,5458686.676025206
confounded-pc,null,0.8,bolt-inf,loading_q2,6,7200,0.9756374177566229,0.026635971127532247,0.04902777777777778,0.0027336777109162845,0.00888888888888889,0.0007027283689263066,0.0008333333333333334,0.00021516574145596763,nan,nan,nan,nan,1.9373909583276447,0.11564976682869256,287003989.3333333,5458686.676025206
confounded-pc,null,0.8,bolt-inf,loading_q3,6,7200,0.9899278749920475,0.013947943843041757,0.045000000000000005,0.0034694433324435545,0.007916666666666666,0.0009065093817822624,0.0011111111111111111,0.00041201102706087025,nan,nan,nan,nan,1.9373909583276447,0.11564976682869256,287003989.3333333,5458686.676025206
confounded-pc,null,0.8,bolt-inf,loading_q4,6,7200,1.0221361855690294,0.036269805620389124,0.054583333333333324,0.0028767104412788856,0.011388888888888888,0.001171945728318277,0.0006944444444444445,0.00039771725175767646,nan,nan,nan,nan,1.9373909583276447,0.11564976682869256,287003989.3333333,5458686.676025206
confounded-pc,null,0.8,bolt-inf,loading_q5,6,7200,1.0009083190311228,0.03885270894554171,0.048194444444444436,0.001766675401795316,0.009722222222222222,0.0011520245196293183,0.0006944444444444445,0.00025609845714702473,nan,nan,nan,nan,1.9373909583276447,0.11564976682869256,287003989.3333333,5458686.676025206
confounded-pc,null,0.8,bolt-inf,maf_q1,6,7171,1.0116231549148578,0.02707551374034274,0.048108166568237735,0.001953158675562099,0.011296282379634592,0.0009370804670895301,0.0011164640951861159,0.0003537229046122629,nan,nan,nan,nan,1.9373909583276447,0.11564976682869256,287003989.3333333,5458686.676025206
confounded-pc,null,0.8,bolt-inf,maf_q2,6,7168,1.0116475025065093,0.024540394255379506,0.0473218443199022,0.0033752555672574946,0.008238034951297296,0.0010811824275119336,0.000697587213201302,0.0002568937063813446,nan,nan,nan,nan,1.9373909583276447,0.11564976682869256,287003989.3333333,5458686.676025206
confounded-pc,null,0.8,bolt-inf,maf_q3,6,7208,1.0291155915223742,0.024273089571430755,0.04966266203178313,0.0009945488711967162,0.009010984705708555,0.0015594679100150296,0.0011111370757213533,0.00027780213296526766,nan,nan,nan,nan,1.9373909583276447,0.11564976682869256,287003989.3333333,5458686.676025206
confounded-pc,null,0.8,bolt-inf,maf_q4,6,7221,1.0107184234338427,0.017406113745337848,0.05292066224181982,0.004070886067293779,0.009695983944758133,0.0015003213512604894,0.0011104552004380767,0.00035312974393682153,nan,nan,nan,nan,1.9373909583276447,0.11564976682869256,287003989.3333333,5458686.676025206
confounded-pc,null,0.8,bolt-inf,maf_q5,6,7232,0.98027496478633,0.051766034878119004,0.0517400192765497,0.004501492847315619,0.009133183993446288,0.0012357836436552123,0.00027674005045422585,0.0001750257984648999,nan,nan,nan,nan,1.9373909583276447,0.11564976682869256,287003989.3333333,5458686.676025206
confounded-pc,null,0.8,bolt-inf,ld_q1,6,7200,1.004887403122069,0.015051484897370914,0.052083333333333336,0.0027110029577698796,0.011111111111111112,0.0009043789220055393,0.0009722222222222223,0.000334488738299786,nan,nan,nan,nan,1.9373909583276447,0.11564976682869256,287003989.3333333,5458686.676025206
confounded-pc,null,0.8,bolt-inf,ld_q2,6,7200,1.0171259483399524,0.039288730610984354,0.050416666666666665,0.003196858990854524,0.010277777777777778,0.0008516505398197719,0.0008333333333333334,0.00030429030972509234,nan,nan,nan,nan,1.9373909583276447,0.11564976682869256,287003989.3333333,5458686.676025206
confounded-pc,null,0.8,bolt-inf,ld_q3,6,7200,0.9978224629141096,0.0338709125809715,0.04555555555555555,0.002304049039258636,0.008333333333333333,0.0008871510790372952,0.0006944444444444445,0.00039771725175767646,nan,nan,nan,nan,1.9373909583276447,0.11564976682869256,287003989.3333333,5458686.676025206
confounded-pc,null,0.8,bolt-inf,ld_q4,6,7200,1.028570616616986,0.02266839082769161,0.050555555555555555,0.00216951379886296,0.00888888888888889,0.001388888888888889,0.00125,0.0003568120160740314,nan,nan,nan,nan,1.9373909583276447,0.11564976682869256,287003989.3333333,5458686.676025206
confounded-pc,null,0.8,bolt-inf,ld_q5,6,7200,1.0003242324484176,0.02338068213573062,0.05111111111111111,0.0023830678432808024,0.008749999999999999,0.0008806037491192977,0.0005555555555555556,0.0003513641844631533,nan,nan,nan,nan,1.9373909583276447,0.11564976682869256,287003989.3333333,5458686.676025206
confounded-pc,null,0.8,exact,all,6,36000,1.0088171283391931,0.01546518756309349,0.04988888888888889,0.0015768385310761597,0.009444444444444445,0.0006799600569241885,0.0008888888888888888,0.0001337954953199144,nan,nan,nan,nan,2.337579048675252,0.1471893071506564,492440234.6666667,6654969.464646054
confounded-pc,null,0.8,exact,loading_q1,6,7200,1.0281832814403538,0.02451570081437454,0.052361111111111115,0.0030838337932186832,0.009166666666666667,0.0015061601901917734,0.0009722222222222223,0.00025609845714702473,nan,nan,nan,nan,2.337579048675252,0.1471893071506564,492440234.6666667,6654969.464646054
confounded-pc,null,0.8,exact,loading_q2,6,7200,0.9772456410996732,0.028500280241168303,0.04861111111111111,0.002533723166886974,0.008611111111111111,0.000668977476599572,0.0008333333333333334,0.00021516574145596763,nan,nan,nan,nan,2.337579048675252,0.1471893071506564,492440234.6666667,6654969.464646054
confounded-pc,null,0.8,exact,loading_q3,6,7200,0.9996422426383044,0.016423957766201328,0.04486111111111111,0.003343156821159336,0.008055555555555557,0.0009043789220055393,0.0011111111111111111,0.00041201102706087025,nan,nan,nan,nan,2.337579048675252,0.1471893071506564,492440234.6666667,6654969.464646054
confounded-pc,null,0.8,exact,loading_q4,6,7200,1.016527967092031,0.03782953850153208,0.05513888888888888,0.0028170830286172706,0.011527777777777777,0.0012250598372888857,0.0006944444444444445,0.00039771725175767646,nan,nan,nan,nan,2.337579048675252,0.1471893071506564,492440234.6666667,6654969.464646054
confounded-pc,null,0.8,exact,loading_q5,6,7200,0.9994794981467227,0.03912145628744528,0.04847222222222222,0.0019295061096458058,0.009861111111111112,0.001126627766148514,0.0008333333333333334,0.00030429030972509234,nan,nan,nan,nan,2.337579048675252,0.1471893071506564,492440234.6666667,6654969.464646054
confounded-pc,null,0.8,exact,maf_q1,6,7171,1.0106706106130574,0.026268191509806006,0.04769033823159999,0.002062920195934903,0.011156579722281542,0.0008285786452170715,0.0011164640951861159,0.0003537229046122629,nan,nan,nan,nan,2.337579048675252,0.1471893071506564,492440234.6666667,6654969.464646054
confounded-pc,null,0.8,exact,maf_q2,6,7168,1.0135437713200515,0.021968469399574964,0.046343206041418006,0.003094700219964137,0.007958271553882531,0.001064980988630275,0.000697587213201302,0.0002568937063813446,nan,nan,nan,nan,2.337579048675252,0.1471893071506564,492440234.6666667,6654969.464646054
confounded-pc,null,0.8,exact,maf_q3,6,7208,1.0305448805750999,0.0232380444873013,0.04896913390906091,0.0009895629606265352,0.009149413119907966,0.0017860780330501405,0.0012489920522860073,0.0003551434686654081,nan,nan,nan,nan,2.337579048675252,0.1471893071506564,492440234.6666667,6654969.464646054
confounded-pc,null,0.8,exact,maf_q4,6,7221,1.0197588251911835,0.019255432986921908,0.053750355965528844,0.004119664184254389,0.009698036489914125,0.0016062316794809642,0.0011104552004380767,0.00035312974393682153,nan,nan,nan,nan,2.337579048675252,0.1471893071506564,492440234.6666667,6654969.464646054
confounded-pc,null,0.8,exact,maf_q5,6,7232,0.9709230672827465,0.052057469199779695,0.052705598313646525,0.004302490186415615,0.009272072882335176,0.0012443116514341517,0.00027674005045422585,0.0001750257984648999,nan,nan,nan,nan,2.337579048675252,0.1471893071506564,492440234.6666667,6654969.464646054
confounded-pc,null,0.8,exact,ld_q1,6,7200,1.0073607856518396,0.015692747723623758,0.051805555555555556,0.002630102331013936,0.010694444444444444,0.0007881256088395059,0.0009722222222222223,0.000334488738299786,nan,nan,nan,nan,2.337579048675252,0.1471893071506564,492440234.6666667,6654969.464646054
confounded-pc,null,0.8,exact,ld_q2,6,7200,1.0107645031378119,0.04049861635212011,0.05013888888888889,0.0031506662042914356,0.010277777777777778,0.0008516505398197719,0.0008333333333333334,0.00030429030972509234,nan,nan,nan,nan,2.337579048675252,0.1471893071506564,492440234.6666667,6654969.464646054
confounded-pc,null,0.8,exact,ld_q3,6,7200,0.9986862578025125,0.03514949598393631,0.04569444444444445,0.002567754699641472,0.008611111111111111,0.0009541980020732041,0.0006944444444444445,0.00039771725175767646,nan,nan,nan,nan,2.337579048675252,0.1471893071506564,492440234.6666667,6654969.464646054
confounded-pc,null,0.8,exact,ld_q4,6,7200,1.023425847191303,0.02579013289481706,0.05083333333333334,0.002366823156015644,0.009027777777777779,0.001450042570682021,0.00125,0.0003568120160740314,nan,nan,nan,nan,2.337579048675252,0.1471893071506564,492440234.6666667,6654969.464646054
confounded-pc,null,0.8,exact,ld_q5,6,7200,1.0093390224399792,0.025732426041556202,0.050972222222222224,0.0023611111111111107,0.008611111111111111,0.001024393828588099,0.0006944444444444445,0.000334488738299786,nan,nan,nan,nan,2.337579048675252,0.1471893071506564,492440234.6666667,6654969.464646054
confounded-pc,null,0.8,kvik,all,6,36000,1.0104060254066034,0.015447566774809393,0.049749999999999996,0.0016334183651335488,0.009444444444444445,0.0006141339380193548,0.0008611111111111111,0.0001516371562661798,nan,nan,nan,nan,2.400665006833151,0.22654075251166167,330986837.3333333,6233366.554000659
confounded-pc,null,0.8,kvik,loading_q1,6,7200,1.0362305430107535,0.020575744170387336,0.05277777777777778,0.002578998752985592,0.009444444444444445,0.0012668615834434867,0.0009722222222222223,0.00025609845714702473,nan,nan,nan,nan,2.400665006833151,0.22654075251166167,330986837.3333333,6233366.554000659
confounded-pc,null,0.8,kvik,loading_q2,6,7200,0.9810400368164706,0.03069052973186842,0.04875000000000001,0.0025797466140287106,0.00888888888888889,0.0007027283689263066,0.0008333333333333334,0.00021516574145596763,nan,nan,nan,nan,2.400665006833151,0.22654075251166167,330986837.3333333,6233366.554000659
confounded-pc,null,0.8,kvik,loading_q3,6,7200,0.9945999463203862,0.015634339951092344,0.04430555555555556,0.0035447970914783094,0.007777777777777777,0.000954198002073204,0.0011111111111111111,0.00041201102706087025,nan,nan,nan,nan,2.400665006833151,0.22654075251166167,330986837.3333333,6233366.554000659
confounded-pc,null,0.8,kvik,loading_q4,6,7200,1.0259798739473611,0.03875290921911505,0.05472222222222222,0.0028920922410711927,0.011527777777777777,0.0012250598372888857,0.0006944444444444445,0.00039771725175767646,nan,nan,nan,nan,2.400665006833151,0.22654075251166167,330986837.3333333,6233366.554000659
confounded-pc,null,0.8,kvik,loading_q5,6,7200,0.9990217417380033,0.03997333421625195,0.048194444444444436,0.001766675401795316,0.009583333333333334,0.001212397380155289,0.0006944444444444445,0.000334488738299786,nan,nan,nan,nan,2.400665006833151,0.22654075251166167,330986837.3333333,6233366.554000659
confounded-pc,null,0.8,kvik,maf_q1,6,7171,1.0042184130756242,0.029059840219316773,0.048108166568237735,0.001953158675562099,0.011017225542683681,0.0009284855389829194,0.0011164640951861159,0.0003537229046122629,nan,nan,nan,nan,2.400665006833151,0.22654075251166167,330986837.3333333,6233366.554000659
confounded-pc,null,0.8,kvik,maf_q2,6,7168,1.006401903966793,0.0214505926161369,0.04760195636472012,0.0034920746353469027,0.008238034951297296,0.0010811824275119336,0.000697587213201302,0.0002568937063813446,nan,nan,nan,nan,2.400665006833151,0.22654075251166167,330986837.3333333,6233366.554000659
confounded-pc,null,0.8,kvik,maf_q3,6,7208,1.0402244526440454,0.03064500770051022,0.04924506520611447,0.0009768993723546717,0.009010984705708555,0.0015594679100150296,0.0011097550709437628,0.0004105453992013311,nan,nan,nan,nan,2.400665006833151,0.22654075251166167,330986837.3333333,6233366.554000659
confounded-pc,null,0.8,kvik,maf_q4,6,7221,1.015577352827596,0.01563640735214965,0.052367506164531556,0.004396731998701523,0.009832820288491027,0.0014793118617943126,0.0011104552004380767,0.00035312974393682153,nan,nan,nan,nan,2.400665006833151,0.22654075251166167,330986837.3333333,6233366.554000659
confounded-pc,null,0.8,kvik,maf_q5,6,7232,0.9753618588164666,0.0526464646696792,0.05146316434853199,0.004441100079247702,0.009133183993446288,0.0012357836436552123,0.00027674005045422585,0.0001750257984648999,nan,nan,nan,nan,2.400665006833151,0.22654075251166167,330986837.3333333,6233366.554000659
confounded-pc,null,0.8,kvik,ld_q1,6,7200,1.004971748949675,0.015273980785133172,0.052083333333333336,0.0026766306902245318,0.011111111111111112,0.0009043789220055393,0.0009722222222222223,0.000334488738299786,nan,nan,nan,nan,2.400665006833151,0.22654075251166167,330986837.3333333,6233366.554000659
confounded-pc,null,0.8,kvik,ld_q2,6,7200,1.0146030392444463,0.036082666986951485,0.050555555555555555,0.0032820123306093185,0.010138888888888888,0.0007881256088395061,0.0008333333333333334,0.00030429030972509234,nan,nan,nan,nan,2.400665006833151,0.22654075251166167,330986837.3333333,6233366.554000659
confounded-pc,null,0.8,kvik,ld_q3,6,7200,0.9970209808345495,0.032297249730815505,0.04597222222222221,0.002291456219293372,0.008611111111111111,0.0009296222517045286,0.0006944444444444445,0.00039771725175767646,nan,nan,nan,nan,2.400665006833151,0.22654075251166167,330986837.3333333,6233366.554000659
confounded-pc,null,0.8,kvik,ld_q4,6,7200,1.0234798051363054,0.023599957219586246,0.04958333333333334,0.0019572987811058685,0.008611111111111111,0.0012668615834434869,0.0011111111111111111,0.0003513641844631533,nan,nan,nan,nan,2.400665006833151,0.22654075251166167,330986837.3333333,6233366.554000659
confounded-pc,null,0.8,kvik,ld_q5,6,7200,1.011737252233695,0.02857663587874522,0.050555555555555555,0.0026146548057222434,0.008749999999999999,0.0008806037491192977,0.0006944444444444445,0.000334488738299786,nan,nan,nan,nan,2.400665006833151,0.22654075251166167,330986837.3333333,6233366.554000659
confounded-pc,null,0.8,ldak-kvik,all,6,36000,0.9395010335200135,0.01365143471407042,0.04280555555555556,0.00155600192008514,0.009722222222222222,0.0006305004870716048,0.0009444444444444444,0.00015315609724544693,nan,nan,nan,nan,0.41783454148874927,0.034311435172889856,44037461.333333336,568557.3257426594
confounded-pc,null,0.8,ldak-kvik,loading_q1,6,7200,1.023465119142128,0.022863979050580966,0.051527777777777777,0.0030687844941613193,0.01,0.0013777329741819163,0.0009722222222222223,0.00025609845714702473,nan,nan,nan,nan,0.41783454148874927,0.034311435172889856,44037461.333333336,568557.3257426594
confounded-pc,null,0.8,ldak-kvik,loading_q2,6,7200,0.9568817743073992,0.02690445320986525,0.04611111111111111,0.0025428427758546245,0.009027777777777779,0.0007881256088395061,0.0008333333333333334,0.00021516574145596763,nan,nan,nan,nan,0.41783454148874927,0.034311435172889856,44037461.333333336,568557.3257426594
confounded-pc,null,0.8,ldak-kvik,loading_q3,6,7200,0.9388602649845121,0.014254925144328292,0.04083333333333333,0.003176884101221288,0.007916666666666667,0.000980126598020964,0.0011111111111111111,0.00041201102706087025,nan,nan,nan,nan,0.41783454148874927,0.034311435172889856,44037461.333333336,568557.3257426594
confounded-pc,null,0.8,ldak-kvik,loading_q4,6,7200,0.9337714497778125,0.036055882023611055,0.043472222222222225,0.0014013331395143823,0.011805555555555555,0.0011469901567812545,0.0008333333333333334,0.00043033148291193526,nan,nan,nan,nan,0.41783454148874927,0.034311435172889856,44037461.333333336,568557.3257426594
confounded-pc,null,0.8,ldak-kvik,loading_q5,6,7200,0.8401913340687801,0.031109477496184892,0.03208333333333333,0.0014553540997144158,0.009861111111111112,0.001126627766148514,0.0009722222222222223,0.000334488738299786,nan,nan,nan,nan,0.41783454148874927,0.034311435172889856,44037461.333333336,568557.3257426594
confounded-pc,null,0.8,ldak-kvik,maf_q1,6,7171,0.9484003372534847,0.023192818610651412,0.04420486418983164,0.0017142853239905493,0.011296165765910556,0.0009612718988860453,0.0011164640951861159,0.0003537229046122629,nan,nan,nan,nan,0.41783454148874927,0.034311435172889856,44037461.333333336,568557.3257426594
confounded-pc,null,0.8,ldak-kvik,maf_q2,6,7168,0.9399922143135102,0.020040134738543186,0.04020709799489891,0.003451968855459162,0.008238737573483293,0.0012246294873067326,0.000697587213201302,0.0002568937063813446,nan,nan,nan,nan,0.41783454148874927,0.034311435172889856,44037461.333333336,568557.3257426594
confounded-pc,null,0.8,ldak-kvik,maf_q3,6,7208,0.9669805751140977,0.025942205158915932,0.04175587773455277,0.0013362502172266585,0.009564938132757349,0.00154723647481378,0.0012489920522860073,0.0003551434686654081,nan,nan,nan,nan,0.41783454148874927,0.034311435172889856,44037461.333333336,568557.3257426594
confounded-pc,null,0.8,ldak-kvik,maf_q4,6,7221,0.9466963245766543,0.012892811393377447,0.045441174300669275,0.004394836752809725,0.009832820288491027,0.0014793118617943126,0.0012487677868834432,0.00028704531917516583,nan,nan,nan,nan,0.41783454148874927,0.034311435172889856,44037461.333333336,568557.3257426594
confounded-pc,null,0.8,ldak-kvik,maf_q5,6,7232,0.8931341995974922,0.04299638710248845,0.04246440024674377,0.0028042842058938118,0.009688608527122328,0.001371507664259886,0.00041505263689959243,0.0002834901067110481,nan,nan,nan,nan,0.41783454148874927,0.034311435172889856,44037461.333333336,568557.3257426594
confounded-pc,null,0.8,ldak-kvik,ld_q1,6,7200,0.9086000645645965,0.017636955104148682,0.042638888888888886,0.0024287691848107803,0.011388888888888888,0.0007954345035153529,0.0011111111111111111,0.00041201102706087025,nan,nan,nan,nan,0.41783454148874927,0.034311435172889856,44037461.333333336,568557.3257426594
confounded-pc,null,0.8,ldak-kvik,ld_q2,6,7200,0.9361673189990559,0.034547550971494013,0.043194444444444445,0.002011732562055546,0.010833333333333334,0.0007757911135427191,0.0008333333333333334,0.00030429030972509234,nan,nan,nan,nan,0.41783454148874927,0.034311435172889856,44037461.333333336,568557.3257426594
confounded-pc,null,0.8,ldak-kvik,ld_q3,6,7200,0.934353116372017,0.030850748476850792,0.04069444444444444,0.0018436159451161234,0.008472222222222223,0.0007881256088395061,0.0008333333333333334,0.000372677996249965,nan,nan,nan,nan,0.41783454148874927,0.034311435172889856,44037461.333333336,568557.3257426594
confounded-pc,null,0.8,ldak-kvik,ld_q4,6,7200,0.9680095498702497,0.027441673895762277,0.043194444444444445,0.0020232064149589054,0.009166666666666667,0.0014751020052613062,0.00125,0.0003568120160740314,nan,nan,nan,nan,0.41783454148874927,0.034311435172889856,44037461.333333336,568557.3257426594
confounded-pc,null,0.8,ldak-kvik,ld_q5,6,7200,0.9558733276440262,0.02382339642994908,0.04430555555555556,0.002953471487446678,0.008749999999999999,0.0010262751778839538,0.0006944444444444445,0.000334488738299786,nan,nan,nan,nan,0.41783454148874927,0.034311435172889856,44037461.333333336,568557.3257426594
confounded,mixed,0.8,bolt-inf,all,6,6000,1.0625902609795432,0.05240067685905064,0.06,0.003669695718539435,0.013833333333333335,0.001922093765778466,0.0018333333333333335,0.0006540472290116195,0.3833333333333333,0.040138648595974324,0.3,0.0447213595499958,2.110427340172464,0.17037511175153028,295564629.3333333,8438742.364216615
confounded,mixed,0.8,bolt-inf,loading_q1,6,1179,1.1409641167021003,0.06554568620041959,0.06989653873375522,0.005572014315225692,0.018896382325107205,0.0036853338266631926,0.00438707835711581,0.002183555630499129,0.3833333333333333,0.040138648595974324,0.3,0.0447213595499958,2.110427340172464,0.17037511175153028,295564629.3333333,8438742.364216615
confounded,mixed,0.8,bolt-inf,loading_q2,6,1261,1.110923513015133,0.14305008182258222,0.057395933072617616,0.008252795090484415,0.014473491073319696,0.0038411290091509617,0.0008333333333333334,0.0008333333333333335,0.3833333333333333,0.040138648595974324,0.3,0.0447213595499958,2.110427340172464,0.17037511175153028,295564629.3333333,8438742.364216615
confounded,mixed,0.8,bolt-inf,loading_q3,6,1163,1.082615677922715,0.0818440910529409,0.0640374829804537,0.007636384468242387,0.016327189910187025,0.003963224660149167,0.0026445099615831323,0.0018492622384791576,0.3833333333333333,0.040138648595974324,0.3,0.0447213595499958,2.110427340172464,0.17037511175153028,295564629.3333333,8438742.364216615
confounded,mixed,0.8,bolt-inf,loading_q4,6,1194,1.1411973063681786,0.08128697745858635,0.0541079324993654,0.006816251609974847,0.010739167350794873,0.002610838395081293,0.0,0.0,0.3833333333333333,0.040138648595974324,0.3,0.0447213595499958,2.110427340172464,0.17037511175153028,295564629.3333333,8438742.364216615
confounded,mixed,0.8,bolt-inf,loading_q5,6,1203,0.9823445113326601,0.10527400184181931,0.055440021633228524,0.008967642167070827,0.009317366467683599,0.0021785245842252713,0.001661718621144648,0.0010544952671867566,0.3833333333333333,0.040138648595974324,0.3,0.0447213595499958,2.110427340172464,0.17037511175153028,295564629.3333333,8438742.364216615
confounded,mixed,0.8,bolt-inf,maf_q1,6,1180,1.1169539106584623,0.08054042434983717,0.05623731281018298,0.008072869751988305,0.013370565594656625,0.0031970233103753984,0.0016225306741200435,0.0010264017291058583,0.3833333333333333,0.040138648595974324,0.3,0.0447213595499958,2.110427340172464,0.17037511175153028,295564629.3333333,8438742.364216615
confounded,mixed,0.8,bolt-inf,maf_q2,6,1233,0.9627191921419859,0.05228591281198339,0.0606734076859394,0.008254660752551254,0.01610832406670243,0.0033487936438101338,0.0031227146409243817,0.0019750512639072214,0.3833333333333333,0.040138648595974324,0.3,0.0447213595499958,2.110427340172464,0.17037511175153028,295564629.3333333,8438742.364216615
confounded,mixed,0.8,bolt-inf,maf_q3,6,1179,1.224941883242412,0.12693252053087586,0.0677632488775023,0.009786740795070536,0.019539506038358006,0.0044656615846675775,0.002556303113104598,0.0017600111941617536,0.3833333333333333,0.040138648595974324,0.3,0.0447213595499958,2.110427340172464,0.17037511175153028,295564629.3333333,8438742.364216615
confounded,mixed,0.8,bolt-inf,maf_q4,6,1229,0.9738324306066097,0.055486002780261764,0.06217725590781734,0.008548841741113599,0.01074231444143627,0.004357196242515479,0.0016025641025641027,0.0016025641025641027,0.3833333333333333,0.040138648595974324,0.3,0.0447213595499958,2.110427340172464,0.17037511175153028,295564629.3333333,8438742.364216615
confounded,mixed,0.8,bolt-inf,maf_q5,6,1179,1.0955557221922458,0.13803300771234125,0.05261239398741228,0.0052365233178306445,0.009537385133246012,0.002656272022030109,0.0,0.0,0.3833333333333333,0.040138648595974324,0.3,0.0447213595499958,2.110427340172464,0.17037511175153028,295564629.3333333,8438742.364216615
confounded,mixed,0.8,bolt-inf,ld_q1,6,1139,0.9925540401316925,0.049684887781838556,0.06489504921697882,0.0027937726944536907,0.01224256076302181,0.0017234163219034331,0.0026501932530301323,0.0018086011877738186,0.3833333333333333,0.040138648595974324,0.3,0.0447213595499958,2.110427340172464,0.17037511175153028,295564629.3333333,8438742.364216615
confounded,mixed,0.8,bolt-inf,ld_q2,6,1142,1.144343521486127,0.09962850411869037,0.047371262935770986,0.010797433548958062,0.01211073115987539,0.003137223353476283,0.0,0.0,0.3833333333333333,0.040138648595974324,0.3,0.0447213595499958,2.110427340172464,0.17037511175153028,295564629.3333333,8438742.364216615
confounded,mixed,0.8,bolt-inf,ld_q3,6,1252,1.030869770708633,0.07501942216512404,0.06389317115218307,0.0036568444019489856,0.014167776260672747,0.003041560851935209,0.002297771752355129,0.0015807563779881941,0.3833333333333333,0.040138648595974324,0.3,0.0447213595499958,2.110427340172464,0.17037511175153028,295564629.3333333,8438742.364216615
confounded,mixed,0.8,bolt-inf,ld_q4,6,1237,1.0601552711197793,0.09902239338132678,0.07124552195485112,0.005312346286262921,0.018001161812309572,0.003161307962697658,0.002433901376713369,0.0010897221268107776,0.3833333333333333,0.040138648595974324,0.3,0.0447213595499958,2.110427340172464,0.17037511175153028,295564629.3333333,8438742.364216615
confounded,mixed,0.8,bolt-inf,ld_q5,6,1230,1.2120787724474302,0.09567529157761848,0.052148284350587,0.011714526399684986,0.012571344531494666,0.004892854319994983,0.0017271620847651775,0.0010923752092864805,0.3833333333333333,0.040138648595974324,0.3,0.0447213595499958,2.110427340172464,0.17037511175153028,295564629.3333333,8438742.364216615
confounded,mixed,0.8,exact,all,6,6000,1.0253865298245206,0.05069705912938152,0.05266666666666667,0.002848001248439178,0.010833333333333332,0.001956470745443892,0.001,0.0005163977794943223,0.3833333333333333,0.040138648595974324,0.26666666666666666,0.04216370213557839,2.7849429580091964,0.051368147848790874,485040128.0,5573742.325517199
confounded,mixed,0.8,exact,loading_q1,6,1179,1.025831899720539,0.0645666017006716,0.04920830581822236,0.002727908719837376,0.012058011492411385,0.004881939248629042,0.0009363295880149813,0.0009363295880149815,0.3833333333333333,0.040138648595974324,0.26666666666666666,0.04216370213557839,2.7849429580091964,0.051368147848790874,485040128.0,5573742.325517199
confounded,mixed,0.8,exact,loading_q2,6,1261,1.0286244161608016,0.13945542741623027,0.045601139403554675,0.007957702287827176,0.008901561693820777,0.0033888958200116366,0.0008333333333333334,0.0008333333333333335,0.3833333333333333,0.040138648595974324,0.26666666666666666,0.04216370213557839,2.7849429580091964,0.051368147848790874,485040128.0,5573742.325517199
confounded,mixed,0.8,exact,loading_q3,6,1163,1.0114518515117892,0.07294737020662062,0.05800086572942275,0.008753275639921558,0.014600074193434,0.003956210203227637,0.0017287590458322166,0.001096255802001968,0.3833333333333333,0.040138648595974324,0.26666666666666666,0.04216370213557839,2.7849429580091964,0.051368147848790874,485040128.0,5573742.325517199
confounded,mixed,0.8,exact,loading_q4,6,1194,1.0752303898629358,0.0802261553509408,0.05242048643317024,0.0067102543792763696,0.007511204971162244,0.0028030830182822772,0.0,0.0,0.3833333333333333,0.040138648595974324,0.26666666666666666,0.04216370213557839,2.7849429580091964,0.051368147848790874,485040128.0,5573742.325517199
confounded,mixed,0.8,exact,loading_q5,6,1203,1.0812706543579662,0.10433311207364333,0.059466500447296185,0.00816988742835394,0.011804928656738324,0.00340053946145634,0.001661718621144648,0.0010544952671867566,0.3833333333333333,0.040138648595974324,0.26666666666666666,0.04216370213557839,2.7849429580091964,0.051368147848790874,485040128.0,5573742.325517199
confounded,mixed,0.8,exact,maf_q1,6,1180,1.063385157093256,0.07460325780746005,0.047866038899430585,0.006777730506289753,0.009224124733065922,0.002623838112891619,0.0007974481658692185,0.0007974481658692185,0.3833333333333333,0.040138648595974324,0.26666666666666666,0.04216370213557839,2.7849429580091964,0.051368147848790874,485040128.0,5573742.325517199
confounded,mixed,0.8,exact,maf_q2,6,1233,0.9288758038692437,0.04658653522181644,0.050943980136744414,0.006134369680061296,0.013603925585335996,0.003916251922557246,0.0007751937984496124,0.0007751937984496124,0.3833333333333333,0.040138648595974324,0.26666666666666666,0.04216370213557839,2.7849429580091964,0.051368147848790874,485040128.0,5573742.325517199
confounded,mixed,0.8,exact,maf_q3,6,1179,1.147538265764936,0.1123805830653621,0.061021914859340894,0.008863815627046884,0.012755632224217474,0.00368933978284045,0.002556303113104598,0.0017600111941617536,0.3833333333333333,0.040138648595974324,0.26666666666666666,0.04216370213557839,2.7849429580091964,0.051368147848790874,485040128.0,5573742.325517199
confounded,mixed,0.8,exact,maf_q4,6,1229,0.9751785191978399,0.05726231642080726,0.05481229490767312,0.007648188483068067,0.01074231444143627,0.004357196242515479,0.0008012820512820514,0.0008012820512820514,0.3833333333333333,0.040138648595974324,0.26666666666666666,0.04216370213557839,2.7849429580091964,0.051368147848790874,485040128.0,5573742.325517199
confounded,mixed,0.8,exact,maf_q5,6,1179,1.0602573361691634,0.13740044972369814,0.048356366307413835,0.005964487350695953,0.00781295860426918,0.0030521334266835707,0.0,0.0,0.3833333333333333,0.040138648595974324,0.26666666666666666,0.04216370213557839,2.7849429580091964,0.051368147848790874,485040128.0,5573742.325517199
confounded,mixed,0.8,exact,ld_q1,6,1139,0.9638426118408288,0.042648435032058604,0.05885285373750233,0.0024645856040559286,0.012188454364279804,0.002948564136821654,0.001763668430335097,0.0017636684303350971,0.3833333333333333,0.040138648595974324,0.26666666666666666,0.04216370213557839,2.7849429580091964,0.051368147848790874,485040128.0,5573742.325517199
confounded,mixed,0.8,exact,ld_q2,6,1142,1.1095862306988562,0.09881936750529387,0.03998169897804569,0.0074824088044978055,0.01132744286707854,0.0031548155865543668,0.0,0.0,0.3833333333333333,0.040138648595974324,0.26666666666666666,0.04216370213557839,2.7849429580091964,0.051368147848790874,485040128.0,5573742.325517199
confounded,mixed,0.8,exact,ld_q3,6,1252,1.0067972195416093,0.07073728798423402,0.058191090267765366,0.004429049687810927,0.009434246368389533,0.0029402402099186816,0.0015503875968992248,0.0015503875968992248,0.3833333333333333,0.040138648595974324,0.26666666666666666,0.04216370213557839,2.7849429580091964,0.051368147848790874,485040128.0,5573742.325517199
confounded,mixed,0.8,exact,ld_q4,6,1237,0.9958790608425128,0.09369744577060603,0.06269395736991071,0.00613525669246883,0.011453425385111559,0.0027343193842462644,0.000778816199376947,0.000778816199376947,0.3833333333333333,0.040138648595974324,0.26666666666666666,0.04216370213557839,2.7849429580091964,0.051368147848790874,485040128.0,5573742.325517199
confounded,mixed,0.8,exact,ld_q5,6,1230,1.126557541556046,0.09543484558881903,0.04396429107396505,0.010989975530372417,0.010199463286522622,0.0055547865976431545,0.0008680555555555555,0.0008680555555555556,0.3833333333333333,0.040138648595974324,0.26666666666666666,0.04216370213557839,2.7849429580091964,0.051368147848790874,485040128.0,5573742.325517199
confounded,mixed,0.8,kvik,all,6,6000,0.9071592433508652,0.07952701987382328,0.03833333333333334,0.007688375063113866,0.006833333333333334,0.002197220466356933,0.0008333333333333334,0.0005426273532033235,0.3333333333333333,0.0557773351022717,0.18333333333333332,0.04013864859597432,3.902625396003714,0.23081803674343232,333758464.0,5627246.1371931005
confounded,mixed,0.8,kvik,loading_q1,6,1179,0.9054843478372061,0.09205370908399418,0.04015707951452927,0.008744763616199835,0.008528536150258998,0.003414339684104114,0.0009363295880149813,0.0009363295880149815,0.3333333333333333,0.0557773351022717,0.18333333333333332,0.04013864859597432,3.902625396003714,0.23081803674343232,333758464.0,5627246.1371931005
confounded,mixed,0.8,kvik,loading_q2,6,1261,0.9662211814575253,0.2024837332493483,0.03521770213727388,0.008995446994734783,0.004735007185987579,0.002122427335319355,0.0,0.0,0.3333333333333333,0.0557773351022717,0.18333333333333332,0.04013864859597432,3.902625396003714,0.23081803674343232,333758464.0,5627246.1371931005
confounded,mixed,0.8,kvik,loading_q3,6,1163,0.871963420524246,0.07323823250173708,0.04434644575867927,0.009130992803049015,0.007831928699556881,0.0029281962201073834,0.0017287590458322166,0.001096255802001968,0.3333333333333333,0.0557773351022717,0.18333333333333332,0.04013864859597432,3.902625396003714,0.23081803674343232,333758464.0,5627246.1371931005
confounded,mixed,0.8,kvik,loading_q4,6,1194,0.9018215464936019,0.06069189025772028,0.03925807624236368,0.014204101400413338,0.007331077971094541,0.004183038500279563,0.0,0.0,0.3333333333333333,0.0557773351022717,0.18333333333333332,0.04013864859597432,3.902625396003714,0.23081803674343232,333758464.0,5627246.1371931005
confounded,mixed,0.8,kvik,loading_q5,6,1203,0.9579006540081724,0.1029580039385325,0.03363896856792018,0.005534948799855002,0.005940778616561205,0.00215972216058386,0.001661718621144648,0.0010544952671867566,0.3333333333333333,0.0557773351022717,0.18333333333333332,0.04013864859597432,3.902625396003714,0.23081803674343232,333758464.0,5627246.1371931005
confounded,mixed,0.8,kvik,maf_q1,6,1180,0.9825364068691319,0.10119521290162192,0.03570678385438811,0.00830090820153207,0.006574204499464619,0.00268964365199324,0.0007974481658692185,0.0007974481658692185,0.3333333333333333,0.0557773351022717,0.18333333333333332,0.04013864859597432,3.902625396003714,0.23081803674343232,333758464.0,5627246.1371931005
confounded,mixed,0.8,kvik,maf_q2,6,1233,0.8488177767093266,0.0837687920129358,0.03706432792851895,0.007568847076652261,0.004716126112162603,0.0029421293050680857,0.0007751937984496124,0.0007751937984496124,0.3333333333333333,0.0557773351022717,0.18333333333333332,0.04013864859597432,3.902625396003714,0.23081803674343232,333758464.0,5627246.1371931005
confounded,mixed,0.8,kvik,maf_q3,6,1179,1.0546924954910455,0.13083713287272292,0.04709320227165869,0.01217134924241938,0.008439218271777826,0.0033983917984808255,0.002556303113104598,0.0017600111941617536,0.3333333333333333,0.0557773351022717,0.18333333333333332,0.04013864859597432,3.902625396003714,0.23081803674343232,333758464.0,5627246.1371931005
confounded,mixed,0.8,kvik,maf_q4,6,1229,0.8752060830234839,0.07625016600355088,0.036502208126787866,0.008629165496376441,0.00748561775629497,0.0022582948910563174,0.0,0.0,0.3333333333333333,0.0557773351022717,0.18333333333333332,0.04013864859597432,3.902625396003714,0.23081803674343232,333758464.0,5627246.1371931005
confounded,mixed,0.8,kvik,maf_q5,6,1179,0.9113087378292438,0.14464868870601322,0.03535940084226176,0.007888721715914229,0.007077333521102518,0.0035789164399369906,0.0,0.0,0.3333333333333333,0.0557773351022717,0.18333333333333332,0.04013864859597432,3.902625396003714,0.23081803674343232,333758464.0,5627246.1371931005
confounded,mixed,0.8,kvik,ld_q1,6,1139,0.8988562677665444,0.07421896041970547,0.04312210455560598,0.0068713747040333875,0.005324142163538183,0.002743400217309279,0.001763668430335097,0.0017636684303350971,0.3333333333333333,0.0557773351022717,0.18333333333333332,0.04013864859597432,3.902625396003714,0.23081803674343232,333758464.0,5627246.1371931005
confounded,mixed,0.8,kvik,ld_q2,6,1142,0.9737457289016197,0.0958628514413162,0.029005063472083786,0.008043333343309436,0.0059172522669670114,0.003001341628000381,0.0,0.0,0.3333333333333333,0.0557773351022717,0.18333333333333332,0.04013864859597432,3.902625396003714,0.23081803674343232,333758464.0,5627246.1371931005
confounded,mixed,0.8,kvik,ld_q3,6,1252,0.8982770676707447,0.07695645618540571,0.040141984791687076,0.007046064307339024,0.003927666405505597,0.002225218610677884,0.0015503875968992248,0.0015503875968992248,0.3333333333333333,0.0557773351022717,0.18333333333333332,0.04013864859597432,3.902625396003714,0.23081803674343232,333758464.0,5627246.1371931005
confounded,mixed,0.8,kvik,ld_q4,6,1237,0.8260391106911383,0.0984254943753846,0.047303769498786306,0.008767397530662585,0.009713548605012848,0.002571267307166106,0.0,0.0,0.3333333333333333,0.0557773351022717,0.18333333333333332,0.04013864859597432,3.902625396003714,0.23081803674343232,333758464.0,5627246.1371931005
confounded,mixed,0.8,kvik,ld_q5,6,1230,1.0238762160186956,0.14436955541044189,0.03279497046825509,0.01462226500955757,0.009367769895546255,0.005381203545349479,0.0008680555555555555,0.0008680555555555556,0.3333333333333333,0.0557773351022717,0.18333333333333332,0.04013864859597432,3.902625396003714,0.23081803674343232,333758464.0,5627246.1371931005
confounded,mixed,0.8,ldak-kvik,all,6,6000,1.9571916440394634,0.8609098453599305,0.122,0.06184927916583454,0.06266666666666666,0.04770860625831686,0.03316666666666667,0.03216666666666667,0.39999999999999997,0.03651483716701108,0.26666666666666666,0.03333333333333333,1.4948979168354224,0.1376000082265035,41934848.0,289638.66096270137
confounded,mixed,0.8,ldak-kvik,loading_q1,6,1179,1.4352681796328959,0.25043813835668943,0.08663426581733014,0.022998204933139303,0.027559471847861356,0.011327324321585484,0.004370716355735082,0.0016543037905220965,0.39999999999999997,0.03651483716701108,0.26666666666666666,0.03333333333333333,1.4948979168354224,0.1376000082265035,41934848.0,289638.66096270137
confounded,mixed,0.8,ldak-kvik,loading_q2,6,1261,1.4673553542480138,0.39684683835754914,0.08942261039455257,0.038550653364879735,0.03161730013075203,0.02204223597245633,0.007541478129713424,0.007541478129713424,0.39999999999999997,0.03651483716701108,0.26666666666666666,0.03333333333333333,1.4948979168354224,0.1376000082265035,41934848.0,289638.66096270137
confounded,mixed,0.8,ldak-kvik,loading_q3,6,1163,2.0744695262215362,1.0600053402690077,0.12427076411636484,0.06430911797343583,0.056940227862598995,0.04576043028017028,0.025577982389127896,0.023479822369336312,0.39999999999999997,0.03651483716701108,0.26666666666666666,0.03333333333333333,1.4948979168354224,0.1376000082265035,41934848.0,289638.66096270137
confounded,mixed,0.8,ldak-kvik,loading_q4,6,1194,2.419209179460779,1.2744111178977995,0.14019064306631282,0.07476108460049845,0.08112334295694072,0.06306500085343901,0.04483925549915397,0.04483925549915398,0.39999999999999997,0.03651483716701108,0.26666666666666666,0.03333333333333333,1.4948979168354224,0.1376000082265035,41934848.0,289638.66096270137
confounded,mixed,0.8,ldak-kvik,loading_q5,6,1203,4.596656758860251,3.485533953317681,0.16598077401475028,0.10729455944832755,0.11298575434548742,0.09371475969996618,0.07984496124031008,0.07984496124031008,0.39999999999999997,0.03651483716701108,0.26666666666666666,0.03333333333333333,1.4948979168354224,0.1376000082265035,41934848.0,289638.66096270137
confounded,mixed,0.8,ldak-kvik,maf_q1,6,1180,1.9660254349751203,0.7673381232397877,0.11390042201678596,0.05350481979413042,0.054750262835333546,0.04067924433787665,0.03058113305609737,0.028555654682218535,0.39999999999999997,0.03651483716701108,0.26666666666666666,0.03333333333333333,1.4948979168354224,0.1376000082265035,41934848.0,289638.66096270137
confounded,mixed,0.8,ldak-kvik,maf_q2,6,1233,1.6980482670128758,0.6466257295419193,0.11764891180861943,0.05994192256923576,0.055262324039957116,0.04283721873786659,0.02622673434856176,0.026226734348561757,0.39999999999999997,0.03651483716701108,0.26666666666666666,0.03333333333333333,1.4948979168354224,0.1376000082265035,41934848.0,289638.66096270137
confounded,mixed,0.8,ldak-kvik,maf_q3,6,1179,2.1476586315413186,0.9760972946016413,0.14099371677853195,0.06637296744845207,0.0671300846465286,0.05497671191919284,0.040544679547716886,0.038536459880883514,0.39999999999999997,0.03651483716701108,0.26666666666666666,0.03333333333333333,1.4948979168354224,0.1376000082265035,41934848.0,289638.66096270137
confounded,mixed,0.8,ldak-kvik,maf_q4,6,1229,1.9903033312593008,0.9021510577308415,0.12365668414242274,0.06312455286055656,0.06480893851883059,0.044547201919321024,0.03154561862086134,0.030594155160758505,0.39999999999999997,0.03651483716701108,0.26666666666666666,0.03333333333333333,1.4948979168354224,0.1376000082265035,41934848.0,289638.66096270137
confounded,mixed,0.8,ldak-kvik,maf_q5,6,1179,2.0215993398726253,0.918657599530565,0.11452859906272751,0.06731963361468492,0.07136054708445831,0.05605538740067286,0.03712871287128713,0.03712871287128713,0.39999999999999997,0.03651483716701108,0.26666666666666666,0.03333333333333333,1.4948979168354224,0.1376000082265035,41934848.0,289638.66096270137
confounded,mixed,0.8,ldak-kvik,ld_q1,6,1139,2.0386174329642914,0.9472390046610127,0.13622244090376517,0.06332093745073578,0.07515477924693069,0.054330819825817445,0.03905688077010237,0.03800850149857766,0.39999999999999997,0.03651483716701108,0.26666666666666666,0.03333333333333333,1.4948979168354224,0.1376000082265035,41934848.0,289638.66096270137
confounded,mixed,0.8,ldak-kvik,ld_q2,6,1142,1.85105933391176,0.764497238983202,0.10331910911682707,0.06283114254455749,0.06725905061907465,0.05259288407980309,0.039597845267948364,0.038576102210348705,0.39999999999999997,0.03651483716701108,0.26666666666666666,0.03333333333333333,1.4948979168354224,0.1376000082265035,41934848.0,289638.66096270137
confounded,mixed,0.8,ldak-kvik,ld_q3,6,1252,2.0197132531823554,0.9119440618315018,0.12143692185915665,0.0660962033158089,0.06315557098933873,0.05250560148272626,0.03178294573643411,0.031782945736434115,0.39999999999999997,0.03651483716701108,0.26666666666666666,0.03333333333333333,1.4948979168354224,0.1376000082265035,41934848.0,289638.66096270137
confounded,mixed,0.8,ldak-kvik,ld_q4,6,1237,2.1065890244918877,1.1938843454800068,0.1456948568564971,0.06913235878522171,0.07187566111302146,0.053695761000204435,0.03880108376608715,0.03787846696505359,0.39999999999999997,0.03651483716701108,0.26666666666666666,0.03333333333333333,1.4948979168354224,0.1376000082265035,41934848.0,289638.66096270137
confounded,mixed,0.8,ldak-kvik,ld_q5,6,1230,1.8635786615757155,0.6021330690037965,0.10475904962752906,0.04954073055630863,0.03885915825759032,0.02797720056852138,0.01873845260335192,0.016747959754698522,0.39999999999999997,0.03651483716701108,0.26666666666666666,0.03333333333333333,1.4948979168354224,0.1376000082265035,41934848.0,289638.66096270137
confounded,null,0.8,bolt-inf,all,6,36000,1.1211473809556487,0.01038161055458393,0.06013888888888889,0.00218810617703422,0.012944444444444446,0.0007399532851454413,0.0013333333333333333,0.00021081851067789197,nan,nan,nan,nan,2.087671097018756,0.16857015636907027,296534016.0,3961340.402255917
confounded,null,0.8,bolt-inf,loading_q1,6,7200,1.1144330343395417,0.018048803903774547,0.060972222222222226,0.003975717188193072,0.011527777777777777,0.0013678969169161259,0.0011111111111111111,0.0003513641844631533,nan,nan,nan,nan,2.087671097018756,0.16857015636907027,296534016.0,3961340.402255917
confounded,null,0.8,bolt-inf,loading_q2,6,7200,1.0739609856237935,0.03658322551850632,0.060555555555555564,0.003025100753347108,0.012638888888888889,0.0014500425706820206,0.0011111111111111111,0.00027777777777777783,nan,nan,nan,nan,2.087671097018756,0.16857015636907027,296534016.0,3961340.402255917
confounded,null,0.8,bolt-inf,loading_q3,6,7200,1.104535830336414,0.02434403668030319,0.055,0.005370530010398656,0.011666666666666667,0.001521451548625462,0.0011111111111111111,0.00027777777777777783,nan,nan,nan,nan,2.087671097018756,0.16857015636907027,296534016.0,3961340.402255917
confounded,null,0.8,bolt-inf,loading_q4,6,7200,1.1393155437235634,0.029044233439040296,0.0626388888888889,0.003425237668603415,0.015277777777777779,0.0008240220541217403,0.0018055555555555557,0.0005859728641591385,nan,nan,nan,nan,2.087671097018756,0.16857015636907027,296534016.0,3961340.402255917
confounded,null,0.8,bolt-inf,loading_q5,6,7200,1.1678052184005,0.010563909441227487,0.06152777777777777,0.003294332019816783,0.01361111111111111,0.001421831543563303,0.0015277777777777779,0.00025609845714702473,nan,nan,nan,nan,2.087671097018756,0.16857015636907027,296534016.0,3961340.402255917
confounded,null,0.8,bolt-inf,maf_q1,6,7171,1.137935002495158,0.017254833006190698,0.06302718982264179,0.0029453522929756893,0.014366263107641627,0.0017248723732583792,0.0015349927040897153,0.00045521177009638013,nan,nan,nan,nan,2.087671097018756,0.16857015636907027,296534016.0,3961340.402255917
confounded,null,0.8,bolt-inf,maf_q2,6,7168,1.1414749173703156,0.02418166488204931,0.05598258814318163,0.004642248578382892,0.01088718442727135,0.0009798040726421862,0.001534543609816805,0.00039877273922427254,nan,nan,nan,nan,2.087671097018756,0.16857015636907027,296534016.0,3961340.402255917
confounded,null,0.8,bolt-inf,maf_q3,6,7208,1.094393027109004,0.03036576605679794,0.05964036521478225,0.0019369559742018789,0.013175576845003022,0.0009797934457050372,0.0013866044127551728,0.00027663322099742157,nan,nan,nan,nan,2.087671097018756,0.16857015636907027,296534016.0,3961340.402255917
confounded,null,0.8,bolt-inf,maf_q4,6,7221,1.12824511028441,0.02793957618601176,0.06219814247999176,0.004299518291646406,0.013989106333656772,0.001527394002426076,0.001387781965371944,0.0006712056332180303,nan,nan,nan,nan,2.087671097018756,0.16857015636907027,296534016.0,3961340.402255917
confounded,null,0.8,bolt-inf,maf_q5,6,7232,1.098889731815545,0.03041802127877317,0.0598885472534155,0.004346307876962251,0.012314164527438427,0.0017776091581518366,0.0008304499064896632,0.0003714398811365142,nan,nan,nan,nan,2.087671097018756,0.16857015636907027,296534016.0,3961340.402255917
confounded,null,0.8,bolt-inf,ld_q1,6,7200,1.125150179486095,0.01790425950755675,0.05958333333333333,0.0032400131458352435,0.01375,0.0015627314643372452,0.0008333333333333334,0.000372677996249965,nan,nan,nan,nan,2.087671097018756,0.16857015636907027,296534016.0,3961340.402255917
confounded,null,0.8,bolt-inf,ld_q2,6,7200,1.143699574359398,0.03968080525828406,0.062083333333333345,0.0033592740617910625,0.013194444444444444,0.0011669973076444448,0.0018055555555555557,0.00039771725175767657,nan,nan,nan,nan,2.087671097018756,0.16857015636907027,296534016.0,3961340.402255917
confounded,null,0.8,bolt-inf,ld_q3,6,7200,1.1333530331856239,0.025346273677397724,0.058888888888888886,0.002450119674577772,0.011805555555555555,0.0005859728641591385,0.0008333333333333334,0.00030429030972509234,nan,nan,nan,nan,2.087671097018756,0.16857015636907027,296534016.0,3961340.402255917
confounded,null,0.8,bolt-inf,ld_q4,6,7200,1.1099182871981927,0.030509123137530316,0.06055555555555556,0.002710291315033438,0.012777777777777777,0.0015908690070307058,0.0018055555555555557,0.0004521894610027696,nan,nan,nan,nan,2.087671097018756,0.16857015636907027,296534016.0,3961340.402255917
confounded,null,0.8,bolt-inf,ld_q5,6,7200,1.0875369396466599,0.02527721970571628,0.05958333333333334,0.00271100295776988,0.013194444444444444,0.0009957471293852735,0.001388888888888889,0.00041201102706087025,nan,nan,nan,nan,2.087671097018756,0.16857015636907027,296534016.0,3961340.402255917
confounded,null,0.8,exact,all,6,36000,1.1152044835076038,0.009995965283901337,0.059611111111111115,0.0016603584322238355,0.01338888888888889,0.000717075680011669,0.0014166666666666668,0.00022669117514559071,nan,nan,nan,nan,2.4791318609980713,0.10555582686997099,485673642.6666667,8913621.220168522
confounded,null,0.8,exact,loading_q1,6,7200,1.0407820254781488,0.010850653604992705,0.05069444444444445,0.003698201932137319,0.009027777777777777,0.001450042570682021,0.0008333333333333334,0.00021516574145596763,nan,nan,nan,nan,2.4791318609980713,0.10555582686997099,485673642.6666667,8913621.220168522
confounded,null,0.8,exact,loading_q2,6,7200,1.0227346873873204,0.03519242223013289,0.05458333333333334,0.0025707579225388564,0.011111111111111112,0.0013028932666176195,0.0008333333333333334,0.00030429030972509234,nan,nan,nan,nan,2.4791318609980713,0.10555582686997099,485673642.6666667,8913621.220168522
confounded,null,0.8,exact,loading_q3,6,7200,1.0692728297729042,0.028838879385640608,0.05319444444444444,0.005174799453381363,0.010694444444444446,0.0014971681086902078,0.0011111111111111111,0.00027777777777777783,nan,nan,nan,nan,2.4791318609980713,0.10555582686997099,485673642.6666667,8913621.220168522
confounded,null,0.8,exact,loading_q4,6,7200,1.1476874734649882,0.036122200247195646,0.06513888888888889,0.0036350700911951125,0.015972222222222224,0.0010187289344940136,0.0018055555555555557,0.0005859728641591385,nan,nan,nan,nan,2.4791318609980713,0.10555582686997099,485673642.6666667,8913621.220168522
confounded,null,0.8,exact,loading_q5,6,7200,1.3015239765602218,0.018083769718188897,0.07444444444444444,0.0022635054208292615,0.02013888888888889,0.001953352610194352,0.0025,0.000372677996249965,nan,nan,nan,nan,2.4791318609980713,0.10555582686997099,485673642.6666667,8913621.220168522
confounded,null,0.8,exact,maf_q1,6,7171,1.1089965023161288,0.020195769115916955,0.06149172890761668,0.0027013528173862843,0.014226907953335999,0.0021959186658573947,0.0016748137331724896,0.0005732339885841113,nan,nan,nan,nan,2.4791318609980713,0.10555582686997099,485673642.6666667,8913621.220168522
confounded,null,0.8,exact,maf_q2,6,7168,1.1344208405343126,0.026747212619508968,0.055704693475111776,0.004741032112828238,0.012149777364145652,0.0016166581957778115,0.0012552506060655973,0.0002852839749550282,nan,nan,nan,nan,2.4791318609980713,0.10555582686997099,485673642.6666667,8913621.220168522
confounded,null,0.8,exact,maf_q3,6,7208,1.09755702055529,0.02753413481458733,0.059784913512053665,0.0011581461809750924,0.013312265926175766,0.0007808801331144167,0.0015256177981243233,0.00013807966401634952,nan,nan,nan,nan,2.4791318609980713,0.10555582686997099,485673642.6666667,8913621.220168522
confounded,null,0.8,exact,maf_q4,6,7221,1.1329577951559904,0.023997545682639048,0.06219405490025146,0.003438016992834754,0.014545477398637173,0.0014279346378384518,0.0013874367592493686,0.000767028387751212,nan,nan,nan,nan,2.4791318609980713,0.10555582686997099,485673642.6666667,8913621.220168522
confounded,null,0.8,exact,maf_q5,6,7232,1.0957972614808404,0.033040323917082365,0.05891808431252984,0.0036189779021901804,0.012729348186217534,0.0017026988085869477,0.0012443641681921746,0.0004675683696525458,nan,nan,nan,nan,2.4791318609980713,0.10555582686997099,485673642.6666667,8913621.220168522
confounded,null,0.8,exact,ld_q1,6,7200,1.138794464835628,0.018797991860270053,0.06374999999999999,0.002460333461289493,0.014722222222222225,0.0017435949807194685,0.0009722222222222223,0.0005007710104811098,nan,nan,nan,nan,2.4791318609980713,0.10555582686997099,485673642.6666667,8913621.220168522
confounded,null,0.8,exact,ld_q2,6,7200,1.1476541743403736,0.03507203227497251,0.0626388888888889,0.002699594162457629,0.014722222222222225,0.001388888888888889,0.0022222222222222222,0.0005121969142940494,nan,nan,nan,nan,2.4791318609980713,0.10555582686997099,485673642.6666667,8913621.220168522
confounded,null,0.8,exact,ld_q3,6,7200,1.1315382675937296,0.02590213547673714,0.05722222222222222,0.0022222222222222227,0.012499999999999999,0.00074535599249993,0.0009722222222222223,0.000334488738299786,nan,nan,nan,nan,2.4791318609980713,0.10555582686997099,485673642.6666667,8913621.220168522
confounded,null,0.8,exact,ld_q4,6,7200,1.0950254056339206,0.02745931773931257,0.05958333333333334,0.002516151529323804,0.011944444444444445,0.001210805262094632,0.0016666666666666668,0.000372677996249965,nan,nan,nan,nan,2.4791318609980713,0.10555582686997099,485673642.6666667,8913621.220168522
confounded,null,0.8,exact,ld_q5,6,7200,1.0565446168507093,0.022394521976884976,0.05486111111111111,0.0023015359873863736,0.013055555555555556,0.0005957669608202003,0.00125,0.0004689428615592815,nan,nan,nan,nan,2.4791318609980713,0.10555582686997099,485673642.6666667,8913621.220168522
confounded,null,0.8,kvik,all,6,36000,0.9445536822218802,0.01365036662442722,0.040361111111111105,0.0016906149805161663,0.0064444444444444445,0.0005264603440214282,0.0003055555555555556,0.00012484558363469022,nan,nan,nan,nan,2.909427819327296,0.23428026961356319,325965141.3333333,3802435.8315336304
confounded,null,0.8,kvik,loading_q1,6,7200,0.8705172845736192,0.04144258939613284,0.03333333333333333,0.004477309046324176,0.004861111111111111,0.0013161508600535708,0.0002777777777777778,0.00017568209223157668,nan,nan,nan,nan,2.909427819327296,0.23428026961356319,325965141.3333333,3802435.8315336304
confounded,null,0.8,kvik,loading_q2,6,7200,0.8814381611412007,0.03588905580244066,0.03513888888888889,0.0038031216872329025,0.006666666666666667,0.00149071198499986,0.0001388888888888889,0.0001388888888888889,nan,nan,nan,nan,2.909427819327296,0.23428026961356319,325965141.3333333,3802435.8315336304
confounded,null,0.8,kvik,loading_q3,6,7200,0.8967032024578532,0.026936533820674735,0.036250000000000004,0.003954310821631764,0.004166666666666667,0.00048112522432468816,0.0005555555555555556,0.00027777777777777783,nan,nan,nan,nan,2.909427819327296,0.23428026961356319,325965141.3333333,3802435.8315336304
confounded,null,0.8,kvik,loading_q4,6,7200,0.9718006628230912,0.03842979050400408,0.045277777777777785,0.0024120325940102678,0.008611111111111111,0.0011317527104146314,0.0002777777777777778,0.00017568209223157668,nan,nan,nan,nan,2.909427819327296,0.23428026961356319,325965141.3333333,3802435.8315336304
confounded,null,0.8,kvik,loading_q5,6,7200,1.1515375789625195,0.06858439439569941,0.05180555555555555,0.0018809063352478003,0.007916666666666667,0.000980126598020964,0.0002777777777777778,0.00017568209223157665,nan,nan,nan,nan,2.909427819327296,0.23428026961356319,325965141.3333333,3802435.8315336304
confounded,null,0.8,kvik,maf_q1,6,7171,0.945156550745113,0.027046566730999366,0.04099821981488113,0.0025276034273538023,0.007532566439446292,0.001243517992111801,0.0004187612523096479,0.00018727607560327066,nan,nan,nan,nan,2.909427819327296,0.23428026961356319,325965141.3333333,3802435.8315336304
confounded,null,0.8,kvik,maf_q2,6,7168,0.9537428456865776,0.029528484693870562,0.03531396996098391,0.0024859750173248283,0.005443529355101114,0.000477336730290648,0.0001392369813422445,0.00013923698134224452,nan,nan,nan,nan,2.909427819327296,0.23428026961356319,325965141.3333333,3802435.8315336304
confounded,null,0.8,kvik,maf_q3,6,7208,0.92292462143513,0.026031721943950686,0.041757602688200106,0.001512673152561613,0.006241244213819791,0.0003493848829832506,0.000278473962684489,0.0001761223982271445,nan,nan,nan,nan,2.909427819327296,0.23428026961356319,325965141.3333333,3802435.8315336304
confounded,null,0.8,kvik,maf_q4,6,7221,0.9637970550195147,0.023204326667388107,0.04238986219782226,0.004277795264081901,0.006929634955284138,0.0009350041734849723,0.0004157763716268982,0.0002850685368689208,nan,nan,nan,nan,2.909427819327296,0.23428026961356319,325965141.3333333,3802435.8315336304
confounded,null,0.8,kvik,maf_q5,6,7232,0.9403026862675832,0.02416614607072921,0.04135307743944776,0.0030291853010157755,0.006085339724345661,0.0012450338589885866,0.00027674005045422585,0.0001750257984648999,nan,nan,nan,nan,2.909427819327296,0.23428026961356319,325965141.3333333,3802435.8315336304
confounded,null,0.8,kvik,ld_q1,6,7200,0.9694023122426597,0.013739766889246724,0.043750000000000004,0.002159711057491685,0.006527777777777778,0.0010187289344940138,0.0001388888888888889,0.0001388888888888889,nan,nan,nan,nan,2.909427819327296,0.23428026961356319,325965141.3333333,3802435.8315336304
confounded,null,0.8,kvik,ld_q2,6,7200,0.9793982076551627,0.0241628593995997,0.04236111111111112,0.0017926892000291726,0.007222222222222223,0.0007954345035153529,0.0002777777777777778,0.00017568209223157665,nan,nan,nan,nan,2.909427819327296,0.23428026961356319,325965141.3333333,3802435.8315336304
confounded,null,0.8,kvik,ld_q3,6,7200,0.9552347116487995,0.019127615611186886,0.03944444444444444,0.0027442420078285495,0.005694444444444444,0.0006602702402224841,0.0004166666666666667,0.00028463752127665554,nan,nan,nan,nan,2.909427819327296,0.23428026961356319,325965141.3333333,3802435.8315336304
confounded,null,0.8,kvik,ld_q4,6,7200,0.9287668373326868,0.02740345041865217,0.03875,0.0016770509831248422,0.006111111111111111,0.000668977476599572,0.0006944444444444445,0.00025609845714702473,nan,nan,nan,nan,2.909427819327296,0.23428026961356319,325965141.3333333,3802435.8315336304
confounded,null,0.8,kvik,ld_q5,6,7200,0.8901382092734398,0.03215621157893663,0.0375,0.0032131097202047236,0.006666666666666667,0.0007757911135427189,0.0,0.0,nan,nan,nan,nan,2.909427819327296,0.23428026961356319,325965141.3333333,3802435.8315336304
confounded,null,0.8,ldak-kvik,all,6,36000,3.4548655553289573,0.7297620287884597,0.26525000000000004,0.06181883253148312,0.15833333333333335,0.0451144634769695,0.08166666666666668,0.025708911842941707,nan,nan,nan,nan,1.2916321874945424,0.14058760829961503,42429098.666666664,487859.4118742726
confounded,null,0.8,ldak-kvik,loading_q1,6,7200,1.2748119516616334,0.12163046275586366,0.07819444444444446,0.014274778111181163,0.020416666666666663,0.005973514072166431,0.0044444444444444444,0.002060055135304351,nan,nan,nan,nan,1.2916321874945424,0.14058760829961503,42429098.666666664,487859.4118742726
confounded,null,0.8,ldak-kvik,loading_q2,6,7200,2.2967543787028375,0.40344186559154965,0.1608333333333333,0.034649033977234574,0.059305555555555556,0.0165878925428261,0.013194444444444446,0.005457820869355765,nan,nan,nan,nan,1.2916321874945424,0.14058760829961503,42429098.666666664,487859.4118742726
confounded,null,0.8,ldak-kvik,loading_q3,6,7200,3.560935349495662,0.8311208263416024,0.25000000000000006,0.057760280470233176,0.11888888888888889,0.03402862810728927,0.033749999999999995,0.010311693290557014,nan,nan,nan,nan,1.2916321874945424,0.14058760829961503,42429098.666666664,487859.4118742726
confounded,null,0.8,ldak-kvik,loading_q4,6,7200,6.116221183203337,1.6385992882676839,0.36027777777777786,0.09169763786556043,0.22472222222222224,0.0670280713259677,0.10263888888888889,0.033146292364770825,nan,nan,nan,nan,1.2916321874945424,0.14058760829961503,42429098.666666664,487859.4118742726
confounded,null,0.8,ldak-kvik,loading_q5,6,7200,11.767531339325934,3.400857992166208,0.47694444444444445,0.12045528344012968,0.36833333333333335,0.10861352654318959,0.25430555555555556,0.08175715414008991,nan,nan,nan,nan,1.2916321874945424,0.14058760829961503,42429098.666666664,487859.4118742726
confounded,null,0.8,ldak-kvik,maf_q1,6,7171,3.275444148158144,0.6698421182384409,0.25184438886436,0.05802832220744362,0.1428935430980099,0.04130682857932962,0.06753557837186938,0.02152257635812243,nan,nan,nan,nan,1.2916321874945424,0.14058760829961503,42429098.666666664,487859.4118742726
confounded,null,0.8,ldak-kvik,maf_q2,6,7168,3.3679060717987404,0.7346792309462796,0.2625212792259314,0.060619915125269076,0.15621989785837076,0.04484397795882355,0.08236593330365682,0.026124406391716738,nan,nan,nan,nan,1.2916321874945424,0.14058760829961503,42429098.666666664,487859.4118742726
confounded,null,0.8,ldak-kvik,maf_q3,6,7208,3.401253072882637,0.7491932438734499,0.2678183312312035,0.06298662495075875,0.16492206493875747,0.046888221168089626,0.08587529504660607,0.026937026130491468,nan,nan,nan,nan,1.2916321874945424,0.14058760829961503,42429098.666666664,487859.4118742726
confounded,null,0.8,ldak-kvik,maf_q4,6,7221,3.6474944756237595,0.7781833912647015,0.27536728164949514,0.06607082581723508,0.1676776772914088,0.04806435190721864,0.08797328317124663,0.027709468389950323,nan,nan,nan,nan,1.2916321874945424,0.14058760829961503,42429098.666666664,487859.4118742726
confounded,null,0.8,ldak-kvik,maf_q5,6,7232,3.6190722875528745,0.75582354015445,0.26861657734487,0.06197974493254127,0.15982702273057295,0.04465021812294953,0.08448714429297056,0.026732443798556403,nan,nan,nan,nan,1.2916321874945424,0.14058760829961503,42429098.666666664,487859.4118742726
confounded,null,0.8,ldak-kvik,ld_q1,6,7200,4.610545268829202,1.0879801700721994,0.31263888888888886,0.07512317560078036,0.1990277777777778,0.0585256420007926,0.1175,0.03801011074067686,nan,nan,nan,nan,1.2916321874945424,0.14058760829961503,42429098.666666664,487859.4118742726
confounded,null,0.8,ldak-kvik,ld_q2,6,7200,3.961617679291013,0.8598810841513059,0.28527777777777774,0.06635122129924388,0.17708333333333334,0.050397379230802605,0.09444444444444444,0.029677796497352558,nan,nan,nan,nan,1.2916321874945424,0.14058760829961503,42429098.666666664,487859.4118742726
confounded,null,0.8,ldak-kvik,ld_q3,6,7200,3.557560222754249,0.7516063113867725,0.26625000000000004,0.06245618834801691,0.1602777777777778,0.04538297255062591,0.07958333333333334,0.025423041095009043,nan,nan,nan,nan,1.2916321874945424,0.14058760829961503,42429098.666666664,487859.4118742726
confounded,null,0.8,ldak-kvik,ld_q4,6,7200,2.99590303139647,0.6069733646405459,0.24166666666666667,0.05567556482442292,0.14041666666666666,0.039528324350090106,0.06625,0.020604015699930023,nan,nan,nan,nan,1.2916321874945424,0.14058760829961503,42429098.666666664,487859.4118742726
confounded,null,0.8,ldak-kvik,ld_q5,6,7200,2.6589956268344306,0.5107267455342462,0.2204166666666667,0.049915089939853906,0.1148611111111111,0.03238470765845288,0.050555555555555555,0.01547050159991868,nan,nan,nan,nan,1.2916321874945424,0.14058760829961503,42429098.666666664,487859.4118742726
structured,mixed,0.8,bolt-inf,all,6,6000,1.0271932935347265,0.060001504201492264,0.056333333333333326,0.004506785008308153,0.011999999999999999,0.002129162589689508,0.0011666666666666668,0.00047726070210921194,0.4166666666666667,0.040138648595974324,0.3,0.0447213595499958,2.0060588331737867,0.1328177225453553,288350208.0,6520850.867644396
structured,mixed,0.8,bolt-inf,loading_q1,6,1179,1.17375721772517,0.07905947415357648,0.06344481002839528,0.004789809996678171,0.0170945805233054,0.00433126152484185,0.0026999980183500783,0.0018239214499656212,0.4166666666666667,0.040138648595974324,0.3,0.0447213595499958,2.0060588331737867,0.1328177225453553,288350208.0,6520850.867644396
structured,mixed,0.8,bolt-inf,loading_q2,6,1261,1.0729883580244295,0.12854053036321791,0.05661087230537529,0.009796739385239334,0.011298528780710346,0.004288282112786031,0.0008333333333333334,0.0008333333333333335,0.4166666666666667,0.040138648595974324,0.3,0.0447213595499958,2.0060588331737867,0.1328177225453553,288350208.0,6520850.867644396
structured,mixed,0.8,bolt-inf,loading_q3,6,1163,1.0765610426879466,0.08378187058014645,0.06222888737646554,0.009332269395418114,0.012899747107612913,0.004823340703938323,0.0017287590458322166,0.001096255802001968,0.4166666666666667,0.040138648595974324,0.3,0.0447213595499958,2.0060588331737867,0.1328177225453553,288350208.0,6520850.867644396
structured,mixed,0.8,bolt-inf,loading_q4,6,1194,1.073904115578302,0.10420487952735331,0.0505061691595283,0.007078652499631079,0.00990583401746154,0.0021033253084754623,0.0,0.0,0.4166666666666667,0.040138648595974324,0.3,0.0447213595499958,2.0060588331737867,0.1328177225453553,288350208.0,6520850.867644396
structured,mixed,0.8,bolt-inf,loading_q5,6,1203,0.815486171794149,0.05072817776269111,0.049572358375682524,0.00797880907161186,0.009145403163467805,0.0023930508011931733,0.0008865248226950354,0.0008865248226950354,0.4166666666666667,0.040138648595974324,0.3,0.0447213595499958,2.0060588331737867,0.1328177225453553,288350208.0,6520850.867644396
structured,mixed,0.8,bolt-inf,maf_q1,6,1180,0.9961508873124886,0.09749538164270004,0.05190487695744001,0.008911733996773032,0.011622235869244655,0.003775968108273249,0.0017032452673184939,0.0010804913101741904,0.4166666666666667,0.040138648595974324,0.3,0.0447213595499958,2.0060588331737867,0.1328177225453553,288350208.0,6520850.867644396
structured,mixed,0.8,bolt-inf,maf_q2,6,1233,0.970951978382763,0.06345766740498117,0.05834469344320325,0.004539387192554865,0.013625867901186679,0.0030707672027625098,0.0015613573204621908,0.0009875256319536107,0.4166666666666667,0.040138648595974324,0.3,0.0447213595499958,2.0060588331737867,0.1328177225453553,288350208.0,6520850.867644396
structured,mixed,0.8,bolt-inf,maf_q3,6,1179,1.225597413202032,0.13245444228939926,0.06703203386833718,0.006957416619634533,0.015230573750151107,0.0036479865714757784,0.0016927452547280866,0.001070917081831113,0.4166666666666667,0.040138648595974324,0.3,0.0447213595499958,2.0060588331737867,0.1328177225453553,288350208.0,6520850.867644396
structured,mixed,0.8,bolt-inf,maf_q4,6,1229,0.9335240948652354,0.06420654882462717,0.05353095461152183,0.0112283959494317,0.010694693101175113,0.003880492715780368,0.0008012820512820514,0.0008012820512820514,0.4166666666666667,0.040138648595974324,0.3,0.0447213595499958,2.0060588331737867,0.1328177225453553,288350208.0,6520850.867644396
structured,mixed,0.8,bolt-inf,maf_q5,6,1179,1.071268224579872,0.12091891103461887,0.05130755024149045,0.00872178440831635,0.008775682587872638,0.004117339241907441,0.0,0.0,0.4166666666666667,0.040138648595974324,0.3,0.0447213595499958,2.0060588331737867,0.1328177225453553,288350208.0,6520850.867644396
structured,mixed,0.8,bolt-inf,ld_q1,6,1139,0.9452808724068967,0.0746275870565217,0.058781389572666674,0.004509340305441464,0.01051001225166349,0.0019313933024227398,0.001763668430335097,0.0017636684303350971,0.4166666666666667,0.040138648595974324,0.3,0.0447213595499958,2.0060588331737867,0.1328177225453553,288350208.0,6520850.867644396
structured,mixed,0.8,bolt-inf,ld_q2,6,1142,1.0750656600040245,0.11587551665216168,0.0492769316808452,0.009571720069396277,0.010192554251207039,0.0036083369007391558,0.000859106529209622,0.0008591065292096223,0.4166666666666667,0.040138648595974324,0.3,0.0447213595499958,2.0060588331737867,0.1328177225453553,288350208.0,6520850.867644396
structured,mixed,0.8,bolt-inf,ld_q3,6,1252,0.9557636838955045,0.06103175711672677,0.05833637902374803,0.0041130582676629805,0.014288976041543543,0.002589343834847034,0.0007751937984496124,0.0007751937984496124,0.4166666666666667,0.040138648595974324,0.3,0.0447213595499958,2.0060588331737867,0.1328177225453553,288350208.0,6520850.867644396
structured,mixed,0.8,bolt-inf,ld_q4,6,1237,1.0095772176050497,0.10001850117255481,0.06340734047193532,0.00784538259698703,0.012397825856854035,0.0029849747013364564,0.0016248398880402293,0.0010289567399440747,0.4166666666666667,0.040138648595974324,0.3,0.0447213595499958,2.0060588331737867,0.1328177225453553,288350208.0,6520850.867644396
structured,mixed,0.8,bolt-inf,ld_q5,6,1230,1.1613961007629408,0.07252671622168028,0.05210375580695371,0.012448324811677503,0.012493178391420943,0.004039863308243016,0.0008680555555555555,0.0008680555555555556,0.4166666666666667,0.040138648595974324,0.3,0.0447213595499958,2.0060588331737867,0.1328177225453553,288350208.0,6520850.867644396
structured,mixed,0.8,exact,all,6,6000,0.9876126840304664,0.05801189769611408,0.049666666666666665,0.003105550586360564,0.01,0.002,0.0008333333333333334,0.00047726070210921183,0.4166666666666667,0.03073181485764296,0.2833333333333333,0.03073181485764296,2.5346668123286995,0.18971855231816862,489370965.3333333,8227058.195533188
structured,mixed,0.8,exact,loading_q1,6,1179,1.0332179458595618,0.06348146117074241,0.04995905656897311,0.0025990160086278814,0.011977459328525888,0.004296383464908837,0.0009363295880149813,0.0009363295880149815,0.4166666666666667,0.03073181485764296,0.2833333333333333,0.03073181485764296,2.5346668123286995,0.18971855231816862,489370965.3333333,8227058.195533188
structured,mixed,0.8,exact,loading_q2,6,1261,1.0009082518218926,0.1270886432582701,0.04474676008474307,0.007968132684585714,0.008123678646934461,0.0032999557651800467,0.0008333333333333334,0.0008333333333333335,0.4166666666666667,0.03073181485764296,0.2833333333333333,0.03073181485764296,2.5346668123286995,0.18971855231816862,489370965.3333333,8227058.195533188
structured,mixed,0.8,exact,loading_q3,6,1163,1.037257145254706,0.0900903723985341,0.05528664518296734,0.00932363067644904,0.01020468741773457,0.004577959097108397,0.0017287590458322166,0.001096255802001968,0.4166666666666667,0.03073181485764296,0.2833333333333333,0.03073181485764296,2.5346668123286995,0.18971855231816862,489370965.3333333,8227058.195533188
structured,mixed,0.8,exact,loading_q4,6,1194,1.0460273576192465,0.10344969365932141,0.04650398499151964,0.0065315376696954836,0.00990583401746154,0.0021033253084754623,0.0,0.0,0.4166666666666667,0.03073181485764296,0.2833333333333333,0.03073181485764296,2.5346668123286995,0.18971855231816862,489370965.3333333,8227058.195533188
structured,mixed,0.8,exact,loading_q5,6,1203,0.8911257047167722,0.058312283165148734,0.0527721906805296,0.006056642474228798,0.00997459055981938,0.0022430039750573317,0.0008865248226950354,0.0008865248226950354,0.4166666666666667,0.03073181485764296,0.2833333333333333,0.03073181485764296,2.5346668123286995,0.18971855231816862,489370965.3333333,8227058.195533188
structured,mixed,0.8,exact,maf_q1,6,1180,0.9678225283809635,0.0972466502846199,0.04603176307940915,0.00814395728750557,0.008304548972004654,0.002293333768321568,0.0007974481658692185,0.0007974481658692185,0.4166666666666667,0.03073181485764296,0.2833333333333333,0.03073181485764296,2.5346668123286995,0.18971855231816862,489370965.3333333,8227058.195533188
structured,mixed,0.8,exact,maf_q2,6,1233,0.9529807766386528,0.0516819447843654,0.05437524757144304,0.003861523178785254,0.012824585849904625,0.0031330733197811296,0.0007751937984496124,0.0007751937984496124,0.4166666666666667,0.03073181485764296,0.2833333333333333,0.03073181485764296,2.5346668123286995,0.18971855231816862,489370965.3333333,8227058.195533188
structured,mixed,0.8,exact,maf_q3,6,1179,1.1863816999758001,0.13790230407386478,0.0551958076313179,0.006388420196919267,0.010130588187063005,0.0034022297773777196,0.0016927452547280866,0.001070917081831113,0.4166666666666667,0.03073181485764296,0.2833333333333333,0.03073181485764296,2.5346668123286995,0.18971855231816862,489370965.3333333,8227058.195533188
structured,mixed,0.8,exact,maf_q4,6,1229,0.9167398513392913,0.06775946001822604,0.04916848005111027,0.007723863599469856,0.009091980818851179,0.0038994404893456635,0.0008012820512820514,0.0008012820512820514,0.4166666666666667,0.03073181485764296,0.2833333333333333,0.03073181485764296,2.5346668123286995,0.18971855231816862,489370965.3333333,8227058.195533188
structured,mixed,0.8,exact,maf_q5,6,1179,1.0340916211042772,0.1150945773587336,0.043419510290342966,0.006530448090971421,0.00961320352589609,0.0038358827653438743,0.0,0.0,0.4166666666666667,0.03073181485764296,0.2833333333333333,0.03073181485764296,2.5346668123286995,0.18971855231816862,489370965.3333333,8227058.195533188
structured,mixed,0.8,exact,ld_q1,6,1139,0.967024624328651,0.08866189352531728,0.053557314727142424,0.003930019935946065,0.008697079340034117,0.002233470516481605,0.001763668430335097,0.0017636684303350971,0.4166666666666667,0.03073181485764296,0.2833333333333333,0.03073181485764296,2.5346668123286995,0.18971855231816862,489370965.3333333,8227058.195533188
structured,mixed,0.8,exact,ld_q2,6,1142,1.037138018641296,0.100275892415687,0.043456766792518975,0.008405389535420133,0.009359220917873704,0.0032319330207709,0.0,0.0,0.4166666666666667,0.03073181485764296,0.2833333333333333,0.03073181485764296,2.5346668123286995,0.18971855231816862,489370965.3333333,8227058.195533188
structured,mixed,0.8,exact,ld_q3,6,1252,0.9216442989493762,0.05496202751825367,0.05092642895266251,0.0038994699655132184,0.010330639947709941,0.002795509870400283,0.0007751937984496124,0.0007751937984496124,0.4166666666666667,0.03073181485764296,0.2833333333333333,0.03073181485764296,2.5346668123286995,0.18971855231816862,489370965.3333333,8227058.195533188
structured,mixed,0.8,exact,ld_q4,6,1237,0.9442628991013624,0.09048986618812278,0.05698915012160936,0.006969725130496583,0.010745439075948283,0.0030616598809591698,0.000778816199376947,0.000778816199376947,0.4166666666666667,0.03073181485764296,0.2833333333333333,0.03073181485764296,2.5346668123286995,0.18971855231816862,489370965.3333333,8227058.195533188
structured,mixed,0.8,exact,ld_q5,6,1230,1.1054371593041787,0.07330631100459387,0.04369525706317288,0.009198852734771687,0.010928095177489496,0.004380306122781914,0.0008680555555555555,0.0008680555555555556,0.4166666666666667,0.03073181485764296,0.2833333333333333,0.03073181485764296,2.5346668123286995,0.18971855231816862,489370965.3333333,8227058.195533188
structured,mixed,0.8,kvik,all,6,6000,1.0546443063679705,0.061641638942396555,0.05499999999999999,0.004312771730569565,0.011500000000000002,0.0015864005379054393,0.0011666666666666668,0.0009803627446568497,0.48333333333333334,0.030731814857642953,0.3,0.02581988897471612,3.2470411736673364,0.2674126886437987,340713472.0,8205649.335018439
structured,mixed,0.8,kvik,loading_q1,6,1179,1.1224030129559532,0.07399643404345926,0.0617542628714419,0.003698700382805772,0.014240850121879228,0.0030845570047720538,0.0009363295880149813,0.0009363295880149815,0.48333333333333334,0.030731814857642953,0.3,0.02581988897471612,3.2470411736673364,0.2674126886437987,340713472.0,8205649.335018439
structured,mixed,0.8,kvik,loading_q2,6,1261,1.076078242636846,0.13953700463963065,0.05090962294289663,0.005733258770387252,0.011944139738257385,0.003993160122262785,0.0007716049382716049,0.0007716049382716051,0.48333333333333334,0.030731814857642953,0.3,0.02581988897471612,3.2470411736673364,0.2674126886437987,340713472.0,8205649.335018439
structured,mixed,0.8,kvik,loading_q3,6,1163,1.0990733771008678,0.07295755697225373,0.06737357904709876,0.010476734542728698,0.01311492116162361,0.00504182874149821,0.002541767175913517,0.001699093365976073,0.48333333333333334,0.030731814857642953,0.3,0.02581988897471612,3.2470411736673364,0.2674126886437987,340713472.0,8205649.335018439
structured,mixed,0.8,kvik,loading_q4,6,1194,1.0749408716002016,0.06333632305413076,0.04955544011281895,0.00992076865732798,0.009912599458376341,0.004141620135922083,0.000782472613458529,0.000782472613458529,0.48333333333333334,0.030731814857642953,0.3,0.02581988897471612,3.2470411736673364,0.2674126886437987,340713472.0,8205649.335018439
structured,mixed,0.8,kvik,loading_q5,6,1203,0.894202434276559,0.07262788957727545,0.04637515598053937,0.00880711748907804,0.008380231923286461,0.00219805625307555,0.0008865248226950354,0.0008865248226950354,0.48333333333333334,0.030731814857642953,0.3,0.02581988897471612,3.2470411736673364,0.2674126886437987,340713472.0,8205649.335018439
structured,mixed,0.8,kvik,maf_q1,6,1180,1.0218066510867903,0.062157412163474465,0.04780283521678408,0.006784663695157191,0.010063062924086359,0.0017165880587152822,0.001594896331738437,0.001594896331738437,0.48333333333333334,0.030731814857642953,0.3,0.02581988897471612,3.2470411736673364,0.2674126886437987,340713472.0,8205649.335018439
structured,mixed,0.8,kvik,maf_q2,6,1233,0.9708946425184255,0.06709349885794089,0.053460725706035515,0.004099716253621552,0.012100611339287427,0.0032154613661254266,0.0007751937984496124,0.0007751937984496124,0.48333333333333334,0.030731814857642953,0.3,0.02581988897471612,3.2470411736673364,0.2674126886437987,340713472.0,8205649.335018439
structured,mixed,0.8,kvik,maf_q3,6,1179,1.207779367469313,0.16640456519435948,0.07284960187944975,0.006844195407600801,0.011921993498699006,0.003186107237394429,0.002521932651079662,0.0017097070199563775,0.48333333333333334,0.030731814857642953,0.3,0.02581988897471612,3.2470411736673364,0.2674126886437987,340713472.0,8205649.335018439
structured,mixed,0.8,kvik,maf_q4,6,1229,1.039834434535188,0.09568101700649842,0.048469014527487135,0.007676259972300559,0.011398321718815184,0.004583202545531031,0.00089126559714795,0.00089126559714795,0.48333333333333334,0.030731814857642953,0.3,0.02581988897471612,3.2470411736673364,0.2674126886437987,340713472.0,8205649.335018439
structured,mixed,0.8,kvik,maf_q5,6,1179,1.0483194214460858,0.13324725160179388,0.053153267239788755,0.00881466881201959,0.012072518092267804,0.0032604819717617062,0.0,0.0,0.48333333333333334,0.030731814857642953,0.3,0.02581988897471612,3.2470411736673364,0.2674126886437987,340713472.0,8205649.335018439
structured,mixed,0.8,kvik,ld_q1,6,1139,0.9295528265085947,0.06709962205296155,0.04999770244766125,0.004519163829938902,0.009515420363152055,0.0019496410236908512,0.001763668430335097,0.0017636684303350971,0.48333333333333334,0.030731814857642953,0.3,0.02581988897471612,3.2470411736673364,0.2674126886437987,340713472.0,8205649.335018439
structured,mixed,0.8,kvik,ld_q2,6,1142,1.0988218442645017,0.08574736678866977,0.05103825977287093,0.007082231639411838,0.008674371383309428,0.001604226857737891,0.0008090614886731391,0.0008090614886731392,0.48333333333333334,0.030731814857642953,0.3,0.02581988897471612,3.2470411736673364,0.2674126886437987,340713472.0,8205649.335018439
structured,mixed,0.8,kvik,ld_q3,6,1252,1.018343899102449,0.05015386616979291,0.04870162796064154,0.004633627338477943,0.015088306090132479,0.0032999509442570543,0.0007751937984496124,0.0007751937984496124,0.48333333333333334,0.030731814857642953,0.3,0.02581988897471612,3.2470411736673364,0.2674126886437987,340713472.0,8205649.335018439
structured,mixed,0.8,kvik,ld_q4,6,1237,0.994723012849203,0.08183654480103777,0.07139899252366137,0.004448726685092568,0.015397657648967394,0.003795836703858492,0.0017543859649122807,0.0017543859649122812,0.48333333333333334,0.030731814857642953,0.3,0.02581988897471612,3.2470411736673364,0.2674126886437987,340713472.0,8205649.335018439
structured,mixed,0.8,kvik,ld_q5,6,1230,1.1563967007427014,0.0881627760703352,0.05354311329481051,0.00939629849618384,0.008464521247221708,0.004154828153872226,0.0008680555555555555,0.0008680555555555556,0.48333333333333334,0.030731814857642953,0.3,0.02581988897471612,3.2470411736673364,0.2674126886437987,340713472.0,8205649.335018439
structured,mixed,0.8,ldak-kvik,all,6,6000,1.144311374333004,0.12937423830703806,0.06566666666666666,0.015109967276970233,0.018166666666666668,0.007661229956374137,0.0025000000000000005,0.001707825127659933,0.48333333333333334,0.030731814857642953,0.30000000000000004,0.0447213595499958,1.1653944796707947,0.20306745539810256,42601130.666666664,128132.00517660599
structured,mixed,0.8,ldak-kvik,loading_q1,6,1179,1.0367908252793476,0.05558520671239256,0.06442902672334315,0.00621529214056775,0.01422574750846201,0.004424756916289334,0.00256891455393328,0.0011583182840395377,0.48333333333333334,0.030731814857642953,0.30000000000000004,0.0447213595499958,1.1653944796707947,0.20306745539810256,42601130.666666664,128132.00517660599
structured,mixed,0.8,ldak-kvik,loading_q2,6,1261,1.1095364047375191,0.1455315830190494,0.05736221871107644,0.011181364864092625,0.010980381566758297,0.004296701036192155,0.0007716049382716049,0.0007716049382716051,0.48333333333333334,0.030731814857642953,0.30000000000000004,0.0447213595499958,1.1653944796707947,0.20306745539810256,42601130.666666664,128132.00517660599
structured,mixed,0.8,ldak-kvik,loading_q3,6,1163,1.1255543605991762,0.10124317530154428,0.06578996681918536,0.015398746295857307,0.017993407432723593,0.0066883569502571285,0.0033547753059948184,0.0024277611473004115,0.48333333333333334,0.030731814857642953,0.30000000000000004,0.0447213595499958,1.1653944796707947,0.20306745539810256,42601130.666666664,128132.00517660599
structured,mixed,0.8,ldak-kvik,loading_q4,6,1194,1.2378499590370373,0.16523974356550666,0.06623453080378763,0.018547662706716518,0.020045298253860325,0.011459060893998415,0.0,0.0,0.48333333333333334,0.030731814857642953,0.30000000000000004,0.0447213595499958,1.1653944796707947,0.20306745539810256,42601130.666666664,128132.00517660599
structured,mixed,0.8,ldak-kvik,loading_q5,6,1203,1.3249306868412365,0.37873789466090724,0.07528984337467087,0.03411603105264206,0.02781641803796551,0.019056472621304166,0.006124301915236235,0.005218095943928041,0.48333333333333334,0.030731814857642953,0.30000000000000004,0.0447213595499958,1.1653944796707947,0.20306745539810256,42601130.666666664,128132.00517660599
structured,mixed,0.8,ldak-kvik,maf_q1,6,1180,1.1150569452184695,0.09864539251557196,0.06230245754674372,0.018753948632919487,0.020589300107469528,0.010415364567684,0.004893037930795368,0.003908184405295849,0.48333333333333334,0.030731814857642953,0.30000000000000004,0.0447213595499958,1.1653944796707947,0.20306745539810256,42601130.666666664,128132.00517660599
structured,mixed,0.8,ldak-kvik,maf_q2,6,1233,1.1230543820080914,0.1339591651795759,0.059277693794360174,0.013210821570965982,0.01829118913459661,0.008277648247199867,0.0007751937984496124,0.0007751937984496124,0.48333333333333334,0.030731814857642953,0.30000000000000004,0.0447213595499958,1.1653944796707947,0.20306745539810256,42601130.666666664,128132.00517660599
structured,mixed,0.8,ldak-kvik,maf_q3,6,1179,1.3177300703892774,0.22110104004564238,0.07586656198002874,0.015693421101166435,0.017713684610038947,0.006134057373676506,0.002521932651079662,0.0017097070199563775,0.48333333333333334,0.030731814857642953,0.30000000000000004,0.0447213595499958,1.1653944796707947,0.20306745539810256,42601130.666666664,128132.00517660599
structured,mixed,0.8,ldak-kvik,maf_q4,6,1229,1.1689634992052809,0.16359487922065638,0.06301777893425194,0.013588403557387508,0.019408172325908364,0.008683942100189733,0.003475078842725902,0.002633297563234813,0.48333333333333334,0.030731814857642953,0.30000000000000004,0.0447213595499958,1.1653944796707947,0.20306745539810256,42601130.666666664,128132.00517660599
structured,mixed,0.8,ldak-kvik,maf_q5,6,1179,1.158320693295512,0.1883724072877803,0.068256874976769,0.018449543099072124,0.014753901168787657,0.006952582618179564,0.0009009009009009009,0.000900900900900901,0.48333333333333334,0.030731814857642953,0.30000000000000004,0.0447213595499958,1.1653944796707947,0.20306745539810256,42601130.666666664,128132.00517660599
structured,mixed,0.8,ldak-kvik,ld_q1,6,1139,1.1405458567781168,0.21473406866509334,0.07122582909327184,0.022055963201182867,0.020226934095060354,0.011950683468325935,0.005305228423507994,0.004320111143299693,0.48333333333333334,0.030731814857642953,0.30000000000000004,0.0447213595499958,1.1653944796707947,0.20306745539810256,42601130.666666664,128132.00517660599
structured,mixed,0.8,ldak-kvik,ld_q2,6,1142,1.267842650385295,0.15356689155226527,0.060565991324674134,0.01854899972841377,0.01762409279925044,0.009156267975805552,0.0016681680178827613,0.0010557540044935367,0.48333333333333334,0.030731814857642953,0.30000000000000004,0.0447213595499958,1.1653944796707947,0.20306745539810256,42601130.666666664,128132.00517660599
structured,mixed,0.8,ldak-kvik,ld_q3,6,1252,1.1264029262862831,0.1139836443629417,0.05588322430843284,0.013821378705495511,0.019366654790415574,0.007034625297662485,0.002269962109361421,0.0015400531414745872,0.48333333333333334,0.030731814857642953,0.30000000000000004,0.0447213595499958,1.1653944796707947,0.20306745539810256,42601130.666666664,128132.00517660599
structured,mixed,0.8,ldak-kvik,ld_q4,6,1237,1.1079786445307678,0.11539671459769213,0.0831046613739983,0.0079442169231172,0.0222829570353138,0.006933625203654339,0.0017543859649122807,0.0017543859649122812,0.48333333333333334,0.030731814857642953,0.30000000000000004,0.0447213595499958,1.1653944796707947,0.20306745539810256,42601130.666666664,128132.00517660599
structured,mixed,0.8,ldak-kvik,ld_q5,6,1230,1.2190411411094966,0.13060876347918518,0.05746180151788885,0.01605982738353776,0.011024545794773447,0.005459311544442808,0.0017271620847651775,0.0010923752092864805,0.48333333333333334,0.030731814857642953,0.30000000000000004,0.0447213595499958,1.1653944796707947,0.20306745539810256,42601130.666666664,128132.00517660599
structured,null,0.8,bolt-inf,all,6,36000,0.994546195182706,0.008977429236660927,0.047694444444444435,0.0014621247012397093,0.009222222222222222,0.0006171419589777253,0.0007222222222222222,0.00014698618394803282,nan,nan,nan,nan,1.813213132331536,0.08574917993182925,288612352.0,3130509.677483035
structured,null,0.8,bolt-inf,loading_q1,6,7200,1.043746646196763,0.016722167317122182,0.05472222222222222,0.004040688121326263,0.009722222222222222,0.0017168374600402716,0.0011111111111111111,0.00027777777777777783,nan,nan,nan,nan,1.813213132331536,0.08574917993182925,288612352.0,3130509.677483035
structured,null,0.8,bolt-inf,loading_q2,6,7200,0.9989757738461015,0.028731441317841028,0.05194444444444445,0.0029160052160023798,0.009583333333333334,0.0008539125638299665,0.0008333333333333334,0.00021516574145596763,nan,nan,nan,nan,1.813213132331536,0.08574917993182925,288612352.0,3130509.677483035
structured,null,0.8,bolt-inf,loading_q3,6,7200,0.9958259716164388,0.01336147446731586,0.043194444444444445,0.003128547369303414,0.008888888888888889,0.0011915339216404012,0.0005555555555555556,0.00027777777777777783,nan,nan,nan,nan,1.813213132331536,0.08574917993182925,288612352.0,3130509.677483035
structured,null,0.8,bolt-inf,loading_q4,6,7200,0.9973552994694325,0.031381889603179156,0.05013888888888888,0.0009233761188108148,0.010833333333333335,0.0011587029785896786,0.0006944444444444445,0.0004521894610027696,nan,nan,nan,nan,1.813213132331536,0.08574917993182925,288612352.0,3130509.677483035
structured,null,0.8,bolt-inf,loading_q5,6,7200,0.9224526954926585,0.03447932919038038,0.03847222222222222,0.002250685766550517,0.007083333333333333,0.0009562174710032504,0.0004166666666666667,0.0002846375212766556,nan,nan,nan,nan,1.813213132331536,0.08574917993182925,288612352.0,3130509.677483035
structured,null,0.8,bolt-inf,maf_q1,6,7171,1.0028215484279994,0.02459450822247885,0.047274967194288926,0.0020184697873171444,0.010322675192715567,0.001383532665979225,0.000976526452379306,0.00014026569028980095,nan,nan,nan,nan,1.813213132331536,0.08574917993182925,288612352.0,3130509.677483035
structured,null,0.8,bolt-inf,maf_q2,6,7168,0.9805124893466587,0.028114929967268203,0.046052874867339555,0.0026635021476694378,0.007816586734131934,0.001037893334125938,0.0006965463994237031,0.00025678353679961123,nan,nan,nan,nan,1.813213132331536,0.08574917993182925,288612352.0,3130509.677483035
structured,null,0.8,bolt-inf,maf_q3,6,7208,1.0103006005738167,0.02379091460757437,0.04813465372663075,0.001316114051892928,0.009149677144820087,0.0011832762615092043,0.0006944582948105465,0.0001388999458120101,nan,nan,nan,nan,1.813213132331536,0.08574917993182925,288612352.0,3130509.677483035
structured,null,0.8,bolt-inf,maf_q4,6,7221,1.0197296841984245,0.0285709092033054,0.04945145569951138,0.003561728441011508,0.009422913565807768,0.0009138874002292097,0.0009699482259744625,0.0002563654979656013,nan,nan,nan,nan,1.813213132331536,0.08574917993182925,288612352.0,3130509.677483035
structured,null,0.8,bolt-inf,maf_q5,6,7232,0.9631777575628407,0.036638247278111755,0.04758155569522398,0.0033062220668990017,0.00940959172627394,0.0009582703521621415,0.00027674005045422585,0.0001750257984648999,nan,nan,nan,nan,1.813213132331536,0.08574917993182925,288612352.0,3130509.677483035
structured,null,0.8,bolt-inf,ld_q1,6,7200,0.9845084508383039,0.022359490200884787,0.04736111111111111,0.0028578730327999072,0.010277777777777776,0.0015908690070307063,0.0006944444444444445,0.0003977172517576765,nan,nan,nan,nan,1.813213132331536,0.08574917993182925,288612352.0,3130509.677483035
structured,null,0.8,bolt-inf,ld_q2,6,7200,0.9725243241994592,0.040195251189404306,0.04805555555555555,0.0024876236863597906,0.010138888888888888,0.0005859728641591387,0.0008333333333333334,0.00030429030972509234,nan,nan,nan,nan,1.813213132331536,0.08574917993182925,288612352.0,3130509.677483035
structured,null,0.8,bolt-inf,ld_q3,6,7200,1.0059029881748467,0.02450318080005675,0.04736111111111111,0.0022813319154919073,0.007638888888888889,0.0011266277661485138,0.0004166666666666667,0.00028463752127665554,nan,nan,nan,nan,1.813213132331536,0.08574917993182925,288612352.0,3130509.677483035
structured,null,0.8,bolt-inf,ld_q4,6,7200,1.0351259105032753,0.026013672744649028,0.04805555555555555,0.0011719457283182772,0.008888888888888889,0.0007027283689263067,0.00125,0.00028463752127665554,nan,nan,nan,nan,1.813213132331536,0.08574917993182925,288612352.0,3130509.677483035
structured,null,0.8,bolt-inf,ld_q5,6,7200,0.9752409707985622,0.021434950450175388,0.04763888888888889,0.002945623453679067,0.009166666666666667,0.0014272480642961256,0.0004166666666666667,0.00028463752127665554,nan,nan,nan,nan,1.813213132331536,0.08574917993182925,288612352.0,3130509.677483035
structured,null,0.8,exact,all,6,36000,0.9870477750841834,0.013543281762561064,0.04683333333333334,0.001176151917625157,0.00911111111111111,0.0006907680463275357,0.0007222222222222222,0.00014698618394803282,nan,nan,nan,nan,2.529296631992717,0.10891878996280717,483011242.6666667,7210512.175525263
structured,null,0.8,exact,loading_q1,6,7200,1.011065943234487,0.01577225586933439,0.05180555555555555,0.0027589640657408685,0.009027777777777779,0.001644528901735076,0.0011111111111111111,0.00027777777777777783,nan,nan,nan,nan,2.529296631992717,0.10891878996280717,483011242.6666667,7210512.175525263
structured,null,0.8,exact,loading_q2,6,7200,0.9829593789777596,0.026963569259817865,0.049027777777777774,0.002817083028617272,0.008333333333333333,0.0007136240321480628,0.0008333333333333334,0.00021516574145596763,nan,nan,nan,nan,2.529296631992717,0.10891878996280717,483011242.6666667,7210512.175525263
structured,null,0.8,exact,loading_q3,6,7200,0.9994915100933831,0.02239155375496023,0.041666666666666664,0.0025819888974716117,0.009027777777777779,0.0013508684906430924,0.0004166666666666667,0.00018633899812498252,nan,nan,nan,nan,2.529296631992717,0.10891878996280717,483011242.6666667,7210512.175525263
structured,null,0.8,exact,loading_q4,6,7200,0.9884644941127573,0.034083458009112985,0.050833333333333335,0.0019484086574166877,0.011111111111111113,0.0012108052620946317,0.0006944444444444445,0.0004521894610027696,nan,nan,nan,nan,2.529296631992717,0.10891878996280717,483011242.6666667,7210512.175525263
structured,null,0.8,exact,loading_q5,6,7200,0.9473059244235437,0.04705297629153052,0.040833333333333326,0.003568120160740314,0.008055555555555557,0.0013028932666176195,0.0005555555555555556,0.00027777777777777783,nan,nan,nan,nan,2.529296631992717,0.10891878996280717,483011242.6666667,7210512.175525263
structured,null,0.8,exact,maf_q1,6,7171,1.0032247332410378,0.02906695157018644,0.04629995770483251,0.002124104263812916,0.009625088963563136,0.0011020415424958384,0.000976526452379306,0.00014026569028980095,nan,nan,nan,nan,2.529296631992717,0.10891878996280717,483011242.6666667,7210512.175525263
structured,null,0.8,exact,maf_q2,6,7168,0.9671921732843624,0.029428209500610536,0.04562920769211515,0.002120313012263233,0.008510671292214805,0.0007943641458161178,0.0006965463994237031,0.00025678353679961123,nan,nan,nan,nan,2.529296631992717,0.10891878996280717,483011242.6666667,7210512.175525263
structured,null,0.8,exact,maf_q3,6,7208,0.9957653960843368,0.023421861420707138,0.047858834295886436,0.0016773418922428525,0.008874661640475527,0.0008664739060113026,0.0006944582948105465,0.0001388999458120101,nan,nan,nan,nan,2.529296631992717,0.10891878996280717,483011242.6666667,7210512.175525263
structured,null,0.8,exact,maf_q4,6,7221,1.0217754885009456,0.03384342921270072,0.048069110920053164,0.002736941727224448,0.00928456803884735,0.0007968795639901395,0.0009699482259744625,0.0002563654979656013,nan,nan,nan,nan,2.529296631992717,0.10891878996280717,483011242.6666667,7210512.175525263
structured,null,0.8,exact,maf_q5,6,7232,0.9603910134561277,0.03353222337541169,0.046337105108848246,0.0024343062217792306,0.009272764062342191,0.0011695806714237466,0.00027674005045422585,0.0001750257984648999,nan,nan,nan,nan,2.529296631992717,0.10891878996280717,483011242.6666667,7210512.175525263
structured,null,0.8,exact,ld_q1,6,7200,0.9804775084121352,0.027157746299183317,0.04694444444444445,0.003047970383187823,0.010972222222222222,0.001905361182182502,0.0006944444444444445,0.0003977172517576765,nan,nan,nan,nan,2.529296631992717,0.10891878996280717,483011242.6666667,7210512.175525263
structured,null,0.8,exact,ld_q2,6,7200,0.9695148645397884,0.04269785748566297,0.04666666666666667,0.0025639957242698497,0.01,0.0006804138174397718,0.0008333333333333334,0.00030429030972509234,nan,nan,nan,nan,2.529296631992717,0.10891878996280717,483011242.6666667,7210512.175525263
structured,null,0.8,exact,ld_q3,6,7200,1.00072808211394,0.021734269068173162,0.04708333333333334,0.0025617376914898998,0.006527777777777778,0.0010187289344940138,0.0004166666666666667,0.00028463752127665554,nan,nan,nan,nan,2.529296631992717,0.10891878996280717,483011242.6666667,7210512.175525263
structured,null,0.8,exact,ld_q4,6,7200,1.0223640384161221,0.029967413580627753,0.04763888888888889,0.001298443988057805,0.00888888888888889,0.000668977476599572,0.0011111111111111111,0.00027777777777777783,nan,nan,nan,nan,2.529296631992717,0.10891878996280717,483011242.6666667,7210512.175525263
structured,null,0.8,exact,ld_q5,6,7200,0.9729756207368476,0.020364459152052563,0.04583333333333334,0.0024056261216234406,0.009166666666666667,0.0015061601901917734,0.0005555555555555556,0.00027777777777777783,nan,nan,nan,nan,2.529296631992717,0.10891878996280717,483011242.6666667,7210512.175525263
structured,null,0.8,kvik,all,6,36000,0.9967034818629452,0.010128242384651853,0.0476388888888889,0.0016247032017655287,0.009222222222222222,0.0005895174842169917,0.0007500000000000001,0.00015365907428821482,nan,nan,nan,nan,2.403147708343264,0.12889583464169058,340672512.0,6479865.440873208
structured,null,0.8,kvik,loading_q1,6,7200,1.0379036574629532,0.020365416289778195,0.05444444444444444,0.004263685300966643,0.009583333333333333,0.001771037569921676,0.0011111111111111111,0.00027777777777777783,nan,nan,nan,nan,2.403147708343264,0.12889583464169058,340672512.0,6479865.440873208
structured,null,0.8,kvik,loading_q2,6,7200,0.9966478263810097,0.026588565244058514,0.05152777777777778,0.002665074756323005,0.009305555555555556,0.0007270140182390224,0.0008333333333333334,0.00021516574145596763,nan,nan,nan,nan,2.403147708343264,0.12889583464169058,340672512.0,6479865.440873208
structured,null,0.8,kvik,loading_q3,6,7200,0.9993697789319219,0.015185563133022465,0.04277777777777778,0.0035853784000583443,0.008749999999999999,0.0010918468892796415,0.0005555555555555556,0.00027777777777777783,nan,nan,nan,nan,2.403147708343264,0.12889583464169058,340672512.0,6479865.440873208
structured,null,0.8,kvik,loading_q4,6,7200,1.0034333563279187,0.032210444874468815,0.050555555555555555,0.0014698618394803288,0.010972222222222223,0.00108475689943148,0.0006944444444444445,0.0004521894610027696,nan,nan,nan,nan,2.403147708343264,0.12889583464169058,340672512.0,6479865.440873208
structured,null,0.8,kvik,loading_q5,6,7200,0.9335592992911558,0.03708672681842028,0.03888888888888889,0.00257000744582675,0.007500000000000001,0.0011385500851066222,0.0005555555555555556,0.00027777777777777783,nan,nan,nan,nan,2.403147708343264,0.12889583464169058,340672512.0,6479865.440873208
structured,null,0.8,kvik,maf_q1,6,7171,1.0019714952705787,0.026830488752370454,0.047135729823747974,0.002163349625498339,0.00976362371979052,0.00107632314630382,0.000976526452379306,0.00014026569028980095,nan,nan,nan,nan,2.403147708343264,0.12889583464169058,340672512.0,6479865.440873208
structured,null,0.8,kvik,maf_q2,6,7168,0.9781530786777536,0.02846419714403089,0.046472118539669566,0.0030579594195197703,0.007956290562016818,0.000945591249830519,0.0006965463994237031,0.00025678353679961123,nan,nan,nan,nan,2.403147708343264,0.12889583464169058,340672512.0,6479865.440873208
structured,null,0.8,kvik,maf_q3,6,7208,1.0097910151079967,0.02270094568065874,0.04785617976394626,0.001527227416997101,0.009287182279723078,0.0012258487695863591,0.0008323132713752005,0.00021357191688156185,nan,nan,nan,nan,2.403147708343264,0.12889583464169058,340672512.0,6479865.440873208
structured,null,0.8,kvik,maf_q4,6,7221,1.0244360174944642,0.02668575506780001,0.04903969497231786,0.0031093917766380104,0.009701272468643659,0.001057518960427014,0.0009699482259744625,0.0002563654979656013,nan,nan,nan,nan,2.403147708343264,0.12889583464169058,340672512.0,6479865.440873208
structured,null,0.8,kvik,maf_q5,6,7232,0.9676845037423897,0.03943637894057453,0.047720891779302936,0.003650941144756724,0.009408799898393397,0.0008023575957545923,0.00027674005045422585,0.0001750257984648999,nan,nan,nan,nan,2.403147708343264,0.12889583464169058,340672512.0,6479865.440873208
structured,null,0.8,kvik,ld_q1,6,7200,0.9904036956120317,0.026401546070383027,0.04736111111111111,0.0029768914518419013,0.010277777777777778,0.001590869007030706,0.0006944444444444445,0.0003977172517576765,nan,nan,nan,nan,2.403147708343264,0.12889583464169058,340672512.0,6479865.440873208
structured,null,0.8,kvik,ld_q2,6,7200,0.9770672211009127,0.04238129135275453,0.04750000000000001,0.0027638539919628328,0.010277777777777778,0.0005121969142940495,0.0008333333333333334,0.00030429030972509234,nan,nan,nan,nan,2.403147708343264,0.12889583464169058,340672512.0,6479865.440873208
structured,null,0.8,kvik,ld_q3,6,7200,1.0095910377487505,0.025148662572159516,0.0476388888888889,0.002400006430032539,0.0075,0.0013263707095903694,0.0004166666666666667,0.00028463752127665554,nan,nan,nan,nan,2.403147708343264,0.12889583464169058,340672512.0,6479865.440873208
structured,null,0.8,kvik,ld_q4,6,7200,1.0373013591760036,0.021855997746531748,0.04847222222222222,0.0015428548974443133,0.00888888888888889,0.0005121969142940495,0.00125,0.00028463752127665554,nan,nan,nan,nan,2.403147708343264,0.12889583464169058,340672512.0,6479865.440873208
structured,null,0.8,kvik,ld_q5,6,7200,0.9775768024950829,0.02112419890543225,0.04722222222222222,0.0028679798886978463,0.009166666666666668,0.0012546210878484686,0.0005555555555555556,0.00027777777777777783,nan,nan,nan,nan,2.403147708343264,0.12889583464169058,340672512.0,6479865.440873208
structured,null,0.8,ldak-kvik,all,6,36000,0.9833209356397532,0.013868050738884079,0.04666666666666667,0.0010147066717182997,0.009277777777777777,0.0006493111259416438,0.0007222222222222222,0.00011111111111111112,nan,nan,nan,nan,0.35885971534298733,0.02875885073365801,41601706.666666664,469555.5818023867
structured,null,0.8,ldak-kvik,loading_q1,6,7200,1.0165002505937872,0.015477812761012916,0.05194444444444444,0.0026498311150470718,0.009305555555555556,0.001572575539413129,0.00125,0.0001863389981249825,nan,nan,nan,nan,0.35885971534298733,0.02875885073365801,41601706.666666664,469555.5818023867
structured,null,0.8,ldak-kvik,loading_q2,6,7200,0.9855358531870557,0.02704188824748911,0.04972222222222222,0.002641080960889937,0.009027777777777779,0.000816968953880708,0.0008333333333333334,0.00021516574145596763,nan,nan,nan,nan,0.35885971534298733,0.02875885073365801,41601706.666666664,469555.5818023867
structured,null,0.8,ldak-kvik,loading_q3,6,7200,0.9978999476999771,0.02237805024857878,0.041666666666666664,0.0028300634726555625,0.009027777777777779,0.0013508684906430924,0.0004166666666666667,0.00018633899812498252,nan,nan,nan,nan,0.35885971534298733,0.02875885073365801,41601706.666666664,469555.5818023867
structured,null,0.8,ldak-kvik,loading_q4,6,7200,0.9838272336264299,0.035562133394914465,0.04986111111111111,0.0019414659727785063,0.011111111111111112,0.0010900787150193657,0.0006944444444444445,0.0004521894610027696,nan,nan,nan,nan,0.35885971534298733,0.02875885073365801,41601706.666666664,469555.5818023867
structured,null,0.8,ldak-kvik,loading_q5,6,7200,0.9329166466041746,0.046773294526749234,0.040138888888888884,0.0031359376489770337,0.007916666666666667,0.001268383339647875,0.0004166666666666667,0.00018633899812498252,nan,nan,nan,nan,0.35885971534298733,0.02875885073365801,41601706.666666664,469555.5818023867
structured,null,0.8,ldak-kvik,maf_q1,6,7171,1.0004137393861725,0.02797858274345997,0.04588061123130822,0.00184526434255833,0.010183437822174615,0.0012740086841788233,0.000976526452379306,0.00014026569028980095,nan,nan,nan,nan,0.35885971534298733,0.02875885073365801,41601706.666666664,469555.5818023867
structured,null,0.8,ldak-kvik,maf_q2,6,7168,0.9612848707242801,0.03123858923709149,0.04549401754700258,0.002497202227362926,0.008374456116515874,0.0008725833140460371,0.0006965463994237031,0.00025678353679961123,nan,nan,nan,nan,0.35885971534298733,0.02875885073365801,41601706.666666664,469555.5818023867
structured,null,0.8,ldak-kvik,maf_q3,6,7208,0.9977672337553258,0.021486951782706116,0.04799472170270825,0.0015564274770797641,0.009012516617040183,0.0009821193001190926,0.0008324273897332839,1.7757087990994932e-06,nan,nan,nan,nan,0.35885971534298733,0.02875885073365801,41601706.666666664,469555.5818023867
structured,null,0.8,ldak-kvik,maf_q4,6,7221,1.018511299067681,0.031715662872453074,0.047931374636051315,0.0025955607044931004,0.00942345692773624,0.00088693064870853,0.0008316356395290961,0.00021607932738976503,nan,nan,nan,nan,0.35885971534298733,0.02875885073365801,41601706.666666664,469555.5818023867
structured,null,0.8,ldak-kvik,maf_q5,6,7232,0.9565047537799546,0.035817356476796215,0.046062311405787655,0.002460777142537636,0.009409938273590476,0.0010058652305553425,0.00027674005045422585,0.0001750257984648999,nan,nan,nan,nan,0.35885971534298733,0.02875885073365801,41601706.666666664,469555.5818023867
structured,null,0.8,ldak-kvik,ld_q1,6,7200,0.9724827058233374,0.02536172419734214,0.04652777777777778,0.0029219528815460577,0.010972222222222222,0.001905361182182502,0.0005555555555555556,0.00027777777777777783,nan,nan,nan,nan,0.35885971534298733,0.02875885073365801,41601706.666666664,469555.5818023867
structured,null,0.8,ldak-kvik,ld_q2,6,7200,0.9628075091717934,0.04275571516671042,0.04680555555555555,0.0027756936626079573,0.01013888888888889,0.00045218946100276973,0.0008333333333333334,0.00030429030972509234,nan,nan,nan,nan,0.35885971534298733,0.02875885073365801,41601706.666666664,469555.5818023867
structured,null,0.8,ldak-kvik,ld_q3,6,7200,0.9924898727424205,0.02576740628718097,0.04583333333333334,0.0023863035105460583,0.007083333333333333,0.0009316949906249125,0.0004166666666666667,0.00028463752127665554,nan,nan,nan,nan,0.35885971534298733,0.02875885073365801,41601706.666666664,469555.5818023867
structured,null,0.8,ldak-kvik,ld_q4,6,7200,1.0207636793436021,0.027441263537717316,0.04763888888888889,0.0010412036007772943,0.009166666666666667,0.0007136240321480628,0.0011111111111111111,0.00027777777777777783,nan,nan,nan,nan,0.35885971534298733,0.02875885073365801,41601706.666666664,469555.5818023867
structured,null,0.8,ldak-kvik,ld_q5,6,7200,0.9736301574176617,0.021215888314573886,0.04652777777777778,0.002079626331582756,0.009027777777777779,0.0013161508600535703,0.0006944444444444445,0.00025609845714702473,nan,nan,nan,nan,0.35885971534298733,0.02875885073365801,41601706.666666664,469555.5818023867
unstructured,mixed,0.8,bolt-inf,all,6,6000,0.977930070554967,0.03256431449058634,0.04766666666666666,0.0029962940072325644,0.008833333333333334,0.001376388188137505,0.0015000000000000002,0.0005627314338711378,0.44999999999999996,0.03415650255319866,0.2833333333333334,0.040138648595974324,1.994253402663162,0.13946355438963534,295602858.6666667,5419991.98954101
unstructured,mixed,0.8,bolt-inf,loading_q1,6,1180,0.9367182615806516,0.07285515762374584,0.048527758118895314,0.00540060231296955,0.009112357804469229,0.003501663865422457,0.0016158059467918622,0.0010226845216247719,0.44999999999999996,0.03415650255319866,0.2833333333333334,0.040138648595974324,1.994253402663162,0.13946355438963534,295602858.6666667,5419991.98954101
unstructured,mixed,0.8,bolt-inf,loading_q2,6,1236,0.9784751822078621,0.02202472274774941,0.045755501073253935,0.005690634118482327,0.008180894779772761,0.0027570725316760553,0.003139987813900857,0.0009960212237144265,0.44999999999999996,0.03415650255319866,0.2833333333333334,0.040138648595974324,1.994253402663162,0.13946355438963534,295602858.6666667,5419991.98954101
unstructured,mixed,0.8,bolt-inf,loading_q3,6,1207,0.9890360156243693,0.09655815154413411,0.04949265787646256,0.007394959538110458,0.007390101354950152,0.002087866872830761,0.0,0.0,0.44999999999999996,0.03415650255319866,0.2833333333333334,0.040138648595974324,1.994253402663162,0.13946355438963534,295602858.6666667,5419991.98954101
unstructured,mixed,0.8,bolt-inf,loading_q4,6,1203,1.10632071743252,0.11676428410580923,0.04921784731921377,0.004438292725176525,0.011690977921918309,0.0024989981794513168,0.0008291873963515755,0.0008291873963515756,0.44999999999999996,0.03415650255319866,0.2833333333333334,0.040138648595974324,1.994253402663162,0.13946355438963534,295602858.6666667,5419991.98954101
unstructured,mixed,0.8,bolt-inf,loading_q5,6,1174,0.9596198167523413,0.060924605812103134,0.04710321949104989,0.0035926855760218795,0.0076582896940131165,0.0017005411454449725,0.0016501650165016502,0.0016501650165016502,0.44999999999999996,0.03415650255319866,0.2833333333333334,0.040138648595974324,1.994253402663162,0.13946355438963534,295602858.6666667,5419991.98954101
unstructured,mixed,0.8,bolt-inf,maf_q1,6,1162,0.9035645103129286,0.041317035928607394,0.0456057892422915,0.005264357719705277,0.008178226528336443,0.0032937710690073632,0.0007751937984496124,0.0007751937984496124,0.44999999999999996,0.03415650255319866,0.2833333333333334,0.040138648595974324,1.994253402663162,0.13946355438963534,295602858.6666667,5419991.98954101
unstructured,mixed,0.8,bolt-inf,maf_q2,6,1179,0.9246755482607479,0.09288246389999028,0.04615113274652966,0.007612014502783465,0.011968979148298519,0.004531565530394011,0.0008726003490401396,0.0008726003490401396,0.44999999999999996,0.03415650255319866,0.2833333333333334,0.040138648595974324,1.994253402663162,0.13946355438963534,295602858.6666667,5419991.98954101
unstructured,mixed,0.8,bolt-inf,maf_q3,6,1221,1.0356814518207413,0.023817236771868023,0.04934784302389361,0.009555401085550247,0.004798514570036398,0.0020825393794504615,0.0008818342151675485,0.0008818342151675486,0.44999999999999996,0.03415650255319866,0.2833333333333334,0.040138648595974324,1.994253402663162,0.13946355438963534,295602858.6666667,5419991.98954101
unstructured,mixed,0.8,bolt-inf,maf_q4,6,1242,1.0501074624736946,0.07491935626716181,0.04753030650023803,0.006246482106576562,0.011136087961758509,0.00355601780463787,0.001584613068352906,0.0010027103096772979,0.44999999999999996,0.03415650255319866,0.2833333333333334,0.040138648595974324,1.994253402663162,0.13946355438963534,295602858.6666667,5419991.98954101
unstructured,mixed,0.8,bolt-inf,maf_q5,6,1196,1.0088156364086698,0.10269774601104754,0.04956773121956054,0.0067831188435332835,0.007466184969147054,0.003618189610253364,0.003315889942074776,0.0021006461654145196,0.44999999999999996,0.03415650255319866,0.2833333333333334,0.040138648595974324,1.994253402663162,0.13946355438963534,295602858.6666667,5419991.98954101
unstructured,mixed,0.8,bolt-inf,ld_q1,6,1201,0.9994214267124266,0.0573342402401631,0.047168913391002605,0.007104470835079587,0.004185210936423122,0.0008461261726947175,0.000931098696461825,0.0009310986964618252,0.44999999999999996,0.03415650255319866,0.2833333333333334,0.040138648595974324,1.994253402663162,0.13946355438963534,295602858.6666667,5419991.98954101
unstructured,mixed,0.8,bolt-inf,ld_q2,6,1187,1.017553922011438,0.034945178921000096,0.04855335955343984,0.005381763163436563,0.009321427694606586,0.0016038667690360636,0.0008291873963515755,0.0008291873963515756,0.44999999999999996,0.03415650255319866,0.2833333333333334,0.040138648595974324,1.994253402663162,0.13946355438963534,295602858.6666667,5419991.98954101
unstructured,mixed,0.8,bolt-inf,ld_q3,6,1198,0.9751032522010341,0.14999699012919482,0.04775059221581052,0.006835977685048702,0.010796023239902489,0.0033792463229408436,0.001634969103892669,0.0010345110364391064,0.44999999999999996,0.03415650255319866,0.2833333333333334,0.040138648595974324,1.994253402663162,0.13946355438963534,295602858.6666667,5419991.98954101
unstructured,mixed,0.8,bolt-inf,ld_q4,6,1201,0.9729139451598661,0.10090118207311578,0.04823228182453462,0.0060431791260008695,0.008328748701020844,0.003415959596889809,0.0025673940949935813,0.00177997761568785,0.44999999999999996,0.03415650255319866,0.2833333333333334,0.040138648595974324,1.994253402663162,0.13946355438963534,295602858.6666667,5419991.98954101
unstructured,mixed,0.8,bolt-inf,ld_q5,6,1213,0.9498870212236196,0.03534528707024519,0.047190005096903416,0.00569336028709989,0.011694606723734563,0.0023266119209671933,0.001759615206046762,0.001113163060572443,0.44999999999999996,0.03415650255319866,0.2833333333333334,0.040138648595974324,1.994253402663162,0.13946355438963534,295602858.6666667,5419991.98954101
unstructured,mixed,0.8,exact,all,6,6000,0.9497856580625866,0.02893432304257838,0.04466666666666666,0.0027768887466211377,0.008333333333333333,0.0014981470036162822,0.0015000000000000002,0.0005627314338711378,0.4666666666666666,0.033333333333333326,0.2833333333333334,0.040138648595974324,2.5093124028450497,0.10154376912708796,484941824.0,6436484.862309655
unstructured,mixed,0.8,exact,loading_q1,6,1180,0.8992280811822987,0.06429209327019052,0.04774528550543678,0.0057629825887549335,0.008279024471135897,0.003558119382343178,0.0016158059467918622,0.0010226845216247719,0.4666666666666666,0.033333333333333326,0.2833333333333334,0.040138648595974324,2.5093124028450497,0.10154376912708796,484941824.0,6436484.862309655
unstructured,mixed,0.8,exact,loading_q2,6,1236,0.9672854143490266,0.027279908953088128,0.04266991548766835,0.0063212499875831,0.007375741800706739,0.0021589498180495156,0.003139987813900857,0.0009960212237144265,0.4666666666666666,0.033333333333333326,0.2833333333333334,0.040138648595974324,2.5093124028450497,0.10154376912708796,484941824.0,6436484.862309655
unstructured,mixed,0.8,exact,loading_q3,6,1207,0.9632607034825877,0.09506168499405909,0.045444948768438576,0.007519468796867021,0.007390101354950152,0.002087866872830761,0.0,0.0,0.4666666666666666,0.033333333333333326,0.2833333333333334,0.040138648595974324,2.5093124028450497,0.10154376912708796,484941824.0,6436484.862309655
unstructured,mixed,0.8,exact,loading_q4,6,1203,1.0683047266290435,0.11051866284723505,0.04591775126307308,0.004180349663757975,0.010827420063541796,0.0030396218841927,0.0008291873963515755,0.0008291873963515756,0.4666666666666666,0.033333333333333326,0.2833333333333334,0.040138648595974324,2.5093124028450497,0.10154376912708796,484941824.0,6436484.862309655
unstructured,mixed,0.8,exact,loading_q5,6,1174,0.9221042186456893,0.05348488201095158,0.04370566539695194,0.003885941469715761,0.0076582896940131165,0.0017005411454449725,0.0016501650165016502,0.0016501650165016502,0.4666666666666666,0.033333333333333326,0.2833333333333334,0.040138648595974324,2.5093124028450497,0.10154376912708796,484941824.0,6436484.862309655
unstructured,mixed,0.8,exact,maf_q1,6,1162,0.8866821805142622,0.04393022737400598,0.041113284502468435,0.006172549165053071,0.007323525673635589,0.0032968092517784886,0.0007751937984496124,0.0007751937984496124,0.4666666666666666,0.033333333333333326,0.2833333333333334,0.040138648595974324,2.5093124028450497,0.10154376912708796,484941824.0,6436484.862309655
unstructured,mixed,0.8,exact,maf_q2,6,1179,0.8963817565044954,0.08945159885800137,0.04604591389131082,0.007161522750989447,0.011968979148298519,0.004531565530394011,0.0008726003490401396,0.0008726003490401396,0.4666666666666666,0.033333333333333326,0.2833333333333334,0.040138648595974324,2.5093124028450497,0.10154376912708796,484941824.0,6436484.862309655
unstructured,mixed,0.8,exact,maf_q3,6,1221,0.9983127569511604,0.031142262627831114,0.04521788183558889,0.00986553997340831,0.004798514570036398,0.0020825393794504615,0.0008818342151675485,0.0008818342151675486,0.4666666666666666,0.033333333333333326,0.2833333333333334,0.040138648595974324,2.5093124028450497,0.10154376912708796,484941824.0,6436484.862309655
unstructured,mixed,0.8,exact,maf_q4,6,1242,1.0122636908425249,0.07061476509510445,0.044319057869664336,0.006258802156702765,0.009525782003626465,0.003156666293024859,0.001584613068352906,0.0010027103096772979,0.4666666666666666,0.033333333333333326,0.2833333333333334,0.040138648595974324,2.5093124028450497,0.10154376912708796,484941824.0,6436484.862309655
unstructured,mixed,0.8,exact,maf_q5,6,1196,0.9627755039096751,0.09886016063734346,0.0461196675068617,0.007262855262608236,0.007466184969147054,0.003618189610253364,0.003315889942074776,0.0021006461654145196,0.4666666666666666,0.033333333333333326,0.2833333333333334,0.040138648595974324,2.5093124028450497,0.10154376912708796,484941824.0,6436484.862309655
unstructured,mixed,0.8,exact,ld_q1,6,1201,0.9866906199839313,0.05765545389407524,0.04116867487297659,0.004961763340628327,0.0033839288851410707,0.0010763220548718714,0.000931098696461825,0.0009310986964618252,0.4666666666666666,0.033333333333333326,0.2833333333333334,0.040138648595974324,2.5093124028450497,0.10154376912708796,484941824.0,6436484.862309655
unstructured,mixed,0.8,exact,ld_q2,6,1187,0.9889594656995788,0.032572204454613514,0.046057463822713245,0.004348772625358176,0.009321427694606586,0.0016038667690360636,0.0008291873963515755,0.0008291873963515756,0.4666666666666666,0.033333333333333326,0.2833333333333334,0.040138648595974324,2.5093124028450497,0.10154376912708796,484941824.0,6436484.862309655
unstructured,mixed,0.8,exact,ld_q3,6,1198,0.952132157292272,0.14009446178133692,0.044411821305369546,0.006401587000995756,0.010796023239902489,0.0033792463229408436,0.001634969103892669,0.0010345110364391064,0.4666666666666666,0.033333333333333326,0.2833333333333334,0.040138648595974324,2.5093124028450497,0.10154376912708796,484941824.0,6436484.862309655
unstructured,mixed,0.8,exact,ld_q4,6,1201,0.9357283166377717,0.09579096403582192,0.04741927369445332,0.005951164631728119,0.008328748701020844,0.003415959596889809,0.0025673940949935813,0.00177997761568785,0.4666666666666666,0.033333333333333326,0.2833333333333334,0.040138648595974324,2.5093124028450497,0.10154376912708796,484941824.0,6436484.862309655
unstructured,mixed,0.8,exact,ld_q5,6,1213,0.9213823926189645,0.03372822412160006,0.044703916564406865,0.0051887717636430256,0.010158508413442706,0.0030488214207288586,0.001759615206046762,0.001113163060572443,0.4666666666666666,0.033333333333333326,0.2833333333333334,0.040138648595974324,2.5093124028450497,0.10154376912708796,484941824.0,6436484.862309655
unstructured,mixed,0.8,kvik,all,6,6000,0.9916512309876175,0.03153242064783785,0.050833333333333335,0.0026130016796354688,0.009666666666666667,0.0014063348739819326,0.001,0.00025819888974716116,0.43333333333333335,0.03333333333333333,0.30000000000000004,0.02581988897471612,2.8736734026751947,0.25745388353794074,332106410.6666667,10869183.482411457
unstructured,mixed,0.8,kvik,loading_q1,6,1180,0.9569527867781623,0.06715838167719196,0.05358923516526448,0.0053847104028665075,0.007382140062597809,0.0032839210471199962,0.0016505281690140847,0.0010459885079055048,0.43333333333333335,0.03333333333333333,0.30000000000000004,0.02581988897471612,2.8736734026751947,0.25745388353794074,332106410.6666667,10869183.482411457
unstructured,mixed,0.8,kvik,loading_q2,6,1236,1.0256732842908527,0.09345820608875244,0.05325290537529855,0.00820603499281992,0.007926837149581306,0.0023233925126270767,0.0015015015015015015,0.0009496329309814954,0.43333333333333335,0.03333333333333333,0.30000000000000004,0.02581988897471612,2.8736734026751947,0.25745388353794074,332106410.6666667,10869183.482411457
unstructured,mixed,0.8,kvik,loading_q3,6,1207,0.990584776122389,0.053600297414334065,0.04785384610236187,0.006243982519855697,0.008318417339704032,0.0016305642065585569,0.0008417508417508418,0.0008417508417508418,0.43333333333333335,0.03333333333333333,0.30000000000000004,0.02581988897471612,2.8736734026751947,0.25745388353794074,332106410.6666667,10869183.482411457
unstructured,mixed,0.8,kvik,loading_q4,6,1203,1.0694192700521958,0.06587327329127673,0.05427962803577278,0.007639636540787037,0.015303996960416935,0.00402727567515432,0.0,0.0,0.43333333333333335,0.03333333333333333,0.30000000000000004,0.02581988897471612,2.8736734026751947,0.25745388353794074,332106410.6666667,10869183.482411457
unstructured,mixed,0.8,kvik,loading_q5,6,1174,0.976184260400547,0.037507880438288795,0.04548315448980687,0.00915981091951788,0.009492781653847397,0.002185182484909042,0.0008250825082508251,0.0008250825082508251,0.43333333333333335,0.03333333333333333,0.30000000000000004,0.02581988897471612,2.8736734026751947,0.25745388353794074,332106410.6666667,10869183.482411457
unstructured,mixed,0.8,kvik,maf_q1,6,1162,1.0093810968633528,0.07541674070963483,0.052952505385862186,0.004917929296895405,0.01095765979125763,0.0028555499094942726,0.0,0.0,0.43333333333333335,0.03333333333333333,0.30000000000000004,0.02581988897471612,2.8736734026751947,0.25745388353794074,332106410.6666667,10869183.482411457
unstructured,mixed,0.8,kvik,maf_q2,6,1179,0.9621636352043423,0.09674144648724803,0.04303536251455963,0.00663090809064039,0.008741445194324777,0.0031786127713277204,0.0,0.0,0.43333333333333335,0.03333333333333333,0.30000000000000004,0.02581988897471612,2.8736734026751947,0.25745388353794074,332106410.6666667,10869183.482411457
unstructured,mixed,0.8,kvik,maf_q3,6,1221,1.0509499937648086,0.05095300842473306,0.05875065669027318,0.0030823620807565568,0.00875970365974446,0.0027890785114710226,0.0,0.0,0.43333333333333335,0.03333333333333333,0.30000000000000004,0.02581988897471612,2.8736734026751947,0.25745388353794074,332106410.6666667,10869183.482411457
unstructured,mixed,0.8,kvik,maf_q4,6,1242,0.9795897673227074,0.06838385602227726,0.042621375105066646,0.0037246444819658284,0.009585173272018497,0.0021178540639795913,0.003218599996457481,0.001624698873771025,0.43333333333333335,0.03333333333333333,0.30000000000000004,0.02581988897471612,2.8736734026751947,0.25745388353794074,332106410.6666667,10869183.482411457
unstructured,mixed,0.8,kvik,maf_q5,6,1196,1.0120153130162575,0.04464119208151435,0.056289001982891246,0.006032815900796396,0.010206388146257815,0.0043292897534173164,0.001657944971037388,0.0010503230827072598,0.43333333333333335,0.03333333333333333,0.30000000000000004,0.02581988897471612,2.8736734026751947,0.25745388353794074,332106410.6666667,10869183.482411457
unstructured,mixed,0.8,kvik,ld_q1,6,1201,1.0585852607376445,0.05097475028644047,0.05684765125874872,0.005358940591912773,0.004978242162622665,0.0012480060834644067,0.000931098696461825,0.0009310986964618252,0.43333333333333335,0.03333333333333333,0.30000000000000004,0.02581988897471612,2.8736734026751947,0.25745388353794074,332106410.6666667,10869183.482411457
unstructured,mixed,0.8,kvik,ld_q2,6,1187,1.0015744961073512,0.04522316773169513,0.0512620904485214,0.006010799761870196,0.009300900220635424,0.0020518369453425014,0.0008291873963515755,0.0008291873963515756,0.43333333333333335,0.03333333333333333,0.30000000000000004,0.02581988897471612,2.8736734026751947,0.25745388353794074,332106410.6666667,10869183.482411457
unstructured,mixed,0.8,kvik,ld_q3,6,1198,0.9595520731495873,0.08286369939048255,0.04893263063393564,0.005232759879271372,0.011689193630947498,0.0016355395322603776,0.0016887137630171684,0.001070505812972768,0.43333333333333335,0.03333333333333333,0.30000000000000004,0.02581988897471612,2.8736734026751947,0.25745388353794074,332106410.6666667,10869183.482411457
unstructured,mixed,0.8,kvik,ld_q4,6,1201,1.0069675847855715,0.10041925389524699,0.04724774873388663,0.005386446432027881,0.014395719709373743,0.005281440382949171,0.0,0.0,0.43333333333333335,0.03333333333333333,0.30000000000000004,0.02581988897471612,2.8736734026751947,0.25745388353794074,332106410.6666667,10869183.482411457
unstructured,mixed,0.8,kvik,ld_q5,6,1213,0.9745381974724897,0.06054340904868584,0.04939711154459836,0.0038424206431497423,0.008366393718102204,0.0020911794831895737,0.001721139855921076,0.001089931841059053,0.43333333333333335,0.03333333333333333,0.30000000000000004,0.02581988897471612,2.8736734026751947,0.25745388353794074,332106410.6666667,10869183.482411457
unstructured,mixed,0.8,ldak-kvik,all,6,6000,1.0007548798005228,0.04445612224810351,0.05216666666666667,0.0021666666666666666,0.0105,0.001384437310486346,0.0011666666666666668,0.00030731814857642964,0.5,0.03651483716701107,0.3166666666666667,0.030731814857642967,0.7649942918214947,0.06519956423113407,41413290.666666664,417018.4874337241
unstructured,mixed,0.8,ldak-kvik,loading_q1,6,1180,0.964170598873718,0.05962571761132513,0.06215571391889937,0.006534262092669454,0.009254799238627771,0.002959948800655517,0.002483861502347418,0.0011128164029959304,0.5,0.03651483716701107,0.3166666666666667,0.030731814857642967,0.7649942918214947,0.06519956423113407,41413290.666666664,417018.4874337241
unstructured,mixed,0.8,ldak-kvik,loading_q2,6,1236,0.964610883652503,0.05206171512104141,0.0500889248118205,0.006891200227660877,0.008822894497251557,0.0018330060745612026,0.0015015015015015015,0.0009496329309814954,0.5,0.03651483716701107,0.3166666666666667,0.030731814857642967,0.7649942918214947,0.06519956423113407,41413290.666666664,417018.4874337241
unstructured,mixed,0.8,ldak-kvik,loading_q3,6,1207,0.9787461124907484,0.06341592275137865,0.0454272031475829,0.006192243994815361,0.010750775529363849,0.0014542999755141762,0.0008417508417508418,0.0008417508417508418,0.5,0.03651483716701107,0.3166666666666667,0.030731814857642967,0.7649942918214947,0.06519956423113407,41413290.666666664,417018.4874337241
unstructured,mixed,0.8,ldak-kvik,loading_q4,6,1203,1.113259278155944,0.09107582429535067,0.06025806708460905,0.007569032401210057,0.014440439102040426,0.0038848432911272094,0.0,0.0,0.5,0.03651483716701107,0.3166666666666667,0.030731814857642967,0.7649942918214947,0.06519956423113407,41413290.666666664,417018.4874337241
unstructured,mixed,0.8,ldak-kvik,loading_q5,6,1174,0.9990419524470558,0.04351332600561406,0.04302912808538331,0.007249373616704922,0.009431339339403188,0.0020920277617385544,0.0008250825082508251,0.0008250825082508251,0.5,0.03651483716701107,0.3166666666666667,0.030731814857642967,0.7649942918214947,0.06519956423113407,41413290.666666664,417018.4874337241
unstructured,mixed,0.8,ldak-kvik,maf_q1,6,1162,0.9792052549268484,0.08633810031663164,0.050413213193812145,0.0043807109231996325,0.010959279693375045,0.0021837227954811965,0.0007751937984496124,0.0007751937984496124,0.5,0.03651483716701107,0.3166666666666667,0.030731814857642967,0.7649942918214947,0.06519956423113407,41413290.666666664,417018.4874337241
unstructured,mixed,0.8,ldak-kvik,maf_q2,6,1179,0.9314986107166016,0.0843573600969559,0.05051303821867512,0.008771044260347692,0.007899694352573934,0.0032178187748518458,0.0,0.0,0.5,0.03651483716701107,0.3166666666666667,0.030731814857642967,0.7649942918214947,0.06519956423113407,41413290.666666664,417018.4874337241
unstructured,mixed,0.8,ldak-kvik,maf_q3,6,1221,1.0225032906071683,0.05962464206703622,0.06189594061891083,0.0058769564130761376,0.010332345624063289,0.0036885932285891107,0.0,0.0,0.5,0.03651483716701107,0.3166666666666667,0.030731814857642967,0.7649942918214947,0.06519956423113407,41413290.666666664,417018.4874337241
unstructured,mixed,0.8,ldak-kvik,maf_q4,6,1242,1.009462987644831,0.06915710503081625,0.04514005722254554,0.00562323493761618,0.01202481696432059,0.0015961414188713915,0.003218599996457481,0.001624698873771025,0.5,0.03651483716701107,0.3166666666666667,0.030731814857642967,0.7649942918214947,0.06519956423113407,41413290.666666664,417018.4874337241
unstructured,mixed,0.8,ldak-kvik,maf_q5,6,1196,1.0810466792977376,0.060283248259047954,0.051804504328066804,0.006775870267396587,0.010888720187601482,0.0032573604820608907,0.001657944971037388,0.0010503230827072598,0.5,0.03651483716701107,0.3166666666666667,0.030731814857642967,0.7649942918214947,0.06519956423113407,41413290.666666664,417018.4874337241
unstructured,mixed,0.8,ldak-kvik,ld_q1,6,1201,1.0215152211988119,0.06797723002522402,0.05838450128023562,0.00384189732157503,0.005811575495955998,0.0015030689409563766,0.000931098696461825,0.0009310986964618252,0.5,0.03651483716701107,0.3166666666666667,0.030731814857642967,0.7649942918214947,0.06519956423113407,41413290.666666664,417018.4874337241
unstructured,mixed,0.8,ldak-kvik,ld_q2,6,1187,0.9838940509323164,0.04786208126108215,0.045418708319550416,0.004122805103753001,0.009313094152934713,0.0024263197994792824,0.0008291873963515755,0.0008291873963515756,0.5,0.03651483716701107,0.3166666666666667,0.030731814857642967,0.7649942918214947,0.06519956423113407,41413290.666666664,417018.4874337241
unstructured,mixed,0.8,ldak-kvik,ld_q3,6,1198,0.987346673314188,0.11545464926970807,0.04741201754588511,0.006293069049597283,0.014109172470936763,0.0028490026064783972,0.0016887137630171684,0.001070505812972768,0.5,0.03651483716701107,0.3166666666666667,0.030731814857642967,0.7649942918214947,0.06519956423113407,41413290.666666664,417018.4874337241
unstructured,mixed,0.8,ldak-kvik,ld_q4,6,1201,1.0305082326338886,0.1027306136827852,0.050612555000699964,0.006258420107261802,0.013162911517224068,0.004604891582787921,0.0008771929824561404,0.0008771929824561406,0.5,0.03651483716701107,0.3166666666666667,0.030731814857642967,0.7649942918214947,0.06519956423113407,41413290.666666664,417018.4874337241
unstructured,mixed,0.8,ldak-kvik,ld_q5,6,1213,0.9767056069214545,0.06120620935400777,0.05873053744979023,0.005418905745192293,0.009961290049840641,0.002772035357122269,0.001721139855921076,0.001089931841059053,0.5,0.03651483716701107,0.3166666666666667,0.030731814857642967,0.7649942918214947,0.06519956423113407,41413290.666666664,417018.4874337241
unstructured,null,0.8,bolt-inf,all,6,36000,1.0164434580908515,0.01866931325249972,0.0515,0.0022140126133000813,0.010305555555555556,0.0008360142062706947,0.0007777777777777778,0.00024595492912420726,nan,nan,nan,nan,1.9514870348308857,0.18355176198677203,285799765.3333333,4681480.449642703
unstructured,null,0.8,bolt-inf,loading_q1,6,7200,1.0466533847698527,0.039120987633550854,0.050972222222222224,0.00443271020404971,0.010138888888888888,0.0016585450265031313,0.0008333333333333334,0.00021516574145596763,nan,nan,nan,nan,1.9514870348308857,0.18355176198677203,285799765.3333333,4681480.449642703
unstructured,null,0.8,bolt-inf,loading_q2,6,7200,1.010630436016214,0.04230565761398967,0.051388888888888894,0.0036935044752432595,0.009722222222222224,0.0011915339216404012,0.00125,0.0003568120160740314,nan,nan,nan,nan,1.9514870348308857,0.18355176198677203,285799765.3333333,4681480.449642703
unstructured,null,0.8,bolt-inf,loading_q3,6,7200,1.0395522565858946,0.02160982303825548,0.05277777777777778,0.0027860986484710745,0.010972222222222223,0.001512550376673554,0.0005555555555555556,0.00041201102706087025,nan,nan,nan,nan,1.9514870348308857,0.18355176198677203,285799765.3333333,4681480.449642703
unstructured,null,0.8,bolt-inf,loading_q4,6,7200,0.9694634993365443,0.03516428924131786,0.04944444444444444,0.0032820123306093177,0.01013888888888889,0.001225059837288886,0.0005555555555555556,0.00027777777777777783,nan,nan,nan,nan,1.9514870348308857,0.18355176198677203,285799765.3333333,4681480.449642703
unstructured,null,0.8,bolt-inf,loading_q5,6,7200,1.0276726565167944,0.022620044513798857,0.05291666666666666,0.003204091712748514,0.010555555555555556,0.0015466012118972284,0.0006944444444444445,0.000334488738299786,nan,nan,nan,nan,1.9514870348308857,0.18355176198677203,285799765.3333333,4681480.449642703
unstructured,null,0.8,bolt-inf,maf_q1,6,7146,0.9876488825559294,0.02758062240883633,0.049826330171911716,0.0022549988921106066,0.009378208215493795,0.0006735434347815227,0.0005583502318590576,0.00017656724213579842,nan,nan,nan,nan,1.9514870348308857,0.18355176198677203,285799765.3333333,4681480.449642703
unstructured,null,0.8,bolt-inf,maf_q2,6,7138,1.0610055339399629,0.033483376051225346,0.05306782139743654,0.003951996513776484,0.011910485179438643,0.0010778751981739138,0.0011199940332851939,0.0006726566617824784,nan,nan,nan,nan,1.9514870348308857,0.18355176198677203,285799765.3333333,4681480.449642703
unstructured,null,0.8,bolt-inf,maf_q3,6,7243,1.0182623460952804,0.030877740413585448,0.04984864910237038,0.0022941467546478958,0.01062973393232603,0.0012303934328174104,0.0006916947486041058,0.00033278190145859634,nan,nan,nan,nan,1.9514870348308857,0.18355176198677203,285799765.3333333,4681480.449642703
unstructured,null,0.8,bolt-inf,maf_q4,6,7205,0.9998264642617132,0.02110407907647011,0.05080015915504277,0.003498593589418249,0.009434041474170133,0.0013801365798132466,0.0005546486561891924,0.00017540360857757354,nan,nan,nan,nan,1.9514870348308857,0.18355176198677203,285799765.3333333,4681480.449642703
unstructured,null,0.8,bolt-inf,maf_q5,6,7268,1.0126479787156104,0.03720648929486526,0.05392572451270685,0.0027022263977884405,0.010182433779172613,0.0015687121930194868,0.0009620363748146034,0.0003929658286389807,nan,nan,nan,nan,1.9514870348308857,0.18355176198677203,285799765.3333333,4681480.449642703
unstructured,null,0.8,bolt-inf,ld_q1,6,7200,1.0209096105878301,0.03861562204781189,0.052083333333333336,0.004052605471929276,0.01027777777777778,0.0012668615834434867,0.001388888888888889,0.000668977476599572,nan,nan,nan,nan,1.9514870348308857,0.18355176198677203,285799765.3333333,4681480.449642703
unstructured,null,0.8,bolt-inf,ld_q2,6,7200,0.9708499460248928,0.021668154631597505,0.05013888888888889,0.0026476462875915908,0.011527777777777777,0.0017269201158188396,0.0004166666666666667,0.00018633899812498252,nan,nan,nan,nan,1.9514870348308857,0.18355176198677203,285799765.3333333,4681480.449642703
unstructured,null,0.8,bolt-inf,ld_q3,6,7200,1.0362168582183588,0.020278064985233595,0.053888888888888896,0.0024120325940102678,0.010694444444444444,0.0012060162970051339,0.0006944444444444445,0.000334488738299786,nan,nan,nan,nan,1.9514870348308857,0.18355176198677203,285799765.3333333,4681480.449642703
unstructured,null,0.8,bolt-inf,ld_q4,6,7200,1.0140112726660286,0.04301561476481608,0.05000000000000001,0.0033678765702728174,0.009583333333333333,0.001731382449138603,0.0006944444444444445,0.00025609845714702473,nan,nan,nan,nan,1.9514870348308857,0.18355176198677203,285799765.3333333,4681480.449642703
unstructured,null,0.8,bolt-inf,ld_q5,6,7200,1.0466792742592668,0.022168761337470127,0.051388888888888894,0.0037924551479724474,0.009444444444444445,0.0017699480357859993,0.0006944444444444445,0.0003977172517576765,nan,nan,nan,nan,1.9514870348308857,0.18355176198677203,285799765.3333333,4681480.449642703
unstructured,null,0.8,exact,all,6,36000,1.0116759207821024,0.01805479039141107,0.05097222222222222,0.0020066632828813604,0.010277777777777776,0.0007412035591181297,0.0008055555555555556,0.00023339946152888894,nan,nan,nan,nan,2.8353181110093524,0.09634157768587714,492806144.0,8560425.724910026
unstructured,null,0.8,exact,loading_q1,6,7200,1.038627498116689,0.035860650659708136,0.04972222222222222,0.003828902431136173,0.01,0.0016527194200715023,0.0008333333333333334,0.00021516574145596763,nan,nan,nan,nan,2.8353181110093524,0.09634157768587714,492806144.0,8560425.724910026
unstructured,null,0.8,exact,loading_q2,6,7200,1.0031065968355037,0.04298529295579217,0.05125,0.003218508396182352,0.01013888888888889,0.001166997307644445,0.00125,0.0003568120160740314,nan,nan,nan,nan,2.8353181110093524,0.09634157768587714,492806144.0,8560425.724910026
unstructured,null,0.8,exact,loading_q3,6,7200,1.0411482469736923,0.02269535431339351,0.05263888888888888,0.003000128598066802,0.010833333333333334,0.0014751020052613062,0.0005555555555555556,0.00041201102706087025,nan,nan,nan,nan,2.8353181110093524,0.09634157768587714,492806144.0,8560425.724910026
unstructured,null,0.8,exact,loading_q4,6,7200,0.9678008658637642,0.035333482056324216,0.048749999999999995,0.003454398698814365,0.01027777777777778,0.0013205404804449681,0.0005555555555555556,0.00027777777777777783,nan,nan,nan,nan,2.8353181110093524,0.09634157768587714,492806144.0,8560425.724910026
unstructured,null,0.8,exact,loading_q5,6,7200,1.019442131687896,0.022233855494552555,0.0525,0.0034426518632954817,0.01013888888888889,0.001542854897444313,0.0008333333333333334,0.00030429030972509234,nan,nan,nan,nan,2.8353181110093524,0.09634157768587714,492806144.0,8560425.724910026
unstructured,null,0.8,exact,maf_q1,6,7146,0.9901768750359,0.02423390431541757,0.04996650398744298,0.0021932269452204483,0.009238152193084832,0.0007265601957387144,0.0005583502318590576,0.00017656724213579842,nan,nan,nan,nan,2.8353181110093524,0.09634157768587714,492806144.0,8560425.724910026
unstructured,null,0.8,exact,maf_q2,6,7138,1.0492960268852802,0.03445684379869748,0.05279144737603087,0.003898273294769397,0.012049142972006585,0.0010139103785501505,0.0012586518258531363,0.0006399801621474884,nan,nan,nan,nan,2.8353181110093524,0.09634157768587714,492806144.0,8560425.724910026
unstructured,null,0.8,exact,maf_q3,6,7243,1.0158471985733344,0.032819777261549964,0.05012538885423793,0.002210277950311875,0.01049073606469266,0.0011770729241822493,0.0006916947486041058,0.00033278190145859634,nan,nan,nan,nan,2.8353181110093524,0.09634157768587714,492806144.0,8560425.724910026
unstructured,null,0.8,exact,maf_q4,6,7205,0.9901219427142869,0.020191896441796416,0.04885627040682475,0.0029810148447001112,0.00929549241886601,0.0010311894629548186,0.0005546486561891924,0.00017540360857757354,nan,nan,nan,nan,2.8353181110093524,0.09634157768587714,492806144.0,8560425.724910026
unstructured,null,0.8,exact,maf_q5,6,7268,1.0104230939788204,0.037673837442483815,0.053102799211401465,0.002243672275952964,0.010321200783308324,0.001511466876300946,0.0009620363748146034,0.0003929658286389807,nan,nan,nan,nan,2.8353181110093524,0.09634157768587714,492806144.0,8560425.724910026
unstructured,null,0.8,exact,ld_q1,6,7200,1.0253861438322363,0.03686901207333297,0.050972222222222224,0.0038814412812450344,0.00986111111111111,0.0011469901567812545,0.001388888888888889,0.000668977476599572,nan,nan,nan,nan,2.8353181110093524,0.09634157768587714,492806144.0,8560425.724910026
unstructured,null,0.8,exact,ld_q2,6,7200,0.9661643199349825,0.020011206426980933,0.050555555555555555,0.0029475874210849583,0.011250000000000001,0.0016208993845439063,0.0005555555555555556,0.00017568209223157665,nan,nan,nan,nan,2.8353181110093524,0.09634157768587714,492806144.0,8560425.724910026
unstructured,null,0.8,exact,ld_q3,6,7200,1.040446938422657,0.022482911037663963,0.05333333333333332,0.002266911751455907,0.010555555555555556,0.0011111111111111113,0.0006944444444444445,0.000334488738299786,nan,nan,nan,nan,2.8353181110093524,0.09634157768587714,492806144.0,8560425.724910026
unstructured,null,0.8,exact,ld_q4,6,7200,1.0090814945826032,0.041484850706997575,0.04958333333333334,0.003366157827333489,0.01,0.0017873008824606017,0.0006944444444444445,0.00025609845714702473,nan,nan,nan,nan,2.8353181110093524,0.09634157768587714,492806144.0,8560425.724910026
unstructured,null,0.8,exact,ld_q5,6,7200,1.0363618147422113,0.02197982678710099,0.050416666666666665,0.0036435508728386063,0.009722222222222222,0.0017829785039868012,0.0006944444444444445,0.0003977172517576765,nan,nan,nan,nan,2.8353181110093524,0.09634157768587714,492806144.0,8560425.724910026
unstructured,null,0.8,kvik,all,6,36000,1.0134114564100989,0.018109224871646346,0.05136111111111111,0.0020978016123881387,0.01011111111111111,0.0008161184857090603,0.0007777777777777778,0.00024595492912420726,nan,nan,nan,nan,2.1308762503419225,0.13861537868243265,332720810.6666667,4215663.30324646
unstructured,null,0.8,kvik,loading_q1,6,7200,1.0423184553737532,0.03766460418346371,0.05013888888888889,0.004267755214149616,0.01,0.0016527194200715023,0.0008333333333333334,0.00021516574145596763,nan,nan,nan,nan,2.1308762503419225,0.13861537868243265,332720810.6666667,4215663.30324646
unstructured,null,0.8,kvik,loading_q2,6,7200,1.0111701352580547,0.04258195311997997,0.05194444444444445,0.0035070475782414735,0.009722222222222224,0.0011915339216404012,0.00125,0.0003568120160740314,nan,nan,nan,nan,2.1308762503419225,0.13861537868243265,332720810.6666667,4215663.30324646
unstructured,null,0.8,kvik,loading_q3,6,7200,1.0408130475281767,0.02190846727145004,0.05291666666666667,0.0029087193312776235,0.010416666666666666,0.001439360712003513,0.0005555555555555556,0.00041201102706087025,nan,nan,nan,nan,2.1308762503419225,0.13861537868243265,332720810.6666667,4215663.30324646
unstructured,null,0.8,kvik,loading_q4,6,7200,0.9661130214825325,0.033389020245144584,0.049166666666666664,0.003388433484883758,0.01013888888888889,0.001225059837288886,0.0005555555555555556,0.00027777777777777783,nan,nan,nan,nan,2.1308762503419225,0.13861537868243265,332720810.6666667,4215663.30324646
unstructured,null,0.8,kvik,loading_q5,6,7200,1.0203684033546565,0.023864966355675508,0.052638888888888895,0.0033153449813977144,0.01027777777777778,0.0015466012118972286,0.0006944444444444445,0.000334488738299786,nan,nan,nan,nan,2.1308762503419225,0.13861537868243265,332720810.6666667,4215663.30324646
unstructured,null,0.8,kvik,maf_q1,6,7146,0.9909265286675885,0.028549077247681364,0.049826447965034014,0.0021703201281980957,0.009097028851284099,0.000632552195522095,0.0005583502318590576,0.00017656724213579842,nan,nan,nan,nan,2.1308762503419225,0.13861537868243265,332720810.6666667,4215663.30324646
unstructured,null,0.8,kvik,maf_q2,6,7138,1.0593845744019459,0.03360280405069395,0.05306817596863941,0.004059262039942727,0.011770898356434736,0.001047909376923935,0.0011199940332851939,0.0006726566617824784,nan,nan,nan,nan,2.1308762503419225,0.13861537868243265,332720810.6666667,4215663.30324646
unstructured,null,0.8,kvik,maf_q3,6,7243,1.01501640200849,0.031808840600284896,0.049848754346045875,0.0020976948103025093,0.010353907594505524,0.0011215701667993663,0.0006916947486041058,0.00033278190145859634,nan,nan,nan,nan,2.1308762503419225,0.13861537868243265,332720810.6666667,4215663.30324646
unstructured,null,0.8,kvik,maf_q4,6,7205,0.9962036164503697,0.0210871115357482,0.05052354440871434,0.0030378874451166406,0.009017714641088232,0.0012349884797734642,0.0005546486561891924,0.00017540360857757354,nan,nan,nan,nan,2.1308762503419225,0.13861537868243265,332720810.6666667,4215663.30324646
unstructured,null,0.8,kvik,maf_q5,6,7268,1.010379467989434,0.03892596090200805,0.05351329681153983,0.0024550014562511207,0.010320746365617979,0.0016700268736552235,0.0009620363748146034,0.0003929658286389807,nan,nan,nan,nan,2.1308762503419225,0.13861537868243265,332720810.6666667,4215663.30324646
unstructured,null,0.8,kvik,ld_q1,6,7200,1.018576608917605,0.037508704119469105,0.05138888888888888,0.0037433067839828917,0.00986111111111111,0.0011669973076444448,0.001388888888888889,0.000668977476599572,nan,nan,nan,nan,2.1308762503419225,0.13861537868243265,332720810.6666667,4215663.30324646
unstructured,null,0.8,kvik,ld_q2,6,7200,0.9630126385764313,0.02009165981057522,0.050416666666666665,0.002819820719281439,0.011388888888888891,0.0017568209223157664,0.0004166666666666667,0.00018633899812498252,nan,nan,nan,nan,2.1308762503419225,0.13861537868243265,332720810.6666667,4215663.30324646
unstructured,null,0.8,kvik,ld_q3,6,7200,1.03379488969477,0.020829662085459832,0.053888888888888896,0.0024120325940102678,0.010694444444444444,0.0012060162970051339,0.0006944444444444445,0.000334488738299786,nan,nan,nan,nan,2.1308762503419225,0.13861537868243265,332720810.6666667,4215663.30324646
unstructured,null,0.8,kvik,ld_q4,6,7200,1.011454230843593,0.04288122296657001,0.050277777777777775,0.00335869977782041,0.009305555555555555,0.0016862278011973545,0.0006944444444444445,0.00025609845714702473,nan,nan,nan,nan,2.1308762503419225,0.13861537868243265,332720810.6666667,4215663.30324646
unstructured,null,0.8,kvik,ld_q5,6,7200,1.0416239381029586,0.020684123068689216,0.05083333333333332,0.003522414996477191,0.009305555555555555,0.0017535237891207367,0.0006944444444444445,0.0003977172517576765,nan,nan,nan,nan,2.1308762503419225,0.13861537868243265,332720810.6666667,4215663.30324646
unstructured,null,0.8,ldak-kvik,all,6,36000,1.0179751915408644,0.020416080226413596,0.05161111111111111,0.0019449205766258724,0.010638888888888887,0.0007690983979173357,0.0008333333333333334,0.00022771001702132445,nan,nan,nan,nan,0.5149990623467602,0.04010065630273177,40853504.0,645326.5007065287
unstructured,null,0.8,ldak-kvik,loading_q1,6,7200,1.0435526582090755,0.03946817546562276,0.05125,0.0038172973763199607,0.01013888888888889,0.0016585450265031317,0.0008333333333333334,0.00021516574145596763,nan,nan,nan,nan,0.5149990623467602,0.04010065630273177,40853504.0,645326.5007065287
unstructured,null,0.8,ldak-kvik,loading_q2,6,7200,0.9943516270431817,0.040683336207129536,0.05194444444444444,0.0033031036658210553,0.010416666666666666,0.0011536977587386218,0.001388888888888889,0.00041201102706087025,nan,nan,nan,nan,0.5149990623467602,0.04010065630273177,40853504.0,645326.5007065287
unstructured,null,0.8,ldak-kvik,loading_q3,6,7200,1.0539211115809395,0.02500692118806165,0.05305555555555555,0.0031817380140614126,0.011250000000000001,0.0015176431532941928,0.0005555555555555556,0.00041201102706087025,nan,nan,nan,nan,0.5149990623467602,0.04010065630273177,40853504.0,645326.5007065287
unstructured,null,0.8,ldak-kvik,loading_q4,6,7200,0.9722576964290651,0.04089609053390478,0.04972222222222222,0.0031155721984022114,0.010555555555555556,0.0013205404804449681,0.0005555555555555556,0.00027777777777777783,nan,nan,nan,nan,0.5149990623467602,0.04010065630273177,40853504.0,645326.5007065287
unstructured,null,0.8,ldak-kvik,loading_q5,6,7200,1.0273201339012001,0.02784702074706511,0.052083333333333336,0.0034543986988143645,0.010833333333333334,0.0015515822270854378,0.0008333333333333334,0.00030429030972509234,nan,nan,nan,nan,0.5149990623467602,0.04010065630273177,40853504.0,645326.5007065287
unstructured,null,0.8,ldak-kvik,maf_q1,6,7146,0.9954202709307846,0.0258178992285198,0.05052567326036875,0.0021438901002692468,0.00951791204337868,0.0006814413364177418,0.0005583502318590576,0.00017656724213579842,nan,nan,nan,nan,0.5149990623467602,0.04010065630273177,40853504.0,645326.5007065287
unstructured,null,0.8,ldak-kvik,maf_q2,6,7138,1.0575194118170197,0.03347017101737388,0.052930931338490216,0.003434688345735543,0.012749329117316048,0.0010976751837398024,0.0013994175916189021,0.0006735217720387791,nan,nan,nan,nan,0.5149990623467602,0.04010065630273177,40853504.0,645326.5007065287
unstructured,null,0.8,ldak-kvik,maf_q3,6,7243,1.023864878200883,0.03291952556864134,0.050401684160338245,0.0022987933101893407,0.010629048651138026,0.0011529408112777916,0.0006916947486041058,0.00033278190145859634,nan,nan,nan,nan,0.5149990623467602,0.04010065630273177,40853504.0,645326.5007065287
unstructured,null,0.8,ldak-kvik,maf_q4,6,7205,0.9971888013218936,0.02652151226328899,0.05038628076208624,0.00267845404859375,0.009713087138367417,0.0011043329850056317,0.0005546486561891924,0.00017540360857757354,nan,nan,nan,nan,0.5149990623467602,0.04010065630273177,40853504.0,645326.5007065287
unstructured,null,0.8,ldak-kvik,maf_q5,6,7268,1.0186022493043543,0.04050657348396681,0.053792200270797626,0.0021130907165842175,0.01059588874593175,0.0015792080286847303,0.0009620363748146034,0.0003929658286389807,nan,nan,nan,nan,0.5149990623467602,0.04010065630273177,40853504.0,645326.5007065287
unstructured,null,0.8,ldak-kvik,ld_q1,6,7200,1.0317790267912912,0.03492320940877544,0.051666666666666666,0.0038670019011766343,0.010277777777777776,0.0012484558363469018,0.001388888888888889,0.000668977476599572,nan,nan,nan,nan,0.5149990623467602,0.04010065630273177,40853504.0,645326.5007065287
unstructured,null,0.8,ldak-kvik,ld_q2,6,7200,0.9776713241279454,0.025005177161987746,0.050972222222222224,0.002612440559900329,0.011527777777777777,0.0017269201158188396,0.0005555555555555556,0.00017568209223157665,nan,nan,nan,nan,0.5149990623467602,0.04010065630273177,40853504.0,645326.5007065287
unstructured,null,0.8,ldak-kvik,ld_q3,6,7200,1.0459326218320342,0.022233639134975905,0.053888888888888896,0.0023537466849238736,0.010972222222222222,0.0012060162970051339,0.0008333333333333334,0.00037267799624996503,nan,nan,nan,nan,0.5149990623467602,0.04010065630273177,40853504.0,645326.5007065287
unstructured,null,0.8,ldak-kvik,ld_q4,6,7200,1.012098025331165,0.04255958550921058,0.050416666666666665,0.0034342366664924947,0.010277777777777776,0.0017568209223157664,0.0006944444444444445,0.00025609845714702473,nan,nan,nan,nan,0.5149990623467602,0.04010065630273177,40853504.0,645326.5007065287
unstructured,null,0.8,ldak-kvik,ld_q5,6,7200,1.0426507371489162,0.022622238702692702,0.05111111111111111,0.003196255525253895,0.01013888888888889,0.0016862278011973545,0.0006944444444444445,0.0003977172517576765,nan,nan,nan,nan,0.5149990623467602,0.04010065630273177,40853504.0,645326.5007065287
confounded-pc,mixed,0,bolt-inf,all,6,6000,1.0407381929823518,0.01967550925732372,0.051,0.0023523038352503134,0.009833333333333335,0.001077548658349641,0.001,0.0003651483716701108,0.35000000000000003,0.06191391873668904,0.2166666666666667,0.04772607021092118,1.997139944335989,0.13564068492754625,285130752.0,3242390.4264090923
confounded-pc,mixed,0,bolt-inf,loading_q1,6,1202,0.989260902453451,0.054827510428553716,0.04812157701316009,0.0057790570989212755,0.012905008880246765,0.003619512024674165,0.0015503875968992248,0.0015503875968992248,0.35000000000000003,0.06191391873668904,0.2166666666666667,0.04772607021092118,1.997139944335989,0.13564068492754625,285130752.0,3242390.4264090923
confounded-pc,mixed,0,bolt-inf,loading_q2,6,1181,0.9850576860919703,0.03785912414756132,0.05288178786554365,0.005789651403344979,0.010944621219754175,0.002431176232616279,0.0008291873963515755,0.0008291873963515756,0.35000000000000003,0.06191391873668904,0.2166666666666667,0.04772607021092118,1.997139944335989,0.13564068492754625,285130752.0,3242390.4264090923
confounded-pc,mixed,0,bolt-inf,loading_q3,6,1274,1.0667291217158523,0.051184612038367175,0.04673332585848199,0.006965044004522245,0.007818220003056278,0.0019552043021474315,0.001505266734624533,0.0009521925330032414,0.35000000000000003,0.06191391873668904,0.2166666666666667,0.04772607021092118,1.997139944335989,0.13564068492754625,285130752.0,3242390.4264090923
confounded-pc,mixed,0,bolt-inf,loading_q4,6,1157,1.1173194836600309,0.06743725865272503,0.054857337064476173,0.0059905816701356016,0.005338187200010468,0.0020337936364338083,0.0,0.0,0.35000000000000003,0.06191391873668904,0.2166666666666667,0.04772607021092118,1.997139944335989,0.13564068492754625,285130752.0,3242390.4264090923
confounded-pc,mixed,0,bolt-inf,loading_q5,6,1186,1.0941501831529978,0.0862780094533979,0.05246527110822166,0.012195389281512677,0.012073826731723193,0.004517409470106434,0.0007861635220125786,0.0007861635220125788,0.35000000000000003,0.06191391873668904,0.2166666666666667,0.04772607021092118,1.997139944335989,0.13564068492754625,285130752.0,3242390.4264090923
confounded-pc,mixed,0,bolt-inf,maf_q1,6,1217,1.1330158209567498,0.10802849425322705,0.05754833103891683,0.005164110425179813,0.011546247699979964,0.0028456811397657685,0.0008417508417508418,0.0008417508417508418,0.35000000000000003,0.06191391873668904,0.2166666666666667,0.04772607021092118,1.997139944335989,0.13564068492754625,285130752.0,3242390.4264090923
confounded-pc,mixed,0,bolt-inf,maf_q2,6,1174,1.0856531822366469,0.09195228373703791,0.0536303572931352,0.005866066067716688,0.006638334484481909,0.0026238521716954507,0.001698827679219836,0.0010756062417429982,0.35000000000000003,0.06191391873668904,0.2166666666666667,0.04772607021092118,1.997139944335989,0.13564068492754625,285130752.0,3242390.4264090923
confounded-pc,mixed,0,bolt-inf,maf_q3,6,1194,0.9876494707197531,0.04034079232640751,0.05173969165973735,0.0036129778368845697,0.012530384152212496,0.0010154573432342852,0.0008417508417508418,0.0008417508417508418,0.35000000000000003,0.06191391873668904,0.2166666666666667,0.04772607021092118,1.997139944335989,0.13564068492754625,285130752.0,3242390.4264090923
confounded-pc,mixed,0,bolt-inf,maf_q4,6,1192,1.0191606983484762,0.06513516515872872,0.04794622651778473,0.005416181318253063,0.010137980780942697,0.0036962141064362654,0.0,0.0,0.35000000000000003,0.06191391873668904,0.2166666666666667,0.04772607021092118,1.997139944335989,0.13564068492754625,285130752.0,3242390.4264090923
confounded-pc,mixed,0,bolt-inf,maf_q5,6,1223,1.0724241506812884,0.08931000270741601,0.04304845638162091,0.008295578486258995,0.008025190463669852,0.002001882417677467,0.0015885984023238924,0.0010053327929148317,0.35000000000000003,0.06191391873668904,0.2166666666666667,0.04772607021092118,1.997139944335989,0.13564068492754625,285130752.0,3242390.4264090923
confounded-pc,mixed,0,bolt-inf,ld_q1,6,1159,1.0396321474372974,0.04173010429989514,0.055709834729552266,0.012466883363795662,0.009976549043713223,0.004849301830021356,0.0009523809523809524,0.0009523809523809524,0.35000000000000003,0.06191391873668904,0.2166666666666667,0.04772607021092118,1.997139944335989,0.13564068492754625,285130752.0,3242390.4264090923
confounded-pc,mixed,0,bolt-inf,ld_q2,6,1229,1.0351635814069338,0.042086623777010335,0.04420902189998304,0.006848460817678164,0.008949138885870933,0.0037087319985105553,0.0008503401360544217,0.0008503401360544217,0.35000000000000003,0.06191391873668904,0.2166666666666667,0.04772607021092118,1.997139944335989,0.13564068492754625,285130752.0,3242390.4264090923
confounded-pc,mixed,0,bolt-inf,ld_q3,6,1211,1.0887341411361706,0.0661126737378379,0.045156248797537234,0.006769030620856157,0.006466147018734163,0.0016040537495656034,0.0008012820512820514,0.0008012820512820514,0.35000000000000003,0.06191391873668904,0.2166666666666667,0.04772607021092118,1.997139944335989,0.13564068492754625,285130752.0,3242390.4264090923
confounded-pc,mixed,0,bolt-inf,ld_q4,6,1211,1.0918131767277928,0.04882924201689934,0.057758981004954836,0.0035718459469737513,0.01230847161128669,0.0025908748363844916,0.0008771929824561404,0.0008771929824561404,0.35000000000000003,0.06191391873668904,0.2166666666666667,0.04772607021092118,1.997139944335989,0.13564068492754625,285130752.0,3242390.4264090923
confounded-pc,mixed,0,bolt-inf,ld_q5,6,1190,0.9792409238239994,0.02781635337183127,0.054003960764670476,0.0072854786061804355,0.012087755359323347,0.0033183738281409277,0.001755155770074594,0.0011190551893145275,0.35000000000000003,0.06191391873668904,0.2166666666666667,0.04772607021092118,1.997139944335989,0.13564068492754625,285130752.0,3242390.4264090923
confounded-pc,mixed,0,exact,all,6,6000,1.0379409576180902,0.01837150406582752,0.050833333333333335,0.002242270674512285,0.009833333333333335,0.001077548658349641,0.001,0.0003651483716701108,0.35000000000000003,0.06191391873668904,0.2166666666666667,0.04772607021092118,2.5627637008340876,0.17757782558692595,493953024.0,7686838.695171169
confounded-pc,mixed,0,exact,loading_q1,6,1202,0.9785924962081719,0.05105590518375311,0.04812157701316009,0.0057790570989212755,0.012905008880246765,0.003619512024674165,0.0015503875968992248,0.0015503875968992248,0.35000000000000003,0.06191391873668904,0.2166666666666667,0.04772607021092118,2.5627637008340876,0.17757782558692595,493953024.0,7686838.695171169
confounded-pc,mixed,0,exact,loading_q2,6,1181,0.9714253057444838,0.04185407915768516,0.051955861939617716,0.006289670688445865,0.010944621219754175,0.002431176232616279,0.0008291873963515755,0.0008291873963515756,0.35000000000000003,0.06191391873668904,0.2166666666666667,0.04772607021092118,2.5627637008340876,0.17757782558692595,493953024.0,7686838.695171169
confounded-pc,mixed,0,exact,loading_q3,6,1274,1.0599113793463197,0.05112944487460714,0.04673332585848199,0.006965044004522245,0.007818220003056278,0.0019552043021474315,0.001505266734624533,0.0009521925330032414,0.35000000000000003,0.06191391873668904,0.2166666666666667,0.04772607021092118,2.5627637008340876,0.17757782558692595,493953024.0,7686838.695171169
confounded-pc,mixed,0,exact,loading_q4,6,1157,1.093593371595591,0.06027930335358161,0.0548367583922121,0.005574799456005367,0.005338187200010468,0.0020337936364338083,0.0,0.0,0.35000000000000003,0.06191391873668904,0.2166666666666667,0.04772607021092118,2.5627637008340876,0.17757782558692595,493953024.0,7686838.695171169
confounded-pc,mixed,0,exact,loading_q5,6,1186,1.0934694423628655,0.08741953874837612,0.05246527110822166,0.012195389281512677,0.012073826731723193,0.004517409470106434,0.0007861635220125786,0.0007861635220125788,0.35000000000000003,0.06191391873668904,0.2166666666666667,0.04772607021092118,2.5627637008340876,0.17757782558692595,493953024.0,7686838.695171169
confounded-pc,mixed,0,exact,maf_q1,6,1217,1.1293733101609742,0.12212266600400783,0.05754833103891683,0.005164110425179813,0.011546247699979964,0.0028456811397657685,0.0008417508417508418,0.0008417508417508418,0.35000000000000003,0.06191391873668904,0.2166666666666667,0.04772607021092118,2.5627637008340876,0.17757782558692595,493953024.0,7686838.695171169
confounded-pc,mixed,0,exact,maf_q2,6,1174,1.0907113192628606,0.09651659765754653,0.05453615439458448,0.005254964835943145,0.006638334484481909,0.0026238521716954507,0.001698827679219836,0.0010756062417429982,0.35000000000000003,0.06191391873668904,0.2166666666666667,0.04772607021092118,2.5627637008340876,0.17757782558692595,493953024.0,7686838.695171169
confounded-pc,mixed,0,exact,maf_q3,6,1194,0.9900049545722069,0.04076124027233519,0.04927966530265216,0.003233850408717181,0.012530384152212496,0.0010154573432342852,0.0008417508417508418,0.0008417508417508418,0.35000000000000003,0.06191391873668904,0.2166666666666667,0.04772607021092118,2.5627637008340876,0.17757782558692595,493953024.0,7686838.695171169
confounded-pc,mixed,0,exact,maf_q4,6,1192,1.0165011976258718,0.06975357918180991,0.048775413914136305,0.005824216615144311,0.010137980780942697,0.0036962141064362654,0.0,0.0,0.35000000000000003,0.06191391873668904,0.2166666666666667,0.04772607021092118,2.5627637008340876,0.17757782558692595,493953024.0,7686838.695171169
confounded-pc,mixed,0,exact,maf_q5,6,1223,1.060439343261659,0.09067941673907297,0.04304845638162091,0.008295578486258995,0.008025190463669852,0.002001882417677467,0.0015885984023238924,0.0010053327929148317,0.35000000000000003,0.06191391873668904,0.2166666666666667,0.04772607021092118,2.5627637008340876,0.17757782558692595,493953024.0,7686838.695171169
confounded-pc,mixed,0,exact,ld_q1,6,1159,1.0279597017793296,0.03564874587837455,0.05578565312220234,0.013102333874934119,0.009976549043713223,0.004849301830021356,0.0009523809523809524,0.0009523809523809524,0.35000000000000003,0.06191391873668904,0.2166666666666667,0.04772607021092118,2.5627637008340876,0.17757782558692595,493953024.0,7686838.695171169
confounded-pc,mixed,0,exact,ld_q2,6,1229,1.0251566864822956,0.04079633580739899,0.04336299821131976,0.007229871090651377,0.008949138885870933,0.0037087319985105553,0.0008503401360544217,0.0008503401360544217,0.35000000000000003,0.06191391873668904,0.2166666666666667,0.04772607021092118,2.5627637008340876,0.17757782558692595,493953024.0,7686838.695171169
confounded-pc,mixed,0,exact,ld_q3,6,1211,1.0755030184234522,0.0682398047043833,0.04435496674625517,0.006514895308239215,0.006466147018734163,0.0016040537495656034,0.0008012820512820514,0.0008012820512820514,0.35000000000000003,0.06191391873668904,0.2166666666666667,0.04772607021092118,2.5627637008340876,0.17757782558692595,493953024.0,7686838.695171169
confounded-pc,mixed,0,exact,ld_q4,6,1211,1.0932880188695675,0.0498423015036656,0.057758981004954836,0.0035718459469737513,0.01230847161128669,0.0025908748363844916,0.0008771929824561404,0.0008771929824561404,0.35000000000000003,0.06191391873668904,0.2166666666666667,0.04772607021092118,2.5627637008340876,0.17757782558692595,493953024.0,7686838.695171169
confounded-pc,mixed,0,exact,ld_q5,6,1190,0.9650205311705898,0.03439554987823523,0.05479012428668306,0.007383346314902738,0.012087755359323347,0.0033183738281409277,0.001755155770074594,0.0011190551893145275,0.35000000000000003,0.06191391873668904,0.2166666666666667,0.04772607021092118,2.5627637008340876,0.17757782558692595,493953024.0,7686838.695171169
confounded-pc,mixed,0,kvik,all,6,6000,1.0471720442753756,0.02021894114271149,0.050499999999999996,0.0034132096331752028,0.011499999999999998,0.00152206000757745,0.0006666666666666666,0.0004944132324730443,0.36666666666666664,0.04216370213557839,0.3,0.051639777949432225,2.418649117995907,0.13892673642328746,337963690.6666667,7560659.68879215
confounded-pc,mixed,0,kvik,loading_q1,6,1202,1.0114499436103854,0.059721499965082546,0.047794473182988566,0.00403728027275729,0.011508380232433285,0.003913341237207926,0.0007751937984496124,0.0007751937984496124,0.36666666666666664,0.04216370213557839,0.3,0.051639777949432225,2.418649117995907,0.13892673642328746,337963690.6666667,7560659.68879215
confounded-pc,mixed,0,kvik,loading_q2,6,1181,0.968919696253845,0.07025335857847526,0.050890637523475495,0.0034954209171469968,0.014327796283588443,0.002696740732125061,0.0,0.0,0.36666666666666664,0.04216370213557839,0.3,0.051639777949432225,2.418649117995907,0.13892673642328746,337963690.6666667,7560659.68879215
confounded-pc,mixed,0,kvik,loading_q3,6,1274,1.0299276652791638,0.04957632787248063,0.04911814759975172,0.008749736199470531,0.012489135666733778,0.0031866354493101444,0.0007974481658692185,0.0007974481658692185,0.36666666666666664,0.04216370213557839,0.3,0.051639777949432225,2.418649117995907,0.13892673642328746,337963690.6666667,7560659.68879215
confounded-pc,mixed,0,kvik,loading_q4,6,1157,1.0650273505295453,0.08154872774223822,0.051813579367562035,0.008788779740986885,0.006822985166288165,0.002033122169745101,0.0,0.0,0.36666666666666664,0.04216370213557839,0.3,0.051639777949432225,2.418649117995907,0.13892673642328746,337963690.6666667,7560659.68879215
confounded-pc,mixed,0,kvik,loading_q5,6,1186,1.1073861359198347,0.0839542963054461,0.052545487200942036,0.008342497848998728,0.011745976545387065,0.0016361417516732783,0.001706973835088085,0.0010846113241508482,0.36666666666666664,0.04216370213557839,0.3,0.051639777949432225,2.418649117995907,0.13892673642328746,337963690.6666667,7560659.68879215
confounded-pc,mixed,0,kvik,maf_q1,6,1217,1.1141475068889122,0.10309017045843166,0.057031320908561355,0.008392391334739112,0.01378096632572528,0.00317858103302528,0.0008417508417508418,0.0008417508417508418,0.36666666666666664,0.04216370213557839,0.3,0.051639777949432225,2.418649117995907,0.13892673642328746,337963690.6666667,7560659.68879215
confounded-pc,mixed,0,kvik,maf_q2,6,1174,0.977541447678305,0.03125369589578455,0.045789211429625866,0.005529420009969795,0.008335926963377944,0.004041115321729575,0.0007936507936507938,0.0007936507936507939,0.36666666666666664,0.04216370213557839,0.3,0.051639777949432225,2.418649117995907,0.13892673642328746,337963690.6666667,7560659.68879215
confounded-pc,mixed,0,kvik,maf_q3,6,1194,1.0519764365019908,0.029721865897308287,0.056998153343609005,0.00379926827552181,0.013412603784432127,0.002491065517916624,0.0,0.0,0.36666666666666664,0.04216370213557839,0.3,0.051639777949432225,2.418649117995907,0.13892673642328746,337963690.6666667,7560659.68879215
confounded-pc,mixed,0,kvik,maf_q4,6,1192,1.0758239823152536,0.027658667725938314,0.05380539793046477,0.008162927745315959,0.014297464439645554,0.0052853095296235076,0.0008291873963515755,0.0008291873963515756,0.36666666666666664,0.04216370213557839,0.3,0.051639777949432225,2.418649117995907,0.13892673642328746,337963690.6666667,7560659.68879215
confounded-pc,mixed,0,kvik,maf_q5,6,1223,1.0050454812027316,0.04937598358235295,0.03850974075360785,0.007366677183022127,0.007260826766445215,0.0027682110352275557,0.0008169934640522876,0.0008169934640522878,0.36666666666666664,0.04216370213557839,0.3,0.051639777949432225,2.418649117995907,0.13892673642328746,337963690.6666667,7560659.68879215
confounded-pc,mixed,0,kvik,ld_q1,6,1159,1.04928639107422,0.08822459075289861,0.05790422189348702,0.009485808178196862,0.01143498814074507,0.003557384078318457,0.0,0.0,0.36666666666666664,0.04216370213557839,0.3,0.051639777949432225,2.418649117995907,0.13892673642328746,337963690.6666667,7560659.68879215
confounded-pc,mixed,0,kvik,ld_q2,6,1229,0.9646464162668513,0.051108080568483746,0.047760695209891825,0.009435648026921269,0.012304534529333222,0.004276356504730855,0.0008503401360544217,0.0008503401360544217,0.36666666666666664,0.04216370213557839,0.3,0.051639777949432225,2.418649117995907,0.13892673642328746,337963690.6666667,7560659.68879215
confounded-pc,mixed,0,kvik,ld_q3,6,1211,1.061408216967325,0.03332643168452294,0.043868113787896505,0.004882004663014052,0.00819093567451241,0.003250224827027905,0.0008012820512820514,0.0008012820512820514,0.36666666666666664,0.04216370213557839,0.3,0.051639777949432225,2.418649117995907,0.13892673642328746,337963690.6666667,7560659.68879215
confounded-pc,mixed,0,kvik,ld_q4,6,1211,1.130726752790162,0.055061856039232526,0.05789554156016096,0.0071259984710176924,0.016548468993311614,0.0029446526169775345,0.0007861635220125786,0.0007861635220125788,0.36666666666666664,0.04216370213557839,0.3,0.051639777949432225,2.418649117995907,0.13892673642328746,337963690.6666667,7560659.68879215
confounded-pc,mixed,0,kvik,ld_q5,6,1190,1.0343740454590595,0.05702221705936912,0.04817259439498651,0.007378235905828119,0.009554189219810862,0.003771322425051878,0.0007861635220125786,0.0007861635220125788,0.36666666666666664,0.04216370213557839,0.3,0.051639777949432225,2.418649117995907,0.13892673642328746,337963690.6666667,7560659.68879215
confounded-pc,mixed,0,ldak-kvik,all,6,6000,0.9489784901617546,0.01926855892758813,0.042833333333333334,0.00256146659379175,0.011666666666666665,0.0014063348739819326,0.0005,0.00022360679774997898,0.36666666666666664,0.04216370213557839,0.31666666666666665,0.04772607021092118,0.6480293750064448,0.10834564754820258,45088768.0,383679.5590989961
confounded-pc,mixed,0,ldak-kvik,loading_q1,6,1202,1.0240945236715324,0.08110772846936806,0.048611495958937094,0.005143110046101065,0.013050091464066995,0.004803673153919168,0.0,0.0,0.36666666666666664,0.04216370213557839,0.31666666666666665,0.04772607021092118,0.6480293750064448,0.10834564754820258,45088768.0,383679.5590989961
confounded-pc,mixed,0,ldak-kvik,loading_q2,6,1181,0.9270719390725194,0.06684366370067217,0.04413986018865715,0.0022401073578810497,0.012696593036005887,0.002810171597039521,0.0008291873963515755,0.0008291873963515756,0.36666666666666664,0.04216370213557839,0.31666666666666665,0.04772607021092118,0.6480293750064448,0.10834564754820258,45088768.0,383679.5590989961
confounded-pc,mixed,0,ldak-kvik,loading_q3,6,1274,0.9953450170247652,0.07364985204749391,0.04216085422352938,0.006437764567824855,0.013347447862852356,0.0031195098862906168,0.0007974481658692185,0.0007974481658692185,0.36666666666666664,0.04216370213557839,0.31666666666666665,0.04772607021092118,0.6480293750064448,0.10834564754820258,45088768.0,383679.5590989961
confounded-pc,mixed,0,ldak-kvik,loading_q4,6,1157,0.9381313964846775,0.050981236171308696,0.0430033839066624,0.0069401356137742025,0.006958621895157807,0.0011512027961224406,0.0,0.0,0.36666666666666664,0.04216370213557839,0.31666666666666665,0.04772607021092118,0.6480293750064448,0.10834564754820258,45088768.0,383679.5590989961
confounded-pc,mixed,0,ldak-kvik,loading_q5,6,1186,0.9401978992316712,0.06388022651202792,0.03556134542989279,0.007528510229901859,0.011745976545387065,0.0016361417516732783,0.0007861635220125786,0.0007861635220125788,0.36666666666666664,0.04216370213557839,0.31666666666666665,0.04772607021092118,0.6480293750064448,0.10834564754820258,45088768.0,383679.5590989961
confounded-pc,mixed,0,ldak-kvik,maf_q1,6,1217,1.0646659650041603,0.08528439216744696,0.046119057157507214,0.004799283548146413,0.014570855741207112,0.003060713688601176,0.0,0.0,0.36666666666666664,0.04216370213557839,0.31666666666666665,0.04772607021092118,0.6480293750064448,0.10834564754820258,45088768.0,383679.5590989961
confounded-pc,mixed,0,ldak-kvik,maf_q2,6,1174,0.9043815038217589,0.0411433478189667,0.03643472607255659,0.007232778049871012,0.010805677750290647,0.004309162590010219,0.001675485008818342,0.0010618690104755113,0.36666666666666664,0.04216370213557839,0.31666666666666665,0.04772607021092118,0.6480293750064448,0.10834564754820258,45088768.0,383679.5590989961
confounded-pc,mixed,0,ldak-kvik,maf_q3,6,1194,0.9538922551751998,0.05815757139544498,0.05098031350121992,0.0017174525210348567,0.009154606879376399,0.0007378890002139373,0.0,0.0,0.36666666666666664,0.04216370213557839,0.31666666666666665,0.04772607021092118,0.6480293750064448,0.10834564754820258,45088768.0,383679.5590989961
confounded-pc,mixed,0,ldak-kvik,maf_q4,6,1192,0.9566456834820825,0.0425476810456385,0.04446230511116906,0.006188820349788996,0.013497380903418003,0.004255943707375629,0.0,0.0,0.36666666666666664,0.04216370213557839,0.31666666666666665,0.04772607021092118,0.6480293750064448,0.10834564754820258,45088768.0,383679.5590989961
confounded-pc,mixed,0,ldak-kvik,maf_q5,6,1223,0.9746634357166896,0.06289776954017438,0.035276556053799916,0.0050188989469507434,0.009585604894939119,0.0027724993811663653,0.0008169934640522876,0.0008169934640522878,0.36666666666666664,0.04216370213557839,0.31666666666666665,0.04772607021092118,0.6480293750064448,0.10834564754820258,45088768.0,383679.5590989961
confounded-pc,mixed,0,ldak-kvik,ld_q1,6,1159,0.9977824800990085,0.0891683207766448,0.04765464025924454,0.010544515772893464,0.012426493431422816,0.0032421279874872548,0.0009523809523809524,0.0009523809523809524,0.36666666666666664,0.04216370213557839,0.31666666666666665,0.04772607021092118,0.6480293750064448,0.10834564754820258,45088768.0,383679.5590989961
confounded-pc,mixed,0,ldak-kvik,ld_q2,6,1229,0.8562754296571436,0.03318976727523597,0.03829618451205573,0.006830222913499369,0.012236667006737327,0.003132158513594462,0.0,0.0,0.36666666666666664,0.04216370213557839,0.31666666666666665,0.04772607021092118,0.6480293750064448,0.10834564754820258,45088768.0,383679.5590989961
confounded-pc,mixed,0,ldak-kvik,ld_q3,6,1211,0.9309420417456692,0.04393347171868397,0.03797465809901784,0.0052096158331899215,0.010522083010214187,0.0033739044280667006,0.0008012820512820514,0.0008012820512820514,0.36666666666666664,0.04216370213557839,0.31666666666666665,0.04772607021092118,0.6480293750064448,0.10834564754820258,45088768.0,383679.5590989961
confounded-pc,mixed,0,ldak-kvik,ld_q4,6,1211,1.0708082350254278,0.027940387603300098,0.04720911795924748,0.006915645759262401,0.0158533349317426,0.0025792777777571187,0.0,0.0,0.36666666666666664,0.04216370213557839,0.31666666666666665,0.04772607021092118,0.6480293750064448,0.10834564754820258,45088768.0,383679.5590989961
confounded-pc,mixed,0,ldak-kvik,ld_q5,6,1190,0.9500985396130585,0.0389907213295767,0.04501663797081104,0.007611417319512035,0.007831696109783301,0.003737456990406228,0.0007861635220125786,0.0007861635220125788,0.36666666666666664,0.04216370213557839,0.31666666666666665,0.04772607021092118,0.6480293750064448,0.10834564754820258,45088768.0,383679.5590989961
confounded-pc,null,0,bolt-inf,all,6,36000,1.011010370622312,0.007615263792712921,0.05044444444444444,0.0005832010432004758,0.009694444444444443,0.0005984805864400943,0.0008055555555555556,0.00013205404804449684,nan,nan,nan,nan,1.8234616111634143,0.10640609839828319,300493482.6666667,5330998.226658936
confounded-pc,null,0,bolt-inf,loading_q1,6,7200,1.0148302829224862,0.019132414882801773,0.04875000000000001,0.002667968432263688,0.010416666666666666,0.0013735261461195686,0.0009722222222222223,0.00039771725175767657,nan,nan,nan,nan,1.8234616111634143,0.10640609839828319,300493482.6666667,5330998.226658936
confounded-pc,null,0,bolt-inf,loading_q2,6,7200,0.9870104852803747,0.009976076708541856,0.04652777777777778,0.0016585450265031313,0.009305555555555556,0.0008717974903597346,0.0008333333333333334,0.000372677996249965,nan,nan,nan,nan,1.8234616111634143,0.10640609839828319,300493482.6666667,5330998.226658936
confounded-pc,null,0,bolt-inf,loading_q3,6,7200,1.0132278832829023,0.044340319324722974,0.050277777777777775,0.0014855268841245494,0.009305555555555556,0.00108475689943148,0.0004166666666666667,0.00018633899812498252,nan,nan,nan,nan,1.8234616111634143,0.10640609839828319,300493482.6666667,5330998.226658936
confounded-pc,null,0,bolt-inf,loading_q4,6,7200,1.045819440527386,0.010748838897875491,0.052083333333333336,0.001784060080370157,0.01,0.0014272480642961258,0.0009722222222222223,0.0001388888888888889,nan,nan,nan,nan,1.8234616111634143,0.10640609839828319,300493482.6666667,5330998.226658936
confounded-pc,null,0,bolt-inf,loading_q5,6,7200,1.0023244414637715,0.030918759581785575,0.05458333333333334,0.0023248855009639926,0.009444444444444445,0.0016197088596792502,0.0008333333333333334,0.00043033148291193526,nan,nan,nan,nan,1.8234616111634143,0.10640609839828319,300493482.6666667,5330998.226658936
confounded-pc,null,0,bolt-inf,maf_q1,6,7159,0.9638936554412547,0.015231457878920295,0.047200867307292844,0.002108849726474875,0.010468658388739527,0.0011297685672791993,0.0006966593856635074,0.00039816519642420895,nan,nan,nan,nan,1.8234616111634143,0.10640609839828319,300493482.6666667,5330998.226658936
confounded-pc,null,0,bolt-inf,maf_q2,6,7172,1.0006108260053341,0.02010916530251733,0.0513189670611451,0.0013069796749422462,0.011011543823300461,0.0010613975937249095,0.0011159204899004176,0.000353152508059146,nan,nan,nan,nan,1.8234616111634143,0.10640609839828319,300493482.6666667,5330998.226658936
confounded-pc,null,0,bolt-inf,maf_q3,6,7234,0.9977014516156547,0.013734303661582799,0.051849587092961585,0.0012357257129160944,0.00843119955472559,0.0012759325518165168,0.0011060636505805888,0.00046293856500794633,nan,nan,nan,nan,1.8234616111634143,0.10640609839828319,300493482.6666667,5330998.226658936
confounded-pc,null,0,bolt-inf,maf_q4,6,7199,1.0402928594231762,0.036551861848514826,0.05432133832872446,0.0009285681641311813,0.010831203887783932,0.0012651530506327933,0.0005553451899508968,0.0002785804585008272,nan,nan,nan,nan,1.8234616111634143,0.10640609839828319,300493482.6666667,5330998.226658936
confounded-pc,null,0,bolt-inf,maf_q5,6,7236,1.0589737860753778,0.012937864713325647,0.04752064817101293,0.0028000931661039063,0.0077335104800745095,0.0009386567198055937,0.0005509743986816885,0.0002750786302159545,nan,nan,nan,nan,1.8234616111634143,0.10640609839828319,300493482.6666667,5330998.226658936
confounded-pc,null,0,bolt-inf,ld_q1,6,7200,1.0033207296560505,0.02379406977099119,0.05319444444444444,0.0014659194224398622,0.011944444444444445,0.0012484558363469022,0.001388888888888889,0.0005121969142940495,nan,nan,nan,nan,1.8234616111634143,0.10640609839828319,300493482.6666667,5330998.226658936
confounded-pc,null,0,bolt-inf,ld_q2,6,7200,1.0412754559106456,0.0181202499752642,0.050277777777777775,0.002093493742379641,0.008333333333333333,0.000937885723118563,0.0008333333333333334,0.0005692750425533112,nan,nan,nan,nan,1.8234616111634143,0.10640609839828319,300493482.6666667,5330998.226658936
confounded-pc,null,0,bolt-inf,ld_q3,6,7200,1.001835193481136,0.021198218555712498,0.04361111111111111,0.0023240556292613204,0.007638888888888889,0.0007881256088395061,0.0005555555555555556,0.00027777777777777783,nan,nan,nan,nan,1.8234616111634143,0.10640609839828319,300493482.6666667,5330998.226658936
confounded-pc,null,0,bolt-inf,ld_q4,6,7200,1.0035784729790842,0.03987807899069911,0.05361111111111111,0.0022737091032979024,0.009861111111111112,0.0016585450265031313,0.0002777777777777778,0.00027777777777777783,nan,nan,nan,nan,1.8234616111634143,0.10640609839828319,300493482.6666667,5330998.226658936
confounded-pc,null,0,bolt-inf,ld_q5,6,7200,1.0189992717094858,0.028702147258220234,0.05152777777777778,0.0017402727897418984,0.010694444444444444,0.001542854897444313,0.0009722222222222223,0.00025609845714702473,nan,nan,nan,nan,1.8234616111634143,0.10640609839828319,300493482.6666667,5330998.226658936
confounded-pc,null,0,exact,all,6,36000,1.0114793173367045,0.008359749936236758,0.05066666666666666,0.0005900408021045227,0.009833333333333333,0.0005708992257184503,0.0007777777777777777,0.00014054567378526134,nan,nan,nan,nan,2.5913318263289207,0.22241759447381237,494013098.6666667,2649691.534015267
confounded-pc,null,0,exact,loading_q1,6,7200,1.0175236186880234,0.02006234986995398,0.04861111111111111,0.002314073955517615,0.010555555555555556,0.0012850037229133753,0.0008333333333333334,0.000372677996249965,nan,nan,nan,nan,2.5913318263289207,0.22241759447381237,494013098.6666667,2649691.534015267
confounded-pc,null,0,exact,loading_q2,6,7200,0.9919651471356379,0.012199827749269272,0.04694444444444445,0.001662030589072399,0.009444444444444445,0.0008784104611578834,0.0006944444444444445,0.00025609845714702473,nan,nan,nan,nan,2.5913318263289207,0.22241759447381237,494013098.6666667,2649691.534015267
confounded-pc,null,0,exact,loading_q3,6,7200,1.0085571213869402,0.04191350201511003,0.049999999999999996,0.0015811388300841897,0.009166666666666667,0.001097134314340639,0.0005555555555555556,0.00017568209223157665,nan,nan,nan,nan,2.5913318263289207,0.22241759447381237,494013098.6666667,2649691.534015267
confounded-pc,null,0,exact,loading_q4,6,7200,1.0472213409790834,0.0096904886407816,0.05291666666666667,0.001969089844271921,0.010416666666666666,0.0013902770840269112,0.0009722222222222223,0.0001388888888888889,nan,nan,nan,nan,2.5913318263289207,0.22241759447381237,494013098.6666667,2649691.534015267
confounded-pc,null,0,exact,loading_q5,6,7200,1.0030123226426617,0.031028308735725693,0.05486111111111112,0.002522277287700419,0.009583333333333333,0.0016631908199914117,0.0008333333333333334,0.00043033148291193526,nan,nan,nan,nan,2.5913318263289207,0.22241759447381237,494013098.6666667,2649691.534015267
confounded-pc,null,0,exact,maf_q1,6,7159,0.9597920577813751,0.01440829425280375,0.047762049190222554,0.002111562382113845,0.010329653662578838,0.0010872778974693735,0.0006966593856635074,0.00039816519642420895,nan,nan,nan,nan,2.5913318263289207,0.22241759447381237,494013098.6666667,2649691.534015267
confounded-pc,null,0,exact,maf_q2,6,7172,1.0035568171612494,0.02022914702756084,0.051318776424333724,0.0010040595411059264,0.010870545832074675,0.001252779529833468,0.0009764504759534162,0.00025762373098026423,nan,nan,nan,nan,2.5913318263289207,0.22241759447381237,494013098.6666667,2649691.534015267
confounded-pc,null,0,exact,maf_q3,6,7234,0.9912688731097377,0.01376857714076526,0.05198665754007777,0.0011490613984433719,0.008847058822627787,0.0012075672137425264,0.0011060636505805888,0.00046293856500794633,nan,nan,nan,nan,2.5913318263289207,0.22241759447381237,494013098.6666667,2649691.534015267
confounded-pc,null,0,exact,maf_q4,6,7199,1.0412968396103526,0.03754825162987163,0.054184522511464335,0.0010343222685964264,0.010972893726278507,0.0012424979111728858,0.00041575836694698827,0.0001859397530352163,nan,nan,nan,nan,2.5913318263289207,0.22241759447381237,494013098.6666667,2649691.534015267
confounded-pc,null,0,exact,maf_q5,6,7236,1.0542170320567288,0.01647491998326783,0.04807139185773366,0.0031537458925893075,0.008149254868503352,0.0007727381355189696,0.0006897476432001453,0.00033250758842623483,nan,nan,nan,nan,2.5913318263289207,0.22241759447381237,494013098.6666667,2649691.534015267
confounded-pc,null,0,exact,ld_q1,6,7200,0.9988653223364081,0.021931259057948634,0.05361111111111111,0.0015614965913950214,0.012222222222222223,0.0009043789220055393,0.001388888888888889,0.0005121969142940495,nan,nan,nan,nan,2.5913318263289207,0.22241759447381237,494013098.6666667,2649691.534015267
confounded-pc,null,0,exact,ld_q2,6,7200,1.040623873115993,0.020582910846228698,0.04986111111111111,0.0018809063352477995,0.008333333333333333,0.000937885723118563,0.0008333333333333334,0.0005692750425533112,nan,nan,nan,nan,2.5913318263289207,0.22241759447381237,494013098.6666667,2649691.534015267
confounded-pc,null,0,exact,ld_q3,6,7200,0.9916931824097733,0.024764109626581172,0.04416666666666667,0.0023174059571793564,0.007916666666666667,0.0007978559231302817,0.0005555555555555556,0.00027777777777777783,nan,nan,nan,nan,2.5913318263289207,0.22241759447381237,494013098.6666667,2649691.534015267
confounded-pc,null,0,exact,ld_q4,6,7200,0.9938316774364567,0.03692398853822956,0.05402777777777778,0.0025405659425887725,0.01013888888888889,0.0017402727897418984,0.0002777777777777778,0.00017568209223157665,nan,nan,nan,nan,2.5913318263289207,0.22241759447381237,494013098.6666667,2649691.534015267
confounded-pc,null,0,exact,ld_q5,6,7200,1.02229685318868,0.02891323055062677,0.05166666666666667,0.0016386534670836254,0.010555555555555554,0.0015908690070307058,0.0008333333333333334,0.00021516574145596763,nan,nan,nan,nan,2.5913318263289207,0.22241759447381237,494013098.6666667,2649691.534015267
confounded-pc,null,0,kvik,all,6,36000,1.0107705838328565,0.007342466772351313,0.050527777777777776,0.0006167667586437364,0.009666666666666665,0.0006085806194501847,0.0007777777777777778,0.00013379549531991443,nan,nan,nan,nan,2.1793523331774245,0.1834083453984912,333351594.6666667,8535154.515507178
confounded-pc,null,0,kvik,loading_q1,6,7200,1.014952206156013,0.019390723767979526,0.04888888888888889,0.0026234931006927998,0.010416666666666666,0.0015176431532941928,0.0009722222222222223,0.00039771725175767657,nan,nan,nan,nan,2.1793523331774245,0.1834083453984912,333351594.6666667,8535154.515507178
confounded-pc,null,0,kvik,loading_q2,6,7200,0.988405879751959,0.010456026642883805,0.04680555555555555,0.0016017448048153886,0.009305555555555556,0.0008717974903597346,0.0008333333333333334,0.000372677996249965,nan,nan,nan,nan,2.1793523331774245,0.1834083453984912,333351594.6666667,8535154.515507178
confounded-pc,null,0,kvik,loading_q3,6,7200,1.0145317535369587,0.04478727716906878,0.05000000000000001,0.0014272480642961263,0.009166666666666667,0.001097134314340639,0.0005555555555555556,0.00017568209223157665,nan,nan,nan,nan,2.1793523331774245,0.1834083453984912,333351594.6666667,8535154.515507178
confounded-pc,null,0,kvik,loading_q4,6,7200,1.0454952687036176,0.011331066985419823,0.052222222222222225,0.0018962275739862237,0.01,0.0014272480642961258,0.0008333333333333334,0.0,nan,nan,nan,nan,2.1793523331774245,0.1834083453984912,333351594.6666667,8535154.515507178
confounded-pc,null,0,kvik,loading_q5,6,7200,1.0006105664975093,0.03116025266493978,0.05472222222222223,0.002421610524189264,0.009444444444444445,0.0016197088596792502,0.0006944444444444445,0.000334488738299786,nan,nan,nan,nan,2.1793523331774245,0.1834083453984912,333351594.6666667,8535154.515507178
confounded-pc,null,0,kvik,maf_q1,6,7159,0.9615517289328673,0.014966190507488644,0.04692109366213459,0.002067469100481981,0.010468658388739527,0.0011297685672791993,0.0006966593856635074,0.00039816519642420895,nan,nan,nan,nan,2.1793523331774245,0.1834083453984912,333351594.6666667,8535154.515507178
confounded-pc,null,0,kvik,maf_q2,6,7172,1.0019949666503771,0.019393993242046256,0.05173358885967002,0.0010986411658611842,0.010871722794217687,0.0011161787649014592,0.0011159204899004176,0.000353152508059146,nan,nan,nan,nan,2.1793523331774245,0.1834083453984912,333351594.6666667,8535154.515507178
confounded-pc,null,0,kvik,maf_q3,6,7234,0.9972561584056399,0.014127670555784694,0.051849587092961585,0.0012357257129160944,0.008569512141170956,0.0013332462017245825,0.0011060636505805888,0.00046293856500794633,nan,nan,nan,nan,2.1793523331774245,0.1834083453984912,333351594.6666667,8535154.515507178
confounded-pc,null,0,kvik,maf_q4,6,7199,1.0402542943011548,0.03456257331686484,0.05432133832872446,0.0009285681641311813,0.010691030072252673,0.0012519445430007098,0.00027710057437904597,0.00017526114773122332,nan,nan,nan,nan,2.1793523331774245,0.1834083453984912,333351594.6666667,8535154.515507178
confounded-pc,null,0,kvik,maf_q5,6,7236,1.0578801585624582,0.012662988258422615,0.04779682180025247,0.0029182864820972887,0.0077335104800745095,0.0009386567198055937,0.0006897476432001453,0.00033250758842623483,nan,nan,nan,nan,2.1793523331774245,0.1834083453984912,333351594.6666667,8535154.515507178
confounded-pc,null,0,kvik,ld_q1,6,7200,1.000915735493965,0.025281094456156422,0.05319444444444444,0.0014659194224398622,0.011944444444444445,0.0012484558363469022,0.00125,0.0004689428615592815,nan,nan,nan,nan,2.1793523331774245,0.1834083453984912,333351594.6666667,8535154.515507178
confounded-pc,null,0,kvik,ld_q2,6,7200,1.0411365751021207,0.01781166741539661,0.050277777777777775,0.002093493742379641,0.008333333333333333,0.000937885723118563,0.0006944444444444445,0.0004521894610027696,nan,nan,nan,nan,2.1793523331774245,0.1834083453984912,333351594.6666667,8535154.515507178
confounded-pc,null,0,kvik,ld_q3,6,7200,1.002144037571627,0.02087610190603738,0.04374999999999999,0.0023643768265185178,0.007638888888888889,0.0007881256088395061,0.0005555555555555556,0.00027777777777777783,nan,nan,nan,nan,2.1793523331774245,0.1834083453984912,333351594.6666667,8535154.515507178
confounded-pc,null,0,kvik,ld_q4,6,7200,1.0035790067238897,0.040770398490111374,0.05361111111111111,0.0022737091032979024,0.009861111111111112,0.0016585450265031313,0.0004166666666666667,0.00028463752127665554,nan,nan,nan,nan,2.1793523331774245,0.1834083453984912,333351594.6666667,8535154.515507178
confounded-pc,null,0,kvik,ld_q5,6,7200,1.0195927502498883,0.028305081788899934,0.05180555555555555,0.0017402727897418984,0.010555555555555554,0.0015908690070307058,0.0009722222222222223,0.00025609845714702473,nan,nan,nan,nan,2.1793523331774245,0.1834083453984912,333351594.6666667,8535154.515507178
confounded-pc,null,0,ldak-kvik,all,6,36000,0.9466182071491348,0.007754332372387659,0.04313888888888889,0.0006602702402224839,0.009972222222222223,0.0006316009444945597,0.0009166666666666666,0.00017612074982385954,nan,nan,nan,nan,0.4269581321568694,0.07366874888068914,43177301.333333336,784981.8926982824
confounded-pc,null,0,ldak-kvik,loading_q1,6,7200,1.0059153696557281,0.017412005842514382,0.04791666666666666,0.0025344843876242583,0.010555555555555556,0.001355145657516719,0.0009722222222222223,0.000334488738299786,nan,nan,nan,nan,0.4269581321568694,0.07366874888068914,43177301.333333336,784981.8926982824
confounded-pc,null,0,ldak-kvik,loading_q2,6,7200,0.969419596645483,0.013719572940123076,0.04486111111111111,0.001953352610194352,0.009305555555555558,0.0008717974903597346,0.0009722222222222223,0.0003977172517576765,nan,nan,nan,nan,0.4269581321568694,0.07366874888068914,43177301.333333336,784981.8926982824
confounded-pc,null,0,ldak-kvik,loading_q3,6,7200,0.9685454323181694,0.04227311000369398,0.04527777777777778,0.0014218315435633034,0.009444444444444445,0.0009296222517045287,0.0006944444444444445,0.00025609845714702473,nan,nan,nan,nan,0.4269581321568694,0.07366874888068914,43177301.333333336,784981.8926982824
confounded-pc,null,0,ldak-kvik,loading_q4,6,7200,0.9554037920564352,0.010865352987760193,0.042777777777777776,0.0016053536974222102,0.010694444444444444,0.0013161508600535708,0.0011111111111111111,0.00017568209223157665,nan,nan,nan,nan,0.4269581321568694,0.07366874888068914,43177301.333333336,784981.8926982824
confounded-pc,null,0,ldak-kvik,loading_q5,6,7200,0.8369589915925402,0.02618177190263342,0.034861111111111114,0.0014816261503438424,0.00986111111111111,0.00163039228786991,0.0008333333333333334,0.00043033148291193526,nan,nan,nan,nan,0.4269581321568694,0.07366874888068914,43177301.333333336,784981.8926982824
confounded-pc,null,0,ldak-kvik,maf_q1,6,7159,0.9118642141008421,0.014406085316253299,0.04203566938856956,0.001991854738598602,0.010749834951967373,0.0010828593165877183,0.0008363632135483914,0.00037299100526094287,nan,nan,nan,nan,0.4269581321568694,0.07366874888068914,43177301.333333336,784981.8926982824
confounded-pc,null,0,ldak-kvik,maf_q2,6,7172,0.9397097317108619,0.01737530319714176,0.0444934295868423,0.0018387622175477538,0.011153083466473387,0.0012516878665148829,0.0012533208746214948,0.0003571745729323199,nan,nan,nan,nan,0.4269581321568694,0.07366874888068914,43177301.333333336,784981.8926982824
confounded-pc,null,0,ldak-kvik,maf_q3,6,7234,0.9310217819232743,0.01564127536989474,0.04396159556908444,0.0014343012558983399,0.008847289918948733,0.0013175246661402047,0.001244606183138084,0.000467201331929222,nan,nan,nan,nan,0.4269581321568694,0.07366874888068914,43177301.333333336,784981.8926982824
confounded-pc,null,0,ldak-kvik,maf_q4,6,7199,0.9751518262543981,0.036832785133103174,0.04543798261095517,0.0013169664996386466,0.010971608799636138,0.0011622892477400853,0.0005546472558358772,0.0001754024747914832,nan,nan,nan,nan,0.4269581321568694,0.07366874888068914,43177301.333333336,784981.8926982824
confounded-pc,null,0,ldak-kvik,maf_q5,6,7236,0.9877213072757215,0.013502227283082655,0.03978335520229521,0.0029591625126639365,0.00814902415654239,0.0008837348846856783,0.0006897476432001453,0.00033250758842623483,nan,nan,nan,nan,0.4269581321568694,0.07366874888068914,43177301.333333336,784981.8926982824
confounded-pc,null,0,ldak-kvik,ld_q1,6,7200,0.9349412227520894,0.019571965199299577,0.04597222222222223,0.0016862278011973545,0.012638888888888892,0.0009722222222222224,0.001388888888888889,0.0005121969142940495,nan,nan,nan,nan,0.4269581321568694,0.07366874888068914,43177301.333333336,784981.8926982824
confounded-pc,null,0,ldak-kvik,ld_q2,6,7200,0.9724768926873498,0.01509972046902636,0.04305555555555555,0.0017033010796395443,0.008055555555555554,0.0007657804862272347,0.0008333333333333334,0.0005692750425533112,nan,nan,nan,nan,0.4269581321568694,0.07366874888068914,43177301.333333336,784981.8926982824
confounded-pc,null,0,ldak-kvik,ld_q3,6,7200,0.9275924896913098,0.025922901658844585,0.037083333333333336,0.0016770509831248424,0.008055555555555555,0.000668977476599572,0.0005555555555555556,0.00027777777777777783,nan,nan,nan,nan,0.4269581321568694,0.07366874888068914,43177301.333333336,784981.8926982824
confounded-pc,null,0,ldak-kvik,ld_q4,6,7200,0.9313973104395977,0.042834386349454946,0.045138888888888895,0.0021017702708918825,0.010277777777777778,0.0018467522376216295,0.0006944444444444445,0.0005450393575096829,nan,nan,nan,nan,0.4269581321568694,0.07366874888068914,43177301.333333336,784981.8926982824
confounded-pc,null,0,ldak-kvik,ld_q5,6,7200,0.9563114277576985,0.029709495337243128,0.044444444444444446,0.0019563129846287787,0.010833333333333332,0.0016101529717988266,0.0011111111111111111,0.00027777777777777783,nan,nan,nan,nan,0.4269581321568694,0.07366874888068914,43177301.333333336,784981.8926982824
confounded,mixed,0,bolt-inf,all,6,6000,1.0792378779641583,0.021933093166340737,0.056833333333333326,0.0018333333333333337,0.011666666666666665,0.001960725489313699,0.0015000000000000002,0.0004281744192888378,0.35000000000000003,0.06191391873668904,0.2333333333333334,0.04944132324730442,1.9566134790075012,0.12395588624993541,289737386.6666667,4947355.671897751
confounded,mixed,0,bolt-inf,loading_q1,6,1202,1.1113129723680417,0.049640609655251744,0.05854081210449923,0.007444167130369742,0.016134642864133294,0.004600355248207614,0.0015503875968992248,0.0015503875968992248,0.35000000000000003,0.06191391873668904,0.2333333333333334,0.04944132324730442,1.9566134790075012,0.12395588624993541,289737386.6666667,4947355.671897751
confounded,mixed,0,bolt-inf,loading_q2,6,1181,1.0369278962044497,0.049126635049821524,0.05972731387307215,0.005516603117241518,0.015278523796815956,0.004387234654555741,0.001697242951907131,0.001073852827625516,0.35000000000000003,0.06191391873668904,0.2333333333333334,0.04944132324730442,1.9566134790075012,0.12395588624993541,289737386.6666667,4947355.671897751
confounded,mixed,0,bolt-inf,loading_q3,6,1274,1.1395300504518187,0.0682029809531626,0.05927537356585691,0.0073683412842321565,0.009315532760341506,0.003354796813596691,0.001505266734624533,0.0009521925330032414,0.35000000000000003,0.06191391873668904,0.2333333333333334,0.04944132324730442,1.9566134790075012,0.12395588624993541,289737386.6666667,4947355.671897751
confounded,mixed,0,bolt-inf,loading_q4,6,1157,1.0900363042762142,0.08236261813699616,0.056164318199972744,0.003237243142698234,0.007730472680710976,0.002297733810609063,0.0017287590458322166,0.001096255802001968,0.35000000000000003,0.06191391873668904,0.2333333333333334,0.04944132324730442,1.9566134790075012,0.12395588624993541,289737386.6666667,4947355.671897751
confounded,mixed,0,bolt-inf,loading_q5,6,1186,1.0122527684411455,0.07938665457098801,0.049995541222308114,0.009588578080906459,0.009405318502974637,0.0021386052909798552,0.0007861635220125786,0.0007861635220125788,0.35000000000000003,0.06191391873668904,0.2333333333333334,0.04944132324730442,1.9566134790075012,0.12395588624993541,289737386.6666667,4947355.671897751
confounded,mixed,0,bolt-inf,maf_q1,6,1217,1.194578483561732,0.10497104108850512,0.06583597946005026,0.008279264018326413,0.013207909123145746,0.0042625847976523875,0.0016316402572326746,0.001032721519156891,0.35000000000000003,0.06191391873668904,0.2333333333333334,0.04944132324730442,1.9566134790075012,0.12395588624993541,289737386.6666667,4947355.671897751
confounded,mixed,0,bolt-inf,maf_q2,6,1174,1.11577303157362,0.0855149352644385,0.055357725365719083,0.0037671268702193445,0.010077487923635345,0.004023311344830074,0.001698827679219836,0.0010756062417429982,0.35000000000000003,0.06191391873668904,0.2333333333333334,0.04944132324730442,1.9566134790075012,0.12395588624993541,289737386.6666667,4947355.671897751
confounded,mixed,0,bolt-inf,maf_q3,6,1194,1.058293561899521,0.04302659617436119,0.059023931594197554,0.006831747047398858,0.011794512880626938,0.0017853153875105985,0.0016835016835016836,0.0016835016835016836,0.35000000000000003,0.06191391873668904,0.2333333333333334,0.04944132324730442,1.9566134790075012,0.12395588624993541,289737386.6666667,4947355.671897751
confounded,mixed,0,bolt-inf,maf_q4,6,1192,1.064930393314143,0.09045140022136988,0.04949298229728404,0.0019671552990614214,0.013453346710196106,0.0033849321548652025,0.0008460236886632825,0.0008460236886632827,0.35000000000000003,0.06191391873668904,0.2333333333333334,0.04944132324730442,1.9566134790075012,0.12395588624993541,289737386.6666667,4947355.671897751
confounded,mixed,0,bolt-inf,maf_q5,6,1223,1.0342176891874677,0.10434921676212824,0.05408967591149271,0.005853139837759138,0.009603760305251391,0.002281372323998153,0.0015885984023238924,0.0010053327929148317,0.35000000000000003,0.06191391873668904,0.2333333333333334,0.04944132324730442,1.9566134790075012,0.12395588624993541,289737386.6666667,4947355.671897751
confounded,mixed,0,bolt-inf,ld_q1,6,1159,1.1032347363047188,0.03628837331215836,0.06415656766835807,0.011572741186729562,0.013313573131069805,0.0054331911976623435,0.0018532818532818532,0.001172796473605613,0.35000000000000003,0.06191391873668904,0.2333333333333334,0.04944132324730442,1.9566134790075012,0.12395588624993541,289737386.6666667,4947355.671897751
confounded,mixed,0,bolt-inf,ld_q2,6,1229,1.0189067253869133,0.053782507943292944,0.050989599657751565,0.009756496181750687,0.009052927157796207,0.003569676668675952,0.0017610869484405783,0.001114791584070479,0.35000000000000003,0.06191391873668904,0.2333333333333334,0.04944132324730442,1.9566134790075012,0.12395588624993541,289737386.6666667,4947355.671897751
confounded,mixed,0,bolt-inf,ld_q3,6,1211,1.1077308579913343,0.07302873345563701,0.05284674212282638,0.004659787554952656,0.011376408112145181,0.0013776646355050828,0.0008012820512820514,0.0008012820512820514,0.35000000000000003,0.06191391873668904,0.2333333333333334,0.04944132324730442,1.9566134790075012,0.12395588624993541,289737386.6666667,4947355.671897751
confounded,mixed,0,bolt-inf,ld_q4,6,1211,1.1688303796968027,0.07326093537391318,0.06457200292068173,0.004523401081964315,0.010548295015179001,0.005605797083476467,0.0008771929824561404,0.0008771929824561404,0.35000000000000003,0.06191391873668904,0.2333333333333334,0.04944132324730442,1.9566134790075012,0.12395588624993541,289737386.6666667,4947355.671897751
confounded,mixed,0,bolt-inf,ld_q5,6,1190,0.9948961694749366,0.04726463413338248,0.05392078695864622,0.008473581523247226,0.014331350581122995,0.003374139601022249,0.002541319292087173,0.0016738366776199258,0.35000000000000003,0.06191391873668904,0.2333333333333334,0.04944132324730442,1.9566134790075012,0.12395588624993541,289737386.6666667,4947355.671897751
confounded,mixed,0,exact,all,6,6000,1.058788963482135,0.01678244632350063,0.05466666666666667,0.001308094458023239,0.011166666666666665,0.0015793810320642847,0.0016666666666666668,0.00042163702135578394,0.35000000000000003,0.06191391873668904,0.2166666666666667,0.04772607021092118,2.5492257778532803,0.09567831999003461,491528192.0,4603584.763309219
confounded,mixed,0,exact,loading_q1,6,1202,1.044365227104308,0.04759098187992344,0.049980212205128625,0.006684693546209541,0.012847720197365664,0.0038203938093524523,0.0015503875968992248,0.0015503875968992248,0.35000000000000003,0.06191391873668904,0.2166666666666667,0.04772607021092118,2.5492257778532803,0.09567831999003461,491528192.0,4603584.763309219
confounded,mixed,0,exact,loading_q2,6,1181,0.988576953164638,0.05582527190264457,0.052430325793038086,0.0047775068754819724,0.013484542315334476,0.004311917556439404,0.0008291873963515755,0.0008291873963515756,0.35000000000000003,0.06191391873668904,0.2166666666666667,0.04772607021092118,2.5492257778532803,0.09567831999003461,491528192.0,4603584.763309219
confounded,mixed,0,exact,loading_q3,6,1274,1.083718661116845,0.06934850371029329,0.053840756368517824,0.005911901145085123,0.007012817859847754,0.0025828509171599815,0.001505266734624533,0.0009521925330032414,0.35000000000000003,0.06191391873668904,0.2166666666666667,0.04772607021092118,2.5492257778532803,0.09567831999003461,491528192.0,4603584.763309219
confounded,mixed,0,exact,loading_q4,6,1157,1.0867990035908743,0.0688846736362347,0.05625905105332629,0.0027645126062644455,0.009376814144125611,0.002472364628576201,0.0017287590458322166,0.001096255802001968,0.35000000000000003,0.06191391873668904,0.2166666666666667,0.04772607021092118,2.5492257778532803,0.09567831999003461,491528192.0,4603584.763309219
confounded,mixed,0,exact,loading_q5,6,1186,1.1157294260788475,0.07164543977874788,0.06120023031364147,0.010650410972636942,0.012776019874888194,0.002983859526335276,0.00263807253154991,0.0011864156362469196,0.35000000000000003,0.06191391873668904,0.2166666666666667,0.04772607021092118,2.5492257778532803,0.09567831999003461,491528192.0,4603584.763309219
confounded,mixed,0,exact,maf_q1,6,1217,1.180655249387207,0.10600750589915989,0.06504181719765599,0.007525106178729476,0.012366158281394903,0.0036224633303272107,0.0024733910989835164,0.0011071063145578668,0.35000000000000003,0.06191391873668904,0.2166666666666667,0.04772607021092118,2.5492257778532803,0.09567831999003461,491528192.0,4603584.763309219
confounded,mixed,0,exact,maf_q2,6,1174,1.087754289696002,0.09879901380000468,0.055455431661449846,0.005309819897448406,0.010936594452844969,0.003902998540244658,0.001698827679219836,0.0010756062417429982,0.35000000000000003,0.06191391873668904,0.2166666666666667,0.04772607021092118,2.5492257778532803,0.09567831999003461,491528192.0,4603584.763309219
confounded,mixed,0,exact,maf_q3,6,1194,1.0385226562717464,0.04119275378251547,0.05298394761303712,0.004266175238806904,0.013527257260430142,0.002657663589920397,0.0008417508417508418,0.0008417508417508418,0.35000000000000003,0.06191391873668904,0.2166666666666667,0.04772607021092118,2.5492257778532803,0.09567831999003461,491528192.0,4603584.763309219
confounded,mixed,0,exact,maf_q4,6,1192,1.0413392145560338,0.08562981053641026,0.047887942160484094,0.001967570603682542,0.01012195976136501,0.0037007430224039713,0.001675211085014858,0.001059576777862721,0.35000000000000003,0.06191391873668904,0.2166666666666667,0.04772607021092118,2.5492257778532803,0.09567831999003461,491528192.0,4603584.763309219
confounded,mixed,0,exact,maf_q5,6,1223,0.9993961134679603,0.09508178378399897,0.05139993694531142,0.00857329489675891,0.008599807961138572,0.003317212713368372,0.0015885984023238924,0.0010053327929148317,0.35000000000000003,0.06191391873668904,0.2166666666666667,0.04772607021092118,2.5492257778532803,0.09567831999003461,491528192.0,4603584.763309219
confounded,mixed,0,exact,ld_q1,6,1159,1.0792376936465404,0.04903068591073396,0.06179680907598955,0.012615330825561433,0.01338939152371988,0.0065503390631645305,0.0028056628056628056,0.0019373537778824932,0.35000000000000003,0.06191391873668904,0.2166666666666667,0.04772607021092118,2.5492257778532803,0.09567831999003461,491528192.0,4603584.763309219
confounded,mixed,0,exact,ld_q2,6,1229,1.0238203365735339,0.05246266082500896,0.04920820578407606,0.006577317182387654,0.009052927157796207,0.003569676668675952,0.0017610869484405783,0.001114791584070479,0.35000000000000003,0.06191391873668904,0.2166666666666667,0.04772607021092118,2.5492257778532803,0.09567831999003461,491528192.0,4603584.763309219
confounded,mixed,0,exact,ld_q3,6,1211,1.076899104061171,0.07853800082235222,0.04974427892872423,0.003959581676268447,0.010186956889429619,0.0035489990971851,0.0008012820512820514,0.0008012820512820514,0.35000000000000003,0.06191391873668904,0.2166666666666667,0.04772607021092118,2.5492257778532803,0.09567831999003461,491528192.0,4603584.763309219
confounded,mixed,0,exact,ld_q4,6,1211,1.1284926967107058,0.06250325739256697,0.06349163416998355,0.005077003381195882,0.009777250022435895,0.003816179083433404,0.001663356504468719,0.0010543594083539758,0.35000000000000003,0.06191391873668904,0.2166666666666667,0.04772607021092118,2.5492257778532803,0.09567831999003461,491528192.0,4603584.763309219
confounded,mixed,0,exact,ld_q5,6,1190,0.9712382837947308,0.04557043443754323,0.051415004269259844,0.00862546530772277,0.013423496574266622,0.0038310277695779845,0.001755155770074594,0.0011190551893145275,0.35000000000000003,0.06191391873668904,0.2166666666666667,0.04772607021092118,2.5492257778532803,0.09567831999003461,491528192.0,4603584.763309219
confounded,mixed,0,kvik,all,6,6000,0.8749364045271723,0.04133316276923066,0.0355,0.0036124783736376886,0.005166666666666667,0.0007031674369909663,0.0,0.0,0.3,0.05773502691896258,0.20000000000000004,0.05773502691896258,3.4494644303631503,0.2140538429660419,337829888.0,4219982.727082502
confounded,mixed,0,kvik,loading_q1,6,1202,0.8606494981889292,0.06392659126585076,0.026971438033563753,0.00489185955082981,0.0023549726294132775,0.0016145503023571796,0.0,0.0,0.3,0.05773502691896258,0.20000000000000004,0.05773502691896258,3.4494644303631503,0.2140538429660419,337829888.0,4219982.727082502
confounded,mixed,0,kvik,loading_q2,6,1181,0.8296106543956117,0.04844215004033632,0.04178133376403878,0.0063915266181123155,0.009470396829935343,0.003086388037187583,0.0,0.0,0.3,0.05773502691896258,0.20000000000000004,0.05773502691896258,3.4494644303631503,0.2140538429660419,337829888.0,4219982.727082502
confounded,mixed,0,kvik,loading_q3,6,1274,0.8790094485397225,0.053035705697210396,0.03128620829412834,0.0039126921804845845,0.00385491110609594,0.0018472618150156368,0.0,0.0,0.3,0.05773502691896258,0.20000000000000004,0.05773502691896258,3.4494644303631503,0.2140538429660419,337829888.0,4219982.727082502
confounded,mixed,0,kvik,loading_q4,6,1157,0.8968716060341745,0.029075249286295814,0.03401486467695758,0.0067188192531060335,0.006745895679873813,0.002476153774049883,0.0,0.0,0.3,0.05773502691896258,0.20000000000000004,0.05773502691896258,3.4494644303631503,0.2140538429660419,337829888.0,4219982.727082502
confounded,mixed,0,kvik,loading_q5,6,1186,0.9277074151077033,0.08238237114926836,0.043022810951283214,0.006536139133361663,0.0035414797739604167,0.0018300779630184717,0.0,0.0,0.3,0.05773502691896258,0.20000000000000004,0.05773502691896258,3.4494644303631503,0.2140538429660419,337829888.0,4219982.727082502
confounded,mixed,0,kvik,maf_q1,6,1217,0.9280878631284178,0.07145384242449476,0.036981413824656965,0.007782086028937115,0.008144541931424672,0.0032951448910449165,0.0,0.0,0.3,0.05773502691896258,0.20000000000000004,0.05773502691896258,3.4494644303631503,0.2140538429660419,337829888.0,4219982.727082502
confounded,mixed,0,kvik,maf_q2,6,1174,0.8592125537016847,0.06274058601123135,0.03799744978913289,0.008930651270711725,0.0034864589958366597,0.0017570112076536115,0.0,0.0,0.3,0.05773502691896258,0.20000000000000004,0.05773502691896258,3.4494644303631503,0.2140538429660419,337829888.0,4219982.727082502
confounded,mixed,0,kvik,maf_q3,6,1194,0.8800815975465514,0.0505868700209053,0.03939143211089854,0.002647080064237045,0.007635241353728749,0.0017664977327822705,0.0,0.0,0.3,0.05773502691896258,0.20000000000000004,0.05773502691896258,3.4494644303631503,0.2140538429660419,337829888.0,4219982.727082502
confounded,mixed,0,kvik,maf_q4,6,1192,0.8662889910840019,0.04708684905168716,0.033630747092122694,0.004106144639424663,0.005060396526147803,0.0022704279509186873,0.0,0.0,0.3,0.05773502691896258,0.20000000000000004,0.05773502691896258,3.4494644303631503,0.2140538429660419,337829888.0,4219982.727082502
confounded,mixed,0,kvik,maf_q5,6,1223,0.8604679311037433,0.06554690431065242,0.02895362446836702,0.004321056816945059,0.001552537134521927,0.000982929785801916,0.0,0.0,0.3,0.05773502691896258,0.20000000000000004,0.05773502691896258,3.4494644303631503,0.2140538429660419,337829888.0,4219982.727082502
confounded,mixed,0,kvik,ld_q1,6,1159,0.9807881894369287,0.05958244146455204,0.03703309318220969,0.007973350235070857,0.009913632565683485,0.004180603077261643,0.0,0.0,0.3,0.05773502691896258,0.20000000000000004,0.05773502691896258,3.4494644303631503,0.2140538429660419,337829888.0,4219982.727082502
confounded,mixed,0,kvik,ld_q2,6,1229,0.8064021870247142,0.059967088471264016,0.030975698033008314,0.008486715519876451,0.0034805254435168963,0.0017918374142591688,0.0,0.0,0.3,0.05773502691896258,0.20000000000000004,0.05773502691896258,3.4494644303631503,0.2140538429660419,337829888.0,4219982.727082502
confounded,mixed,0,kvik,ld_q3,6,1211,0.7882534708227084,0.08269706431256273,0.031708759434932926,0.005541561227375569,0.0023195340128978575,0.0016144674930578758,0.0,0.0,0.3,0.05773502691896258,0.20000000000000004,0.05773502691896258,3.4494644303631503,0.2140538429660419,337829888.0,4219982.727082502
confounded,mixed,0,kvik,ld_q4,6,1211,0.9804676226636849,0.05515208577581423,0.04180845684585808,0.006430400108368081,0.0035035548263604045,0.002673526326199805,0.0,0.0,0.3,0.05773502691896258,0.20000000000000004,0.05773502691896258,3.4494644303631503,0.2140538429660419,337829888.0,4219982.727082502
confounded,mixed,0,kvik,ld_q5,6,1190,0.93173586275578,0.07216091192026121,0.037714568523525865,0.006424511752085384,0.007756009575397272,0.0034257895389939613,0.0,0.0,0.3,0.05773502691896258,0.20000000000000004,0.05773502691896258,3.4494644303631503,0.2140538429660419,337829888.0,4219982.727082502
confounded,mixed,0,ldak-kvik,all,6,6000,3.309132058527659,1.397480736515806,0.1955,0.08854782135471582,0.122,0.06897922392527574,0.07383333333333333,0.04592560409086756,0.43333333333333335,0.0557773351022717,0.3,0.03651483716701108,1.3454812221461907,0.09675728722956002,42011306.666666664,433880.50657376985
confounded,mixed,0,ldak-kvik,loading_q1,6,1202,1.3572725381380686,0.23646461631850726,0.08709244764757458,0.0299898066434938,0.0270117582730096,0.013370162082068005,0.0076795297725530285,0.0049900626096697955,0.43333333333333335,0.0557773351022717,0.3,0.03651483716701108,1.3454812221461907,0.09675728722956002,42011306.666666664,433880.50657376985
confounded,mixed,0,ldak-kvik,loading_q2,6,1181,2.240249220554657,0.8029397904260093,0.15221044306382703,0.06544459296742167,0.0739950939178401,0.039475593632646896,0.022107238846816823,0.014144971181131623,0.43333333333333335,0.0557773351022717,0.3,0.03651483716701108,1.3454812221461907,0.09675728722956002,42011306.666666664,433880.50657376985
confounded,mixed,0,ldak-kvik,loading_q3,6,1274,3.4977230782566235,1.5624610377678285,0.1901941726958645,0.09232381790681757,0.11039398722199577,0.06546945994438662,0.05679957469431154,0.03593119540100735,0.43333333333333335,0.0557773351022717,0.3,0.03651483716701108,1.3454812221461907,0.09675728722956002,42011306.666666664,433880.50657376985
confounded,mixed,0,ldak-kvik,loading_q4,6,1157,4.946496622406218,2.4114918860615187,0.23755779760455897,0.1168749199103402,0.16183704117572004,0.09257434822855919,0.10086625920895582,0.06221411562151738,0.43333333333333335,0.0557773351022717,0.3,0.03651483716701108,1.3454812221461907,0.09675728722956002,42011306.666666664,433880.50657376985
confounded,mixed,0,ldak-kvik,loading_q5,6,1186,10.25935535942449,5.688193327168544,0.31554848931067886,0.14426489004745258,0.2423626641142321,0.13942640321036218,0.18592535703641633,0.11596203501733357,0.43333333333333335,0.0557773351022717,0.3,0.03651483716701108,1.3454812221461907,0.09675728722956002,42011306.666666664,433880.50657376985
confounded,mixed,0,ldak-kvik,maf_q1,6,1217,3.052833009988858,1.2574378839795861,0.19402771171562028,0.08020454580389519,0.10864640200660809,0.058128931647653335,0.05743162367586332,0.03488974330530199,0.43333333333333335,0.0557773351022717,0.3,0.03651483716701108,1.3454812221461907,0.09675728722956002,42011306.666666664,433880.50657376985
confounded,mixed,0,ldak-kvik,maf_q2,6,1174,3.412811633178635,1.4679164882020148,0.19679763698527272,0.09080976060957362,0.12700067684032426,0.0738282523193846,0.08237109658678286,0.05205419305331696,0.43333333333333335,0.0557773351022717,0.3,0.03651483716701108,1.3454812221461907,0.09675728722956002,42011306.666666664,433880.50657376985
confounded,mixed,0,ldak-kvik,maf_q3,6,1194,3.285403303599334,1.3587743440384796,0.1951707747808955,0.08676001930297299,0.12563013065532033,0.07012491099194978,0.07474252327193504,0.047650883153369385,0.43333333333333335,0.0557773351022717,0.3,0.03651483716701108,1.3454812221461907,0.09675728722956002,42011306.666666664,433880.50657376985
confounded,mixed,0,ldak-kvik,maf_q4,6,1192,3.5475883827132244,1.525203743336654,0.19790747137824272,0.09448430680760948,0.12622092665479653,0.07282792287478389,0.07974838687274288,0.04964674343508539,0.43333333333333335,0.0557773351022717,0.3,0.03651483716701108,1.3454812221461907,0.09675728722956002,42011306.666666664,433880.50657376985
confounded,mixed,0,ldak-kvik,maf_q5,6,1223,3.3641194148544913,1.4682608482408794,0.19239966714141435,0.0919549386337033,0.12217466620092128,0.0705228574312515,0.07445882037070194,0.046648644303248214,0.43333333333333335,0.0557773351022717,0.3,0.03651483716701108,1.3454812221461907,0.09675728722956002,42011306.666666664,433880.50657376985
confounded,mixed,0,ldak-kvik,ld_q1,6,1159,3.2877632318914856,1.3093859820991378,0.20205027251249463,0.08285895619699954,0.12460722331793073,0.06625113054251786,0.0817035883124992,0.04817747994941352,0.43333333333333335,0.0557773351022717,0.3,0.03651483716701108,1.3454812221461907,0.09675728722956002,42011306.666666664,433880.50657376985
confounded,mixed,0,ldak-kvik,ld_q2,6,1229,2.8857328483831566,1.1528455677297422,0.17576475162661118,0.08483056651722531,0.1059821912003075,0.05924563707669372,0.065240326010531,0.040467354142678755,0.43333333333333335,0.0557773351022717,0.3,0.03651483716701108,1.3454812221461907,0.09675728722956002,42011306.666666664,433880.50657376985
confounded,mixed,0,ldak-kvik,ld_q3,6,1211,3.405336221341493,1.5221368768813976,0.19527149160973065,0.0931438087760921,0.12278618366086312,0.06949195755847078,0.07203435609334485,0.045835155188528355,0.43333333333333335,0.0557773351022717,0.3,0.03651483716701108,1.3454812221461907,0.09675728722956002,42011306.666666664,433880.50657376985
confounded,mixed,0,ldak-kvik,ld_q4,6,1211,3.4095826525855117,1.4111010498256604,0.19989034933958513,0.08681364088896835,0.12377653761796285,0.07257459826842473,0.07803147692401179,0.04954885356086006,0.43333333333333335,0.0557773351022717,0.3,0.03651483716701108,1.3454812221461907,0.09675728722956002,42011306.666666664,433880.50657376985
confounded,mixed,0,ldak-kvik,ld_q5,6,1190,3.726405903594099,1.6663661893385693,0.206920363222883,0.095697428114114,0.13359887649157973,0.07753777040889384,0.07165057773877431,0.04541236277347395,0.43333333333333335,0.0557773351022717,0.3,0.03651483716701108,1.3454812221461907,0.09675728722956002,42011306.666666664,433880.50657376985
confounded,null,0,bolt-inf,all,6,36000,1.0540009573016094,0.007104694422272331,0.05783333333333334,0.0011879019787470308,0.011972222222222223,0.000566693899127776,0.001222222222222222,0.00016480441082434807,nan,nan,nan,nan,1.922267173504224,0.04964844884919366,289363285.3333333,8124427.4896258
confounded,null,0,bolt-inf,loading_q1,6,7200,1.0768568416235162,0.02210349196184082,0.05638888888888888,0.0032749517007087765,0.012638888888888889,0.0022196165278858867,0.0020833333333333333,0.000515949322805742,nan,nan,nan,nan,1.922267173504224,0.04964844884919366,289363285.3333333,8124427.4896258
confounded,null,0,bolt-inf,loading_q2,6,7200,1.0524848203384032,0.014545421248326727,0.05222222222222223,0.0017959144305827355,0.010555555555555556,0.0015908690070307063,0.00125,0.0003568120160740314,nan,nan,nan,nan,1.922267173504224,0.04964844884919366,289363285.3333333,8124427.4896258
confounded,null,0,bolt-inf,loading_q3,6,7200,1.0357641105231705,0.034914168631809565,0.05944444444444444,0.0016620305890723986,0.011944444444444445,0.0011317527104146316,0.0005555555555555556,0.00027777777777777783,nan,nan,nan,nan,1.922267173504224,0.04964844884919366,289363285.3333333,8124427.4896258
confounded,null,0,bolt-inf,loading_q4,6,7200,1.0992920787680875,0.017139270337247648,0.06277777777777778,0.0024120325940102678,0.013333333333333334,0.0012360330811826106,0.0009722222222222223,0.000334488738299786,nan,nan,nan,nan,1.922267173504224,0.04964844884919366,289363285.3333333,8124427.4896258
confounded,null,0,bolt-inf,loading_q5,6,7200,1.021959084423773,0.026033539665863602,0.05833333333333333,0.0018002057495577384,0.011388888888888888,0.001024393828588099,0.00125,0.00041666666666666675,nan,nan,nan,nan,1.922267173504224,0.04964844884919366,289363285.3333333,8124427.4896258
confounded,null,0,bolt-inf,maf_q1,6,7159,1.0113540723554428,0.010929327732365341,0.05726509260320991,0.0029591493478825425,0.012567386575130493,0.0021029441082252177,0.0013942524634413273,0.00046562516658364727,nan,nan,nan,nan,1.922267173504224,0.04964844884919366,289363285.3333333,8124427.4896258
confounded,null,0,bolt-inf,maf_q2,6,7172,1.0575007032436312,0.017332669764880675,0.05928355937672666,0.002492813781453961,0.013237460210483623,0.0011291249606988595,0.0012516022605313433,0.0003540472959299221,nan,nan,nan,nan,1.922267173504224,0.04964844884919366,289363285.3333333,8124427.4896258
confounded,null,0,bolt-inf,maf_q3,6,7234,1.0640677021931444,0.026358481708764918,0.05653883835321616,0.0011580701976197064,0.011615984968882517,0.001567095811278234,0.0015218076584723392,0.0003966196858806039,nan,nan,nan,nan,1.922267173504224,0.04964844884919366,289363285.3333333,8124427.4896258
confounded,null,0,bolt-inf,maf_q4,6,7199,1.0716431057373534,0.01841986187163369,0.05905057602696464,0.001944929318877474,0.012080769298276825,0.0016548202749908356,0.0013844468143074864,0.0004596338447555195,nan,nan,nan,nan,1.922267173504224,0.04964844884919366,289363285.3333333,8124427.4896258
confounded,null,0,bolt-inf,maf_q5,6,7236,1.0759756941989052,0.022878345776535233,0.05706836605415446,0.002815271574266467,0.010356005861558562,0.0013492104060603962,0.0005523472584790681,0.0002770022440952289,nan,nan,nan,nan,1.922267173504224,0.04964844884919366,289363285.3333333,8124427.4896258
confounded,null,0,bolt-inf,ld_q1,6,7200,1.0275766342394104,0.004915621049629033,0.05708333333333334,0.0022745573439926967,0.014027777777777778,0.001105890513188577,0.0016666666666666668,0.00030429030972509234,nan,nan,nan,nan,1.922267173504224,0.04964844884919366,289363285.3333333,8124427.4896258
confounded,null,0,bolt-inf,ld_q2,6,7200,1.0665085150489488,0.022146610077775786,0.05875,0.0012865040196566025,0.009722222222222222,0.0007027283689263067,0.00125,0.0005159493228057421,nan,nan,nan,nan,1.922267173504224,0.04964844884919366,289363285.3333333,8124427.4896258
confounded,null,0,bolt-inf,ld_q3,6,7200,1.0502101673709008,0.034680226076862254,0.052361111111111115,0.0030231871417143795,0.009305555555555556,0.0009722222222222224,0.0008333333333333334,0.00021516574145596763,nan,nan,nan,nan,1.922267173504224,0.04964844884919366,289363285.3333333,8124427.4896258
confounded,null,0,bolt-inf,ld_q4,6,7200,1.0628513504329844,0.029968192207022938,0.058888888888888886,0.0010467468711898205,0.012916666666666667,0.001026275177883954,0.0009722222222222223,0.0003977172517576765,nan,nan,nan,nan,1.922267173504224,0.04964844884919366,289363285.3333333,8124427.4896258
confounded,null,0,bolt-inf,ld_q5,6,7200,1.0690728115284198,0.030268866335882185,0.06208333333333333,0.0024603334612894943,0.01388888888888889,0.0008516505398197717,0.001388888888888889,0.00017568209223157665,nan,nan,nan,nan,1.922267173504224,0.04964844884919366,289363285.3333333,8124427.4896258
confounded,null,0,exact,all,6,36000,1.054483194401107,0.006095641479099238,0.0583888888888889,0.0008888888888888896,0.012194444444444445,0.00045829124385867435,0.0011666666666666668,0.0001551582227085438,nan,nan,nan,nan,2.3871452776753963,0.11591627513418085,490651648.0,4507813.778565984
confounded,null,0,exact,loading_q1,6,7200,1.0061426074085567,0.016884744955388595,0.04972222222222222,0.0024783008914661623,0.009583333333333334,0.001471173630762818,0.0016666666666666668,0.00043033148291193526,nan,nan,nan,nan,2.3871452776753963,0.11591627513418085,490651648.0,4507813.778565984
confounded,null,0,exact,loading_q2,6,7200,0.9989626123448838,0.013601932760766888,0.04763888888888889,0.0020572440512539474,0.008611111111111111,0.001090078715019366,0.0008333333333333334,0.00030429030972509234,nan,nan,nan,nan,2.3871452776753963,0.11591627513418085,490651648.0,4507813.778565984
confounded,null,0,exact,loading_q3,6,7200,1.0152136515163461,0.03140070505207235,0.057361111111111106,0.0016303922878699096,0.010833333333333334,0.001031898645611484,0.0005555555555555556,0.00027777777777777783,nan,nan,nan,nan,2.3871452776753963,0.11591627513418085,490651648.0,4507813.778565984
confounded,null,0,exact,loading_q4,6,7200,1.1119682618016815,0.01392052489156741,0.06430555555555556,0.00215613537448056,0.01388888888888889,0.0011111111111111115,0.0009722222222222223,0.000334488738299786,nan,nan,nan,nan,2.3871452776753963,0.11591627513418085,490651648.0,4507813.778565984
confounded,null,0,exact,loading_q5,6,7200,1.1252824170990439,0.02229413578759303,0.07291666666666667,0.002819820719281438,0.018055555555555554,0.001501028454011811,0.0018055555555555557,0.0005007710104811097,nan,nan,nan,nan,2.3871452776753963,0.11591627513418085,490651648.0,4507813.778565984
confounded,null,0,exact,maf_q1,6,7159,1.0028289224881248,0.010569660620529407,0.0572663591170983,0.002511213128219503,0.01256282151639175,0.0018191109329193786,0.0011155439093957539,0.000352332127899157,nan,nan,nan,nan,2.3871452776753963,0.11591627513418085,490651648.0,4507813.778565984
confounded,null,0,exact,maf_q2,6,7172,1.0525843285888816,0.013538782775125562,0.05970537638826101,0.003121358835229186,0.013375686542211941,0.0012538354880961794,0.0013890026452524206,0.0004597476849595651,nan,nan,nan,nan,2.3871452776753963,0.11591627513418085,490651648.0,4507813.778565984
confounded,null,0,exact,maf_q3,6,7234,1.0599507801197674,0.02223092952718147,0.05696179461974251,0.0014294419899601436,0.011610092602582075,0.0012113603595827744,0.0011082284486846814,0.0005102604118950114,nan,nan,nan,nan,2.3871452776753963,0.11591627513418085,490651648.0,4507813.778565984
confounded,null,0,exact,maf_q4,6,7199,1.0833581259615392,0.02097732274416345,0.06044087706026721,0.0018798589559073477,0.012910518182170254,0.0015192221852279241,0.001526106708940166,0.0003962427059205485,nan,nan,nan,nan,2.3871452776753963,0.11591627513418085,490651648.0,4507813.778565984
confounded,null,0,exact,maf_q5,6,7236,1.091611464117009,0.026847696186090373,0.057618293987811244,0.0026307062875917443,0.010493063336279904,0.0011854796448550699,0.0006908897910365633,0.00025556768446907674,nan,nan,nan,nan,2.3871452776753963,0.11591627513418085,490651648.0,4507813.778565984
confounded,null,0,exact,ld_q1,6,7200,1.0270367475769528,0.0064745819221256095,0.057499999999999996,0.002183693778559282,0.014444444444444446,0.0010467468711898207,0.00125,0.0003568120160740314,nan,nan,nan,nan,2.3871452776753963,0.11591627513418085,490651648.0,4507813.778565984
confounded,null,0,exact,ld_q2,6,7200,1.0789831616608143,0.02025090852907956,0.059305555555555556,0.0018561293191431249,0.01,0.00048112522432468827,0.00125,0.0005159493228057421,nan,nan,nan,nan,2.3871452776753963,0.11591627513418085,490651648.0,4507813.778565984
confounded,null,0,exact,ld_q3,6,7200,1.047378657484433,0.03012851130969424,0.052361111111111115,0.0021236833248386004,0.01,0.0013263707095903692,0.0011111111111111111,0.00027777777777777783,nan,nan,nan,nan,2.3871452776753963,0.11591627513418085,490651648.0,4507813.778565984
confounded,null,0,exact,ld_q4,6,7200,1.0560719567065713,0.03204980045187887,0.060416666666666674,0.0014068285846778447,0.012361111111111113,0.0009481137869931122,0.0006944444444444445,0.000334488738299786,nan,nan,nan,nan,2.3871452776753963,0.11591627513418085,490651648.0,4507813.778565984
confounded,null,0,exact,ld_q5,6,7200,1.0628042047681894,0.031205772848037355,0.06236111111111112,0.0022300210373807005,0.014166666666666668,0.00043033148291193505,0.0015277777777777779,0.0002560984571470247,nan,nan,nan,nan,2.3871452776753963,0.11591627513418085,490651648.0,4507813.778565984
confounded,null,0,kvik,all,6,36000,0.9092974443010752,0.019435096059733984,0.03922222222222223,0.002182279926822484,0.005888888888888889,0.0008115676036588953,0.0005,0.0002509242175696937,nan,nan,nan,nan,2.745532965345774,0.18026025355483585,331317248.0,5859094.943798016
confounded,null,0,kvik,loading_q1,6,7200,0.8881617388324275,0.03606182229279878,0.036388888888888894,0.004587960627125018,0.0059722222222222225,0.0013161508600535703,0.0006944444444444445,0.0005450393575096829,nan,nan,nan,nan,2.745532965345774,0.18026025355483585,331317248.0,5859094.943798016
confounded,null,0,kvik,loading_q2,6,7200,0.8757281968909484,0.03223902582335878,0.03361111111111111,0.0021480683254645784,0.00375,0.0002846375212766555,0.0002777777777777778,0.00017568209223157668,nan,nan,nan,nan,2.745532965345774,0.18026025355483585,331317248.0,5859094.943798016
confounded,null,0,kvik,loading_q3,6,7200,0.8948325932107545,0.03181854538131111,0.03861111111111111,0.003324061178144798,0.005694444444444444,0.0013161508600535706,0.0004166666666666667,0.00018633899812498252,nan,nan,nan,nan,2.745532965345774,0.18026025355483585,331317248.0,5859094.943798016
confounded,null,0,kvik,loading_q4,6,7200,0.940470346782695,0.01926639220749986,0.043472222222222225,0.003654124170959455,0.007916666666666666,0.0009316949906249126,0.0004166666666666667,0.0002846375212766556,nan,nan,nan,nan,2.745532965345774,0.18026025355483585,331317248.0,5859094.943798016
confounded,null,0,kvik,loading_q5,6,7200,0.9539158336970538,0.044437710912312314,0.04402777777777778,0.0009481137869931111,0.006111111111111111,0.0012108052620946317,0.0006944444444444445,0.0004521894610027696,nan,nan,nan,nan,2.745532965345774,0.18026025355483585,331317248.0,5859094.943798016
confounded,null,0,kvik,maf_q1,6,7159,0.8630815055205683,0.027841269826289868,0.040921196226483963,0.003641391172606915,0.006136905226791338,0.0009524744348708708,0.00041818542200805194,0.00018702209683819695,nan,nan,nan,nan,2.745532965345774,0.18026025355483585,331317248.0,5859094.943798016
confounded,null,0,kvik,maf_q2,6,7172,0.9066694819749478,0.02077458958639488,0.037504803291927034,0.0016541384154969445,0.007097442667511788,0.0012566805065553587,0.0005544428276077026,0.0002757843252672521,nan,nan,nan,nan,2.745532965345774,0.18026025355483585,331317248.0,5859094.943798016
confounded,null,0,kvik,maf_q3,6,7234,0.9199483564042764,0.015992724798358417,0.040222939528336284,0.001692232949047731,0.005395527289992527,0.0011099932454404578,0.0006919081383494084,0.0005427954862318983,nan,nan,nan,nan,2.745532965345774,0.18026025355483585,331317248.0,5859094.943798016
confounded,null,0,kvik,maf_q4,6,7199,0.932799900636954,0.025279071428910827,0.041406802878429065,0.0029827050421961784,0.00666769467118324,0.0018481247941094792,0.00041482933651102214,0.0002838310818176729,nan,nan,nan,nan,2.745532965345774,0.18026025355483585,331317248.0,5859094.943798016
confounded,null,0,kvik,maf_q5,6,7236,0.9162174399404411,0.027357706695344226,0.036075613760205454,0.0030898990531937846,0.004146139137615864,0.0007397299336174655,0.0004149468737579909,0.0002840016224417657,nan,nan,nan,nan,2.745532965345774,0.18026025355483585,331317248.0,5859094.943798016
confounded,null,0,kvik,ld_q1,6,7200,0.8891101562012214,0.016137171195010687,0.04083333333333333,0.0025367666792957496,0.0075,0.000775791113542719,0.0004166666666666667,0.00018633899812498252,nan,nan,nan,nan,2.745532965345774,0.18026025355483585,331317248.0,5859094.943798016
confounded,null,0,kvik,ld_q2,6,7200,0.9176687874685614,0.026801606810150105,0.04055555555555556,0.00160535369742221,0.004166666666666667,0.000775791113542719,0.0006944444444444445,0.0005450393575096829,nan,nan,nan,nan,2.745532965345774,0.18026025355483585,331317248.0,5859094.943798016
confounded,null,0,kvik,ld_q3,6,7200,0.9005544677945013,0.015484400508386618,0.03319444444444444,0.0034722222222222225,0.004722222222222222,0.001046746871189821,0.0006944444444444445,0.00025609845714702473,nan,nan,nan,nan,2.745532965345774,0.18026025355483585,331317248.0,5859094.943798016
confounded,null,0,kvik,ld_q4,6,7200,0.9161610706659434,0.04714256586570802,0.03958333333333333,0.00196908984427192,0.006111111111111111,0.0018592445034090568,0.0002777777777777778,0.0002777777777777778,nan,nan,nan,nan,2.745532965345774,0.18026025355483585,331317248.0,5859094.943798016
confounded,null,0,kvik,ld_q5,6,7200,0.9310071796778581,0.02271177713167479,0.041944444444444444,0.0037985539808825957,0.006944444444444444,0.0011317527104146312,0.0004166666666666667,0.0002846375212766556,nan,nan,nan,nan,2.745532965345774,0.18026025355483585,331317248.0,5859094.943798016
confounded,null,0,ldak-kvik,all,6,36000,3.1160281644819006,0.6707782735346809,0.24319444444444446,0.05884869828741718,0.13727777777777778,0.04124140015105881,0.06705555555555556,0.02229726219145678,nan,nan,nan,nan,1.114394930472675,0.15149152499106425,41533440.0,476996.74265722197
confounded,null,0,ldak-kvik,loading_q1,6,7200,1.256937811456577,0.09652782625023515,0.07555555555555556,0.01215956159865992,0.01902777777777778,0.005894193103867485,0.003194444444444444,0.0011669973076444448,nan,nan,nan,nan,1.114394930472675,0.15149152499106425,41533440.0,476996.74265722197
confounded,null,0,ldak-kvik,loading_q2,6,7200,2.0016512300835285,0.32848737415508894,0.1423611111111111,0.03008123004856297,0.04916666666666667,0.014124119113797535,0.010833333333333334,0.004227336084388178,nan,nan,nan,nan,1.114394930472675,0.15149152499106425,41533440.0,476996.74265722197
confounded,null,0,ldak-kvik,loading_q3,6,7200,3.115700053021934,0.7032951087412156,0.2234722222222222,0.053143070637573474,0.10236111111111112,0.03174873624392662,0.03138888888888889,0.010849702732458437,nan,nan,nan,nan,1.114394930472675,0.15149152499106425,41533440.0,476996.74265722197
confounded,null,0,ldak-kvik,loading_q4,6,7200,5.504155927517327,1.4964155206368757,0.3323611111111111,0.08741991484979654,0.18680555555555553,0.05988585464381179,0.07722222222222223,0.028062980315667313,nan,nan,nan,nan,1.114394930472675,0.15149152499106425,41533440.0,476996.74265722197
confounded,null,0,ldak-kvik,loading_q5,6,7200,9.964921529516873,2.9537376542252356,0.44222222222222224,0.12079015831465331,0.32902777777777775,0.10142535493384675,0.21263888888888885,0.07001435589123274,nan,nan,nan,nan,1.114394930472675,0.15149152499106425,41533440.0,476996.74265722197
confounded,null,0,ldak-kvik,maf_q1,6,7159,2.7098981059044327,0.5708310703680352,0.21969259362118984,0.05494892836411894,0.11672065273874203,0.035836949780493635,0.05175178330911334,0.01777410123781865,nan,nan,nan,nan,1.114394930472675,0.15149152499106425,41533440.0,476996.74265722197
confounded,null,0,ldak-kvik,maf_q2,6,7172,3.028897681939281,0.630494153506048,0.23253332723241812,0.056401006370442,0.13100312500876754,0.03753693017893289,0.06307128097169262,0.020995239608210033,nan,nan,nan,nan,1.114394930472675,0.15149152499106425,41533440.0,476996.74265722197
confounded,null,0,ldak-kvik,maf_q3,6,7234,3.1666315731158075,0.6888494709258914,0.24727185414711741,0.06001807947417985,0.1431400693416642,0.044394577388323135,0.06947685835814275,0.02321661711533921,nan,nan,nan,nan,1.114394930472675,0.15149152499106425,41533440.0,476996.74265722197
confounded,null,0,ldak-kvik,maf_q4,6,7199,3.3985284452226345,0.7468391933867375,0.25528420198398133,0.060977034109358744,0.14426345717069786,0.043880434700212134,0.07432875547083556,0.0249157427146505,nan,nan,nan,nan,1.114394930472675,0.15149152499106425,41533440.0,476996.74265722197
confounded,null,0,ldak-kvik,maf_q5,6,7236,3.351943309397915,0.7607365916316675,0.26089054381025717,0.06223088345277011,0.15100516639593617,0.04482857514304064,0.07648252993367215,0.02490325333606058,nan,nan,nan,nan,1.114394930472675,0.15149152499106425,41533440.0,476996.74265722197
confounded,null,0,ldak-kvik,ld_q1,6,7200,3.276173109748673,0.7386751066806041,0.24569444444444444,0.06134466104129687,0.14444444444444446,0.04342280648987109,0.06888888888888889,0.0221125767241793,nan,nan,nan,nan,1.114394930472675,0.15149152499106425,41533440.0,476996.74265722197
confounded,null,0,ldak-kvik,ld_q2,6,7200,3.195051799932946,0.7197387166102643,0.25333333333333335,0.06090710899333449,0.13944444444444445,0.04208768771018579,0.06583333333333334,0.02270177020345265,nan,nan,nan,nan,1.114394930472675,0.15149152499106425,41533440.0,476996.74265722197
confounded,null,0,ldak-kvik,ld_q3,6,7200,3.0560727357801354,0.6326531770133436,0.2363888888888889,0.059152058707898886,0.13472222222222222,0.041619788444001694,0.06430555555555556,0.021304034423461897,nan,nan,nan,nan,1.114394930472675,0.15149152499106425,41533440.0,476996.74265722197
confounded,null,0,ldak-kvik,ld_q4,6,7200,2.88703735776696,0.5821923815624319,0.2386111111111111,0.0543231358301392,0.13333333333333333,0.03934827870488158,0.06749999999999999,0.02264357483882529,nan,nan,nan,nan,1.114394930472675,0.15149152499106425,41533440.0,476996.74265722197
confounded,null,0,ldak-kvik,ld_q5,6,7200,3.22694838003029,0.7224564207126505,0.2419444444444445,0.058956460184875964,0.13444444444444445,0.040248456760538516,0.06875,0.023509995904027876,nan,nan,nan,nan,1.114394930472675,0.15149152499106425,41533440.0,476996.74265722197
structured,mixed,0,bolt-inf,all,6,6000,1.022129888614242,0.01740945053709212,0.049833333333333334,0.001681599767417258,0.010166666666666668,0.001661659144081936,0.001,0.0003651483716701108,0.35000000000000003,0.06191391873668904,0.2166666666666667,0.04772607021092118,1.8127490139837998,0.09875117144836057,303185920.0,4372156.688624475
structured,mixed,0,bolt-inf,loading_q1,6,1202,1.049472213283325,0.06816093380418656,0.05313259700636166,0.005758509702856043,0.015355687687514719,0.0038990369439447403,0.0015503875968992248,0.0015503875968992248,0.35000000000000003,0.06191391873668904,0.2166666666666667,0.04772607021092118,1.8127490139837998,0.09875117144836057,303185920.0,4372156.688624475
structured,mixed,0,bolt-inf,loading_q2,6,1181,1.0068785847548938,0.04134848072674463,0.05618049683846776,0.004949453887638134,0.012752093448557251,0.003203723622568419,0.0008291873963515755,0.0008291873963515756,0.35000000000000003,0.06191391873668904,0.2166666666666667,0.04772607021092118,1.8127490139837998,0.09875117144836057,303185920.0,4372156.688624475
structured,mixed,0,bolt-inf,loading_q3,6,1274,1.0486827539047505,0.037056177210546194,0.05074514239487498,0.006257116251085936,0.009291747507198455,0.002884919159226405,0.001505266734624533,0.0009521925330032414,0.35000000000000003,0.06191391873668904,0.2166666666666667,0.04772607021092118,1.8127490139837998,0.09875117144836057,303185920.0,4372156.688624475
structured,mixed,0,bolt-inf,loading_q4,6,1157,1.0475839696127875,0.05932725883703097,0.046903838338848085,0.0047557902575782515,0.004381278939731421,0.002611478434379986,0.0,0.0,0.35000000000000003,0.06191391873668904,0.2166666666666667,0.04772607021092118,1.8127490139837998,0.09875117144836057,303185920.0,4372156.688624475
structured,mixed,0,bolt-inf,loading_q5,6,1186,0.9647981775343077,0.07805012664585528,0.04124416142418407,0.009860627681048308,0.008813354636705581,0.0038266366896525243,0.0007861635220125786,0.0007861635220125788,0.35000000000000003,0.06191391873668904,0.2166666666666667,0.04772607021092118,1.8127490139837998,0.09875117144836057,303185920.0,4372156.688624475
structured,mixed,0,bolt-inf,maf_q1,6,1217,1.1288265623395386,0.10201302634351628,0.058377219739451654,0.007889115362402445,0.011598109126248972,0.0036419761968565167,0.0008417508417508418,0.0008417508417508418,0.35000000000000003,0.06191391873668904,0.2166666666666667,0.04772607021092118,1.8127490139837998,0.09875117144836057,303185920.0,4372156.688624475
structured,mixed,0,bolt-inf,maf_q2,6,1174,1.0832702781908536,0.08203637909980036,0.05271209654230102,0.004239117714096522,0.008425965801098731,0.002692930954842485,0.001698827679219836,0.0010756062417429982,0.35000000000000003,0.06191391873668904,0.2166666666666667,0.04772607021092118,1.8127490139837998,0.09875117144836057,303185920.0,4372156.688624475
structured,mixed,0,bolt-inf,maf_q3,6,1194,0.9612586688236924,0.037182695382189136,0.04788399921793085,0.0051344967437588615,0.012538316127591645,0.0020595419080386857,0.0008417508417508418,0.0008417508417508418,0.35000000000000003,0.06191391873668904,0.2166666666666667,0.04772607021092118,1.8127490139837998,0.09875117144836057,303185920.0,4372156.688624475
structured,mixed,0,bolt-inf,maf_q4,6,1192,1.0242566165245968,0.06248069005283329,0.048758226185489216,0.004869397014791961,0.010062150421748574,0.0031759167589314693,0.0,0.0,0.35000000000000003,0.06191391873668904,0.2166666666666667,0.04772607021092118,1.8127490139837998,0.09875117144836057,303185920.0,4372156.688624475
structured,mixed,0,bolt-inf,maf_q5,6,1223,1.0204449357665624,0.08160746121960868,0.04073605855095643,0.007340973344030667,0.007992818291418976,0.0021995315293970785,0.0015885984023238924,0.0010053327929148317,0.35000000000000003,0.06191391873668904,0.2166666666666667,0.04772607021092118,1.8127490139837998,0.09875117144836057,303185920.0,4372156.688624475
structured,mixed,0,bolt-inf,ld_q1,6,1159,1.0400441117776278,0.03616950060425475,0.05115888349543271,0.011753876266323758,0.013432620750117426,0.005831106247477824,0.0009523809523809524,0.0009523809523809524,0.35000000000000003,0.06191391873668904,0.2166666666666667,0.04772607021092118,1.8127490139837998,0.09875117144836057,303185920.0,4372156.688624475
structured,mixed,0,bolt-inf,ld_q2,6,1229,0.9848817604222663,0.03484363728881751,0.04024270617438074,0.005715684834067083,0.009022391641173433,0.00334785893324559,0.0008503401360544217,0.0008503401360544217,0.35000000000000003,0.06191391873668904,0.2166666666666667,0.04772607021092118,1.8127490139837998,0.09875117144836057,303185920.0,4372156.688624475
structured,mixed,0,bolt-inf,ld_q3,6,1211,1.066493473939478,0.06484226766943268,0.048402748626478274,0.006537734680628384,0.008199924772618364,0.0015346151993617812,0.0008012820512820514,0.0008012820512820514,0.35000000000000003,0.06191391873668904,0.2166666666666667,0.04772607021092118,1.8127490139837998,0.09875117144836057,303185920.0,4372156.688624475
structured,mixed,0,bolt-inf,ld_q4,6,1211,1.1178598265911244,0.06277530973591651,0.0592479098461677,0.006247498475846526,0.009103232808221798,0.003338847778272396,0.0008771929824561404,0.0008771929824561404,0.35000000000000003,0.06191391873668904,0.2166666666666667,0.04772607021092118,1.8127490139837998,0.09875117144836057,303185920.0,4372156.688624475
structured,mixed,0,bolt-inf,ld_q5,6,1190,0.9500100174394946,0.03388754540991183,0.05169461397268072,0.00923073268802767,0.011797784441610506,0.0034862297136688735,0.001755155770074594,0.0011190551893145275,0.35000000000000003,0.06191391873668904,0.2166666666666667,0.04772607021092118,1.8127490139837998,0.09875117144836057,303185920.0,4372156.688624475
structured,mixed,0,exact,all,6,6000,1.027319970670242,0.018292141590181884,0.050166666666666665,0.0018870906472957544,0.009833333333333335,0.0014472195564061605,0.001,0.0003651483716701108,0.35000000000000003,0.06191391873668904,0.2166666666666667,0.04772607021092118,2.3522369653413384,0.10158536159787686,487888213.3333333,6316033.2986307945
structured,mixed,0,exact,loading_q1,6,1202,0.991381622674021,0.06237286464250384,0.04796858215242431,0.005783619285736429,0.011233285249597385,0.0038726280885465715,0.0015503875968992248,0.0015503875968992248,0.35000000000000003,0.06191391873668904,0.2166666666666667,0.04772607021092118,2.3522369653413384,0.10158536159787686,487888213.3333333,6316033.2986307945
structured,mixed,0,exact,loading_q2,6,1181,0.9668024027743801,0.036038174939767076,0.052780113696705315,0.005626267540667346,0.01105485049665012,0.0024661198978050557,0.0008291873963515755,0.0008291873963515756,0.35000000000000003,0.06191391873668904,0.2166666666666667,0.04772607021092118,2.3522369653413384,0.10158536159787686,487888213.3333333,6316033.2986307945
structured,mixed,0,exact,loading_q3,6,1274,1.0443302499640692,0.038167751854895536,0.04758031792604422,0.005369687757432232,0.009291747507198455,0.002884919159226405,0.001505266734624533,0.0009521925330032414,0.35000000000000003,0.06191391873668904,0.2166666666666667,0.04772607021092118,2.3522369653413384,0.10158536159787686,487888213.3333333,6316033.2986307945
structured,mixed,0,exact,loading_q4,6,1157,1.0628379212258585,0.05748785947563309,0.04958925217594732,0.005158499824236966,0.004381278939731421,0.002611478434379986,0.0,0.0,0.35000000000000003,0.06191391873668904,0.2166666666666667,0.04772607021092118,2.3522369653413384,0.10158536159787686,487888213.3333333,6316033.2986307945
structured,mixed,0,exact,loading_q5,6,1186,1.0500073020749883,0.0831706654903621,0.05230677361050176,0.010766781632582711,0.01299606275822933,0.004343321564048315,0.0007861635220125786,0.0007861635220125788,0.35000000000000003,0.06191391873668904,0.2166666666666667,0.04772607021092118,2.3522369653413384,0.10158536159787686,487888213.3333333,6316033.2986307945
structured,mixed,0,exact,maf_q1,6,1217,1.1191061074278734,0.10610371983120385,0.06083735987240285,0.007645340856707488,0.012314296855125894,0.0028234879068568166,0.0008417508417508418,0.0008417508417508418,0.35000000000000003,0.06191391873668904,0.2166666666666667,0.04772607021092118,2.3522369653413384,0.10158536159787686,487888213.3333333,6316033.2986307945
structured,mixed,0,exact,maf_q2,6,1174,1.0778987675742981,0.09322717780154169,0.050219003084986814,0.0050063068406067095,0.007544131585931184,0.0026961081372401273,0.001698827679219836,0.0010756062417429982,0.35000000000000003,0.06191391873668904,0.2166666666666667,0.04772607021092118,2.3522369653413384,0.10158536159787686,487888213.3333333,6316033.2986307945
structured,mixed,0,exact,maf_q3,6,1194,0.9931122220939422,0.042489424282974975,0.04782652041361351,0.003986484909007048,0.010821283160558677,0.0023221276167985855,0.0008417508417508418,0.0008417508417508418,0.35000000000000003,0.06191391873668904,0.2166666666666667,0.04772607021092118,2.3522369653413384,0.10158536159787686,487888213.3333333,6316033.2986307945
structured,mixed,0,exact,maf_q4,6,1192,1.019703909429735,0.05634437817811727,0.04715693950045465,0.004991760011327053,0.010989200044186546,0.0035540987134240315,0.0,0.0,0.35000000000000003,0.06191391873668904,0.2166666666666667,0.04772607021092118,2.3522369653413384,0.10158536159787686,487888213.3333333,6316033.2986307945
structured,mixed,0,exact,maf_q5,6,1223,1.0225667439915604,0.0791887031946345,0.043911378184297044,0.008009147764005516,0.007129260433042464,0.0025602379425738236,0.0015885984023238924,0.0010053327929148317,0.35000000000000003,0.06191391873668904,0.2166666666666667,0.04772607021092118,2.3522369653413384,0.10158536159787686,487888213.3333333,6316033.2986307945
structured,mixed,0,exact,ld_q1,6,1159,1.0393539795588287,0.0406598443657679,0.053047557884107095,0.011892155126609051,0.01346202431490278,0.005824022215426005,0.0009523809523809524,0.0009523809523809524,0.35000000000000003,0.06191391873668904,0.2166666666666667,0.04772607021092118,2.3522369653413384,0.10158536159787686,487888213.3333333,6316033.2986307945
structured,mixed,0,exact,ld_q2,6,1229,0.999176611338346,0.04319711122982501,0.04329395864020574,0.005998221761220825,0.009022391641173433,0.00334785893324559,0.0008503401360544217,0.0008503401360544217,0.35000000000000003,0.06191391873668904,0.2166666666666667,0.04772607021092118,2.3522369653413384,0.10158536159787686,487888213.3333333,6316033.2986307945
structured,mixed,0,exact,ld_q3,6,1211,1.0461449098450093,0.06136321385969709,0.04861444053333383,0.005461634690479968,0.008127114287908565,0.000817078601139227,0.0008012820512820514,0.0008012820512820514,0.35000000000000003,0.06191391873668904,0.2166666666666667,0.04772607021092118,2.3522369653413384,0.10158536159787686,487888213.3333333,6316033.2986307945
structured,mixed,0,exact,ld_q4,6,1211,1.1265930749421034,0.062060170536226145,0.057766612262586094,0.003996290061301157,0.008991086500423316,0.003058744579942848,0.0008771929824561404,0.0008771929824561404,0.35000000000000003,0.06191391873668904,0.2166666666666667,0.04772607021092118,2.3522369653413384,0.10158536159787686,487888213.3333333,6316033.2986307945
structured,mixed,0,exact,ld_q5,6,1190,0.9524638475653933,0.03958236068431381,0.04954940611477204,0.008240988604927647,0.010215096183293386,0.0038931362568487967,0.001755155770074594,0.0011190551893145275,0.35000000000000003,0.06191391873668904,0.2166666666666667,0.04772607021092118,2.3522369653413384,0.10158536159787686,487888213.3333333,6316033.2986307945
structured,mixed,0,kvik,all,6,6000,1.0047495187829276,0.025125097345492505,0.050833333333333335,0.002072304138982607,0.011999999999999999,0.0019148542155126762,0.001,0.0006831300510639734,0.36666666666666664,0.04216370213557839,0.2833333333333333,0.040138648595974324,2.6154058540026504,0.1960146126063131,341038421.3333333,6738690.490874018
structured,mixed,0,kvik,loading_q1,6,1202,1.0722789434529103,0.06625478495989048,0.05608789037643882,0.005819561892598303,0.012298269647915118,0.003911120967096216,0.0007751937984496124,0.0007751937984496124,0.36666666666666664,0.04216370213557839,0.2833333333333333,0.040138648595974324,2.6154058540026504,0.1960146126063131,341038421.3333333,6738690.490874018
structured,mixed,0,kvik,loading_q2,6,1181,0.9659155516058425,0.06966838385084526,0.055666418806805236,0.003465513072279943,0.018714633591756596,0.0034211487255338922,0.0008210180623973727,0.0008210180623973728,0.36666666666666664,0.04216370213557839,0.2833333333333333,0.040138648595974324,2.6154058540026504,0.1960146126063131,341038421.3333333,6738690.490874018
structured,mixed,0,kvik,loading_q3,6,1274,1.0290062236242117,0.054505731966744145,0.046109478792139565,0.007773317518318562,0.01325366166061757,0.003118563437920673,0.001594896331738437,0.001594896331738437,0.36666666666666664,0.04216370213557839,0.2833333333333333,0.040138648595974324,2.6154058540026504,0.1960146126063131,341038421.3333333,6738690.490874018
structured,mixed,0,kvik,loading_q4,6,1157,1.0803461026451184,0.08369663880884017,0.04579811477836602,0.005517979479769168,0.005188958973809492,0.0012787462936144957,0.0,0.0,0.36666666666666664,0.04216370213557839,0.2833333333333333,0.040138648595974324,2.6154058540026504,0.1960146126063131,341038421.3333333,6738690.490874018
structured,mixed,0,kvik,loading_q5,6,1186,0.9453676078346079,0.1193159621007024,0.049965528038132534,0.005243185348179911,0.009982308115051968,0.0025707248341986823,0.001706973835088085,0.0010846113241508482,0.36666666666666664,0.04216370213557839,0.2833333333333333,0.040138648595974324,2.6154058540026504,0.1960146126063131,341038421.3333333,6738690.490874018
structured,mixed,0,kvik,maf_q1,6,1217,1.1262028337850152,0.09423773682122082,0.055982148398323085,0.009792329021221529,0.013837100598906733,0.003441179857578155,0.0008417508417508418,0.0008417508417508418,0.36666666666666664,0.04216370213557839,0.2833333333333333,0.040138648595974324,2.6154058540026504,0.1960146126063131,341038421.3333333,6738690.490874018
structured,mixed,0,kvik,maf_q2,6,1174,0.9817125543061267,0.07944691325596158,0.04340380771950659,0.004052270605137165,0.009129577757028736,0.00451232000143833,0.0007936507936507938,0.0007936507936507939,0.36666666666666664,0.04216370213557839,0.2833333333333333,0.040138648595974324,2.6154058540026504,0.1960146126063131,341038421.3333333,6738690.490874018
structured,mixed,0,kvik,maf_q3,6,1194,1.02059481975417,0.03440704439241543,0.05557562142319832,0.0049300875446866115,0.012489730750214556,0.002121555773358931,0.0,0.0,0.36666666666666664,0.04216370213557839,0.2833333333333333,0.040138648595974324,2.6154058540026504,0.1960146126063131,341038421.3333333,6738690.490874018
structured,mixed,0,kvik,maf_q4,6,1192,1.0446294512822383,0.03034464810453445,0.05295689989916879,0.005404923053540017,0.015990602503451936,0.00496487500633568,0.0025264303482587062,0.0017111115743294995,0.36666666666666664,0.04216370213557839,0.2833333333333333,0.040138648595974324,2.6154058540026504,0.1960146126063131,341038421.3333333,6738690.490874018
structured,mixed,0,kvik,maf_q5,6,1223,0.9518154477091868,0.05649776643347829,0.04625946694721844,0.004090158689770647,0.007998883663922403,0.00296518141311073,0.0008169934640522876,0.0008169934640522878,0.36666666666666664,0.04216370213557839,0.2833333333333333,0.040138648595974324,2.6154058540026504,0.1960146126063131,341038421.3333333,6738690.490874018
structured,mixed,0,kvik,ld_q1,6,1159,0.9903549346476378,0.0776630790359253,0.05809908790518472,0.01095533813957939,0.011478217367142616,0.002729550405691961,0.0,0.0,0.36666666666666664,0.04216370213557839,0.2833333333333333,0.040138648595974324,2.6154058540026504,0.1960146126063131,341038421.3333333,6738690.490874018
structured,mixed,0,kvik,ld_q2,6,1229,0.9699196642612504,0.06813770033820869,0.04881363108549183,0.009099486893025945,0.011252667439048672,0.0041143878944837975,0.0008503401360544217,0.0008503401360544217,0.36666666666666664,0.04216370213557839,0.2833333333333333,0.040138648595974324,2.6154058540026504,0.1960146126063131,341038421.3333333,6738690.490874018
structured,mixed,0,kvik,ld_q3,6,1211,1.0122163943186644,0.0584460478031824,0.04675505118973026,0.003998777686458881,0.00988570302198132,0.003513108771477936,0.0017376116392970326,0.0011039295203566157,0.36666666666666664,0.04216370213557839,0.2833333333333333,0.040138648595974324,2.6154058540026504,0.1960146126063131,341038421.3333333,6738690.490874018
structured,mixed,0,kvik,ld_q4,6,1211,1.1283092593303057,0.05655615615055934,0.05872170078864521,0.008016779074643383,0.016624379924485705,0.0037638014612088686,0.0007861635220125786,0.0007861635220125788,0.36666666666666664,0.04216370213557839,0.2833333333333333,0.040138648595974324,2.6154058540026504,0.1960146126063131,341038421.3333333,6738690.490874018
structured,mixed,0,kvik,ld_q5,6,1190,1.0104537986117108,0.050492641937297966,0.045177165251105406,0.008459590244673803,0.01114149080711245,0.0032674527199571105,0.001755155770074594,0.0011190551893145275,0.36666666666666664,0.04216370213557839,0.2833333333333333,0.040138648595974324,2.6154058540026504,0.1960146126063131,341038421.3333333,6738690.490874018
structured,mixed,0,ldak-kvik,all,6,6000,1.1364559779374535,0.11505295575235511,0.06883333333333333,0.014808593601164304,0.018666666666666668,0.006581117770645889,0.002166666666666667,0.0017779513804126114,0.3833333333333333,0.040138648595974324,0.31666666666666665,0.04772607021092118,1.0637091666770477,0.07271598499425327,42420906.666666664,640939.2972082284
structured,mixed,0,ldak-kvik,loading_q1,6,1202,1.085330237963204,0.07207857014827321,0.0600376873494916,0.009392449464766287,0.011550209209932197,0.0030576240298520996,0.0,0.0,0.3833333333333333,0.040138648595974324,0.31666666666666665,0.04772607021092118,1.0637091666770477,0.07271598499425327,42420906.666666664,640939.2972082284
structured,mixed,0,ldak-kvik,loading_q2,6,1181,1.028475542278782,0.08158764841266766,0.06696729531960703,0.007678946330017913,0.018775449744526773,0.004179541962768977,0.0017028522775649213,0.0010780081235064398,0.3833333333333333,0.040138648595974324,0.31666666666666665,0.04772607021092118,1.0637091666770477,0.07271598499425327,42420906.666666664,640939.2972082284
structured,mixed,0,ldak-kvik,loading_q3,6,1274,1.132436643281111,0.10718327799039624,0.05628571482119744,0.012400548907587986,0.015613083986239798,0.004396369874379781,0.0015619741597530108,0.0009882082938021681,0.3833333333333333,0.040138648595974324,0.31666666666666665,0.04772607021092118,1.0637091666770477,0.07271598499425327,42420906.666666664,640939.2972082284
structured,mixed,0,ldak-kvik,loading_q4,6,1157,1.2951097528396442,0.19712006393600284,0.06830593901032818,0.017573310184903226,0.015954587555530027,0.008260884854421361,0.0036630036630036634,0.0036630036630036634,0.3833333333333333,0.040138648595974324,0.31666666666666665,0.04772607021092118,1.0637091666770477,0.07271598499425327,42420906.666666664,640939.2972082284
structured,mixed,0,ldak-kvik,loading_q5,6,1186,1.4378690150188087,0.40712082692884544,0.09019563167853079,0.03522825102425146,0.030165550430866283,0.019982097078363705,0.0038580246913580245,0.0038580246913580245,0.3833333333333333,0.040138648595974324,0.31666666666666665,0.04772607021092118,1.0637091666770477,0.07271598499425327,42420906.666666664,640939.2972082284
structured,mixed,0,ldak-kvik,maf_q1,6,1217,1.3913262483716007,0.17443120873173895,0.07619167056896484,0.016870576876862938,0.021321477837089906,0.007912560887860489,0.0,0.0,0.3833333333333333,0.040138648595974324,0.31666666666666665,0.04772607021092118,1.0637091666770477,0.07271598499425327,42420906.666666664,640939.2972082284
structured,mixed,0,ldak-kvik,maf_q2,6,1174,1.1328105149244934,0.13867823782846478,0.05579941776197669,0.00920676900930955,0.014522121122651624,0.004512360767829644,0.0016994478951000691,0.001078329882677709,0.3833333333333333,0.040138648595974324,0.31666666666666665,0.04772607021092118,1.0637091666770477,0.07271598499425327,42420906.666666664,640939.2972082284
structured,mixed,0,ldak-kvik,maf_q3,6,1194,1.0616000119892015,0.09018608677767641,0.07009871609947077,0.014984484059039531,0.020687035064023723,0.006710517863583284,0.0024271844660194177,0.0024271844660194177,0.3833333333333333,0.040138648595974324,0.31666666666666665,0.04772607021092118,1.0637091666770477,0.07271598499425327,42420906.666666664,640939.2972082284
structured,mixed,0,ldak-kvik,maf_q4,6,1192,1.196191883788966,0.1538150648645751,0.07399088763813891,0.023119817800082702,0.02264738310972682,0.010735344496616804,0.005944197687535252,0.004975760247460522,0.3833333333333333,0.040138648595974324,0.31666666666666665,0.04772607021092118,1.0637091666770477,0.07271598499425327,42420906.666666664,640939.2972082284
structured,mixed,0,ldak-kvik,maf_q5,6,1223,1.072992183773075,0.1309870179719211,0.0675683685543015,0.014620606281578404,0.013400118231823637,0.0071197581139131215,0.0007716049382716049,0.0007716049382716049,0.3833333333333333,0.040138648595974324,0.31666666666666665,0.04772607021092118,1.0637091666770477,0.07271598499425327,42420906.666666664,640939.2972082284
structured,mixed,0,ldak-kvik,ld_q1,6,1159,1.0638983701574258,0.09440486219395804,0.07742168742934011,0.021093001466517613,0.02303829229355418,0.011736182134565553,0.005405405405405406,0.005405405405405407,0.3833333333333333,0.040138648595974324,0.31666666666666665,0.04772607021092118,1.0637091666770477,0.07271598499425327,42420906.666666664,640939.2972082284
structured,mixed,0,ldak-kvik,ld_q2,6,1229,1.206453163595947,0.16600812821165395,0.07177758695351973,0.018043011383874562,0.01664056727983605,0.007048648742835398,0.0007092198581560284,0.0007092198581560284,0.3833333333333333,0.040138648595974324,0.31666666666666665,0.04772607021092118,1.0637091666770477,0.07271598499425327,42420906.666666664,640939.2972082284
structured,mixed,0,ldak-kvik,ld_q3,6,1211,1.1467393645642325,0.056855522662323084,0.05059745139506853,0.008799950247108128,0.014929597088142165,0.0017667022699917301,0.0,0.0,0.3833333333333333,0.040138648595974324,0.31666666666666665,0.04772607021092118,1.0637091666770477,0.07271598499425327,42420906.666666664,640939.2972082284
structured,mixed,0,ldak-kvik,ld_q4,6,1211,1.2607902842345797,0.20426389696622,0.08193134171907757,0.024686889685252157,0.026455561652390377,0.013809870736554593,0.002631578947368421,0.0026315789473684214,0.3833333333333333,0.040138648595974324,0.31666666666666665,0.04772607021092118,1.0637091666770477,0.07271598499425327,42420906.666666664,640939.2972082284
structured,mixed,0,ldak-kvik,ld_q5,6,1190,1.0928095925540247,0.12157981189552693,0.06484119388247374,0.011237756639225266,0.013347101733653608,0.004021702671030632,0.002548806563725388,0.0011510750588185458,0.3833333333333333,0.040138648595974324,0.31666666666666665,0.04772607021092118,1.0637091666770477,0.07271598499425327,42420906.666666664,640939.2972082284
structured,null,0,bolt-inf,all,6,36000,0.9817903598368033,0.017266492463249874,0.04702777777777778,0.0013719522901397682,0.008944444444444444,0.0005719794522770556,0.0007500000000000001,0.00011979921473804349,nan,nan,nan,nan,1.7385864721727557,0.09510491244498301,282413738.6666667,6781121.553477766
structured,null,0,bolt-inf,loading_q1,6,7200,1.027877098301141,0.020356823065107832,0.05013888888888889,0.0025222772877004198,0.011527777777777777,0.0012804922857351233,0.0009722222222222223,0.000334488738299786,nan,nan,nan,nan,1.7385864721727557,0.09510491244498301,282413738.6666667,6781121.553477766
structured,null,0,bolt-inf,loading_q2,6,7200,0.9917324953395523,0.0204092411199128,0.04861111111111111,0.0019204873352715117,0.008611111111111111,0.0005957669608202006,0.0006944444444444445,0.00025609845714702473,nan,nan,nan,nan,1.7385864721727557,0.09510491244498301,282413738.6666667,6781121.553477766
structured,null,0,bolt-inf,loading_q3,6,7200,1.0047141205311405,0.03819586669863541,0.04930555555555557,0.0014971681086902076,0.009444444444444445,0.0015762512176790123,0.0005555555555555556,0.00027777777777777783,nan,nan,nan,nan,1.7385864721727557,0.09510491244498301,282413738.6666667,6781121.553477766
structured,null,0,bolt-inf,loading_q4,6,7200,0.9867099573160495,0.024745656443478325,0.04569444444444445,0.0024477565944511343,0.008055555555555557,0.0007349309197401641,0.0011111111111111111,0.00017568209223157665,nan,nan,nan,nan,1.7385864721727557,0.09510491244498301,282413738.6666667,6781121.553477766
structured,null,0,bolt-inf,loading_q5,6,7200,0.9146064838703074,0.03315295671155688,0.04138888888888889,0.002506165237475548,0.007083333333333333,0.0013735261461195686,0.0004166666666666667,0.00028463752127665554,nan,nan,nan,nan,1.7385864721727557,0.09510491244498301,282413738.6666667,6781121.553477766
structured,null,0,bolt-inf,maf_q1,6,7159,0.9408269690652107,0.016388809808943007,0.045814334017393175,0.0011522981814736093,0.009774239145705126,0.00084775146608917,0.0008363632135483914,0.00037299100526094287,nan,nan,nan,nan,1.7385864721727557,0.09510491244498301,282413738.6666667,6781121.553477766
structured,null,0,bolt-inf,maf_q2,6,7172,0.9848505999336576,0.01633914231598955,0.04741514733141037,0.0007943687618031073,0.009337876717763382,0.0013014673497290176,0.0008333828555017053,0.0003033183378980105,nan,nan,nan,nan,1.7385864721727557,0.09510491244498301,282413738.6666667,6781121.553477766
structured,null,0,bolt-inf,maf_q3,6,7234,0.9569409707750438,0.030126841235071266,0.04812096934500252,0.0015056160365843133,0.00844077910549924,0.0014043344076023,0.0009677510641352222,0.00033314250582962035,nan,nan,nan,nan,1.7385864721727557,0.09510491244498301,282413738.6666667,6781121.553477766
structured,null,0,bolt-inf,maf_q4,6,7199,1.0128651110289189,0.030561153270036237,0.04891192876951086,0.001753024357358021,0.010004255953496194,0.0014495205644740265,0.00041575836694698827,0.0001859397530352163,nan,nan,nan,nan,1.7385864721727557,0.09510491244498301,282413738.6666667,6781121.553477766
structured,null,0,bolt-inf,maf_q5,6,7236,1.0170408179035897,0.021497145056530796,0.04489073137663466,0.004353461737253186,0.007181047000445106,0.0007820400971777353,0.0006895169312391837,0.0002536314860222382,nan,nan,nan,nan,1.7385864721727557,0.09510491244498301,282413738.6666667,6781121.553477766
structured,null,0,bolt-inf,ld_q1,6,7200,0.9792123933605258,0.016557181748238517,0.04958333333333333,0.0021164041832000486,0.010972222222222222,0.0009722222222222224,0.0009722222222222223,0.000334488738299786,nan,nan,nan,nan,1.7385864721727557,0.09510491244498301,282413738.6666667,6781121.553477766
structured,null,0,bolt-inf,ld_q2,6,7200,1.0023969004715443,0.023798743110105377,0.04805555555555555,0.0018962275739862232,0.007222222222222221,0.0009043789220055395,0.0004166666666666667,0.0002846375212766556,nan,nan,nan,nan,1.7385864721727557,0.09510491244498301,282413738.6666667,6781121.553477766
structured,null,0,bolt-inf,ld_q3,6,7200,0.9686949799184615,0.03205256910871217,0.04,0.0029502040105226124,0.007083333333333333,0.0006364688465216445,0.0008333333333333334,0.00030429030972509234,nan,nan,nan,nan,1.7385864721727557,0.09510491244498301,282413738.6666667,6781121.553477766
structured,null,0,bolt-inf,ld_q4,6,7200,0.9860650066327136,0.0387390598597364,0.049166666666666664,0.0026701366312662043,0.009027777777777779,0.0018809063352478,0.0004166666666666667,0.00041666666666666675,nan,nan,nan,nan,1.7385864721727557,0.09510491244498301,282413738.6666667,6781121.553477766
structured,null,0,bolt-inf,ld_q5,6,7200,0.9799254278114112,0.027654560843043022,0.04833333333333333,0.0016101529717988266,0.010416666666666666,0.0017044332174047166,0.0011111111111111111,0.00027777777777777783,nan,nan,nan,nan,1.7385864721727557,0.09510491244498301,282413738.6666667,6781121.553477766
structured,null,0,exact,all,6,36000,0.9807794566923004,0.01740531805820603,0.04702777777777778,0.0011225109639542636,0.009194444444444444,0.0005891246907358135,0.0007777777777777778,0.00016480441082434807,nan,nan,nan,nan,2.365612194504744,0.10671572825038672,490602496.0,8253383.692512643
structured,null,0,exact,loading_q1,6,7200,1.0085865124319264,0.017382975330472884,0.04833333333333333,0.0022360679774997903,0.011250000000000001,0.0012500000000000002,0.0008333333333333334,0.000372677996249965,nan,nan,nan,nan,2.365612194504744,0.10671572825038672,490602496.0,8253383.692512643
structured,null,0,exact,loading_q2,6,7200,0.9770519977827772,0.016060437274867768,0.04708333333333333,0.0016631908199914113,0.008333333333333333,0.0005692750425533111,0.0005555555555555556,0.00027777777777777783,nan,nan,nan,nan,2.365612194504744,0.10671572825038672,490602496.0,8253383.692512643
structured,null,0,exact,loading_q3,6,7200,1.0010788481925934,0.03524528426538861,0.049305555555555554,0.0014659194224398622,0.009583333333333333,0.0014393607120035128,0.0005555555555555556,0.00027777777777777783,nan,nan,nan,nan,2.365612194504744,0.10671572825038672,490602496.0,8253383.692512643
structured,null,0,exact,loading_q4,6,7200,0.9858814990219759,0.020490429295614145,0.04652777777777778,0.00268238998830944,0.008472222222222223,0.000758185781330899,0.00125,0.0001863389981249825,nan,nan,nan,nan,2.365612194504744,0.10671572825038672,490602496.0,8253383.692512643
structured,null,0,exact,loading_q5,6,7200,0.9415818105828965,0.04552957835218031,0.04388888888888889,0.0028760398012321743,0.008333333333333333,0.0014433756729740645,0.0006944444444444445,0.0004521894610027696,nan,nan,nan,nan,2.365612194504744,0.10671572825038672,490602496.0,8253383.692512643
structured,null,0,exact,maf_q1,6,7159,0.9444180393810727,0.01574838885397933,0.045533013454461924,0.0010980645139645063,0.010055642668855376,0.0008612444942335509,0.0011141409913261694,0.0003512172232150752,nan,nan,nan,nan,2.365612194504744,0.10671572825038672,490602496.0,8253383.692512643
structured,null,0,exact,maf_q2,6,7172,0.9743263361890852,0.014986820102382026,0.047557389004854844,0.0010433705347422436,0.009335456073401685,0.0013163839858406111,0.0006959824707806281,0.00025703146568049835,nan,nan,nan,nan,2.365612194504744,0.10671572825038672,490602496.0,8253383.692512643
structured,null,0,exact,maf_q3,6,7234,0.9645328392665521,0.029942477146861345,0.04812108518131303,0.001506452999311976,0.008994950959846806,0.0014691281371997636,0.0011060636505805888,0.00046293856500794633,nan,nan,nan,nan,2.365612194504744,0.10671572825038672,490602496.0,8253383.692512643
structured,null,0,exact,maf_q4,6,7199,0.9960024747948952,0.022939301778392866,0.04890926870535473,0.001494555920682361,0.01000577197645951,0.0014849516793650742,0.00041575836694698827,0.0001859397530352163,nan,nan,nan,nan,2.365612194504744,0.10671572825038672,490602496.0,8253383.692512643
structured,null,0,exact,maf_q5,6,7236,1.0287065051487658,0.02117282816303039,0.04502813176135573,0.003903286651315808,0.007596109518573529,0.0006803155119519977,0.0005521165465181064,0.00017460010770252354,nan,nan,nan,nan,2.365612194504744,0.10671572825038672,490602496.0,8253383.692512643
structured,null,0,exact,ld_q1,6,7200,0.9853470072657378,0.015710719966178233,0.048749999999999995,0.0016907975326148,0.011111111111111112,0.0009781564923143893,0.0009722222222222223,0.000334488738299786,nan,nan,nan,nan,2.365612194504744,0.10671572825038672,490602496.0,8253383.692512643
structured,null,0,exact,ld_q2,6,7200,0.9938128261871123,0.020284089766184368,0.04833333333333334,0.0021623889395587293,0.007777777777777777,0.0008784104611578832,0.0005555555555555556,0.00041201102706087025,nan,nan,nan,nan,2.365612194504744,0.10671572825038672,490602496.0,8253383.692512643
structured,null,0,exact,ld_q3,6,7200,0.9673381146099281,0.031227566787117668,0.04055555555555556,0.0029397236789606563,0.007222222222222221,0.0005121969142940492,0.0006944444444444445,0.00025609845714702473,nan,nan,nan,nan,2.365612194504744,0.10671572825038672,490602496.0,8253383.692512643
structured,null,0,exact,ld_q4,6,7200,0.9854173668635418,0.03636981147954262,0.04916666666666667,0.0024626844732557225,0.009305555555555555,0.0019414659727785058,0.0006944444444444445,0.0004521894610027696,nan,nan,nan,nan,2.365612194504744,0.10671572825038672,490602496.0,8253383.692512643
structured,null,0,exact,ld_q5,6,7200,0.9725192427838588,0.026805407937639223,0.04833333333333333,0.0015515822270854383,0.010555555555555556,0.0016896562584161727,0.0009722222222222223,0.00025609845714702473,nan,nan,nan,nan,2.365612194504744,0.10671572825038672,490602496.0,8253383.692512643
structured,null,0,kvik,all,6,36000,0.9821311179160895,0.01768690032927168,0.047055555555555566,0.0013585576956263877,0.009138888888888889,0.0006167667586437366,0.0007777777777777778,0.00014054567378526134,nan,nan,nan,nan,2.1129802153251753,0.10278458562834115,344151381.3333333,4334267.730611656
structured,null,0,kvik,loading_q1,6,7200,1.023541033079422,0.019105339299948107,0.04986111111111111,0.0025767538675292917,0.011666666666666667,0.001343709624716425,0.0011111111111111111,0.0004648111258522643,nan,nan,nan,nan,2.1129802153251753,0.10278458562834115,344151381.3333333,4334267.730611656
structured,null,0,kvik,loading_q2,6,7200,0.9897957696662131,0.021484771345412056,0.04819444444444445,0.0020459610920355886,0.008611111111111111,0.0005957669608202006,0.0006944444444444445,0.00025609845714702473,nan,nan,nan,nan,2.1129802153251753,0.10278458562834115,344151381.3333333,4334267.730611656
structured,null,0,kvik,loading_q3,6,7200,1.00736018190234,0.03811643633102552,0.04986111111111111,0.0016999001423104712,0.009722222222222222,0.001501028454011811,0.0004166666666666667,0.00018633899812498252,nan,nan,nan,nan,2.1129802153251753,0.10278458562834115,344151381.3333333,4334267.730611656
structured,null,0,kvik,loading_q4,6,7200,0.9847840168040455,0.02099211235140972,0.04583333333333334,0.002490723530162211,0.008194444444444445,0.000788125608839506,0.00125,0.0001863389981249825,nan,nan,nan,nan,2.1129802153251753,0.10278458562834115,344151381.3333333,4334267.730611656
structured,null,0,kvik,loading_q5,6,7200,0.9110024965485738,0.031623879149659695,0.04152777777777778,0.0021345554948264587,0.007500000000000001,0.0013263707095903692,0.0004166666666666667,0.00028463752127665554,nan,nan,nan,nan,2.1129802153251753,0.10278458562834115,344151381.3333333,4334267.730611656
structured,null,0,kvik,maf_q1,6,7159,0.9427278410376193,0.01597742809006514,0.046232630562051825,0.0013117318154923924,0.010052831862478897,0.0009579140345655594,0.0011141409913261694,0.0003512172232150752,nan,nan,nan,nan,2.1129802153251753,0.10278458562834115,344151381.3333333,4334267.730611656
structured,null,0,kvik,maf_q2,6,7172,0.9837901404409485,0.01586455843921127,0.04727774694668929,0.0008995239807368313,0.009337876717763382,0.0013014673497290176,0.0006959824707806281,0.00025703146568049835,nan,nan,nan,nan,2.1129802153251753,0.10278458562834115,344151381.3333333,4334267.730611656
structured,null,0,kvik,maf_q3,6,7234,0.9615331318039,0.032720052642725206,0.047981158947547536,0.001576243510468587,0.008579091691944606,0.0014405741234868232,0.0009677510641352222,0.00033314250582962035,nan,nan,nan,nan,2.1129802153251753,0.10278458562834115,344151381.3333333,4334267.730611656
structured,null,0,kvik,maf_q4,6,7199,1.0120060029169455,0.030023373135576424,0.04891344479247417,0.0018280072290615434,0.010142913746064136,0.0015178097363119007,0.00041575836694698827,0.0001859397530352163,nan,nan,nan,nan,2.1129802153251753,0.10278458562834115,344151381.3333333,4334267.730611656
structured,null,0,kvik,maf_q5,6,7236,1.02368600172517,0.02393937971271161,0.04489210423643203,0.00422431507121834,0.007594621014405718,0.0008826595215370244,0.0006895169312391837,0.0002536314860222382,nan,nan,nan,nan,2.1129802153251753,0.10278458562834115,344151381.3333333,4334267.730611656
structured,null,0,kvik,ld_q1,6,7200,0.979276066735245,0.0184777783853921,0.04958333333333333,0.0021164041832000486,0.011111111111111112,0.0008784104611578832,0.0009722222222222223,0.000334488738299786,nan,nan,nan,nan,2.1129802153251753,0.10278458562834115,344151381.3333333,4334267.730611656
structured,null,0,kvik,ld_q2,6,7200,1.0070578375212043,0.02487127202092509,0.04847222222222222,0.0020572440512539474,0.007638888888888889,0.0008979572152913676,0.0004166666666666667,0.0002846375212766556,nan,nan,nan,nan,2.1129802153251753,0.10278458562834115,344151381.3333333,4334267.730611656
structured,null,0,kvik,ld_q3,6,7200,0.966225865719441,0.031087217742416007,0.03958333333333333,0.0027617593694626644,0.00736111111111111,0.0007270140182390223,0.0006944444444444445,0.00025609845714702473,nan,nan,nan,nan,2.1129802153251753,0.10278458562834115,344151381.3333333,4334267.730611656
structured,null,0,kvik,ld_q4,6,7200,0.989579619151446,0.039971463436555534,0.049166666666666664,0.002738612787525831,0.009166666666666667,0.0019124349420065008,0.0005555555555555556,0.00041201102706087025,nan,nan,nan,nan,2.1129802153251753,0.10278458562834115,344151381.3333333,4334267.730611656
structured,null,0,kvik,ld_q5,6,7200,0.9750657798617016,0.029307159879997623,0.04847222222222222,0.0017666754017953165,0.010416666666666666,0.0017044332174047166,0.00125,0.0003568120160740314,nan,nan,nan,nan,2.1129802153251753,0.10278458562834115,344151381.3333333,4334267.730611656
structured,null,0,ldak-kvik,all,6,36000,0.9926896276041246,0.02207681375703563,0.049055555555555554,0.0018770873155299563,0.00986111111111111,0.000693109828647597,0.0009166666666666666,0.00019602531960419284,nan,nan,nan,nan,0.44252044416498393,0.06190219306388014,40935424.0,169411.4050784854
structured,null,0,ldak-kvik,loading_q1,6,7200,1.0105635350671613,0.017916009796033503,0.05013888888888889,0.0030460711388140714,0.011527777777777777,0.0013678969169161257,0.0011111111111111111,0.0004648111258522643,nan,nan,nan,nan,0.44252044416498393,0.06190219306388014,40935424.0,169411.4050784854
structured,null,0,ldak-kvik,loading_q2,6,7200,0.9803946988833229,0.018510415813564118,0.049166666666666664,0.0017347216662217777,0.008749999999999999,0.0005989960736902174,0.0005555555555555556,0.00027777777777777783,nan,nan,nan,nan,0.44252044416498393,0.06190219306388014,40935424.0,169411.4050784854
structured,null,0,ldak-kvik,loading_q3,6,7200,1.016197479176504,0.03901947298573393,0.05069444444444445,0.0017666754017953165,0.010277777777777778,0.001501028454011811,0.0008333333333333334,0.00043033148291193526,nan,nan,nan,nan,0.44252044416498393,0.06190219306388014,40935424.0,169411.4050784854
structured,null,0,ldak-kvik,loading_q4,6,7200,0.9992827196921819,0.027432858686311783,0.04777777777777778,0.0031377824992095413,0.009166666666666667,0.0008050764858994133,0.001388888888888889,0.0002777777777777778,nan,nan,nan,nan,0.44252044416498393,0.06190219306388014,40935424.0,169411.4050784854
structured,null,0,ldak-kvik,loading_q5,6,7200,0.963884618069465,0.058804068910501855,0.047499999999999994,0.005059827255139434,0.009583333333333334,0.0017313824491386022,0.0006944444444444445,0.0004521894610027696,nan,nan,nan,nan,0.44252044416498393,0.06190219306388014,40935424.0,169411.4050784854
structured,null,0,ldak-kvik,maf_q1,6,7159,0.950707308824773,0.01832683586706818,0.04762278333954421,0.002304593846289903,0.010612828102402922,0.0011107304160898688,0.001391918769103947,0.0005117673039718035,nan,nan,nan,nan,0.44252044416498393,0.06190219306388014,40935424.0,169411.4050784854
structured,null,0,ldak-kvik,maf_q2,6,7172,0.997878133902045,0.028224322979532767,0.0490938256274109,0.0015401904848982987,0.01003780781018449,0.0011838379766444635,0.0012504252983883306,0.00041500282539309625,nan,nan,nan,nan,0.44252044416498393,0.06190219306388014,40935424.0,169411.4050784854
structured,null,0,ldak-kvik,maf_q3,6,7234,0.9926414893486625,0.04103782279319784,0.05144784521472898,0.0028207274594637057,0.009548315415429899,0.0015343818997325803,0.0011066399530241112,0.0003504374422575486,nan,nan,nan,nan,0.44252044416498393,0.06190219306388014,40935424.0,169411.4050784854
structured,null,0,ldak-kvik,maf_q4,6,7199,1.0147094828208296,0.032144535034736056,0.05043428941284526,0.001535412893975363,0.010977908632962531,0.0015371735313159402,0.00041575836694698827,0.0001859397530352163,nan,nan,nan,nan,0.44252044416498393,0.06190219306388014,40935424.0,169411.4050784854
structured,null,0,ldak-kvik,maf_q5,6,7236,1.0417686770086236,0.028499908490413416,0.04667968209760342,0.004454352119302598,0.008145711057457839,0.001021399332988136,0.0004147161617970292,0.00018547020235233722,nan,nan,nan,nan,0.44252044416498393,0.06190219306388014,40935424.0,169411.4050784854
structured,null,0,ldak-kvik,ld_q1,6,7200,1.0001169311679183,0.023608909189537744,0.05069444444444445,0.002301535987386373,0.010972222222222222,0.0009481137869931118,0.0009722222222222223,0.000334488738299786,nan,nan,nan,nan,0.44252044416498393,0.06190219306388014,40935424.0,169411.4050784854
structured,null,0,ldak-kvik,ld_q2,6,7200,1.0038491403596972,0.027004443326363627,0.05041666666666667,0.0029166666666666672,0.009305555555555555,0.0013161508600535703,0.0004166666666666667,0.0002846375212766556,nan,nan,nan,nan,0.44252044416498393,0.06190219306388014,40935424.0,169411.4050784854
structured,null,0,ldak-kvik,ld_q3,6,7200,0.9734785049099082,0.03418592862563292,0.04277777777777778,0.003420165327026975,0.007916666666666667,0.0004166666666666666,0.0006944444444444445,0.00025609845714702473,nan,nan,nan,nan,0.44252044416498393,0.06190219306388014,40935424.0,169411.4050784854
structured,null,0,ldak-kvik,ld_q4,6,7200,1.00149945294919,0.039168484661540694,0.05097222222222222,0.0028334694956388806,0.009861111111111112,0.0019414659727785063,0.0011111111111111111,0.0004648111258522642,nan,nan,nan,nan,0.44252044416498393,0.06190219306388014,40935424.0,169411.4050784854
structured,null,0,ldak-kvik,ld_q5,6,7200,0.9862846910331139,0.029696872055598518,0.05041666666666667,0.0021381672664362015,0.011250000000000001,0.0015774745405000765,0.001388888888888889,0.0004648111258522643,nan,nan,nan,nan,0.44252044416498393,0.06190219306388014,40935424.0,169411.4050784854
unstructured,mixed,0,bolt-inf,all,6,6000,1.0441309018031877,0.026155726390122414,0.04933333333333333,0.00351820661385567,0.009,0.0017126976771553507,0.001,0.0003651483716701108,0.2833333333333333,0.03073181485764296,0.25,0.03415650255319866,1.9091452845023014,0.14205093348353187,294051840.0,6984922.462927665
unstructured,mixed,0,bolt-inf,loading_q1,6,1201,1.017767973688478,0.07393828743695664,0.05620163717508602,0.01126532183059272,0.009241235159126789,0.002420188192678006,0.0,0.0,0.2833333333333333,0.03073181485764296,0.25,0.03415650255319866,1.9091452845023014,0.14205093348353187,294051840.0,6984922.462927665
unstructured,mixed,0,bolt-inf,loading_q2,6,1172,1.025604064450637,0.06179159625794132,0.05218794337785673,0.007376434782995785,0.009436111850260446,0.003572820620147734,0.0,0.0,0.2833333333333333,0.03073181485764296,0.25,0.03415650255319866,1.9091452845023014,0.14205093348353187,294051840.0,6984922.462927665
unstructured,mixed,0,bolt-inf,loading_q3,6,1191,1.0811648001159064,0.06823280761036728,0.04415428030657923,0.012637862242375272,0.008159486156597374,0.0032539195270687355,0.0015972365514975047,0.0010112905474187368,0.2833333333333333,0.03073181485764296,0.25,0.03415650255319866,1.9091452845023014,0.14205093348353187,294051840.0,6984922.462927665
unstructured,mixed,0,bolt-inf,loading_q4,6,1202,1.045937636838432,0.03577188730925908,0.04749984990740857,0.005169000943278278,0.006659617573082189,0.001687980930622279,0.002514439186458456,0.0011271857453603433,0.2833333333333333,0.03073181485764296,0.25,0.03415650255319866,1.9091452845023014,0.14205093348353187,294051840.0,6984922.462927665
unstructured,mixed,0,bolt-inf,loading_q5,6,1234,1.091035602865226,0.05013633166626668,0.04582902301929206,0.004550945424731108,0.011278945254774617,0.002597624432644707,0.0007645259938837921,0.0007645259938837922,0.2833333333333333,0.03073181485764296,0.25,0.03415650255319866,1.9091452845023014,0.14205093348353187,294051840.0,6984922.462927665
unstructured,mixed,0,bolt-inf,maf_q1,6,1229,1.0830510672527287,0.04367163900130667,0.04949466898777003,0.00964527440267882,0.009098317537916324,0.002459934712723071,0.0008250825082508251,0.0008250825082508251,0.2833333333333333,0.03073181485764296,0.25,0.03415650255319866,1.9091452845023014,0.14205093348353187,294051840.0,6984922.462927665
unstructured,mixed,0,bolt-inf,maf_q2,6,1189,0.9753046662731326,0.0616640319605276,0.05027493095526509,0.004481498584625385,0.005971354107108935,0.001572333498145432,0.0017032452673184939,0.0010804913101741902,0.2833333333333333,0.03073181485764296,0.25,0.03415650255319866,1.9091452845023014,0.14205093348353187,294051840.0,6984922.462927665
unstructured,mixed,0,bolt-inf,maf_q3,6,1161,0.9970100972827645,0.060175381699168105,0.045879914645263975,0.005829665510458379,0.013649893304974852,0.0039122818265895296,0.0009157509157509159,0.0009157509157509159,0.2833333333333333,0.03073181485764296,0.25,0.03415650255319866,1.9091452845023014,0.14205093348353187,294051840.0,6984922.462927665
unstructured,mixed,0,bolt-inf,maf_q4,6,1186,1.0423217411736936,0.08116833357644612,0.05665015514623947,0.0111883378109352,0.009490780428163747,0.0036681609882816915,0.001736111111111111,0.0017361111111111112,0.2833333333333333,0.03073181485764296,0.25,0.03415650255319866,1.9091452845023014,0.14205093348353187,294051840.0,6984922.462927665
unstructured,mixed,0,bolt-inf,maf_q5,6,1235,1.154819279351232,0.09471521820595877,0.04440299510409176,0.007637919567615772,0.007457315036872349,0.0028922616219301343,0.0,0.0,0.2833333333333333,0.03073181485764296,0.25,0.03415650255319866,1.9091452845023014,0.14205093348353187,294051840.0,6984922.462927665
unstructured,mixed,0,bolt-inf,ld_q1,6,1235,0.9774649403285854,0.07001951075772031,0.060540399936747404,0.006093378280541169,0.009665681414169945,0.002823422417975466,0.0008291873963515755,0.0008291873963515756,0.2833333333333333,0.03073181485764296,0.25,0.03415650255319866,1.9091452845023014,0.14205093348353187,294051840.0,6984922.462927665
unstructured,mixed,0,bolt-inf,ld_q2,6,1162,1.1470305398347083,0.06965082193879843,0.050113260976887834,0.006413820366792919,0.009583015023611564,0.002971745678932264,0.0018315018315018317,0.0018315018315018317,0.2833333333333333,0.03073181485764296,0.25,0.03415650255319866,1.9091452845023014,0.14205093348353187,294051840.0,6984922.462927665
unstructured,mixed,0,bolt-inf,ld_q3,6,1210,1.1021900491050254,0.05014657842101357,0.04925838301281916,0.003959907078372037,0.007621568392413861,0.001773543110409105,0.0008130081300813008,0.0008130081300813009,0.2833333333333333,0.03073181485764296,0.25,0.03415650255319866,1.9091452845023014,0.14205093348353187,294051840.0,6984922.462927665
unstructured,mixed,0,bolt-inf,ld_q4,6,1183,1.0792566022702492,0.09256825367600778,0.04628348777518091,0.006031098861988005,0.00769099976665518,0.0022783619870712186,0.000859106529209622,0.0008591065292096221,0.2833333333333333,0.03073181485764296,0.25,0.03415650255319866,1.9091452845023014,0.14205093348353187,294051840.0,6984922.462927665
unstructured,mixed,0,bolt-inf,ld_q5,6,1210,0.9215056813207338,0.07106083020748778,0.04024607876405867,0.008489338415526777,0.010668975294834628,0.0018790855285561784,0.0008333333333333334,0.0008333333333333333,0.2833333333333333,0.03073181485764296,0.25,0.03415650255319866,1.9091452845023014,0.14205093348353187,294051840.0,6984922.462927665
unstructured,mixed,0,exact,all,6,6000,1.0176370743035617,0.024370526391405117,0.047499999999999994,0.0027537852736430504,0.009,0.0012649110640673518,0.001,0.0003651483716701108,0.2833333333333333,0.03073181485764296,0.25,0.03415650255319866,2.6281831943391203,0.1020271161106998,490086400.0,2982634.338833598
unstructured,mixed,0,exact,loading_q1,6,1201,0.9924236526618153,0.07000674596116034,0.05126160916090838,0.009387707121929746,0.010046388138192811,0.0018786535072302943,0.0,0.0,0.2833333333333333,0.03073181485764296,0.25,0.03415650255319866,2.6281831943391203,0.1020271161106998,490086400.0,2982634.338833598
unstructured,mixed,0,exact,loading_q2,6,1172,1.0087875208625834,0.055022906890220734,0.04960285193763686,0.006071588739552373,0.009436111850260446,0.003572820620147734,0.0,0.0,0.2833333333333333,0.03073181485764296,0.25,0.03415650255319866,2.6281831943391203,0.1020271161106998,490086400.0,2982634.338833598
unstructured,mixed,0,exact,loading_q3,6,1191,1.065412962527527,0.06953717268325893,0.04337948168914102,0.011735836937806464,0.006536736146750591,0.0030312382707592803,0.0015972365514975047,0.0010112905474187368,0.2833333333333333,0.03073181485764296,0.25,0.03415650255319866,2.6281831943391203,0.1020271161106998,490086400.0,2982634.338833598
unstructured,mixed,0,exact,loading_q4,6,1202,1.0440281214781755,0.036842654052936706,0.04496553678278989,0.004870771811372647,0.007501368414833031,0.001736673652011873,0.002514439186458456,0.0011271857453603433,0.2833333333333333,0.03073181485764296,0.25,0.03415650255319866,2.6281831943391203,0.1020271161106998,490086400.0,2982634.338833598
unstructured,mixed,0,exact,loading_q5,6,1234,1.0748621352066563,0.053748205164669625,0.0476933988884096,0.004023728109116467,0.011347482587462892,0.001968680922386984,0.0007645259938837921,0.0007645259938837922,0.2833333333333333,0.03073181485764296,0.25,0.03415650255319866,2.6281831943391203,0.1020271161106998,490086400.0,2982634.338833598
unstructured,mixed,0,exact,maf_q1,6,1229,1.047072481826951,0.04557877748057464,0.046451871377909605,0.007822949400767495,0.009098317537916324,0.002459934712723071,0.0008250825082508251,0.0008250825082508251,0.2833333333333333,0.03073181485764296,0.25,0.03415650255319866,2.6281831943391203,0.1020271161106998,490086400.0,2982634.338833598
unstructured,mixed,0,exact,maf_q2,6,1189,0.941362406735179,0.06014466523406385,0.050295976323870846,0.005045408960242562,0.006877151208558211,0.0017601963115490675,0.0017032452673184939,0.0010804913101741902,0.2833333333333333,0.03073181485764296,0.25,0.03415650255319866,2.6281831943391203,0.1020271161106998,490086400.0,2982634.338833598
unstructured,mixed,0,exact,maf_q3,6,1161,0.9904722129870005,0.06454374966663279,0.04260105888425376,0.006474208016975323,0.012856242511324056,0.0037712420957957188,0.0009157509157509159,0.0009157509157509159,0.2833333333333333,0.03073181485764296,0.25,0.03415650255319866,2.6281831943391203,0.1020271161106998,490086400.0,2982634.338833598
unstructured,mixed,0,exact,maf_q4,6,1186,1.032153390446158,0.07276648456037388,0.05665929257314006,0.009898436794830087,0.010262385366435351,0.00333489520047449,0.001736111111111111,0.0017361111111111112,0.2833333333333333,0.03073181485764296,0.25,0.03415650255319866,2.6281831943391203,0.1020271161106998,490086400.0,2982634.338833598
unstructured,mixed,0,exact,maf_q5,6,1235,1.0975910911729232,0.09185568014442051,0.04177145680360065,0.0056993766991325825,0.0067102901795908524,0.002908587029120155,0.0,0.0,0.2833333333333333,0.03073181485764296,0.25,0.03415650255319866,2.6281831943391203,0.1020271161106998,490086400.0,2982634.338833598
unstructured,mixed,0,exact,ld_q1,6,1235,0.9518437985139111,0.06197993947552654,0.057311913266636726,0.004933998437816946,0.009665681414169945,0.002823422417975466,0.0008291873963515755,0.0008291873963515756,0.2833333333333333,0.03073181485764296,0.25,0.03415650255319866,2.6281831943391203,0.1020271161106998,490086400.0,2982634.338833598
unstructured,mixed,0,exact,ld_q2,6,1162,1.126485364698385,0.07939354104398132,0.049275740038864375,0.006464696701034151,0.011292416733013275,0.002280534516144082,0.0018315018315018317,0.0018315018315018317,0.2833333333333333,0.03073181485764296,0.25,0.03415650255319866,2.6281831943391203,0.1020271161106998,490086400.0,2982634.338833598
unstructured,mixed,0,exact,ld_q3,6,1210,1.0856862999474604,0.05432461718093672,0.048289090563546154,0.002662451656886449,0.00597984941607393,0.0016544223230737032,0.0008130081300813008,0.0008130081300813009,0.2833333333333333,0.03073181485764296,0.25,0.03415650255319866,2.6281831943391203,0.1020271161106998,490086400.0,2982634.338833598
unstructured,mixed,0,exact,ld_q4,6,1183,1.0626591917888595,0.09788763044355193,0.04476476321724066,0.0074312253504343105,0.00769099976665518,0.0022783619870712186,0.000859106529209622,0.0008591065292096221,0.2833333333333333,0.03073181485764296,0.25,0.03415650255319866,2.6281831943391203,0.1020271161106998,490086400.0,2982634.338833598
unstructured,mixed,0,exact,ld_q5,6,1210,0.9040366771569447,0.07083489419646634,0.03761380094140538,0.007997076114686539,0.010734259473022034,0.0014873153252866987,0.0008333333333333334,0.0008333333333333333,0.2833333333333333,0.03073181485764296,0.25,0.03415650255319866,2.6281831943391203,0.1020271161106998,490086400.0,2982634.338833598
unstructured,mixed,0,kvik,all,6,6000,1.0073195326790587,0.027655698070262427,0.04933333333333333,0.002716206504995115,0.008666666666666666,0.0008027729719194863,0.001,0.00044721359549995795,0.3166666666666667,0.040138648595974324,0.26666666666666666,0.021081851067789193,2.6232349861626667,0.23007366690955025,327887530.6666667,4461929.387143837
unstructured,mixed,0,kvik,loading_q1,6,1201,1.021164520520969,0.060295581302092505,0.04797173727750398,0.007160687275834457,0.005824971583723623,0.0008103998764609187,0.0008210180623973727,0.0008210180623973728,0.3166666666666667,0.040138648595974324,0.26666666666666666,0.021081851067789193,2.6232349861626667,0.23007366690955025,327887530.6666667,4461929.387143837
unstructured,mixed,0,kvik,loading_q2,6,1172,1.0080796282827509,0.09667024801211543,0.05326096938707248,0.010709812765709717,0.00582501477505485,0.0032966191489418543,0.0,0.0,0.3166666666666667,0.040138648595974324,0.26666666666666666,0.021081851067789193,2.6232349861626667,0.23007366690955025,327887530.6666667,4461929.387143837
unstructured,mixed,0,kvik,loading_q3,6,1191,1.0645905665569322,0.04436048213933294,0.051014411081400514,0.008416462978046354,0.008342876385726651,0.003321166460048808,0.0,0.0,0.3166666666666667,0.040138648595974324,0.26666666666666666,0.021081851067789193,2.6232349861626667,0.23007366690955025,327887530.6666667,4461929.387143837
unstructured,mixed,0,kvik,loading_q4,6,1202,1.0002026712518552,0.03926541695505229,0.046902213673360955,0.006089639883124965,0.012473050143838973,0.002500932537530274,0.0024098479820486075,0.0016269329816203046,0.3166666666666667,0.040138648595974324,0.26666666666666666,0.021081851067789193,2.6232349861626667,0.23007366690955025,327887530.6666667,4461929.387143837
unstructured,mixed,0,kvik,loading_q5,6,1234,1.0393317451238677,0.05000695300077353,0.048040704304881034,0.0034272066479668416,0.010408891831642482,0.0018041809239743678,0.001576052937494411,0.0009967875772115098,0.3166666666666667,0.040138648595974324,0.26666666666666666,0.021081851067789193,2.6232349861626667,0.23007366690955025,327887530.6666667,4461929.387143837
unstructured,mixed,0,kvik,maf_q1,6,1229,1.010990656885974,0.09382695424931499,0.04503708220541064,0.004387357405084032,0.005729176813596137,0.0015020706401923292,0.0008012820512820514,0.0008012820512820514,0.3166666666666667,0.040138648595974324,0.26666666666666666,0.021081851067789193,2.6232349861626667,0.23007366690955025,327887530.6666667,4461929.387143837
unstructured,mixed,0,kvik,maf_q2,6,1189,0.9842232141304722,0.06329724543395035,0.04891369646637903,0.003958514141181739,0.010132540964458763,0.0018961628260042653,0.0,0.0,0.3166666666666667,0.040138648595974324,0.26666666666666666,0.021081851067789193,2.6232349861626667,0.23007366690955025,327887530.6666667,4461929.387143837
unstructured,mixed,0,kvik,maf_q3,6,1161,0.9328623672581918,0.051861119638374774,0.05440257665296296,0.006821290017779847,0.007566371307448531,0.0027020000798447146,0.0017094017094017096,0.0010852496236038573,0.3166666666666667,0.040138648595974324,0.26666666666666666,0.021081851067789193,2.6232349861626667,0.23007366690955025,327887530.6666667,4461929.387143837
unstructured,mixed,0,kvik,maf_q4,6,1186,1.0530076842257445,0.07449843687471272,0.053794017597441963,0.011119887307813355,0.013733512562936062,0.0033445512723615347,0.002637012012012012,0.0017888763506016523,0.3166666666666667,0.040138648595974324,0.26666666666666666,0.021081851067789193,2.6232349861626667,0.23007366690955025,327887530.6666667,4461929.387143837
unstructured,mixed,0,kvik,maf_q5,6,1235,1.1082461969178532,0.10916149733118705,0.04561209678238646,0.005143206451640461,0.006590569846289443,0.002207657491557449,0.0,0.0,0.3166666666666667,0.040138648595974324,0.26666666666666666,0.021081851067789193,2.6232349861626667,0.23007366690955025,327887530.6666667,4461929.387143837
unstructured,mixed,0,kvik,ld_q1,6,1235,1.0166370938217264,0.10059338560760402,0.05712049863012691,0.005050538488028687,0.008777789279171866,0.002838680161386686,0.0007541478129713424,0.0007541478129713425,0.3166666666666667,0.040138648595974324,0.26666666666666666,0.021081851067789193,2.6232349861626667,0.23007366690955025,327887530.6666667,4461929.387143837
unstructured,mixed,0,kvik,ld_q2,6,1162,1.0474694817276677,0.04172510615290874,0.051095529123335086,0.005198896083011849,0.009622687068044254,0.002987269795572167,0.002669022769525282,0.0018553360417072192,0.3166666666666667,0.040138648595974324,0.26666666666666666,0.021081851067789193,2.6232349861626667,0.23007366690955025,327887530.6666667,4461929.387143837
unstructured,mixed,0,kvik,ld_q3,6,1210,1.0867723569268977,0.07286790175608955,0.047918855400055575,0.006376365828906439,0.005823565096882216,0.0008689309869799877,0.0,0.0,0.3166666666666667,0.040138648595974324,0.26666666666666666,0.021081851067789193,2.6232349861626667,0.23007366690955025,327887530.6666667,4461929.387143837
unstructured,mixed,0,kvik,ld_q4,6,1183,0.9208401178950635,0.049291864360699336,0.04901620830316489,0.0063228640793126295,0.01266243717389226,0.0028933282554207155,0.0,0.0,0.3166666666666667,0.040138648595974324,0.26666666666666666,0.021081851067789193,2.6232349861626667,0.23007366690955025,327887530.6666667,4461929.387143837
unstructured,mixed,0,kvik,ld_q5,6,1210,1.010555379232463,0.038690444066571364,0.04253133772039114,0.006076213878357365,0.006456682505069602,0.0019826991743973556,0.0016097999968967712,0.0010197262255961564,0.3166666666666667,0.040138648595974324,0.26666666666666666,0.021081851067789193,2.6232349861626667,0.23007366690955025,327887530.6666667,4461929.387143837
unstructured,mixed,0,ldak-kvik,all,6,6000,0.9949468546569822,0.01762607324961989,0.051,0.004531372124791048,0.009833333333333335,0.0021972204663569333,0.0011666666666666668,0.00047726070210921194,0.3333333333333333,0.03333333333333335,0.2833333333333333,0.03073181485764296,0.9088505833157493,0.08524296556561364,40774314.666666664,270101.44706840144
unstructured,mixed,0,ldak-kvik,loading_q1,6,1201,0.9908871163149523,0.05617262194882531,0.05211481144455421,0.008432410642131814,0.008434450239290818,0.0017776127162176772,0.0008210180623973727,0.0008210180623973728,0.3333333333333333,0.03333333333333335,0.2833333333333333,0.03073181485764296,0.9088505833157493,0.08524296556561364,40774314.666666664,270101.44706840144
unstructured,mixed,0,ldak-kvik,loading_q2,6,1172,0.9451072600372372,0.05096666336235113,0.049322184661694184,0.012239431314097519,0.006719613986512197,0.0048489211066131315,0.0024894955431957835,0.001720238318757239,0.3333333333333333,0.03333333333333335,0.2833333333333333,0.03073181485764296,0.9088505833157493,0.08524296556561364,40774314.666666664,270101.44706840144
unstructured,mixed,0,ldak-kvik,loading_q3,6,1191,1.068803693282607,0.03783399100066742,0.04928676341570525,0.008859979797835392,0.009172063782078226,0.0029917511952493557,0.0007680491551459293,0.0007680491551459294,0.3333333333333333,0.03333333333333335,0.2833333333333333,0.03073181485764296,0.9088505833157493,0.08524296556561364,40774314.666666664,270101.44706840144
unstructured,mixed,0,ldak-kvik,loading_q4,6,1202,0.9879306490496704,0.05042722611478722,0.05197626256228625,0.0082475452472442,0.01509683646034766,0.005463537689605355,0.0007861635220125786,0.0007861635220125788,0.3333333333333333,0.03333333333333335,0.2833333333333333,0.03073181485764296,0.9088505833157493,0.08524296556561364,40774314.666666664,270101.44706840144
unstructured,mixed,0,ldak-kvik,loading_q5,6,1234,1.0342236118364054,0.052749094294701204,0.05286792757722092,0.0030442836366149045,0.009655891367553378,0.001126959485759628,0.0007861635220125786,0.0007861635220125788,0.3333333333333333,0.03333333333333335,0.2833333333333333,0.03073181485764296,0.9088505833157493,0.08524296556561364,40774314.666666664,270101.44706840144
unstructured,mixed,0,ldak-kvik,maf_q1,6,1229,0.9725308452462951,0.08872099044722657,0.044857474194733016,0.006343261388556535,0.005672143460491241,0.0014349792356040038,0.0007680491551459293,0.0007680491551459296,0.3333333333333333,0.03333333333333335,0.2833333333333333,0.03073181485764296,0.9088505833157493,0.08524296556561364,40774314.666666664,270101.44706840144
unstructured,mixed,0,ldak-kvik,maf_q2,6,1189,0.9705777258839546,0.04301822820643703,0.0493774207926479,0.0037214728807618844,0.011933325124106465,0.002612529262026629,0.0008635578583765113,0.0008635578583765112,0.3333333333333333,0.03333333333333335,0.2833333333333333,0.03073181485764296,0.9088505833157493,0.08524296556561364,40774314.666666664,270101.44706840144
unstructured,mixed,0,ldak-kvik,maf_q3,6,1161,0.9472850042588691,0.06532946267804914,0.048082422896079814,0.006923954536999122,0.0059688947099719334,0.0025608115200888835,0.0017094017094017096,0.0010852496236038573,0.3333333333333333,0.03333333333333335,0.2833333333333333,0.03073181485764296,0.9088505833157493,0.08524296556561364,40774314.666666664,270101.44706840144
unstructured,mixed,0,ldak-kvik,maf_q4,6,1186,1.0090081266868336,0.04368693915747319,0.06337611418696831,0.009308811838377966,0.018079805430784072,0.004157911112174403,0.0025736320491345616,0.001770285668821519,0.3333333333333333,0.03333333333333335,0.2833333333333333,0.03073181485764296,0.9088505833157493,0.08524296556561364,40774314.666666664,270101.44706840144
unstructured,mixed,0,ldak-kvik,maf_q5,6,1235,1.1476540662605383,0.11096933642235907,0.05077087420794399,0.006845190590357593,0.008432259378176033,0.00484998058878956,0.0,0.0,0.3333333333333333,0.03333333333333335,0.2833333333333333,0.03073181485764296,0.9088505833157493,0.08524296556561364,40774314.666666664,270101.44706840144
unstructured,mixed,0,ldak-kvik,ld_q1,6,1235,0.981876430992315,0.08631817040371882,0.05318616649569268,0.005983267677735805,0.008648232561835245,0.003676168785271487,0.0008291873963515755,0.0008291873963515756,0.3333333333333333,0.03333333333333335,0.2833333333333333,0.03073181485764296,0.9088505833157493,0.08524296556561364,40774314.666666664,270101.44706840144
unstructured,mixed,0,ldak-kvik,ld_q2,6,1162,1.0801599898373238,0.039853595604223434,0.05184817614463882,0.004766869168984488,0.009622687068044254,0.002987269795572167,0.002669022769525282,0.0018553360417072192,0.3333333333333333,0.03333333333333335,0.2833333333333333,0.03073181485764296,0.9088505833157493,0.08524296556561364,40774314.666666664,270101.44706840144
unstructured,mixed,0,ldak-kvik,ld_q3,6,1210,1.0981201568764405,0.08039593075887828,0.053830203053188634,0.008569264353347913,0.008455144044250637,0.002662770455431512,0.0009208103130755064,0.0009208103130755064,0.3333333333333333,0.03333333333333335,0.2833333333333333,0.03073181485764296,0.9088505833157493,0.08524296556561364,40774314.666666664,270101.44706840144
unstructured,mixed,0,ldak-kvik,ld_q4,6,1183,0.9412778977141323,0.047944266279343686,0.051437978257938145,0.007015412051791412,0.01604073009547775,0.005650130877084193,0.0016501650165016502,0.0016501650165016502,0.3333333333333333,0.03333333333333335,0.2833333333333333,0.03073181485764296,0.9088505833157493,0.08524296556561364,40774314.666666664,270101.44706840144
unstructured,mixed,0,ldak-kvik,ld_q5,6,1210,0.9713756454169967,0.06197499630101598,0.04599694887637775,0.00830939450124438,0.006456682505069602,0.0019826991743973556,0.0,0.0,0.3333333333333333,0.03333333333333335,0.2833333333333333,0.03073181485764296,0.9088505833157493,0.08524296556561364,40774314.666666664,270101.44706840144
unstructured,null,0,bolt-inf,all,6,36000,0.9876999464510595,0.008139868470732345,0.04969444444444445,0.0006768892171882184,0.00997222222222222,0.00030555555555555555,0.0010277777777777778,0.00018467522376216294,nan,nan,nan,nan,2.0336988335087276,0.10693301094597035,290469205.3333333,4584358.001072275
unstructured,null,0,bolt-inf,loading_q1,6,7200,0.975065178811171,0.013203945531204079,0.051666666666666666,0.0011587029785896786,0.010277777777777778,0.0009781564923143895,0.0008333333333333334,0.00030429030972509234,nan,nan,nan,nan,2.0336988335087276,0.10693301094597035,290469205.3333333,4584358.001072275
unstructured,null,0,bolt-inf,loading_q2,6,7200,0.9631764460213175,0.023434903435751667,0.05111111111111111,0.0019798366312450515,0.011805555555555555,0.000788125608839506,0.0016666666666666668,0.0,nan,nan,nan,nan,2.0336988335087276,0.10693301094597035,290469205.3333333,4584358.001072275
unstructured,null,0,bolt-inf,loading_q3,6,7200,1.0259496971795914,0.025257472808969412,0.04888888888888889,0.002093493742379642,0.007361111111111111,0.0008717974903597343,0.0006944444444444445,0.0004521894610027696,nan,nan,nan,nan,2.0336988335087276,0.10693301094597035,290469205.3333333,4584358.001072275
unstructured,null,0,bolt-inf,loading_q4,6,7200,0.9793703721669279,0.019543410293803576,0.046805555555555566,0.0017269201158188398,0.009583333333333334,0.0012313422366278613,0.0008333333333333334,0.00037267799624996503,nan,nan,nan,nan,2.0336988335087276,0.10693301094597035,290469205.3333333,4584358.001072275
unstructured,null,0,bolt-inf,loading_q5,6,7200,1.0211307618742032,0.015668826655356863,0.049999999999999996,0.0022872432055821,0.010833333333333334,0.001031898645611484,0.0011111111111111111,0.00035136418446315325,nan,nan,nan,nan,2.0336988335087276,0.10693301094597035,290469205.3333333,4584358.001072275
unstructured,null,0,bolt-inf,maf_q1,6,7147,1.0094217826199996,0.029403075901068113,0.05343931495297812,0.0025898313177918583,0.012024971262371459,0.0009954769496274434,0.0013940341186463538,0.0005955885912166632,nan,nan,nan,nan,2.0336988335087276,0.10693301094597035,290469205.3333333,4584358.001072275
unstructured,null,0,bolt-inf,maf_q2,6,7143,0.9438839569866393,0.020512174648644684,0.048743747434330825,0.0016660136871923092,0.010354607336954225,0.0009676138932170824,0.0011246505101723916,0.0006408798964469362,nan,nan,nan,nan,2.0336988335087276,0.10693301094597035,290469205.3333333,4584358.001072275
unstructured,null,0,bolt-inf,maf_q3,6,7229,0.9885179980867519,0.04029219539101453,0.047192198522210654,0.0031548963470750587,0.009276910254706111,0.0008574216975320593,0.0009715351858808461,0.0002573606695446194,nan,nan,nan,nan,2.0336988335087276,0.10693301094597035,290469205.3333333,4584358.001072275
unstructured,null,0,bolt-inf,maf_q4,6,7227,0.9887678333629183,0.017329775623551587,0.04994682833834516,0.0021047225408860203,0.008856139298888248,0.0007286302290301511,0.0008311056359446544,0.00021700463707576155,nan,nan,nan,nan,2.0336988335087276,0.10693301094597035,290469205.3333333,4584358.001072275
unstructured,null,0,bolt-inf,maf_q5,6,7254,0.9928430598744247,0.013536446414354995,0.04922050498370825,0.0022178699625674857,0.009374171192656832,0.0016575768541708346,0.0008280713270904417,0.0004290063463764268,nan,nan,nan,nan,2.0336988335087276,0.10693301094597035,290469205.3333333,4584358.001072275
unstructured,null,0,bolt-inf,ld_q1,6,7200,0.9794558114856988,0.03154786747771756,0.04791666666666666,0.002940379794062892,0.009305555555555555,0.0005007710104811098,0.0015277777777777779,0.0005450393575096829,nan,nan,nan,nan,2.0336988335087276,0.10693301094597035,290469205.3333333,4584358.001072275
unstructured,null,0,bolt-inf,ld_q2,6,7200,1.0103398499349312,0.017106810224572132,0.05013888888888889,0.0017402727897418981,0.01,0.0014433756729740643,0.0006944444444444445,0.0003977172517576765,nan,nan,nan,nan,2.0336988335087276,0.10693301094597035,290469205.3333333,4584358.001072275
unstructured,null,0,bolt-inf,ld_q3,6,7200,0.9980075615578071,0.036932083753162884,0.051388888888888894,0.0035724425368383957,0.012638888888888889,0.0008979572152913674,0.0008333333333333334,0.00030429030972509234,nan,nan,nan,nan,2.0336988335087276,0.10693301094597035,290469205.3333333,4584358.001072275
unstructured,null,0,bolt-inf,ld_q4,6,7200,0.9855680550605279,0.01937229291775055,0.052083333333333336,0.0027950849718747376,0.009722222222222222,0.0005121969142940495,0.0011111111111111111,0.00027777777777777783,nan,nan,nan,nan,2.0336988335087276,0.10693301094597035,290469205.3333333,4584358.001072275
unstructured,null,0,bolt-inf,ld_q5,6,7200,0.9526840249878578,0.030208452543334787,0.04694444444444445,0.003047970383187823,0.008194444444444443,0.0008448281292080861,0.0009722222222222223,0.000334488738299786,nan,nan,nan,nan,2.0336988335087276,0.10693301094597035,290469205.3333333,4584358.001072275
unstructured,null,0,exact,all,6,36000,0.984862663807751,0.008138978143759362,0.04958333333333333,0.0006732315654666979,0.010166666666666666,0.00045946829173634064,0.0010277777777777778,0.00018467522376216294,nan,nan,nan,nan,2.6548074304882903,0.15603357342629318,488977749.3333333,5890418.153845779
unstructured,null,0,exact,loading_q1,6,7200,0.9730899776569232,0.015718520612941697,0.052222222222222225,0.001152024519629318,0.010555555555555556,0.0009043789220055395,0.0008333333333333334,0.00030429030972509234,nan,nan,nan,nan,2.6548074304882903,0.15603357342629318,488977749.3333333,5890418.153845779
unstructured,null,0,exact,loading_q2,6,7200,0.9594322764647848,0.02299887124059475,0.050416666666666665,0.0014231876063832778,0.011805555555555555,0.000788125608839506,0.0016666666666666668,0.0,nan,nan,nan,nan,2.6548074304882903,0.15603357342629318,488977749.3333333,5890418.153845779
unstructured,null,0,exact,loading_q3,6,7200,1.0102045805347244,0.022615413226103602,0.04888888888888889,0.0019083960041464075,0.0076388888888888895,0.0010632032893891465,0.0006944444444444445,0.0004521894610027696,nan,nan,nan,nan,2.6548074304882903,0.15603357342629318,488977749.3333333,5890418.153845779
unstructured,null,0,exact,loading_q4,6,7200,0.9793134354463394,0.01933382021139867,0.04597222222222222,0.0016303922878699096,0.00986111111111111,0.0013161508600535708,0.0008333333333333334,0.00037267799624996503,nan,nan,nan,nan,2.6548074304882903,0.15603357342629318,488977749.3333333,5890418.153845779
unstructured,null,0,exact,loading_q5,6,7200,1.018932559308343,0.016641430383379945,0.050416666666666665,0.001757918592477416,0.010972222222222222,0.001225059837288886,0.0011111111111111111,0.00035136418446315325,nan,nan,nan,nan,2.6548074304882903,0.15603357342629318,488977749.3333333,5890418.153845779
unstructured,null,0,exact,maf_q1,6,7147,1.013680320417248,0.025541969907689824,0.05273910438959453,0.0021888516917197413,0.012581454289639126,0.0012636593706514283,0.0013940341186463538,0.0005955885912166632,nan,nan,nan,nan,2.6548074304882903,0.15603357342629318,488977749.3333333,5890418.153845779
unstructured,null,0,exact,maf_q2,6,7143,0.9481902941638188,0.018938544253752444,0.04929686227775423,0.0014827013508477386,0.010494781152485484,0.001017616670973724,0.0011246505101723916,0.0006408798964469362,nan,nan,nan,nan,2.6548074304882903,0.15603357342629318,488977749.3333333,5890418.153845779
unstructured,null,0,exact,maf_q3,6,7229,0.981264923448582,0.039405119453390994,0.04760679906186661,0.0031981107641901522,0.009690819804865107,0.0007471649730275889,0.0011097330852727755,0.0002783241050041923,nan,nan,nan,nan,2.6548074304882903,0.15603357342629318,488977749.3333333,5890418.153845779
unstructured,null,0,exact,maf_q4,6,7227,0.9821663574851165,0.014481598756748065,0.049533334737579725,0.002106662133458651,0.009133222051101375,0.000981758829294244,0.0008311056359446544,0.00021700463707576155,nan,nan,nan,nan,2.6548074304882903,0.15603357342629318,488977749.3333333,5890418.153845779
unstructured,null,0,exact,maf_q5,6,7254,1.0014795610876035,0.015818271786753917,0.04880292575700956,0.0017983821207007869,0.008957966911051976,0.0016369117446215433,0.000689298082571985,0.00033258445557265043,nan,nan,nan,nan,2.6548074304882903,0.15603357342629318,488977749.3333333,5890418.153845779
unstructured,null,0,exact,ld_q1,6,7200,0.9787053948890381,0.033906236872383,0.04750000000000001,0.002755465948363832,0.009722222222222222,0.0005957669608202006,0.0015277777777777779,0.0005450393575096829,nan,nan,nan,nan,2.6548074304882903,0.15603357342629318,488977749.3333333,5890418.153845779
unstructured,null,0,exact,ld_q2,6,7200,1.0064584000738408,0.016785008392890762,0.050277777777777775,0.0013888888888888892,0.010138888888888888,0.0013847159534016132,0.0006944444444444445,0.0003977172517576765,nan,nan,nan,nan,2.6548074304882903,0.15603357342629318,488977749.3333333,5890418.153845779
unstructured,null,0,exact,ld_q3,6,7200,0.9912075901911243,0.03853004908003419,0.05111111111111111,0.0035267933884675297,0.012777777777777779,0.001024393828588099,0.0009722222222222223,0.0003977172517576765,nan,nan,nan,nan,2.6548074304882903,0.15603357342629318,488977749.3333333,5890418.153845779
unstructured,null,0,exact,ld_q4,6,7200,0.9838527521233623,0.01764489531573757,0.0525,0.0028867513459481286,0.009583333333333334,0.00041666666666666675,0.0009722222222222223,0.00025609845714702473,nan,nan,nan,nan,2.6548074304882903,0.15603357342629318,488977749.3333333,5890418.153845779
unstructured,null,0,exact,ld_q5,6,7200,0.9507934838236357,0.02965216305240538,0.04652777777777778,0.0030231871417143803,0.008611111111111111,0.0012108052620946315,0.0009722222222222223,0.000334488738299786,nan,nan,nan,nan,2.6548074304882903,0.15603357342629318,488977749.3333333,5890418.153845779
unstructured,null,0,kvik,all,6,36000,0.9868234792167527,0.008481427640443365,0.049749999999999996,0.000708088192874933,0.009972222222222223,0.0002994336217380413,0.0010277777777777778,0.00018467522376216294,nan,nan,nan,nan,2.2741106526712733,0.13989360415128171,337305600.0,13008707.362528203
unstructured,null,0,kvik,loading_q1,6,7200,0.9740675193134033,0.014049849042185225,0.05180555555555555,0.0010847568994314803,0.010416666666666666,0.0009316949906249126,0.0008333333333333334,0.00030429030972509234,nan,nan,nan,nan,2.2741106526712733,0.13989360415128171,337305600.0,13008707.362528203
unstructured,null,0,kvik,loading_q2,6,7200,0.9619297062798894,0.023629965194850024,0.050972222222222224,0.002068465465681274,0.011944444444444445,0.0008240220541217405,0.0016666666666666668,0.0,nan,nan,nan,nan,2.2741106526712733,0.13989360415128171,337305600.0,13008707.362528203
unstructured,null,0,kvik,loading_q3,6,7200,1.0211184568694427,0.02350838939809605,0.049305555555555554,0.0021236833248386004,0.007361111111111111,0.0008717974903597343,0.0006944444444444445,0.0004521894610027696,nan,nan,nan,nan,2.2741106526712733,0.13989360415128171,337305600.0,13008707.362528203
unstructured,null,0,kvik,loading_q4,6,7200,0.9814185168565013,0.019533402189286096,0.04666666666666667,0.001761207498238596,0.009583333333333334,0.0012313422366278613,0.0008333333333333334,0.00037267799624996503,nan,nan,nan,nan,2.2741106526712733,0.13989360415128171,337305600.0,13008707.362528203
unstructured,null,0,kvik,loading_q5,6,7200,1.0171328907377666,0.014856631060630631,0.049999999999999996,0.0022872432055821,0.010555555555555556,0.0011317527104146314,0.0011111111111111111,0.00035136418446315325,nan,nan,nan,nan,2.2741106526712733,0.13989360415128171,337305600.0,13008707.362528203
unstructured,null,0,kvik,maf_q1,6,7147,1.0057605863647003,0.029513763632898645,0.053580557890831215,0.002518203406182307,0.011883728324518351,0.001122225545224583,0.0013940341186463538,0.0005955885912166632,nan,nan,nan,nan,2.2741106526712733,0.13989360415128171,337305600.0,13008707.362528203
unstructured,null,0,kvik,maf_q2,6,7143,0.9436216170594621,0.017966483359158653,0.048738655012801495,0.0015583185154153037,0.010354607336954225,0.0009676138932170824,0.0011246505101723916,0.0006408798964469362,nan,nan,nan,nan,2.2741106526712733,0.13989360415128171,337305600.0,13008707.362528203
unstructured,null,0,kvik,maf_q3,6,7229,0.9855133372635319,0.0406475914114654,0.047192198522210654,0.0031548963470750587,0.009277249794832963,0.0007751010461345847,0.0009715351858808461,0.0002573606695446194,nan,nan,nan,nan,2.2741106526712733,0.13989360415128171,337305600.0,13008707.362528203
unstructured,null,0,kvik,maf_q4,6,7227,0.9882843193094261,0.017821924327185327,0.05008445564360253,0.0021990576296133514,0.008856139298888248,0.0007286302290301511,0.0008311056359446544,0.00021700463707576155,nan,nan,nan,nan,2.2741106526712733,0.13989360415128171,337305600.0,13008707.362528203
unstructured,null,0,kvik,maf_q5,6,7254,0.9926426577953263,0.013870610299626633,0.04922050498370825,0.0022178699625674857,0.00951168494403197,0.0016445913912642442,0.0008280713270904417,0.0004290063463764268,nan,nan,nan,nan,2.2741106526712733,0.13989360415128171,337305600.0,13008707.362528203
unstructured,null,0,kvik,ld_q1,6,7200,0.979212532378061,0.032101473844457114,0.04805555555555555,0.0029710537682490976,0.009444444444444445,0.0005555555555555558,0.0015277777777777779,0.0005450393575096829,nan,nan,nan,nan,2.2741106526712733,0.13989360415128171,337305600.0,13008707.362528203
unstructured,null,0,kvik,ld_q2,6,7200,1.0082936298784078,0.017144868864037252,0.05013888888888888,0.0018055555555555555,0.00986111111111111,0.001481626150343843,0.0006944444444444445,0.0003977172517576765,nan,nan,nan,nan,2.2741106526712733,0.13989360415128171,337305600.0,13008707.362528203
unstructured,null,0,kvik,ld_q3,6,7200,0.999331324302573,0.036509772725529584,0.051388888888888894,0.0035724425368383957,0.012638888888888889,0.0008979572152913674,0.0008333333333333334,0.00030429030972509234,nan,nan,nan,nan,2.2741106526712733,0.13989360415128171,337305600.0,13008707.362528203
unstructured,null,0,kvik,ld_q4,6,7200,0.9854592097840132,0.019423610082619003,0.052222222222222225,0.002752664253741666,0.009722222222222222,0.0005121969142940495,0.0011111111111111111,0.00027777777777777783,nan,nan,nan,nan,2.2741106526712733,0.13989360415128171,337305600.0,13008707.362528203
unstructured,null,0,kvik,ld_q5,6,7200,0.9550338462393856,0.028771559607998334,0.04694444444444445,0.003047970383187823,0.008194444444444443,0.0008448281292080861,0.0009722222222222223,0.000334488738299786,nan,nan,nan,nan,2.2741106526712733,0.13989360415128171,337305600.0,13008707.362528203
unstructured,null,0,ldak-kvik,all,6,36000,0.9855967684925919,0.008552880290427757,0.049777777777777775,0.0005671022291188817,0.010361111111111111,0.00043336894440569774,0.0010555555555555555,0.00020487876571761974,nan,nan,nan,nan,0.44429995819033746,0.052954777922937256,40714240.0,720411.7646390848
unstructured,null,0,ldak-kvik,loading_q1,6,7200,0.9764593546883065,0.0154804296786052,0.051527777777777777,0.0015428548974443126,0.010694444444444446,0.000948113786993112,0.0008333333333333334,0.00030429030972509234,nan,nan,nan,nan,0.44429995819033746,0.052954777922937256,40714240.0,720411.7646390848
unstructured,null,0,ldak-kvik,loading_q2,6,7200,0.9595649933645287,0.025937509857691145,0.05125,0.0014393607120035123,0.012222222222222223,0.0006689774765995719,0.0018055555555555557,0.00013888888888888886,nan,nan,nan,nan,0.44429995819033746,0.052954777922937256,40714240.0,720411.7646390848
unstructured,null,0,ldak-kvik,loading_q3,6,7200,1.0178199980453255,0.025534038018093775,0.04875000000000001,0.001809824014362436,0.0076388888888888895,0.0010187289344940138,0.0006944444444444445,0.0004521894610027696,nan,nan,nan,nan,0.44429995819033746,0.052954777922937256,40714240.0,720411.7646390848
unstructured,null,0,ldak-kvik,loading_q4,6,7200,0.9739246293035707,0.01745623369140302,0.04652777777777778,0.0016862278011973545,0.01,0.0013608276348795437,0.0008333333333333334,0.00037267799624996503,nan,nan,nan,nan,0.44429995819033746,0.052954777922937256,40714240.0,720411.7646390848
unstructured,null,0,ldak-kvik,loading_q5,6,7200,1.01408776688891,0.014869578159806666,0.050833333333333335,0.0018757714462371256,0.011250000000000001,0.0010918468892796415,0.0011111111111111111,0.00035136418446315325,nan,nan,nan,nan,0.44429995819033746,0.052954777922937256,40714240.0,720411.7646390848
unstructured,null,0,ldak-kvik,maf_q1,6,7147,1.00942656079311,0.02486399742419161,0.053018640061189004,0.0021461767305310854,0.012862167241439236,0.0011605276546430973,0.0013940341186463538,0.0005955885912166632,nan,nan,nan,nan,0.44429995819033746,0.052954777922937256,40714240.0,720411.7646390848
unstructured,null,0,ldak-kvik,maf_q2,6,7143,0.9448283357253557,0.017069592030836602,0.0495777969013441,0.0016435596556945151,0.010492576431876963,0.0010558541039284019,0.0011246505101723916,0.0006408798964469362,nan,nan,nan,nan,0.44429995819033746,0.052954777922937256,40714240.0,720411.7646390848
unstructured,null,0,ldak-kvik,maf_q3,6,7229,0.9849743353721343,0.04075860590159114,0.04788148018300987,0.0030901136094497804,0.00983194314666584,0.0008077770914127334,0.0011097330852727755,0.0002783241050041923,nan,nan,nan,nan,0.44429995819033746,0.052954777922937256,40714240.0,720411.7646390848
unstructured,null,0,ldak-kvik,maf_q4,6,7227,0.9817893427796683,0.011490183728397538,0.049528237359541094,0.002058696141118443,0.008855675562064461,0.0008174735308522762,0.0008311056359446544,0.00021700463707576155,nan,nan,nan,nan,0.44429995819033746,0.052954777922937256,40714240.0,720411.7646390848
unstructured,null,0,ldak-kvik,maf_q5,6,7254,1.0034334839101202,0.017183119416114646,0.04894113403130873,0.0018326884573576484,0.009787182279335224,0.0017854164843093062,0.0008260221733567813,0.0003694222251624452,nan,nan,nan,nan,0.44429995819033746,0.052954777922937256,40714240.0,720411.7646390848
unstructured,null,0,ldak-kvik,ld_q1,6,7200,0.9755735375189588,0.03284913530273262,0.04694444444444445,0.0026759099063982878,0.009722222222222222,0.0005957669608202006,0.0015277777777777779,0.0005450393575096829,nan,nan,nan,nan,0.44429995819033746,0.052954777922937256,40714240.0,720411.7646390848
unstructured,null,0,ldak-kvik,ld_q2,6,7200,1.0099461584211396,0.0184704730946864,0.050555555555555555,0.0014540280364780445,0.01013888888888889,0.001481626150343843,0.0006944444444444445,0.0003977172517576765,nan,nan,nan,nan,0.44429995819033746,0.052954777922937256,40714240.0,720411.7646390848
unstructured,null,0,ldak-kvik,ld_q3,6,7200,0.9887850600223471,0.033601112330508616,0.051666666666666666,0.0031768841012212888,0.012777777777777779,0.001024393828588099,0.0009722222222222223,0.0003977172517576765,nan,nan,nan,nan,0.44429995819033746,0.052954777922937256,40714240.0,720411.7646390848
unstructured,null,0,ldak-kvik,ld_q4,6,7200,0.9880199303383249,0.017439331794453856,0.052638888888888895,0.0028659613688780308,0.009861111111111112,0.0006242279181734511,0.0011111111111111111,0.00035136418446315325,nan,nan,nan,nan,0.44429995819033746,0.052954777922937256,40714240.0,720411.7646390848
unstructured,null,0,ldak-kvik,ld_q5,6,7200,0.9525878920811807,0.027753044480354285,0.04708333333333333,0.003078825533651861,0.009305555555555555,0.0013508684906430924,0.0009722222222222223,0.000334488738299786,nan,nan,nan,nan,0.44429995819033746,0.052954777922937256,40714240.0,720411.7646390848
