case_index,rep,threads,thread_order,order,method,schedule_index,case,seed,n,m,cell,trait,rho,fst,stratum,n_null,lambda_gc,rejection_0.05,rejection_0.01,rejection_0.001
1,1,1,1,1,mixmogam-he,1,/Users/au507860/REPOS/mixmogam/benchmarks/results/20261003-hapnest-kvik-n50000/rho0.8_fst0_rep01/unstructured_mixed,20262486,50000,12000,unstructured,mixed,0.8,0,all_null,2000,0.936383520706268,0.045,0.0095,0.001
1,1,1,1,1,mixmogam-he,1,/Users/au507860/REPOS/mixmogam/benchmarks/results/20261003-hapnest-kvik-n50000/rho0.8_fst0_rep01/unstructured_mixed,20262486,50000,12000,unstructured,mixed,0.8,0,loading_q1,401,1.0589787680045535,0.04987531172069826,0.017456359102244388,0.004987531172069825
1,1,1,1,1,mixmogam-he,1,/Users/au507860/REPOS/mixmogam/benchmarks/results/20261003-hapnest-kvik-n50000/rho0.8_fst0_rep01/unstructured_mixed,20262486,50000,12000,unstructured,mixed,0.8,0,loading_q2,374,0.9180306022086213,0.06417112299465241,0.0106951871657754,0.0
1,1,1,1,1,mixmogam-he,1,/Users/au507860/REPOS/mixmogam/benchmarks/results/20261003-hapnest-kvik-n50000/rho0.8_fst0_rep01/unstructured_mixed,20262486,50000,12000,unstructured,mixed,0.8,0,loading_q3,414,0.977683690879068,0.036231884057971016,0.007246376811594203,0.0
1,1,1,1,1,mixmogam-he,1,/Users/au507860/REPOS/mixmogam/benchmarks/results/20261003-hapnest-kvik-n50000/rho0.8_fst0_rep01/unstructured_mixed,20262486,50000,12000,unstructured,mixed,0.8,0,loading_q4,391,0.8761428526082138,0.03836317135549872,0.0025575447570332483,0.0
1,1,1,1,1,mixmogam-he,1,/Users/au507860/REPOS/mixmogam/benchmarks/results/20261003-hapnest-kvik-n50000/rho0.8_fst0_rep01/unstructured_mixed,20262486,50000,12000,unstructured,mixed,0.8,0,loading_q5,420,0.9211641538290644,0.0380952380952381,0.009523809523809525,0.0
1,1,1,1,1,mixmogam-he,1,/Users/au507860/REPOS/mixmogam/benchmarks/results/20261003-hapnest-kvik-n50000/rho0.8_fst0_rep01/unstructured_mixed,20262486,50000,12000,unstructured,mixed,0.8,0,maf_q1,392,1.0176970897971886,0.04336734693877551,0.012755102040816327,0.002551020408163265
1,1,1,1,1,mixmogam-he,1,/Users/au507860/REPOS/mixmogam/benchmarks/results/20261003-hapnest-kvik-n50000/rho0.8_fst0_rep01/unstructured_mixed,20262486,50000,12000,unstructured,mixed,0.8,0,maf_q2,418,1.0346903941252885,0.03588516746411483,0.009569377990430622,0.0
1,1,1,1,1,mixmogam-he,1,/Users/au507860/REPOS/mixmogam/benchmarks/results/20261003-hapnest-kvik-n50000/rho0.8_fst0_rep01/unstructured_mixed,20262486,50000,12000,unstructured,mixed,0.8,0,maf_q3,370,0.8367811244382305,0.04864864864864865,0.005405405405405406,0.0
1,1,1,1,1,mixmogam-he,1,/Users/au507860/REPOS/mixmogam/benchmarks/results/20261003-hapnest-kvik-n50000/rho0.8_fst0_rep01/unstructured_mixed,20262486,50000,12000,unstructured,mixed,0.8,0,maf_q4,421,0.9103851809802688,0.040380047505938245,0.011876484560570071,0.0023752969121140144
1,1,1,1,1,mixmogam-he,1,/Users/au507860/REPOS/mixmogam/benchmarks/results/20261003-hapnest-kvik-n50000/rho0.8_fst0_rep01/unstructured_mixed,20262486,50000,12000,unstructured,mixed,0.8,0,maf_q5,399,0.7527574421281915,0.05764411027568922,0.007518796992481203,0.0
1,1,1,1,1,mixmogam-he,1,/Users/au507860/REPOS/mixmogam/benchmarks/results/20261003-hapnest-kvik-n50000/rho0.8_fst0_rep01/unstructured_mixed,20262486,50000,12000,unstructured,mixed,0.8,0,ld_q1,424,0.8667315689947078,0.04481132075471698,0.01179245283018868,0.0023584905660377358
1,1,1,1,1,mixmogam-he,1,/Users/au507860/REPOS/mixmogam/benchmarks/results/20261003-hapnest-kvik-n50000/rho0.8_fst0_rep01/unstructured_mixed,20262486,50000,12000,unstructured,mixed,0.8,0,ld_q2,410,0.9813730434418403,0.03170731707317073,0.004878048780487805,0.0
1,1,1,1,1,mixmogam-he,1,/Users/au507860/REPOS/mixmogam/benchmarks/results/20261003-hapnest-kvik-n50000/rho0.8_fst0_rep01/unstructured_mixed,20262486,50000,12000,unstructured,mixed,0.8,0,ld_q3,375,0.8866101905877439,0.037333333333333336,0.010666666666666666,0.0
1,1,1,1,1,mixmogam-he,1,/Users/au507860/REPOS/mixmogam/benchmarks/results/20261003-hapnest-kvik-n50000/rho0.8_fst0_rep01/unstructured_mixed,20262486,50000,12000,unstructured,mixed,0.8,0,ld_q4,374,0.9991645459655947,0.0481283422459893,0.008021390374331552,0.0
1,1,1,1,1,mixmogam-he,1,/Users/au507860/REPOS/mixmogam/benchmarks/results/20261003-hapnest-kvik-n50000/rho0.8_fst0_rep01/unstructured_mixed,20262486,50000,12000,unstructured,mixed,0.8,0,ld_q5,417,0.9368961892717119,0.06235011990407674,0.011990407673860911,0.002398081534772182
1,1,1,1,2,ldak-kvik,2,/Users/au507860/REPOS/mixmogam/benchmarks/results/20261003-hapnest-kvik-n50000/rho0.8_fst0_rep01/unstructured_mixed,20262486,50000,12000,unstructured,mixed,0.8,0,all_null,2000,0.963178973222567,0.046,0.011,0.001
1,1,1,1,2,ldak-kvik,2,/Users/au507860/REPOS/mixmogam/benchmarks/results/20261003-hapnest-kvik-n50000/rho0.8_fst0_rep01/unstructured_mixed,20262486,50000,12000,unstructured,mixed,0.8,0,loading_q1,401,1.0235743301278808,0.059850374064837904,0.017456359102244388,0.004987531172069825
1,1,1,1,2,ldak-kvik,2,/Users/au507860/REPOS/mixmogam/benchmarks/results/20261003-hapnest-kvik-n50000/rho0.8_fst0_rep01/unstructured_mixed,20262486,50000,12000,unstructured,mixed,0.8,0,loading_q2,374,0.9032249094452184,0.06149732620320856,0.013368983957219251,0.0
1,1,1,1,2,ldak-kvik,2,/Users/au507860/REPOS/mixmogam/benchmarks/results/20261003-hapnest-kvik-n50000/rho0.8_fst0_rep01/unstructured_mixed,20262486,50000,12000,unstructured,mixed,0.8,0,loading_q3,414,0.9969942019340658,0.036231884057971016,0.007246376811594203,0.0
1,1,1,1,2,ldak-kvik,2,/Users/au507860/REPOS/mixmogam/benchmarks/results/20261003-hapnest-kvik-n50000/rho0.8_fst0_rep01/unstructured_mixed,20262486,50000,12000,unstructured,mixed,0.8,0,loading_q4,391,0.8985836709344376,0.03580562659846547,0.005115089514066497,0.0
1,1,1,1,2,ldak-kvik,2,/Users/au507860/REPOS/mixmogam/benchmarks/results/20261003-hapnest-kvik-n50000/rho0.8_fst0_rep01/unstructured_mixed,20262486,50000,12000,unstructured,mixed,0.8,0,loading_q5,420,0.976411090307321,0.0380952380952381,0.011904761904761904,0.0
1,1,1,1,2,ldak-kvik,2,/Users/au507860/REPOS/mixmogam/benchmarks/results/20261003-hapnest-kvik-n50000/rho0.8_fst0_rep01/unstructured_mixed,20262486,50000,12000,unstructured,mixed,0.8,0,maf_q1,392,1.0064195221144563,0.04081632653061224,0.012755102040816327,0.002551020408163265
1,1,1,1,2,ldak-kvik,2,/Users/au507860/REPOS/mixmogam/benchmarks/results/20261003-hapnest-kvik-n50000/rho0.8_fst0_rep01/unstructured_mixed,20262486,50000,12000,unstructured,mixed,0.8,0,maf_q2,418,1.1086163479141249,0.04066985645933014,0.009569377990430622,0.0
1,1,1,1,2,ldak-kvik,2,/Users/au507860/REPOS/mixmogam/benchmarks/results/20261003-hapnest-kvik-n50000/rho0.8_fst0_rep01/unstructured_mixed,20262486,50000,12000,unstructured,mixed,0.8,0,maf_q3,370,0.8866487634659683,0.051351351351351354,0.013513513513513514,0.0
1,1,1,1,2,ldak-kvik,2,/Users/au507860/REPOS/mixmogam/benchmarks/results/20261003-hapnest-kvik-n50000/rho0.8_fst0_rep01/unstructured_mixed,20262486,50000,12000,unstructured,mixed,0.8,0,maf_q4,421,0.9412460734909796,0.040380047505938245,0.009501187648456057,0.0023752969121140144
1,1,1,1,2,ldak-kvik,2,/Users/au507860/REPOS/mixmogam/benchmarks/results/20261003-hapnest-kvik-n50000/rho0.8_fst0_rep01/unstructured_mixed,20262486,50000,12000,unstructured,mixed,0.8,0,maf_q5,399,0.8100959237347752,0.05764411027568922,0.010025062656641603,0.0
1,1,1,1,2,ldak-kvik,2,/Users/au507860/REPOS/mixmogam/benchmarks/results/20261003-hapnest-kvik-n50000/rho0.8_fst0_rep01/unstructured_mixed,20262486,50000,12000,unstructured,mixed,0.8,0,ld_q1,424,0.9133424389353665,0.04481132075471698,0.014150943396226415,0.0023584905660377358
1,1,1,1,2,ldak-kvik,2,/Users/au507860/REPOS/mixmogam/benchmarks/results/20261003-hapnest-kvik-n50000/rho0.8_fst0_rep01/unstructured_mixed,20262486,50000,12000,unstructured,mixed,0.8,0,ld_q2,410,1.0147521301916798,0.03170731707317073,0.004878048780487805,0.0
1,1,1,1,2,ldak-kvik,2,/Users/au507860/REPOS/mixmogam/benchmarks/results/20261003-hapnest-kvik-n50000/rho0.8_fst0_rep01/unstructured_mixed,20262486,50000,12000,unstructured,mixed,0.8,0,ld_q3,375,0.91730336997222,0.04533333333333334,0.010666666666666666,0.0
1,1,1,1,2,ldak-kvik,2,/Users/au507860/REPOS/mixmogam/benchmarks/results/20261003-hapnest-kvik-n50000/rho0.8_fst0_rep01/unstructured_mixed,20262486,50000,12000,unstructured,mixed,0.8,0,ld_q4,374,0.9921535417284911,0.0481283422459893,0.013368983957219251,0.0
1,1,1,1,2,ldak-kvik,2,/Users/au507860/REPOS/mixmogam/benchmarks/results/20261003-hapnest-kvik-n50000/rho0.8_fst0_rep01/unstructured_mixed,20262486,50000,12000,unstructured,mixed,0.8,0,ld_q5,417,0.9464820443928215,0.05995203836930456,0.011990407673860911,0.002398081534772182
1,1,2,2,1,ldak-kvik,3,/Users/au507860/REPOS/mixmogam/benchmarks/results/20261003-hapnest-kvik-n50000/rho0.8_fst0_rep01/unstructured_mixed,20262486,50000,12000,unstructured,mixed,0.8,0,all_null,2000,0.963178973222567,0.046,0.011,0.001
1,1,2,2,1,ldak-kvik,3,/Users/au507860/REPOS/mixmogam/benchmarks/results/20261003-hapnest-kvik-n50000/rho0.8_fst0_rep01/unstructured_mixed,20262486,50000,12000,unstructured,mixed,0.8,0,loading_q1,401,1.0235743301278808,0.059850374064837904,0.017456359102244388,0.004987531172069825
1,1,2,2,1,ldak-kvik,3,/Users/au507860/REPOS/mixmogam/benchmarks/results/20261003-hapnest-kvik-n50000/rho0.8_fst0_rep01/unstructured_mixed,20262486,50000,12000,unstructured,mixed,0.8,0,loading_q2,374,0.9032249094452184,0.06149732620320856,0.013368983957219251,0.0
1,1,2,2,1,ldak-kvik,3,/Users/au507860/REPOS/mixmogam/benchmarks/results/20261003-hapnest-kvik-n50000/rho0.8_fst0_rep01/unstructured_mixed,20262486,50000,12000,unstructured,mixed,0.8,0,loading_q3,414,0.9969942019340658,0.036231884057971016,0.007246376811594203,0.0
1,1,2,2,1,ldak-kvik,3,/Users/au507860/REPOS/mixmogam/benchmarks/results/20261003-hapnest-kvik-n50000/rho0.8_fst0_rep01/unstructured_mixed,20262486,50000,12000,unstructured,mixed,0.8,0,loading_q4,391,0.8985836709344376,0.03580562659846547,0.005115089514066497,0.0
1,1,2,2,1,ldak-kvik,3,/Users/au507860/REPOS/mixmogam/benchmarks/results/20261003-hapnest-kvik-n50000/rho0.8_fst0_rep01/unstructured_mixed,20262486,50000,12000,unstructured,mixed,0.8,0,loading_q5,420,0.976411090307321,0.0380952380952381,0.011904761904761904,0.0
1,1,2,2,1,ldak-kvik,3,/Users/au507860/REPOS/mixmogam/benchmarks/results/20261003-hapnest-kvik-n50000/rho0.8_fst0_rep01/unstructured_mixed,20262486,50000,12000,unstructured,mixed,0.8,0,maf_q1,392,1.0064195221144563,0.04081632653061224,0.012755102040816327,0.002551020408163265
1,1,2,2,1,ldak-kvik,3,/Users/au507860/REPOS/mixmogam/benchmarks/results/20261003-hapnest-kvik-n50000/rho0.8_fst0_rep01/unstructured_mixed,20262486,50000,12000,unstructured,mixed,0.8,0,maf_q2,418,1.1086163479141249,0.04066985645933014,0.009569377990430622,0.0
1,1,2,2,1,ldak-kvik,3,/Users/au507860/REPOS/mixmogam/benchmarks/results/20261003-hapnest-kvik-n50000/rho0.8_fst0_rep01/unstructured_mixed,20262486,50000,12000,unstructured,mixed,0.8,0,maf_q3,370,0.8866487634659683,0.051351351351351354,0.013513513513513514,0.0
1,1,2,2,1,ldak-kvik,3,/Users/au507860/REPOS/mixmogam/benchmarks/results/20261003-hapnest-kvik-n50000/rho0.8_fst0_rep01/unstructured_mixed,20262486,50000,12000,unstructured,mixed,0.8,0,maf_q4,421,0.9412460734909796,0.040380047505938245,0.009501187648456057,0.0023752969121140144
1,1,2,2,1,ldak-kvik,3,/Users/au507860/REPOS/mixmogam/benchmarks/results/20261003-hapnest-kvik-n50000/rho0.8_fst0_rep01/unstructured_mixed,20262486,50000,12000,unstructured,mixed,0.8,0,maf_q5,399,0.8100959237347752,0.05764411027568922,0.010025062656641603,0.0
1,1,2,2,1,ldak-kvik,3,/Users/au507860/REPOS/mixmogam/benchmarks/results/20261003-hapnest-kvik-n50000/rho0.8_fst0_rep01/unstructured_mixed,20262486,50000,12000,unstructured,mixed,0.8,0,ld_q1,424,0.9133424389353665,0.04481132075471698,0.014150943396226415,0.0023584905660377358
1,1,2,2,1,ldak-kvik,3,/Users/au507860/REPOS/mixmogam/benchmarks/results/20261003-hapnest-kvik-n50000/rho0.8_fst0_rep01/unstructured_mixed,20262486,50000,12000,unstructured,mixed,0.8,0,ld_q2,410,1.0147521301916798,0.03170731707317073,0.004878048780487805,0.0
1,1,2,2,1,ldak-kvik,3,/Users/au507860/REPOS/mixmogam/benchmarks/results/20261003-hapnest-kvik-n50000/rho0.8_fst0_rep01/unstructured_mixed,20262486,50000,12000,unstructured,mixed,0.8,0,ld_q3,375,0.91730336997222,0.04533333333333334,0.010666666666666666,0.0
1,1,2,2,1,ldak-kvik,3,/Users/au507860/REPOS/mixmogam/benchmarks/results/20261003-hapnest-kvik-n50000/rho0.8_fst0_rep01/unstructured_mixed,20262486,50000,12000,unstructured,mixed,0.8,0,ld_q4,374,0.9921535417284911,0.0481283422459893,0.013368983957219251,0.0
1,1,2,2,1,ldak-kvik,3,/Users/au507860/REPOS/mixmogam/benchmarks/results/20261003-hapnest-kvik-n50000/rho0.8_fst0_rep01/unstructured_mixed,20262486,50000,12000,unstructured,mixed,0.8,0,ld_q5,417,0.9464820443928215,0.05995203836930456,0.011990407673860911,0.002398081534772182
1,1,2,2,2,mixmogam-he,4,/Users/au507860/REPOS/mixmogam/benchmarks/results/20261003-hapnest-kvik-n50000/rho0.8_fst0_rep01/unstructured_mixed,20262486,50000,12000,unstructured,mixed,0.8,0,all_null,2000,0.936383520706268,0.045,0.0095,0.001
1,1,2,2,2,mixmogam-he,4,/Users/au507860/REPOS/mixmogam/benchmarks/results/20261003-hapnest-kvik-n50000/rho0.8_fst0_rep01/unstructured_mixed,20262486,50000,12000,unstructured,mixed,0.8,0,loading_q1,401,1.0589787680045535,0.04987531172069826,0.017456359102244388,0.004987531172069825
1,1,2,2,2,mixmogam-he,4,/Users/au507860/REPOS/mixmogam/benchmarks/results/20261003-hapnest-kvik-n50000/rho0.8_fst0_rep01/unstructured_mixed,20262486,50000,12000,unstructured,mixed,0.8,0,loading_q2,374,0.9180306022086213,0.06417112299465241,0.0106951871657754,0.0
1,1,2,2,2,mixmogam-he,4,/Users/au507860/REPOS/mixmogam/benchmarks/results/20261003-hapnest-kvik-n50000/rho0.8_fst0_rep01/unstructured_mixed,20262486,50000,12000,unstructured,mixed,0.8,0,loading_q3,414,0.977683690879068,0.036231884057971016,0.007246376811594203,0.0
1,1,2,2,2,mixmogam-he,4,/Users/au507860/REPOS/mixmogam/benchmarks/results/20261003-hapnest-kvik-n50000/rho0.8_fst0_rep01/unstructured_mixed,20262486,50000,12000,unstructured,mixed,0.8,0,loading_q4,391,0.8761428526082138,0.03836317135549872,0.0025575447570332483,0.0
1,1,2,2,2,mixmogam-he,4,/Users/au507860/REPOS/mixmogam/benchmarks/results/20261003-hapnest-kvik-n50000/rho0.8_fst0_rep01/unstructured_mixed,20262486,50000,12000,unstructured,mixed,0.8,0,loading_q5,420,0.9211641538290644,0.0380952380952381,0.009523809523809525,0.0
1,1,2,2,2,mixmogam-he,4,/Users/au507860/REPOS/mixmogam/benchmarks/results/20261003-hapnest-kvik-n50000/rho0.8_fst0_rep01/unstructured_mixed,20262486,50000,12000,unstructured,mixed,0.8,0,maf_q1,392,1.0176970897971886,0.04336734693877551,0.012755102040816327,0.002551020408163265
1,1,2,2,2,mixmogam-he,4,/Users/au507860/REPOS/mixmogam/benchmarks/results/20261003-hapnest-kvik-n50000/rho0.8_fst0_rep01/unstructured_mixed,20262486,50000,12000,unstructured,mixed,0.8,0,maf_q2,418,1.0346903941252885,0.03588516746411483,0.009569377990430622,0.0
1,1,2,2,2,mixmogam-he,4,/Users/au507860/REPOS/mixmogam/benchmarks/results/20261003-hapnest-kvik-n50000/rho0.8_fst0_rep01/unstructured_mixed,20262486,50000,12000,unstructured,mixed,0.8,0,maf_q3,370,0.8367811244382305,0.04864864864864865,0.005405405405405406,0.0
1,1,2,2,2,mixmogam-he,4,/Users/au507860/REPOS/mixmogam/benchmarks/results/20261003-hapnest-kvik-n50000/rho0.8_fst0_rep01/unstructured_mixed,20262486,50000,12000,unstructured,mixed,0.8,0,maf_q4,421,0.9103851809802688,0.040380047505938245,0.011876484560570071,0.0023752969121140144
1,1,2,2,2,mixmogam-he,4,/Users/au507860/REPOS/mixmogam/benchmarks/results/20261003-hapnest-kvik-n50000/rho0.8_fst0_rep01/unstructured_mixed,20262486,50000,12000,unstructured,mixed,0.8,0,maf_q5,399,0.7527574421281915,0.05764411027568922,0.007518796992481203,0.0
1,1,2,2,2,mixmogam-he,4,/Users/au507860/REPOS/mixmogam/benchmarks/results/20261003-hapnest-kvik-n50000/rho0.8_fst0_rep01/unstructured_mixed,20262486,50000,12000,unstructured,mixed,0.8,0,ld_q1,424,0.8667315689947078,0.04481132075471698,0.01179245283018868,0.0023584905660377358
1,1,2,2,2,mixmogam-he,4,/Users/au507860/REPOS/mixmogam/benchmarks/results/20261003-hapnest-kvik-n50000/rho0.8_fst0_rep01/unstructured_mixed,20262486,50000,12000,unstructured,mixed,0.8,0,ld_q2,410,0.9813730434418403,0.03170731707317073,0.004878048780487805,0.0
1,1,2,2,2,mixmogam-he,4,/Users/au507860/REPOS/mixmogam/benchmarks/results/20261003-hapnest-kvik-n50000/rho0.8_fst0_rep01/unstructured_mixed,20262486,50000,12000,unstructured,mixed,0.8,0,ld_q3,375,0.8866101905877439,0.037333333333333336,0.010666666666666666,0.0
1,1,2,2,2,mixmogam-he,4,/Users/au507860/REPOS/mixmogam/benchmarks/results/20261003-hapnest-kvik-n50000/rho0.8_fst0_rep01/unstructured_mixed,20262486,50000,12000,unstructured,mixed,0.8,0,ld_q4,374,0.9991645459655947,0.0481283422459893,0.008021390374331552,0.0
1,1,2,2,2,mixmogam-he,4,/Users/au507860/REPOS/mixmogam/benchmarks/results/20261003-hapnest-kvik-n50000/rho0.8_fst0_rep01/unstructured_mixed,20262486,50000,12000,unstructured,mixed,0.8,0,ld_q5,417,0.9368961892717119,0.06235011990407674,0.011990407673860911,0.002398081534772182
1,1,8,3,1,ldak-kvik,5,/Users/au507860/REPOS/mixmogam/benchmarks/results/20261003-hapnest-kvik-n50000/rho0.8_fst0_rep01/unstructured_mixed,20262486,50000,12000,unstructured,mixed,0.8,0,all_null,2000,0.963178973222567,0.046,0.011,0.001
1,1,8,3,1,ldak-kvik,5,/Users/au507860/REPOS/mixmogam/benchmarks/results/20261003-hapnest-kvik-n50000/rho0.8_fst0_rep01/unstructured_mixed,20262486,50000,12000,unstructured,mixed,0.8,0,loading_q1,401,1.0235743301278808,0.059850374064837904,0.017456359102244388,0.004987531172069825
1,1,8,3,1,ldak-kvik,5,/Users/au507860/REPOS/mixmogam/benchmarks/results/20261003-hapnest-kvik-n50000/rho0.8_fst0_rep01/unstructured_mixed,20262486,50000,12000,unstructured,mixed,0.8,0,loading_q2,374,0.9032249094452184,0.06149732620320856,0.013368983957219251,0.0
1,1,8,3,1,ldak-kvik,5,/Users/au507860/REPOS/mixmogam/benchmarks/results/20261003-hapnest-kvik-n50000/rho0.8_fst0_rep01/unstructured_mixed,20262486,50000,12000,unstructured,mixed,0.8,0,loading_q3,414,0.9969942019340658,0.036231884057971016,0.007246376811594203,0.0
1,1,8,3,1,ldak-kvik,5,/Users/au507860/REPOS/mixmogam/benchmarks/results/20261003-hapnest-kvik-n50000/rho0.8_fst0_rep01/unstructured_mixed,20262486,50000,12000,unstructured,mixed,0.8,0,loading_q4,391,0.8985836709344376,0.03580562659846547,0.005115089514066497,0.0
1,1,8,3,1,ldak-kvik,5,/Users/au507860/REPOS/mixmogam/benchmarks/results/20261003-hapnest-kvik-n50000/rho0.8_fst0_rep01/unstructured_mixed,20262486,50000,12000,unstructured,mixed,0.8,0,loading_q5,420,0.976411090307321,0.0380952380952381,0.011904761904761904,0.0
1,1,8,3,1,ldak-kvik,5,/Users/au507860/REPOS/mixmogam/benchmarks/results/20261003-hapnest-kvik-n50000/rho0.8_fst0_rep01/unstructured_mixed,20262486,50000,12000,unstructured,mixed,0.8,0,maf_q1,392,1.0064195221144563,0.04081632653061224,0.012755102040816327,0.002551020408163265
1,1,8,3,1,ldak-kvik,5,/Users/au507860/REPOS/mixmogam/benchmarks/results/20261003-hapnest-kvik-n50000/rho0.8_fst0_rep01/unstructured_mixed,20262486,50000,12000,unstructured,mixed,0.8,0,maf_q2,418,1.1086163479141249,0.04066985645933014,0.009569377990430622,0.0
1,1,8,3,1,ldak-kvik,5,/Users/au507860/REPOS/mixmogam/benchmarks/results/20261003-hapnest-kvik-n50000/rho0.8_fst0_rep01/unstructured_mixed,20262486,50000,12000,unstructured,mixed,0.8,0,maf_q3,370,0.8866487634659683,0.051351351351351354,0.013513513513513514,0.0
1,1,8,3,1,ldak-kvik,5,/Users/au507860/REPOS/mixmogam/benchmarks/results/20261003-hapnest-kvik-n50000/rho0.8_fst0_rep01/unstructured_mixed,20262486,50000,12000,unstructured,mixed,0.8,0,maf_q4,421,0.9412460734909796,0.040380047505938245,0.009501187648456057,0.0023752969121140144
1,1,8,3,1,ldak-kvik,5,/Users/au507860/REPOS/mixmogam/benchmarks/results/20261003-hapnest-kvik-n50000/rho0.8_fst0_rep01/unstructured_mixed,20262486,50000,12000,unstructured,mixed,0.8,0,maf_q5,399,0.8100959237347752,0.05764411027568922,0.010025062656641603,0.0
1,1,8,3,1,ldak-kvik,5,/Users/au507860/REPOS/mixmogam/benchmarks/results/20261003-hapnest-kvik-n50000/rho0.8_fst0_rep01/unstructured_mixed,20262486,50000,12000,unstructured,mixed,0.8,0,ld_q1,424,0.9133424389353665,0.04481132075471698,0.014150943396226415,0.0023584905660377358
1,1,8,3,1,ldak-kvik,5,/Users/au507860/REPOS/mixmogam/benchmarks/results/20261003-hapnest-kvik-n50000/rho0.8_fst0_rep01/unstructured_mixed,20262486,50000,12000,unstructured,mixed,0.8,0,ld_q2,410,1.0147521301916798,0.03170731707317073,0.004878048780487805,0.0
1,1,8,3,1,ldak-kvik,5,/Users/au507860/REPOS/mixmogam/benchmarks/results/20261003-hapnest-kvik-n50000/rho0.8_fst0_rep01/unstructured_mixed,20262486,50000,12000,unstructured,mixed,0.8,0,ld_q3,375,0.91730336997222,0.04533333333333334,0.010666666666666666,0.0
1,1,8,3,1,ldak-kvik,5,/Users/au507860/REPOS/mixmogam/benchmarks/results/20261003-hapnest-kvik-n50000/rho0.8_fst0_rep01/unstructured_mixed,20262486,50000,12000,unstructured,mixed,0.8,0,ld_q4,374,0.9921535417284911,0.0481283422459893,0.013368983957219251,0.0
1,1,8,3,1,ldak-kvik,5,/Users/au507860/REPOS/mixmogam/benchmarks/results/20261003-hapnest-kvik-n50000/rho0.8_fst0_rep01/unstructured_mixed,20262486,50000,12000,unstructured,mixed,0.8,0,ld_q5,417,0.9464820443928215,0.05995203836930456,0.011990407673860911,0.002398081534772182
1,1,8,3,2,mixmogam-he,6,/Users/au507860/REPOS/mixmogam/benchmarks/results/20261003-hapnest-kvik-n50000/rho0.8_fst0_rep01/unstructured_mixed,20262486,50000,12000,unstructured,mixed,0.8,0,all_null,2000,0.936383520706268,0.045,0.0095,0.001
1,1,8,3,2,mixmogam-he,6,/Users/au507860/REPOS/mixmogam/benchmarks/results/20261003-hapnest-kvik-n50000/rho0.8_fst0_rep01/unstructured_mixed,20262486,50000,12000,unstructured,mixed,0.8,0,loading_q1,401,1.0589787680045535,0.04987531172069826,0.017456359102244388,0.004987531172069825
1,1,8,3,2,mixmogam-he,6,/Users/au507860/REPOS/mixmogam/benchmarks/results/20261003-hapnest-kvik-n50000/rho0.8_fst0_rep01/unstructured_mixed,20262486,50000,12000,unstructured,mixed,0.8,0,loading_q2,374,0.9180306022086213,0.06417112299465241,0.0106951871657754,0.0
1,1,8,3,2,mixmogam-he,6,/Users/au507860/REPOS/mixmogam/benchmarks/results/20261003-hapnest-kvik-n50000/rho0.8_fst0_rep01/unstructured_mixed,20262486,50000,12000,unstructured,mixed,0.8,0,loading_q3,414,0.977683690879068,0.036231884057971016,0.007246376811594203,0.0
1,1,8,3,2,mixmogam-he,6,/Users/au507860/REPOS/mixmogam/benchmarks/results/20261003-hapnest-kvik-n50000/rho0.8_fst0_rep01/unstructured_mixed,20262486,50000,12000,unstructured,mixed,0.8,0,loading_q4,391,0.8761428526082138,0.03836317135549872,0.0025575447570332483,0.0
1,1,8,3,2,mixmogam-he,6,/Users/au507860/REPOS/mixmogam/benchmarks/results/20261003-hapnest-kvik-n50000/rho0.8_fst0_rep01/unstructured_mixed,20262486,50000,12000,unstructured,mixed,0.8,0,loading_q5,420,0.9211641538290644,0.0380952380952381,0.009523809523809525,0.0
1,1,8,3,2,mixmogam-he,6,/Users/au507860/REPOS/mixmogam/benchmarks/results/20261003-hapnest-kvik-n50000/rho0.8_fst0_rep01/unstructured_mixed,20262486,50000,12000,unstructured,mixed,0.8,0,maf_q1,392,1.0176970897971886,0.04336734693877551,0.012755102040816327,0.002551020408163265
1,1,8,3,2,mixmogam-he,6,/Users/au507860/REPOS/mixmogam/benchmarks/results/20261003-hapnest-kvik-n50000/rho0.8_fst0_rep01/unstructured_mixed,20262486,50000,12000,unstructured,mixed,0.8,0,maf_q2,418,1.0346903941252885,0.03588516746411483,0.009569377990430622,0.0
1,1,8,3,2,mixmogam-he,6,/Users/au507860/REPOS/mixmogam/benchmarks/results/20261003-hapnest-kvik-n50000/rho0.8_fst0_rep01/unstructured_mixed,20262486,50000,12000,unstructured,mixed,0.8,0,maf_q3,370,0.8367811244382305,0.04864864864864865,0.005405405405405406,0.0
1,1,8,3,2,mixmogam-he,6,/Users/au507860/REPOS/mixmogam/benchmarks/results/20261003-hapnest-kvik-n50000/rho0.8_fst0_rep01/unstructured_mixed,20262486,50000,12000,unstructured,mixed,0.8,0,maf_q4,421,0.9103851809802688,0.040380047505938245,0.011876484560570071,0.0023752969121140144
1,1,8,3,2,mixmogam-he,6,/Users/au507860/REPOS/mixmogam/benchmarks/results/20261003-hapnest-kvik-n50000/rho0.8_fst0_rep01/unstructured_mixed,20262486,50000,12000,unstructured,mixed,0.8,0,maf_q5,399,0.7527574421281915,0.05764411027568922,0.007518796992481203,0.0
1,1,8,3,2,mixmogam-he,6,/Users/au507860/REPOS/mixmogam/benchmarks/results/20261003-hapnest-kvik-n50000/rho0.8_fst0_rep01/unstructured_mixed,20262486,50000,12000,unstructured,mixed,0.8,0,ld_q1,424,0.8667315689947078,0.04481132075471698,0.01179245283018868,0.0023584905660377358
1,1,8,3,2,mixmogam-he,6,/Users/au507860/REPOS/mixmogam/benchmarks/results/20261003-hapnest-kvik-n50000/rho0.8_fst0_rep01/unstructured_mixed,20262486,50000,12000,unstructured,mixed,0.8,0,ld_q2,410,0.9813730434418403,0.03170731707317073,0.004878048780487805,0.0
1,1,8,3,2,mixmogam-he,6,/Users/au507860/REPOS/mixmogam/benchmarks/results/20261003-hapnest-kvik-n50000/rho0.8_fst0_rep01/unstructured_mixed,20262486,50000,12000,unstructured,mixed,0.8,0,ld_q3,375,0.8866101905877439,0.037333333333333336,0.010666666666666666,0.0
1,1,8,3,2,mixmogam-he,6,/Users/au507860/REPOS/mixmogam/benchmarks/results/20261003-hapnest-kvik-n50000/rho0.8_fst0_rep01/unstructured_mixed,20262486,50000,12000,unstructured,mixed,0.8,0,ld_q4,374,0.9991645459655947,0.0481283422459893,0.008021390374331552,0.0
1,1,8,3,2,mixmogam-he,6,/Users/au507860/REPOS/mixmogam/benchmarks/results/20261003-hapnest-kvik-n50000/rho0.8_fst0_rep01/unstructured_mixed,20262486,50000,12000,unstructured,mixed,0.8,0,ld_q5,417,0.9368961892717119,0.06235011990407674,0.011990407673860911,0.002398081534772182
1,1,4,4,1,mixmogam-he,7,/Users/au507860/REPOS/mixmogam/benchmarks/results/20261003-hapnest-kvik-n50000/rho0.8_fst0_rep01/unstructured_mixed,20262486,50000,12000,unstructured,mixed,0.8,0,all_null,2000,0.936383520706268,0.045,0.0095,0.001
1,1,4,4,1,mixmogam-he,7,/Users/au507860/REPOS/mixmogam/benchmarks/results/20261003-hapnest-kvik-n50000/rho0.8_fst0_rep01/unstructured_mixed,20262486,50000,12000,unstructured,mixed,0.8,0,loading_q1,401,1.0589787680045535,0.04987531172069826,0.017456359102244388,0.004987531172069825
1,1,4,4,1,mixmogam-he,7,/Users/au507860/REPOS/mixmogam/benchmarks/results/20261003-hapnest-kvik-n50000/rho0.8_fst0_rep01/unstructured_mixed,20262486,50000,12000,unstructured,mixed,0.8,0,loading_q2,374,0.9180306022086213,0.06417112299465241,0.0106951871657754,0.0
1,1,4,4,1,mixmogam-he,7,/Users/au507860/REPOS/mixmogam/benchmarks/results/20261003-hapnest-kvik-n50000/rho0.8_fst0_rep01/unstructured_mixed,20262486,50000,12000,unstructured,mixed,0.8,0,loading_q3,414,0.977683690879068,0.036231884057971016,0.007246376811594203,0.0
1,1,4,4,1,mixmogam-he,7,/Users/au507860/REPOS/mixmogam/benchmarks/results/20261003-hapnest-kvik-n50000/rho0.8_fst0_rep01/unstructured_mixed,20262486,50000,12000,unstructured,mixed,0.8,0,loading_q4,391,0.8761428526082138,0.03836317135549872,0.0025575447570332483,0.0
1,1,4,4,1,mixmogam-he,7,/Users/au507860/REPOS/mixmogam/benchmarks/results/20261003-hapnest-kvik-n50000/rho0.8_fst0_rep01/unstructured_mixed,20262486,50000,12000,unstructured,mixed,0.8,0,loading_q5,420,0.9211641538290644,0.0380952380952381,0.009523809523809525,0.0
1,1,4,4,1,mixmogam-he,7,/Users/au507860/REPOS/mixmogam/benchmarks/results/20261003-hapnest-kvik-n50000/rho0.8_fst0_rep01/unstructured_mixed,20262486,50000,12000,unstructured,mixed,0.8,0,maf_q1,392,1.0176970897971886,0.04336734693877551,0.012755102040816327,0.002551020408163265
1,1,4,4,1,mixmogam-he,7,/Users/au507860/REPOS/mixmogam/benchmarks/results/20261003-hapnest-kvik-n50000/rho0.8_fst0_rep01/unstructured_mixed,20262486,50000,12000,unstructured,mixed,0.8,0,maf_q2,418,1.0346903941252885,0.03588516746411483,0.009569377990430622,0.0
1,1,4,4,1,mixmogam-he,7,/Users/au507860/REPOS/mixmogam/benchmarks/results/20261003-hapnest-kvik-n50000/rho0.8_fst0_rep01/unstructured_mixed,20262486,50000,12000,unstructured,mixed,0.8,0,maf_q3,370,0.8367811244382305,0.04864864864864865,0.005405405405405406,0.0
1,1,4,4,1,mixmogam-he,7,/Users/au507860/REPOS/mixmogam/benchmarks/results/20261003-hapnest-kvik-n50000/rho0.8_fst0_rep01/unstructured_mixed,20262486,50000,12000,unstructured,mixed,0.8,0,maf_q4,421,0.9103851809802688,0.040380047505938245,0.011876484560570071,0.0023752969121140144
1,1,4,4,1,mixmogam-he,7,/Users/au507860/REPOS/mixmogam/benchmarks/results/20261003-hapnest-kvik-n50000/rho0.8_fst0_rep01/unstructured_mixed,20262486,50000,12000,unstructured,mixed,0.8,0,maf_q5,399,0.7527574421281915,0.05764411027568922,0.007518796992481203,0.0
1,1,4,4,1,mixmogam-he,7,/Users/au507860/REPOS/mixmogam/benchmarks/results/20261003-hapnest-kvik-n50000/rho0.8_fst0_rep01/unstructured_mixed,20262486,50000,12000,unstructured,mixed,0.8,0,ld_q1,424,0.8667315689947078,0.04481132075471698,0.01179245283018868,0.0023584905660377358
1,1,4,4,1,mixmogam-he,7,/Users/au507860/REPOS/mixmogam/benchmarks/results/20261003-hapnest-kvik-n50000/rho0.8_fst0_rep01/unstructured_mixed,20262486,50000,12000,unstructured,mixed,0.8,0,ld_q2,410,0.9813730434418403,0.03170731707317073,0.004878048780487805,0.0
1,1,4,4,1,mixmogam-he,7,/Users/au507860/REPOS/mixmogam/benchmarks/results/20261003-hapnest-kvik-n50000/rho0.8_fst0_rep01/unstructured_mixed,20262486,50000,12000,unstructured,mixed,0.8,0,ld_q3,375,0.8866101905877439,0.037333333333333336,0.010666666666666666,0.0
1,1,4,4,1,mixmogam-he,7,/Users/au507860/REPOS/mixmogam/benchmarks/results/20261003-hapnest-kvik-n50000/rho0.8_fst0_rep01/unstructured_mixed,20262486,50000,12000,unstructured,mixed,0.8,0,ld_q4,374,0.9991645459655947,0.0481283422459893,0.008021390374331552,0.0
1,1,4,4,1,mixmogam-he,7,/Users/au507860/REPOS/mixmogam/benchmarks/results/20261003-hapnest-kvik-n50000/rho0.8_fst0_rep01/unstructured_mixed,20262486,50000,12000,unstructured,mixed,0.8,0,ld_q5,417,0.9368961892717119,0.06235011990407674,0.011990407673860911,0.002398081534772182
1,1,4,4,2,ldak-kvik,8,/Users/au507860/REPOS/mixmogam/benchmarks/results/20261003-hapnest-kvik-n50000/rho0.8_fst0_rep01/unstructured_mixed,20262486,50000,12000,unstructured,mixed,0.8,0,all_null,2000,0.963178973222567,0.046,0.011,0.001
1,1,4,4,2,ldak-kvik,8,/Users/au507860/REPOS/mixmogam/benchmarks/results/20261003-hapnest-kvik-n50000/rho0.8_fst0_rep01/unstructured_mixed,20262486,50000,12000,unstructured,mixed,0.8,0,loading_q1,401,1.0235743301278808,0.059850374064837904,0.017456359102244388,0.004987531172069825
1,1,4,4,2,ldak-kvik,8,/Users/au507860/REPOS/mixmogam/benchmarks/results/20261003-hapnest-kvik-n50000/rho0.8_fst0_rep01/unstructured_mixed,20262486,50000,12000,unstructured,mixed,0.8,0,loading_q2,374,0.9032249094452184,0.06149732620320856,0.013368983957219251,0.0
1,1,4,4,2,ldak-kvik,8,/Users/au507860/REPOS/mixmogam/benchmarks/results/20261003-hapnest-kvik-n50000/rho0.8_fst0_rep01/unstructured_mixed,20262486,50000,12000,unstructured,mixed,0.8,0,loading_q3,414,0.9969942019340658,0.036231884057971016,0.007246376811594203,0.0
1,1,4,4,2,ldak-kvik,8,/Users/au507860/REPOS/mixmogam/benchmarks/results/20261003-hapnest-kvik-n50000/rho0.8_fst0_rep01/unstructured_mixed,20262486,50000,12000,unstructured,mixed,0.8,0,loading_q4,391,0.8985836709344376,0.03580562659846547,0.005115089514066497,0.0
1,1,4,4,2,ldak-kvik,8,/Users/au507860/REPOS/mixmogam/benchmarks/results/20261003-hapnest-kvik-n50000/rho0.8_fst0_rep01/unstructured_mixed,20262486,50000,12000,unstructured,mixed,0.8,0,loading_q5,420,0.976411090307321,0.0380952380952381,0.011904761904761904,0.0
1,1,4,4,2,ldak-kvik,8,/Users/au507860/REPOS/mixmogam/benchmarks/results/20261003-hapnest-kvik-n50000/rho0.8_fst0_rep01/unstructured_mixed,20262486,50000,12000,unstructured,mixed,0.8,0,maf_q1,392,1.0064195221144563,0.04081632653061224,0.012755102040816327,0.002551020408163265
1,1,4,4,2,ldak-kvik,8,/Users/au507860/REPOS/mixmogam/benchmarks/results/20261003-hapnest-kvik-n50000/rho0.8_fst0_rep01/unstructured_mixed,20262486,50000,12000,unstructured,mixed,0.8,0,maf_q2,418,1.1086163479141249,0.04066985645933014,0.009569377990430622,0.0
1,1,4,4,2,ldak-kvik,8,/Users/au507860/REPOS/mixmogam/benchmarks/results/20261003-hapnest-kvik-n50000/rho0.8_fst0_rep01/unstructured_mixed,20262486,50000,12000,unstructured,mixed,0.8,0,maf_q3,370,0.8866487634659683,0.051351351351351354,0.013513513513513514,0.0
1,1,4,4,2,ldak-kvik,8,/Users/au507860/REPOS/mixmogam/benchmarks/results/20261003-hapnest-kvik-n50000/rho0.8_fst0_rep01/unstructured_mixed,20262486,50000,12000,unstructured,mixed,0.8,0,maf_q4,421,0.9412460734909796,0.040380047505938245,0.009501187648456057,0.0023752969121140144
1,1,4,4,2,ldak-kvik,8,/Users/au507860/REPOS/mixmogam/benchmarks/results/20261003-hapnest-kvik-n50000/rho0.8_fst0_rep01/unstructured_mixed,20262486,50000,12000,unstructured,mixed,0.8,0,maf_q5,399,0.8100959237347752,0.05764411027568922,0.010025062656641603,0.0
1,1,4,4,2,ldak-kvik,8,/Users/au507860/REPOS/mixmogam/benchmarks/results/20261003-hapnest-kvik-n50000/rho0.8_fst0_rep01/unstructured_mixed,20262486,50000,12000,unstructured,mixed,0.8,0,ld_q1,424,0.9133424389353665,0.04481132075471698,0.014150943396226415,0.0023584905660377358
1,1,4,4,2,ldak-kvik,8,/Users/au507860/REPOS/mixmogam/benchmarks/results/20261003-hapnest-kvik-n50000/rho0.8_fst0_rep01/unstructured_mixed,20262486,50000,12000,unstructured,mixed,0.8,0,ld_q2,410,1.0147521301916798,0.03170731707317073,0.004878048780487805,0.0
1,1,4,4,2,ldak-kvik,8,/Users/au507860/REPOS/mixmogam/benchmarks/results/20261003-hapnest-kvik-n50000/rho0.8_fst0_rep01/unstructured_mixed,20262486,50000,12000,unstructured,mixed,0.8,0,ld_q3,375,0.91730336997222,0.04533333333333334,0.010666666666666666,0.0
1,1,4,4,2,ldak-kvik,8,/Users/au507860/REPOS/mixmogam/benchmarks/results/20261003-hapnest-kvik-n50000/rho0.8_fst0_rep01/unstructured_mixed,20262486,50000,12000,unstructured,mixed,0.8,0,ld_q4,374,0.9921535417284911,0.0481283422459893,0.013368983957219251,0.0
1,1,4,4,2,ldak-kvik,8,/Users/au507860/REPOS/mixmogam/benchmarks/results/20261003-hapnest-kvik-n50000/rho0.8_fst0_rep01/unstructured_mixed,20262486,50000,12000,unstructured,mixed,0.8,0,ld_q5,417,0.9464820443928215,0.05995203836930456,0.011990407673860911,0.002398081534772182
2,1,4,1,1,ldak-kvik,9,/Users/au507860/REPOS/mixmogam/benchmarks/results/20261003-hapnest-kvik-n50000/rho0.8_fst0.05_rep01/confounded-pc_mixed,20262486,50000,12000,confounded-pc,mixed,0.8,0.05,all_null,2000,0.9654054323901633,0.04,0.013,0.0005
2,1,4,1,1,ldak-kvik,9,/Users/au507860/REPOS/mixmogam/benchmarks/results/20261003-hapnest-kvik-n50000/rho0.8_fst0.05_rep01/confounded-pc_mixed,20262486,50000,12000,confounded-pc,mixed,0.8,0.05,loading_q1,396,0.8184821357763808,0.06060606060606061,0.017676767676767676,0.0
2,1,4,1,1,ldak-kvik,9,/Users/au507860/REPOS/mixmogam/benchmarks/results/20261003-hapnest-kvik-n50000/rho0.8_fst0.05_rep01/confounded-pc_mixed,20262486,50000,12000,confounded-pc,mixed,0.8,0.05,loading_q2,398,1.113887720700215,0.032663316582914576,0.010050251256281407,0.0
2,1,4,1,1,ldak-kvik,9,/Users/au507860/REPOS/mixmogam/benchmarks/results/20261003-hapnest-kvik-n50000/rho0.8_fst0.05_rep01/confounded-pc_mixed,20262486,50000,12000,confounded-pc,mixed,0.8,0.05,loading_q3,383,1.0949588628472857,0.04699738903394256,0.013054830287206266,0.0
2,1,4,1,1,ldak-kvik,9,/Users/au507860/REPOS/mixmogam/benchmarks/results/20261003-hapnest-kvik-n50000/rho0.8_fst0.05_rep01/confounded-pc_mixed,20262486,50000,12000,confounded-pc,mixed,0.8,0.05,loading_q4,413,1.0242863518776717,0.04116222760290557,0.014527845036319613,0.0
2,1,4,1,1,ldak-kvik,9,/Users/au507860/REPOS/mixmogam/benchmarks/results/20261003-hapnest-kvik-n50000/rho0.8_fst0.05_rep01/confounded-pc_mixed,20262486,50000,12000,confounded-pc,mixed,0.8,0.05,loading_q5,410,0.8419091729221987,0.01951219512195122,0.00975609756097561,0.0024390243902439024
2,1,4,1,1,ldak-kvik,9,/Users/au507860/REPOS/mixmogam/benchmarks/results/20261003-hapnest-kvik-n50000/rho0.8_fst0.05_rep01/confounded-pc_mixed,20262486,50000,12000,confounded-pc,mixed,0.8,0.05,maf_q1,392,0.8729157810686404,0.04336734693877551,0.017857142857142856,0.0
2,1,4,1,1,ldak-kvik,9,/Users/au507860/REPOS/mixmogam/benchmarks/results/20261003-hapnest-kvik-n50000/rho0.8_fst0.05_rep01/confounded-pc_mixed,20262486,50000,12000,confounded-pc,mixed,0.8,0.05,maf_q2,372,1.0068848707980835,0.024193548387096774,0.005376344086021506,0.0
2,1,4,1,1,ldak-kvik,9,/Users/au507860/REPOS/mixmogam/benchmarks/results/20261003-hapnest-kvik-n50000/rho0.8_fst0.05_rep01/confounded-pc_mixed,20262486,50000,12000,confounded-pc,mixed,0.8,0.05,maf_q3,429,1.0067348368481672,0.04428904428904429,0.016317016317016316,0.0
2,1,4,1,1,ldak-kvik,9,/Users/au507860/REPOS/mixmogam/benchmarks/results/20261003-hapnest-kvik-n50000/rho0.8_fst0.05_rep01/confounded-pc_mixed,20262486,50000,12000,confounded-pc,mixed,0.8,0.05,maf_q4,403,1.0242863518776717,0.04218362282878412,0.01240694789081886,0.0024813895781637717
2,1,4,1,1,ldak-kvik,9,/Users/au507860/REPOS/mixmogam/benchmarks/results/20261003-hapnest-kvik-n50000/rho0.8_fst0.05_rep01/confounded-pc_mixed,20262486,50000,12000,confounded-pc,mixed,0.8,0.05,maf_q5,404,1.0389988113962436,0.04455445544554455,0.012376237623762377,0.0
2,1,4,1,1,ldak-kvik,9,/Users/au507860/REPOS/mixmogam/benchmarks/results/20261003-hapnest-kvik-n50000/rho0.8_fst0.05_rep01/confounded-pc_mixed,20262486,50000,12000,confounded-pc,mixed,0.8,0.05,ld_q1,372,0.9785696620597499,0.04838709677419355,0.02956989247311828,0.0
2,1,4,1,1,ldak-kvik,9,/Users/au507860/REPOS/mixmogam/benchmarks/results/20261003-hapnest-kvik-n50000/rho0.8_fst0.05_rep01/confounded-pc_mixed,20262486,50000,12000,confounded-pc,mixed,0.8,0.05,ld_q2,403,0.7179693311670973,0.02729528535980149,0.009925558312655087,0.0024813895781637717
2,1,4,1,1,ldak-kvik,9,/Users/au507860/REPOS/mixmogam/benchmarks/results/20261003-hapnest-kvik-n50000/rho0.8_fst0.05_rep01/confounded-pc_mixed,20262486,50000,12000,confounded-pc,mixed,0.8,0.05,ld_q3,407,1.0512267507976394,0.036855036855036855,0.007371007371007371,0.0
2,1,4,1,1,ldak-kvik,9,/Users/au507860/REPOS/mixmogam/benchmarks/results/20261003-hapnest-kvik-n50000/rho0.8_fst0.05_rep01/confounded-pc_mixed,20262486,50000,12000,confounded-pc,mixed,0.8,0.05,ld_q4,401,1.1461205023870917,0.04488778054862843,0.007481296758104738,0.0
2,1,4,1,1,ldak-kvik,9,/Users/au507860/REPOS/mixmogam/benchmarks/results/20261003-hapnest-kvik-n50000/rho0.8_fst0.05_rep01/confounded-pc_mixed,20262486,50000,12000,confounded-pc,mixed,0.8,0.05,ld_q5,417,1.0799211279539969,0.04316546762589928,0.011990407673860911,0.0
2,1,4,1,2,mixmogam-he,10,/Users/au507860/REPOS/mixmogam/benchmarks/results/20261003-hapnest-kvik-n50000/rho0.8_fst0.05_rep01/confounded-pc_mixed,20262486,50000,12000,confounded-pc,mixed,0.8,0.05,all_null,2000,1.0592567973037161,0.0525,0.0105,0.0005
2,1,4,1,2,mixmogam-he,10,/Users/au507860/REPOS/mixmogam/benchmarks/results/20261003-hapnest-kvik-n50000/rho0.8_fst0.05_rep01/confounded-pc_mixed,20262486,50000,12000,confounded-pc,mixed,0.8,0.05,loading_q1,396,0.870143763972557,0.06313131313131314,0.007575757575757576,0.0
2,1,4,1,2,mixmogam-he,10,/Users/au507860/REPOS/mixmogam/benchmarks/results/20261003-hapnest-kvik-n50000/rho0.8_fst0.05_rep01/confounded-pc_mixed,20262486,50000,12000,confounded-pc,mixed,0.8,0.05,loading_q2,398,1.0996650406523125,0.035175879396984924,0.007537688442211055,0.0
2,1,4,1,2,mixmogam-he,10,/Users/au507860/REPOS/mixmogam/benchmarks/results/20261003-hapnest-kvik-n50000/rho0.8_fst0.05_rep01/confounded-pc_mixed,20262486,50000,12000,confounded-pc,mixed,0.8,0.05,loading_q3,383,1.2168922114499616,0.057441253263707574,0.015665796344647518,0.0
2,1,4,1,2,mixmogam-he,10,/Users/au507860/REPOS/mixmogam/benchmarks/results/20261003-hapnest-kvik-n50000/rho0.8_fst0.05_rep01/confounded-pc_mixed,20262486,50000,12000,confounded-pc,mixed,0.8,0.05,loading_q4,413,1.1149957227789196,0.053268765133171914,0.014527845036319613,0.0
2,1,4,1,2,mixmogam-he,10,/Users/au507860/REPOS/mixmogam/benchmarks/results/20261003-hapnest-kvik-n50000/rho0.8_fst0.05_rep01/confounded-pc_mixed,20262486,50000,12000,confounded-pc,mixed,0.8,0.05,loading_q5,410,0.9404246743019306,0.05365853658536585,0.007317073170731708,0.0024390243902439024
2,1,4,1,2,mixmogam-he,10,/Users/au507860/REPOS/mixmogam/benchmarks/results/20261003-hapnest-kvik-n50000/rho0.8_fst0.05_rep01/confounded-pc_mixed,20262486,50000,12000,confounded-pc,mixed,0.8,0.05,maf_q1,392,1.0280134617539913,0.05102040816326531,0.017857142857142856,0.0
2,1,4,1,2,mixmogam-he,10,/Users/au507860/REPOS/mixmogam/benchmarks/results/20261003-hapnest-kvik-n50000/rho0.8_fst0.05_rep01/confounded-pc_mixed,20262486,50000,12000,confounded-pc,mixed,0.8,0.05,maf_q2,372,0.975241210181497,0.04032258064516129,0.005376344086021506,0.0
2,1,4,1,2,mixmogam-he,10,/Users/au507860/REPOS/mixmogam/benchmarks/results/20261003-hapnest-kvik-n50000/rho0.8_fst0.05_rep01/confounded-pc_mixed,20262486,50000,12000,confounded-pc,mixed,0.8,0.05,maf_q3,429,1.0711261669126109,0.0675990675990676,0.009324009324009324,0.0
2,1,4,1,2,mixmogam-he,10,/Users/au507860/REPOS/mixmogam/benchmarks/results/20261003-hapnest-kvik-n50000/rho0.8_fst0.05_rep01/confounded-pc_mixed,20262486,50000,12000,confounded-pc,mixed,0.8,0.05,maf_q4,403,1.1279976379278986,0.05707196029776675,0.007444168734491315,0.0024813895781637717
2,1,4,1,2,mixmogam-he,10,/Users/au507860/REPOS/mixmogam/benchmarks/results/20261003-hapnest-kvik-n50000/rho0.8_fst0.05_rep01/confounded-pc_mixed,20262486,50000,12000,confounded-pc,mixed,0.8,0.05,maf_q5,404,1.0649687562937038,0.04455445544554455,0.012376237623762377,0.0
2,1,4,1,2,mixmogam-he,10,/Users/au507860/REPOS/mixmogam/benchmarks/results/20261003-hapnest-kvik-n50000/rho0.8_fst0.05_rep01/confounded-pc_mixed,20262486,50000,12000,confounded-pc,mixed,0.8,0.05,ld_q1,372,1.0960208409143513,0.06451612903225806,0.024193548387096774,0.0
2,1,4,1,2,mixmogam-he,10,/Users/au507860/REPOS/mixmogam/benchmarks/results/20261003-hapnest-kvik-n50000/rho0.8_fst0.05_rep01/confounded-pc_mixed,20262486,50000,12000,confounded-pc,mixed,0.8,0.05,ld_q2,403,0.7396297876340656,0.04218362282878412,0.009925558312655087,0.0024813895781637717
2,1,4,1,2,mixmogam-he,10,/Users/au507860/REPOS/mixmogam/benchmarks/results/20261003-hapnest-kvik-n50000/rho0.8_fst0.05_rep01/confounded-pc_mixed,20262486,50000,12000,confounded-pc,mixed,0.8,0.05,ld_q3,407,1.1227296954574641,0.04176904176904177,0.009828009828009828,0.0
2,1,4,1,2,mixmogam-he,10,/Users/au507860/REPOS/mixmogam/benchmarks/results/20261003-hapnest-kvik-n50000/rho0.8_fst0.05_rep01/confounded-pc_mixed,20262486,50000,12000,confounded-pc,mixed,0.8,0.05,ld_q4,401,1.1631572843226818,0.06733167082294264,0.0024937655860349127,0.0
2,1,4,1,2,mixmogam-he,10,/Users/au507860/REPOS/mixmogam/benchmarks/results/20261003-hapnest-kvik-n50000/rho0.8_fst0.05_rep01/confounded-pc_mixed,20262486,50000,12000,confounded-pc,mixed,0.8,0.05,ld_q5,417,1.2116168770919564,0.047961630695443645,0.007194244604316547,0.0
2,1,8,2,1,mixmogam-he,11,/Users/au507860/REPOS/mixmogam/benchmarks/results/20261003-hapnest-kvik-n50000/rho0.8_fst0.05_rep01/confounded-pc_mixed,20262486,50000,12000,confounded-pc,mixed,0.8,0.05,all_null,2000,1.0592567973037161,0.0525,0.0105,0.0005
2,1,8,2,1,mixmogam-he,11,/Users/au507860/REPOS/mixmogam/benchmarks/results/20261003-hapnest-kvik-n50000/rho0.8_fst0.05_rep01/confounded-pc_mixed,20262486,50000,12000,confounded-pc,mixed,0.8,0.05,loading_q1,396,0.870143763972557,0.06313131313131314,0.007575757575757576,0.0
2,1,8,2,1,mixmogam-he,11,/Users/au507860/REPOS/mixmogam/benchmarks/results/20261003-hapnest-kvik-n50000/rho0.8_fst0.05_rep01/confounded-pc_mixed,20262486,50000,12000,confounded-pc,mixed,0.8,0.05,loading_q2,398,1.0996650406523125,0.035175879396984924,0.007537688442211055,0.0
2,1,8,2,1,mixmogam-he,11,/Users/au507860/REPOS/mixmogam/benchmarks/results/20261003-hapnest-kvik-n50000/rho0.8_fst0.05_rep01/confounded-pc_mixed,20262486,50000,12000,confounded-pc,mixed,0.8,0.05,loading_q3,383,1.2168922114499616,0.057441253263707574,0.015665796344647518,0.0
2,1,8,2,1,mixmogam-he,11,/Users/au507860/REPOS/mixmogam/benchmarks/results/20261003-hapnest-kvik-n50000/rho0.8_fst0.05_rep01/confounded-pc_mixed,20262486,50000,12000,confounded-pc,mixed,0.8,0.05,loading_q4,413,1.1149957227789196,0.053268765133171914,0.014527845036319613,0.0
2,1,8,2,1,mixmogam-he,11,/Users/au507860/REPOS/mixmogam/benchmarks/results/20261003-hapnest-kvik-n50000/rho0.8_fst0.05_rep01/confounded-pc_mixed,20262486,50000,12000,confounded-pc,mixed,0.8,0.05,loading_q5,410,0.9404246743019306,0.05365853658536585,0.007317073170731708,0.0024390243902439024
2,1,8,2,1,mixmogam-he,11,/Users/au507860/REPOS/mixmogam/benchmarks/results/20261003-hapnest-kvik-n50000/rho0.8_fst0.05_rep01/confounded-pc_mixed,20262486,50000,12000,confounded-pc,mixed,0.8,0.05,maf_q1,392,1.0280134617539913,0.05102040816326531,0.017857142857142856,0.0
2,1,8,2,1,mixmogam-he,11,/Users/au507860/REPOS/mixmogam/benchmarks/results/20261003-hapnest-kvik-n50000/rho0.8_fst0.05_rep01/confounded-pc_mixed,20262486,50000,12000,confounded-pc,mixed,0.8,0.05,maf_q2,372,0.975241210181497,0.04032258064516129,0.005376344086021506,0.0
2,1,8,2,1,mixmogam-he,11,/Users/au507860/REPOS/mixmogam/benchmarks/results/20261003-hapnest-kvik-n50000/rho0.8_fst0.05_rep01/confounded-pc_mixed,20262486,50000,12000,confounded-pc,mixed,0.8,0.05,maf_q3,429,1.0711261669126109,0.0675990675990676,0.009324009324009324,0.0
2,1,8,2,1,mixmogam-he,11,/Users/au507860/REPOS/mixmogam/benchmarks/results/20261003-hapnest-kvik-n50000/rho0.8_fst0.05_rep01/confounded-pc_mixed,20262486,50000,12000,confounded-pc,mixed,0.8,0.05,maf_q4,403,1.1279976379278986,0.05707196029776675,0.007444168734491315,0.0024813895781637717
2,1,8,2,1,mixmogam-he,11,/Users/au507860/REPOS/mixmogam/benchmarks/results/20261003-hapnest-kvik-n50000/rho0.8_fst0.05_rep01/confounded-pc_mixed,20262486,50000,12000,confounded-pc,mixed,0.8,0.05,maf_q5,404,1.0649687562937038,0.04455445544554455,0.012376237623762377,0.0
2,1,8,2,1,mixmogam-he,11,/Users/au507860/REPOS/mixmogam/benchmarks/results/20261003-hapnest-kvik-n50000/rho0.8_fst0.05_rep01/confounded-pc_mixed,20262486,50000,12000,confounded-pc,mixed,0.8,0.05,ld_q1,372,1.0960208409143513,0.06451612903225806,0.024193548387096774,0.0
2,1,8,2,1,mixmogam-he,11,/Users/au507860/REPOS/mixmogam/benchmarks/results/20261003-hapnest-kvik-n50000/rho0.8_fst0.05_rep01/confounded-pc_mixed,20262486,50000,12000,confounded-pc,mixed,0.8,0.05,ld_q2,403,0.7396297876340656,0.04218362282878412,0.009925558312655087,0.0024813895781637717
2,1,8,2,1,mixmogam-he,11,/Users/au507860/REPOS/mixmogam/benchmarks/results/20261003-hapnest-kvik-n50000/rho0.8_fst0.05_rep01/confounded-pc_mixed,20262486,50000,12000,confounded-pc,mixed,0.8,0.05,ld_q3,407,1.1227296954574641,0.04176904176904177,0.009828009828009828,0.0
2,1,8,2,1,mixmogam-he,11,/Users/au507860/REPOS/mixmogam/benchmarks/results/20261003-hapnest-kvik-n50000/rho0.8_fst0.05_rep01/confounded-pc_mixed,20262486,50000,12000,confounded-pc,mixed,0.8,0.05,ld_q4,401,1.1631572843226818,0.06733167082294264,0.0024937655860349127,0.0
2,1,8,2,1,mixmogam-he,11,/Users/au507860/REPOS/mixmogam/benchmarks/results/20261003-hapnest-kvik-n50000/rho0.8_fst0.05_rep01/confounded-pc_mixed,20262486,50000,12000,confounded-pc,mixed,0.8,0.05,ld_q5,417,1.2116168770919564,0.047961630695443645,0.007194244604316547,0.0
2,1,8,2,2,ldak-kvik,12,/Users/au507860/REPOS/mixmogam/benchmarks/results/20261003-hapnest-kvik-n50000/rho0.8_fst0.05_rep01/confounded-pc_mixed,20262486,50000,12000,confounded-pc,mixed,0.8,0.05,all_null,2000,0.9654054323901633,0.04,0.013,0.0005
2,1,8,2,2,ldak-kvik,12,/Users/au507860/REPOS/mixmogam/benchmarks/results/20261003-hapnest-kvik-n50000/rho0.8_fst0.05_rep01/confounded-pc_mixed,20262486,50000,12000,confounded-pc,mixed,0.8,0.05,loading_q1,396,0.8184821357763808,0.06060606060606061,0.017676767676767676,0.0
2,1,8,2,2,ldak-kvik,12,/Users/au507860/REPOS/mixmogam/benchmarks/results/20261003-hapnest-kvik-n50000/rho0.8_fst0.05_rep01/confounded-pc_mixed,20262486,50000,12000,confounded-pc,mixed,0.8,0.05,loading_q2,398,1.113887720700215,0.032663316582914576,0.010050251256281407,0.0
2,1,8,2,2,ldak-kvik,12,/Users/au507860/REPOS/mixmogam/benchmarks/results/20261003-hapnest-kvik-n50000/rho0.8_fst0.05_rep01/confounded-pc_mixed,20262486,50000,12000,confounded-pc,mixed,0.8,0.05,loading_q3,383,1.0949588628472857,0.04699738903394256,0.013054830287206266,0.0
2,1,8,2,2,ldak-kvik,12,/Users/au507860/REPOS/mixmogam/benchmarks/results/20261003-hapnest-kvik-n50000/rho0.8_fst0.05_rep01/confounded-pc_mixed,20262486,50000,12000,confounded-pc,mixed,0.8,0.05,loading_q4,413,1.0242863518776717,0.04116222760290557,0.014527845036319613,0.0
2,1,8,2,2,ldak-kvik,12,/Users/au507860/REPOS/mixmogam/benchmarks/results/20261003-hapnest-kvik-n50000/rho0.8_fst0.05_rep01/confounded-pc_mixed,20262486,50000,12000,confounded-pc,mixed,0.8,0.05,loading_q5,410,0.8419091729221987,0.01951219512195122,0.00975609756097561,0.0024390243902439024
2,1,8,2,2,ldak-kvik,12,/Users/au507860/REPOS/mixmogam/benchmarks/results/20261003-hapnest-kvik-n50000/rho0.8_fst0.05_rep01/confounded-pc_mixed,20262486,50000,12000,confounded-pc,mixed,0.8,0.05,maf_q1,392,0.8729157810686404,0.04336734693877551,0.017857142857142856,0.0
2,1,8,2,2,ldak-kvik,12,/Users/au507860/REPOS/mixmogam/benchmarks/results/20261003-hapnest-kvik-n50000/rho0.8_fst0.05_rep01/confounded-pc_mixed,20262486,50000,12000,confounded-pc,mixed,0.8,0.05,maf_q2,372,1.0068848707980835,0.024193548387096774,0.005376344086021506,0.0
2,1,8,2,2,ldak-kvik,12,/Users/au507860/REPOS/mixmogam/benchmarks/results/20261003-hapnest-kvik-n50000/rho0.8_fst0.05_rep01/confounded-pc_mixed,20262486,50000,12000,confounded-pc,mixed,0.8,0.05,maf_q3,429,1.0067348368481672,0.04428904428904429,0.016317016317016316,0.0
2,1,8,2,2,ldak-kvik,12,/Users/au507860/REPOS/mixmogam/benchmarks/results/20261003-hapnest-kvik-n50000/rho0.8_fst0.05_rep01/confounded-pc_mixed,20262486,50000,12000,confounded-pc,mixed,0.8,0.05,maf_q4,403,1.0242863518776717,0.04218362282878412,0.01240694789081886,0.0024813895781637717
2,1,8,2,2,ldak-kvik,12,/Users/au507860/REPOS/mixmogam/benchmarks/results/20261003-hapnest-kvik-n50000/rho0.8_fst0.05_rep01/confounded-pc_mixed,20262486,50000,12000,confounded-pc,mixed,0.8,0.05,maf_q5,404,1.0389988113962436,0.04455445544554455,0.012376237623762377,0.0
2,1,8,2,2,ldak-kvik,12,/Users/au507860/REPOS/mixmogam/benchmarks/results/20261003-hapnest-kvik-n50000/rho0.8_fst0.05_rep01/confounded-pc_mixed,20262486,50000,12000,confounded-pc,mixed,0.8,0.05,ld_q1,372,0.9785696620597499,0.04838709677419355,0.02956989247311828,0.0
2,1,8,2,2,ldak-kvik,12,/Users/au507860/REPOS/mixmogam/benchmarks/results/20261003-hapnest-kvik-n50000/rho0.8_fst0.05_rep01/confounded-pc_mixed,20262486,50000,12000,confounded-pc,mixed,0.8,0.05,ld_q2,403,0.7179693311670973,0.02729528535980149,0.009925558312655087,0.0024813895781637717
2,1,8,2,2,ldak-kvik,12,/Users/au507860/REPOS/mixmogam/benchmarks/results/20261003-hapnest-kvik-n50000/rho0.8_fst0.05_rep01/confounded-pc_mixed,20262486,50000,12000,confounded-pc,mixed,0.8,0.05,ld_q3,407,1.0512267507976394,0.036855036855036855,0.007371007371007371,0.0
2,1,8,2,2,ldak-kvik,12,/Users/au507860/REPOS/mixmogam/benchmarks/results/20261003-hapnest-kvik-n50000/rho0.8_fst0.05_rep01/confounded-pc_mixed,20262486,50000,12000,confounded-pc,mixed,0.8,0.05,ld_q4,401,1.1461205023870917,0.04488778054862843,0.007481296758104738,0.0
2,1,8,2,2,ldak-kvik,12,/Users/au507860/REPOS/mixmogam/benchmarks/results/20261003-hapnest-kvik-n50000/rho0.8_fst0.05_rep01/confounded-pc_mixed,20262486,50000,12000,confounded-pc,mixed,0.8,0.05,ld_q5,417,1.0799211279539969,0.04316546762589928,0.011990407673860911,0.0
2,1,2,3,1,mixmogam-he,13,/Users/au507860/REPOS/mixmogam/benchmarks/results/20261003-hapnest-kvik-n50000/rho0.8_fst0.05_rep01/confounded-pc_mixed,20262486,50000,12000,confounded-pc,mixed,0.8,0.05,all_null,2000,1.0592567973037161,0.0525,0.0105,0.0005
2,1,2,3,1,mixmogam-he,13,/Users/au507860/REPOS/mixmogam/benchmarks/results/20261003-hapnest-kvik-n50000/rho0.8_fst0.05_rep01/confounded-pc_mixed,20262486,50000,12000,confounded-pc,mixed,0.8,0.05,loading_q1,396,0.870143763972557,0.06313131313131314,0.007575757575757576,0.0
2,1,2,3,1,mixmogam-he,13,/Users/au507860/REPOS/mixmogam/benchmarks/results/20261003-hapnest-kvik-n50000/rho0.8_fst0.05_rep01/confounded-pc_mixed,20262486,50000,12000,confounded-pc,mixed,0.8,0.05,loading_q2,398,1.0996650406523125,0.035175879396984924,0.007537688442211055,0.0
2,1,2,3,1,mixmogam-he,13,/Users/au507860/REPOS/mixmogam/benchmarks/results/20261003-hapnest-kvik-n50000/rho0.8_fst0.05_rep01/confounded-pc_mixed,20262486,50000,12000,confounded-pc,mixed,0.8,0.05,loading_q3,383,1.2168922114499616,0.057441253263707574,0.015665796344647518,0.0
2,1,2,3,1,mixmogam-he,13,/Users/au507860/REPOS/mixmogam/benchmarks/results/20261003-hapnest-kvik-n50000/rho0.8_fst0.05_rep01/confounded-pc_mixed,20262486,50000,12000,confounded-pc,mixed,0.8,0.05,loading_q4,413,1.1149957227789196,0.053268765133171914,0.014527845036319613,0.0
2,1,2,3,1,mixmogam-he,13,/Users/au507860/REPOS/mixmogam/benchmarks/results/20261003-hapnest-kvik-n50000/rho0.8_fst0.05_rep01/confounded-pc_mixed,20262486,50000,12000,confounded-pc,mixed,0.8,0.05,loading_q5,410,0.9404246743019306,0.05365853658536585,0.007317073170731708,0.0024390243902439024
2,1,2,3,1,mixmogam-he,13,/Users/au507860/REPOS/mixmogam/benchmarks/results/20261003-hapnest-kvik-n50000/rho0.8_fst0.05_rep01/confounded-pc_mixed,20262486,50000,12000,confounded-pc,mixed,0.8,0.05,maf_q1,392,1.0280134617539913,0.05102040816326531,0.017857142857142856,0.0
2,1,2,3,1,mixmogam-he,13,/Users/au507860/REPOS/mixmogam/benchmarks/results/20261003-hapnest-kvik-n50000/rho0.8_fst0.05_rep01/confounded-pc_mixed,20262486,50000,12000,confounded-pc,mixed,0.8,0.05,maf_q2,372,0.975241210181497,0.04032258064516129,0.005376344086021506,0.0
2,1,2,3,1,mixmogam-he,13,/Users/au507860/REPOS/mixmogam/benchmarks/results/20261003-hapnest-kvik-n50000/rho0.8_fst0.05_rep01/confounded-pc_mixed,20262486,50000,12000,confounded-pc,mixed,0.8,0.05,maf_q3,429,1.0711261669126109,0.0675990675990676,0.009324009324009324,0.0
2,1,2,3,1,mixmogam-he,13,/Users/au507860/REPOS/mixmogam/benchmarks/results/20261003-hapnest-kvik-n50000/rho0.8_fst0.05_rep01/confounded-pc_mixed,20262486,50000,12000,confounded-pc,mixed,0.8,0.05,maf_q4,403,1.1279976379278986,0.05707196029776675,0.007444168734491315,0.0024813895781637717
2,1,2,3,1,mixmogam-he,13,/Users/au507860/REPOS/mixmogam/benchmarks/results/20261003-hapnest-kvik-n50000/rho0.8_fst0.05_rep01/confounded-pc_mixed,20262486,50000,12000,confounded-pc,mixed,0.8,0.05,maf_q5,404,1.0649687562937038,0.04455445544554455,0.012376237623762377,0.0
2,1,2,3,1,mixmogam-he,13,/Users/au507860/REPOS/mixmogam/benchmarks/results/20261003-hapnest-kvik-n50000/rho0.8_fst0.05_rep01/confounded-pc_mixed,20262486,50000,12000,confounded-pc,mixed,0.8,0.05,ld_q1,372,1.0960208409143513,0.06451612903225806,0.024193548387096774,0.0
2,1,2,3,1,mixmogam-he,13,/Users/au507860/REPOS/mixmogam/benchmarks/results/20261003-hapnest-kvik-n50000/rho0.8_fst0.05_rep01/confounded-pc_mixed,20262486,50000,12000,confounded-pc,mixed,0.8,0.05,ld_q2,403,0.7396297876340656,0.04218362282878412,0.009925558312655087,0.0024813895781637717
2,1,2,3,1,mixmogam-he,13,/Users/au507860/REPOS/mixmogam/benchmarks/results/20261003-hapnest-kvik-n50000/rho0.8_fst0.05_rep01/confounded-pc_mixed,20262486,50000,12000,confounded-pc,mixed,0.8,0.05,ld_q3,407,1.1227296954574641,0.04176904176904177,0.009828009828009828,0.0
2,1,2,3,1,mixmogam-he,13,/Users/au507860/REPOS/mixmogam/benchmarks/results/20261003-hapnest-kvik-n50000/rho0.8_fst0.05_rep01/confounded-pc_mixed,20262486,50000,12000,confounded-pc,mixed,0.8,0.05,ld_q4,401,1.1631572843226818,0.06733167082294264,0.0024937655860349127,0.0
2,1,2,3,1,mixmogam-he,13,/Users/au507860/REPOS/mixmogam/benchmarks/results/20261003-hapnest-kvik-n50000/rho0.8_fst0.05_rep01/confounded-pc_mixed,20262486,50000,12000,confounded-pc,mixed,0.8,0.05,ld_q5,417,1.2116168770919564,0.047961630695443645,0.007194244604316547,0.0
2,1,2,3,2,ldak-kvik,14,/Users/au507860/REPOS/mixmogam/benchmarks/results/20261003-hapnest-kvik-n50000/rho0.8_fst0.05_rep01/confounded-pc_mixed,20262486,50000,12000,confounded-pc,mixed,0.8,0.05,all_null,2000,0.9654054323901633,0.04,0.013,0.0005
2,1,2,3,2,ldak-kvik,14,/Users/au507860/REPOS/mixmogam/benchmarks/results/20261003-hapnest-kvik-n50000/rho0.8_fst0.05_rep01/confounded-pc_mixed,20262486,50000,12000,confounded-pc,mixed,0.8,0.05,loading_q1,396,0.8184821357763808,0.06060606060606061,0.017676767676767676,0.0
2,1,2,3,2,ldak-kvik,14,/Users/au507860/REPOS/mixmogam/benchmarks/results/20261003-hapnest-kvik-n50000/rho0.8_fst0.05_rep01/confounded-pc_mixed,20262486,50000,12000,confounded-pc,mixed,0.8,0.05,loading_q2,398,1.113887720700215,0.032663316582914576,0.010050251256281407,0.0
2,1,2,3,2,ldak-kvik,14,/Users/au507860/REPOS/mixmogam/benchmarks/results/20261003-hapnest-kvik-n50000/rho0.8_fst0.05_rep01/confounded-pc_mixed,20262486,50000,12000,confounded-pc,mixed,0.8,0.05,loading_q3,383,1.0949588628472857,0.04699738903394256,0.013054830287206266,0.0
2,1,2,3,2,ldak-kvik,14,/Users/au507860/REPOS/mixmogam/benchmarks/results/20261003-hapnest-kvik-n50000/rho0.8_fst0.05_rep01/confounded-pc_mixed,20262486,50000,12000,confounded-pc,mixed,0.8,0.05,loading_q4,413,1.0242863518776717,0.04116222760290557,0.014527845036319613,0.0
2,1,2,3,2,ldak-kvik,14,/Users/au507860/REPOS/mixmogam/benchmarks/results/20261003-hapnest-kvik-n50000/rho0.8_fst0.05_rep01/confounded-pc_mixed,20262486,50000,12000,confounded-pc,mixed,0.8,0.05,loading_q5,410,0.8419091729221987,0.01951219512195122,0.00975609756097561,0.0024390243902439024
2,1,2,3,2,ldak-kvik,14,/Users/au507860/REPOS/mixmogam/benchmarks/results/20261003-hapnest-kvik-n50000/rho0.8_fst0.05_rep01/confounded-pc_mixed,20262486,50000,12000,confounded-pc,mixed,0.8,0.05,maf_q1,392,0.8729157810686404,0.04336734693877551,0.017857142857142856,0.0
2,1,2,3,2,ldak-kvik,14,/Users/au507860/REPOS/mixmogam/benchmarks/results/20261003-hapnest-kvik-n50000/rho0.8_fst0.05_rep01/confounded-pc_mixed,20262486,50000,12000,confounded-pc,mixed,0.8,0.05,maf_q2,372,1.0068848707980835,0.024193548387096774,0.005376344086021506,0.0
2,1,2,3,2,ldak-kvik,14,/Users/au507860/REPOS/mixmogam/benchmarks/results/20261003-hapnest-kvik-n50000/rho0.8_fst0.05_rep01/confounded-pc_mixed,20262486,50000,12000,confounded-pc,mixed,0.8,0.05,maf_q3,429,1.0067348368481672,0.04428904428904429,0.016317016317016316,0.0
2,1,2,3,2,ldak-kvik,14,/Users/au507860/REPOS/mixmogam/benchmarks/results/20261003-hapnest-kvik-n50000/rho0.8_fst0.05_rep01/confounded-pc_mixed,20262486,50000,12000,confounded-pc,mixed,0.8,0.05,maf_q4,403,1.0242863518776717,0.04218362282878412,0.01240694789081886,0.0024813895781637717
2,1,2,3,2,ldak-kvik,14,/Users/au507860/REPOS/mixmogam/benchmarks/results/20261003-hapnest-kvik-n50000/rho0.8_fst0.05_rep01/confounded-pc_mixed,20262486,50000,12000,confounded-pc,mixed,0.8,0.05,maf_q5,404,1.0389988113962436,0.04455445544554455,0.012376237623762377,0.0
2,1,2,3,2,ldak-kvik,14,/Users/au507860/REPOS/mixmogam/benchmarks/results/20261003-hapnest-kvik-n50000/rho0.8_fst0.05_rep01/confounded-pc_mixed,20262486,50000,12000,confounded-pc,mixed,0.8,0.05,ld_q1,372,0.9785696620597499,0.04838709677419355,0.02956989247311828,0.0
2,1,2,3,2,ldak-kvik,14,/Users/au507860/REPOS/mixmogam/benchmarks/results/20261003-hapnest-kvik-n50000/rho0.8_fst0.05_rep01/confounded-pc_mixed,20262486,50000,12000,confounded-pc,mixed,0.8,0.05,ld_q2,403,0.7179693311670973,0.02729528535980149,0.009925558312655087,0.0024813895781637717
2,1,2,3,2,ldak-kvik,14,/Users/au507860/REPOS/mixmogam/benchmarks/results/20261003-hapnest-kvik-n50000/rho0.8_fst0.05_rep01/confounded-pc_mixed,20262486,50000,12000,confounded-pc,mixed,0.8,0.05,ld_q3,407,1.0512267507976394,0.036855036855036855,0.007371007371007371,0.0
2,1,2,3,2,ldak-kvik,14,/Users/au507860/REPOS/mixmogam/benchmarks/results/20261003-hapnest-kvik-n50000/rho0.8_fst0.05_rep01/confounded-pc_mixed,20262486,50000,12000,confounded-pc,mixed,0.8,0.05,ld_q4,401,1.1461205023870917,0.04488778054862843,0.007481296758104738,0.0
2,1,2,3,2,ldak-kvik,14,/Users/au507860/REPOS/mixmogam/benchmarks/results/20261003-hapnest-kvik-n50000/rho0.8_fst0.05_rep01/confounded-pc_mixed,20262486,50000,12000,confounded-pc,mixed,0.8,0.05,ld_q5,417,1.0799211279539969,0.04316546762589928,0.011990407673860911,0.0
2,1,1,4,1,ldak-kvik,15,/Users/au507860/REPOS/mixmogam/benchmarks/results/20261003-hapnest-kvik-n50000/rho0.8_fst0.05_rep01/confounded-pc_mixed,20262486,50000,12000,confounded-pc,mixed,0.8,0.05,all_null,2000,0.9654054323901633,0.04,0.013,0.0005
2,1,1,4,1,ldak-kvik,15,/Users/au507860/REPOS/mixmogam/benchmarks/results/20261003-hapnest-kvik-n50000/rho0.8_fst0.05_rep01/confounded-pc_mixed,20262486,50000,12000,confounded-pc,mixed,0.8,0.05,loading_q1,396,0.8184821357763808,0.06060606060606061,0.017676767676767676,0.0
2,1,1,4,1,ldak-kvik,15,/Users/au507860/REPOS/mixmogam/benchmarks/results/20261003-hapnest-kvik-n50000/rho0.8_fst0.05_rep01/confounded-pc_mixed,20262486,50000,12000,confounded-pc,mixed,0.8,0.05,loading_q2,398,1.113887720700215,0.032663316582914576,0.010050251256281407,0.0
2,1,1,4,1,ldak-kvik,15,/Users/au507860/REPOS/mixmogam/benchmarks/results/20261003-hapnest-kvik-n50000/rho0.8_fst0.05_rep01/confounded-pc_mixed,20262486,50000,12000,confounded-pc,mixed,0.8,0.05,loading_q3,383,1.0949588628472857,0.04699738903394256,0.013054830287206266,0.0
2,1,1,4,1,ldak-kvik,15,/Users/au507860/REPOS/mixmogam/benchmarks/results/20261003-hapnest-kvik-n50000/rho0.8_fst0.05_rep01/confounded-pc_mixed,20262486,50000,12000,confounded-pc,mixed,0.8,0.05,loading_q4,413,1.0242863518776717,0.04116222760290557,0.014527845036319613,0.0
2,1,1,4,1,ldak-kvik,15,/Users/au507860/REPOS/mixmogam/benchmarks/results/20261003-hapnest-kvik-n50000/rho0.8_fst0.05_rep01/confounded-pc_mixed,20262486,50000,12000,confounded-pc,mixed,0.8,0.05,loading_q5,410,0.8419091729221987,0.01951219512195122,0.00975609756097561,0.0024390243902439024
2,1,1,4,1,ldak-kvik,15,/Users/au507860/REPOS/mixmogam/benchmarks/results/20261003-hapnest-kvik-n50000/rho0.8_fst0.05_rep01/confounded-pc_mixed,20262486,50000,12000,confounded-pc,mixed,0.8,0.05,maf_q1,392,0.8729157810686404,0.04336734693877551,0.017857142857142856,0.0
2,1,1,4,1,ldak-kvik,15,/Users/au507860/REPOS/mixmogam/benchmarks/results/20261003-hapnest-kvik-n50000/rho0.8_fst0.05_rep01/confounded-pc_mixed,20262486,50000,12000,confounded-pc,mixed,0.8,0.05,maf_q2,372,1.0068848707980835,0.024193548387096774,0.005376344086021506,0.0
2,1,1,4,1,ldak-kvik,15,/Users/au507860/REPOS/mixmogam/benchmarks/results/20261003-hapnest-kvik-n50000/rho0.8_fst0.05_rep01/confounded-pc_mixed,20262486,50000,12000,confounded-pc,mixed,0.8,0.05,maf_q3,429,1.0067348368481672,0.04428904428904429,0.016317016317016316,0.0
2,1,1,4,1,ldak-kvik,15,/Users/au507860/REPOS/mixmogam/benchmarks/results/20261003-hapnest-kvik-n50000/rho0.8_fst0.05_rep01/confounded-pc_mixed,20262486,50000,12000,confounded-pc,mixed,0.8,0.05,maf_q4,403,1.0242863518776717,0.04218362282878412,0.01240694789081886,0.0024813895781637717
2,1,1,4,1,ldak-kvik,15,/Users/au507860/REPOS/mixmogam/benchmarks/results/20261003-hapnest-kvik-n50000/rho0.8_fst0.05_rep01/confounded-pc_mixed,20262486,50000,12000,confounded-pc,mixed,0.8,0.05,maf_q5,404,1.0389988113962436,0.04455445544554455,0.012376237623762377,0.0
2,1,1,4,1,ldak-kvik,15,/Users/au507860/REPOS/mixmogam/benchmarks/results/20261003-hapnest-kvik-n50000/rho0.8_fst0.05_rep01/confounded-pc_mixed,20262486,50000,12000,confounded-pc,mixed,0.8,0.05,ld_q1,372,0.9785696620597499,0.04838709677419355,0.02956989247311828,0.0
2,1,1,4,1,ldak-kvik,15,/Users/au507860/REPOS/mixmogam/benchmarks/results/20261003-hapnest-kvik-n50000/rho0.8_fst0.05_rep01/confounded-pc_mixed,20262486,50000,12000,confounded-pc,mixed,0.8,0.05,ld_q2,403,0.7179693311670973,0.02729528535980149,0.009925558312655087,0.0024813895781637717
2,1,1,4,1,ldak-kvik,15,/Users/au507860/REPOS/mixmogam/benchmarks/results/20261003-hapnest-kvik-n50000/rho0.8_fst0.05_rep01/confounded-pc_mixed,20262486,50000,12000,confounded-pc,mixed,0.8,0.05,ld_q3,407,1.0512267507976394,0.036855036855036855,0.007371007371007371,0.0
2,1,1,4,1,ldak-kvik,15,/Users/au507860/REPOS/mixmogam/benchmarks/results/20261003-hapnest-kvik-n50000/rho0.8_fst0.05_rep01/confounded-pc_mixed,20262486,50000,12000,confounded-pc,mixed,0.8,0.05,ld_q4,401,1.1461205023870917,0.04488778054862843,0.007481296758104738,0.0
2,1,1,4,1,ldak-kvik,15,/Users/au507860/REPOS/mixmogam/benchmarks/results/20261003-hapnest-kvik-n50000/rho0.8_fst0.05_rep01/confounded-pc_mixed,20262486,50000,12000,confounded-pc,mixed,0.8,0.05,ld_q5,417,1.0799211279539969,0.04316546762589928,0.011990407673860911,0.0
2,1,1,4,2,mixmogam-he,16,/Users/au507860/REPOS/mixmogam/benchmarks/results/20261003-hapnest-kvik-n50000/rho0.8_fst0.05_rep01/confounded-pc_mixed,20262486,50000,12000,confounded-pc,mixed,0.8,0.05,all_null,2000,1.0592567973037161,0.0525,0.0105,0.0005
2,1,1,4,2,mixmogam-he,16,/Users/au507860/REPOS/mixmogam/benchmarks/results/20261003-hapnest-kvik-n50000/rho0.8_fst0.05_rep01/confounded-pc_mixed,20262486,50000,12000,confounded-pc,mixed,0.8,0.05,loading_q1,396,0.870143763972557,0.06313131313131314,0.007575757575757576,0.0
2,1,1,4,2,mixmogam-he,16,/Users/au507860/REPOS/mixmogam/benchmarks/results/20261003-hapnest-kvik-n50000/rho0.8_fst0.05_rep01/confounded-pc_mixed,20262486,50000,12000,confounded-pc,mixed,0.8,0.05,loading_q2,398,1.0996650406523125,0.035175879396984924,0.007537688442211055,0.0
2,1,1,4,2,mixmogam-he,16,/Users/au507860/REPOS/mixmogam/benchmarks/results/20261003-hapnest-kvik-n50000/rho0.8_fst0.05_rep01/confounded-pc_mixed,20262486,50000,12000,confounded-pc,mixed,0.8,0.05,loading_q3,383,1.2168922114499616,0.057441253263707574,0.015665796344647518,0.0
2,1,1,4,2,mixmogam-he,16,/Users/au507860/REPOS/mixmogam/benchmarks/results/20261003-hapnest-kvik-n50000/rho0.8_fst0.05_rep01/confounded-pc_mixed,20262486,50000,12000,confounded-pc,mixed,0.8,0.05,loading_q4,413,1.1149957227789196,0.053268765133171914,0.014527845036319613,0.0
2,1,1,4,2,mixmogam-he,16,/Users/au507860/REPOS/mixmogam/benchmarks/results/20261003-hapnest-kvik-n50000/rho0.8_fst0.05_rep01/confounded-pc_mixed,20262486,50000,12000,confounded-pc,mixed,0.8,0.05,loading_q5,410,0.9404246743019306,0.05365853658536585,0.007317073170731708,0.0024390243902439024
2,1,1,4,2,mixmogam-he,16,/Users/au507860/REPOS/mixmogam/benchmarks/results/20261003-hapnest-kvik-n50000/rho0.8_fst0.05_rep01/confounded-pc_mixed,20262486,50000,12000,confounded-pc,mixed,0.8,0.05,maf_q1,392,1.0280134617539913,0.05102040816326531,0.017857142857142856,0.0
2,1,1,4,2,mixmogam-he,16,/Users/au507860/REPOS/mixmogam/benchmarks/results/20261003-hapnest-kvik-n50000/rho0.8_fst0.05_rep01/confounded-pc_mixed,20262486,50000,12000,confounded-pc,mixed,0.8,0.05,maf_q2,372,0.975241210181497,0.04032258064516129,0.005376344086021506,0.0
2,1,1,4,2,mixmogam-he,16,/Users/au507860/REPOS/mixmogam/benchmarks/results/20261003-hapnest-kvik-n50000/rho0.8_fst0.05_rep01/confounded-pc_mixed,20262486,50000,12000,confounded-pc,mixed,0.8,0.05,maf_q3,429,1.0711261669126109,0.0675990675990676,0.009324009324009324,0.0
2,1,1,4,2,mixmogam-he,16,/Users/au507860/REPOS/mixmogam/benchmarks/results/20261003-hapnest-kvik-n50000/rho0.8_fst0.05_rep01/confounded-pc_mixed,20262486,50000,12000,confounded-pc,mixed,0.8,0.05,maf_q4,403,1.1279976379278986,0.05707196029776675,0.007444168734491315,0.0024813895781637717
2,1,1,4,2,mixmogam-he,16,/Users/au507860/REPOS/mixmogam/benchmarks/results/20261003-hapnest-kvik-n50000/rho0.8_fst0.05_rep01/confounded-pc_mixed,20262486,50000,12000,confounded-pc,mixed,0.8,0.05,maf_q5,404,1.0649687562937038,0.04455445544554455,0.012376237623762377,0.0
2,1,1,4,2,mixmogam-he,16,/Users/au507860/REPOS/mixmogam/benchmarks/results/20261003-hapnest-kvik-n50000/rho0.8_fst0.05_rep01/confounded-pc_mixed,20262486,50000,12000,confounded-pc,mixed,0.8,0.05,ld_q1,372,1.0960208409143513,0.06451612903225806,0.024193548387096774,0.0
2,1,1,4,2,mixmogam-he,16,/Users/au507860/REPOS/mixmogam/benchmarks/results/20261003-hapnest-kvik-n50000/rho0.8_fst0.05_rep01/confounded-pc_mixed,20262486,50000,12000,confounded-pc,mixed,0.8,0.05,ld_q2,403,0.7396297876340656,0.04218362282878412,0.009925558312655087,0.0024813895781637717
2,1,1,4,2,mixmogam-he,16,/Users/au507860/REPOS/mixmogam/benchmarks/results/20261003-hapnest-kvik-n50000/rho0.8_fst0.05_rep01/confounded-pc_mixed,20262486,50000,12000,confounded-pc,mixed,0.8,0.05,ld_q3,407,1.1227296954574641,0.04176904176904177,0.009828009828009828,0.0
2,1,1,4,2,mixmogam-he,16,/Users/au507860/REPOS/mixmogam/benchmarks/results/20261003-hapnest-kvik-n50000/rho0.8_fst0.05_rep01/confounded-pc_mixed,20262486,50000,12000,confounded-pc,mixed,0.8,0.05,ld_q4,401,1.1631572843226818,0.06733167082294264,0.0024937655860349127,0.0
2,1,1,4,2,mixmogam-he,16,/Users/au507860/REPOS/mixmogam/benchmarks/results/20261003-hapnest-kvik-n50000/rho0.8_fst0.05_rep01/confounded-pc_mixed,20262486,50000,12000,confounded-pc,mixed,0.8,0.05,ld_q5,417,1.2116168770919564,0.047961630695443645,0.007194244604316547,0.0
1,2,2,1,1,mixmogam-he,17,/Users/au507860/REPOS/mixmogam/benchmarks/results/20261003-hapnest-kvik-n50000/rho0.8_fst0_rep01/unstructured_mixed,20262486,50000,12000,unstructured,mixed,0.8,0,all_null,2000,0.936383520706268,0.045,0.0095,0.001
1,2,2,1,1,mixmogam-he,17,/Users/au507860/REPOS/mixmogam/benchmarks/results/20261003-hapnest-kvik-n50000/rho0.8_fst0_rep01/unstructured_mixed,20262486,50000,12000,unstructured,mixed,0.8,0,loading_q1,401,1.0589787680045535,0.04987531172069826,0.017456359102244388,0.004987531172069825
1,2,2,1,1,mixmogam-he,17,/Users/au507860/REPOS/mixmogam/benchmarks/results/20261003-hapnest-kvik-n50000/rho0.8_fst0_rep01/unstructured_mixed,20262486,50000,12000,unstructured,mixed,0.8,0,loading_q2,374,0.9180306022086213,0.06417112299465241,0.0106951871657754,0.0
1,2,2,1,1,mixmogam-he,17,/Users/au507860/REPOS/mixmogam/benchmarks/results/20261003-hapnest-kvik-n50000/rho0.8_fst0_rep01/unstructured_mixed,20262486,50000,12000,unstructured,mixed,0.8,0,loading_q3,414,0.977683690879068,0.036231884057971016,0.007246376811594203,0.0
1,2,2,1,1,mixmogam-he,17,/Users/au507860/REPOS/mixmogam/benchmarks/results/20261003-hapnest-kvik-n50000/rho0.8_fst0_rep01/unstructured_mixed,20262486,50000,12000,unstructured,mixed,0.8,0,loading_q4,391,0.8761428526082138,0.03836317135549872,0.0025575447570332483,0.0
1,2,2,1,1,mixmogam-he,17,/Users/au507860/REPOS/mixmogam/benchmarks/results/20261003-hapnest-kvik-n50000/rho0.8_fst0_rep01/unstructured_mixed,20262486,50000,12000,unstructured,mixed,0.8,0,loading_q5,420,0.9211641538290644,0.0380952380952381,0.009523809523809525,0.0
1,2,2,1,1,mixmogam-he,17,/Users/au507860/REPOS/mixmogam/benchmarks/results/20261003-hapnest-kvik-n50000/rho0.8_fst0_rep01/unstructured_mixed,20262486,50000,12000,unstructured,mixed,0.8,0,maf_q1,392,1.0176970897971886,0.04336734693877551,0.012755102040816327,0.002551020408163265
1,2,2,1,1,mixmogam-he,17,/Users/au507860/REPOS/mixmogam/benchmarks/results/20261003-hapnest-kvik-n50000/rho0.8_fst0_rep01/unstructured_mixed,20262486,50000,12000,unstructured,mixed,0.8,0,maf_q2,418,1.0346903941252885,0.03588516746411483,0.009569377990430622,0.0
1,2,2,1,1,mixmogam-he,17,/Users/au507860/REPOS/mixmogam/benchmarks/results/20261003-hapnest-kvik-n50000/rho0.8_fst0_rep01/unstructured_mixed,20262486,50000,12000,unstructured,mixed,0.8,0,maf_q3,370,0.8367811244382305,0.04864864864864865,0.005405405405405406,0.0
1,2,2,1,1,mixmogam-he,17,/Users/au507860/REPOS/mixmogam/benchmarks/results/20261003-hapnest-kvik-n50000/rho0.8_fst0_rep01/unstructured_mixed,20262486,50000,12000,unstructured,mixed,0.8,0,maf_q4,421,0.9103851809802688,0.040380047505938245,0.011876484560570071,0.0023752969121140144
1,2,2,1,1,mixmogam-he,17,/Users/au507860/REPOS/mixmogam/benchmarks/results/20261003-hapnest-kvik-n50000/rho0.8_fst0_rep01/unstructured_mixed,20262486,50000,12000,unstructured,mixed,0.8,0,maf_q5,399,0.7527574421281915,0.05764411027568922,0.007518796992481203,0.0
1,2,2,1,1,mixmogam-he,17,/Users/au507860/REPOS/mixmogam/benchmarks/results/20261003-hapnest-kvik-n50000/rho0.8_fst0_rep01/unstructured_mixed,20262486,50000,12000,unstructured,mixed,0.8,0,ld_q1,424,0.8667315689947078,0.04481132075471698,0.01179245283018868,0.0023584905660377358
1,2,2,1,1,mixmogam-he,17,/Users/au507860/REPOS/mixmogam/benchmarks/results/20261003-hapnest-kvik-n50000/rho0.8_fst0_rep01/unstructured_mixed,20262486,50000,12000,unstructured,mixed,0.8,0,ld_q2,410,0.9813730434418403,0.03170731707317073,0.004878048780487805,0.0
1,2,2,1,1,mixmogam-he,17,/Users/au507860/REPOS/mixmogam/benchmarks/results/20261003-hapnest-kvik-n50000/rho0.8_fst0_rep01/unstructured_mixed,20262486,50000,12000,unstructured,mixed,0.8,0,ld_q3,375,0.8866101905877439,0.037333333333333336,0.010666666666666666,0.0
1,2,2,1,1,mixmogam-he,17,/Users/au507860/REPOS/mixmogam/benchmarks/results/20261003-hapnest-kvik-n50000/rho0.8_fst0_rep01/unstructured_mixed,20262486,50000,12000,unstructured,mixed,0.8,0,ld_q4,374,0.9991645459655947,0.0481283422459893,0.008021390374331552,0.0
1,2,2,1,1,mixmogam-he,17,/Users/au507860/REPOS/mixmogam/benchmarks/results/20261003-hapnest-kvik-n50000/rho0.8_fst0_rep01/unstructured_mixed,20262486,50000,12000,unstructured,mixed,0.8,0,ld_q5,417,0.9368961892717119,0.06235011990407674,0.011990407673860911,0.002398081534772182
1,2,2,1,2,ldak-kvik,18,/Users/au507860/REPOS/mixmogam/benchmarks/results/20261003-hapnest-kvik-n50000/rho0.8_fst0_rep01/unstructured_mixed,20262486,50000,12000,unstructured,mixed,0.8,0,all_null,2000,0.963178973222567,0.046,0.011,0.001
1,2,2,1,2,ldak-kvik,18,/Users/au507860/REPOS/mixmogam/benchmarks/results/20261003-hapnest-kvik-n50000/rho0.8_fst0_rep01/unstructured_mixed,20262486,50000,12000,unstructured,mixed,0.8,0,loading_q1,401,1.0235743301278808,0.059850374064837904,0.017456359102244388,0.004987531172069825
1,2,2,1,2,ldak-kvik,18,/Users/au507860/REPOS/mixmogam/benchmarks/results/20261003-hapnest-kvik-n50000/rho0.8_fst0_rep01/unstructured_mixed,20262486,50000,12000,unstructured,mixed,0.8,0,loading_q2,374,0.9032249094452184,0.06149732620320856,0.013368983957219251,0.0
1,2,2,1,2,ldak-kvik,18,/Users/au507860/REPOS/mixmogam/benchmarks/results/20261003-hapnest-kvik-n50000/rho0.8_fst0_rep01/unstructured_mixed,20262486,50000,12000,unstructured,mixed,0.8,0,loading_q3,414,0.9969942019340658,0.036231884057971016,0.007246376811594203,0.0
1,2,2,1,2,ldak-kvik,18,/Users/au507860/REPOS/mixmogam/benchmarks/results/20261003-hapnest-kvik-n50000/rho0.8_fst0_rep01/unstructured_mixed,20262486,50000,12000,unstructured,mixed,0.8,0,loading_q4,391,0.8985836709344376,0.03580562659846547,0.005115089514066497,0.0
1,2,2,1,2,ldak-kvik,18,/Users/au507860/REPOS/mixmogam/benchmarks/results/20261003-hapnest-kvik-n50000/rho0.8_fst0_rep01/unstructured_mixed,20262486,50000,12000,unstructured,mixed,0.8,0,loading_q5,420,0.976411090307321,0.0380952380952381,0.011904761904761904,0.0
1,2,2,1,2,ldak-kvik,18,/Users/au507860/REPOS/mixmogam/benchmarks/results/20261003-hapnest-kvik-n50000/rho0.8_fst0_rep01/unstructured_mixed,20262486,50000,12000,unstructured,mixed,0.8,0,maf_q1,392,1.0064195221144563,0.04081632653061224,0.012755102040816327,0.002551020408163265
1,2,2,1,2,ldak-kvik,18,/Users/au507860/REPOS/mixmogam/benchmarks/results/20261003-hapnest-kvik-n50000/rho0.8_fst0_rep01/unstructured_mixed,20262486,50000,12000,unstructured,mixed,0.8,0,maf_q2,418,1.1086163479141249,0.04066985645933014,0.009569377990430622,0.0
1,2,2,1,2,ldak-kvik,18,/Users/au507860/REPOS/mixmogam/benchmarks/results/20261003-hapnest-kvik-n50000/rho0.8_fst0_rep01/unstructured_mixed,20262486,50000,12000,unstructured,mixed,0.8,0,maf_q3,370,0.8866487634659683,0.051351351351351354,0.013513513513513514,0.0
1,2,2,1,2,ldak-kvik,18,/Users/au507860/REPOS/mixmogam/benchmarks/results/20261003-hapnest-kvik-n50000/rho0.8_fst0_rep01/unstructured_mixed,20262486,50000,12000,unstructured,mixed,0.8,0,maf_q4,421,0.9412460734909796,0.040380047505938245,0.009501187648456057,0.0023752969121140144
1,2,2,1,2,ldak-kvik,18,/Users/au507860/REPOS/mixmogam/benchmarks/results/20261003-hapnest-kvik-n50000/rho0.8_fst0_rep01/unstructured_mixed,20262486,50000,12000,unstructured,mixed,0.8,0,maf_q5,399,0.8100959237347752,0.05764411027568922,0.010025062656641603,0.0
1,2,2,1,2,ldak-kvik,18,/Users/au507860/REPOS/mixmogam/benchmarks/results/20261003-hapnest-kvik-n50000/rho0.8_fst0_rep01/unstructured_mixed,20262486,50000,12000,unstructured,mixed,0.8,0,ld_q1,424,0.9133424389353665,0.04481132075471698,0.014150943396226415,0.0023584905660377358
1,2,2,1,2,ldak-kvik,18,/Users/au507860/REPOS/mixmogam/benchmarks/results/20261003-hapnest-kvik-n50000/rho0.8_fst0_rep01/unstructured_mixed,20262486,50000,12000,unstructured,mixed,0.8,0,ld_q2,410,1.0147521301916798,0.03170731707317073,0.004878048780487805,0.0
1,2,2,1,2,ldak-kvik,18,/Users/au507860/REPOS/mixmogam/benchmarks/results/20261003-hapnest-kvik-n50000/rho0.8_fst0_rep01/unstructured_mixed,20262486,50000,12000,unstructured,mixed,0.8,0,ld_q3,375,0.91730336997222,0.04533333333333334,0.010666666666666666,0.0
1,2,2,1,2,ldak-kvik,18,/Users/au507860/REPOS/mixmogam/benchmarks/results/20261003-hapnest-kvik-n50000/rho0.8_fst0_rep01/unstructured_mixed,20262486,50000,12000,unstructured,mixed,0.8,0,ld_q4,374,0.9921535417284911,0.0481283422459893,0.013368983957219251,0.0
1,2,2,1,2,ldak-kvik,18,/Users/au507860/REPOS/mixmogam/benchmarks/results/20261003-hapnest-kvik-n50000/rho0.8_fst0_rep01/unstructured_mixed,20262486,50000,12000,unstructured,mixed,0.8,0,ld_q5,417,0.9464820443928215,0.05995203836930456,0.011990407673860911,0.002398081534772182
1,2,4,2,1,ldak-kvik,19,/Users/au507860/REPOS/mixmogam/benchmarks/results/20261003-hapnest-kvik-n50000/rho0.8_fst0_rep01/unstructured_mixed,20262486,50000,12000,unstructured,mixed,0.8,0,all_null,2000,0.963178973222567,0.046,0.011,0.001
1,2,4,2,1,ldak-kvik,19,/Users/au507860/REPOS/mixmogam/benchmarks/results/20261003-hapnest-kvik-n50000/rho0.8_fst0_rep01/unstructured_mixed,20262486,50000,12000,unstructured,mixed,0.8,0,loading_q1,401,1.0235743301278808,0.059850374064837904,0.017456359102244388,0.004987531172069825
1,2,4,2,1,ldak-kvik,19,/Users/au507860/REPOS/mixmogam/benchmarks/results/20261003-hapnest-kvik-n50000/rho0.8_fst0_rep01/unstructured_mixed,20262486,50000,12000,unstructured,mixed,0.8,0,loading_q2,374,0.9032249094452184,0.06149732620320856,0.013368983957219251,0.0
1,2,4,2,1,ldak-kvik,19,/Users/au507860/REPOS/mixmogam/benchmarks/results/20261003-hapnest-kvik-n50000/rho0.8_fst0_rep01/unstructured_mixed,20262486,50000,12000,unstructured,mixed,0.8,0,loading_q3,414,0.9969942019340658,0.036231884057971016,0.007246376811594203,0.0
1,2,4,2,1,ldak-kvik,19,/Users/au507860/REPOS/mixmogam/benchmarks/results/20261003-hapnest-kvik-n50000/rho0.8_fst0_rep01/unstructured_mixed,20262486,50000,12000,unstructured,mixed,0.8,0,loading_q4,391,0.8985836709344376,0.03580562659846547,0.005115089514066497,0.0
1,2,4,2,1,ldak-kvik,19,/Users/au507860/REPOS/mixmogam/benchmarks/results/20261003-hapnest-kvik-n50000/rho0.8_fst0_rep01/unstructured_mixed,20262486,50000,12000,unstructured,mixed,0.8,0,loading_q5,420,0.976411090307321,0.0380952380952381,0.011904761904761904,0.0
1,2,4,2,1,ldak-kvik,19,/Users/au507860/REPOS/mixmogam/benchmarks/results/20261003-hapnest-kvik-n50000/rho0.8_fst0_rep01/unstructured_mixed,20262486,50000,12000,unstructured,mixed,0.8,0,maf_q1,392,1.0064195221144563,0.04081632653061224,0.012755102040816327,0.002551020408163265
1,2,4,2,1,ldak-kvik,19,/Users/au507860/REPOS/mixmogam/benchmarks/results/20261003-hapnest-kvik-n50000/rho0.8_fst0_rep01/unstructured_mixed,20262486,50000,12000,unstructured,mixed,0.8,0,maf_q2,418,1.1086163479141249,0.04066985645933014,0.009569377990430622,0.0
1,2,4,2,1,ldak-kvik,19,/Users/au507860/REPOS/mixmogam/benchmarks/results/20261003-hapnest-kvik-n50000/rho0.8_fst0_rep01/unstructured_mixed,20262486,50000,12000,unstructured,mixed,0.8,0,maf_q3,370,0.8866487634659683,0.051351351351351354,0.013513513513513514,0.0
1,2,4,2,1,ldak-kvik,19,/Users/au507860/REPOS/mixmogam/benchmarks/results/20261003-hapnest-kvik-n50000/rho0.8_fst0_rep01/unstructured_mixed,20262486,50000,12000,unstructured,mixed,0.8,0,maf_q4,421,0.9412460734909796,0.040380047505938245,0.009501187648456057,0.0023752969121140144
1,2,4,2,1,ldak-kvik,19,/Users/au507860/REPOS/mixmogam/benchmarks/results/20261003-hapnest-kvik-n50000/rho0.8_fst0_rep01/unstructured_mixed,20262486,50000,12000,unstructured,mixed,0.8,0,maf_q5,399,0.8100959237347752,0.05764411027568922,0.010025062656641603,0.0
1,2,4,2,1,ldak-kvik,19,/Users/au507860/REPOS/mixmogam/benchmarks/results/20261003-hapnest-kvik-n50000/rho0.8_fst0_rep01/unstructured_mixed,20262486,50000,12000,unstructured,mixed,0.8,0,ld_q1,424,0.9133424389353665,0.04481132075471698,0.014150943396226415,0.0023584905660377358
1,2,4,2,1,ldak-kvik,19,/Users/au507860/REPOS/mixmogam/benchmarks/results/20261003-hapnest-kvik-n50000/rho0.8_fst0_rep01/unstructured_mixed,20262486,50000,12000,unstructured,mixed,0.8,0,ld_q2,410,1.0147521301916798,0.03170731707317073,0.004878048780487805,0.0
1,2,4,2,1,ldak-kvik,19,/Users/au507860/REPOS/mixmogam/benchmarks/results/20261003-hapnest-kvik-n50000/rho0.8_fst0_rep01/unstructured_mixed,20262486,50000,12000,unstructured,mixed,0.8,0,ld_q3,375,0.91730336997222,0.04533333333333334,0.010666666666666666,0.0
1,2,4,2,1,ldak-kvik,19,/Users/au507860/REPOS/mixmogam/benchmarks/results/20261003-hapnest-kvik-n50000/rho0.8_fst0_rep01/unstructured_mixed,20262486,50000,12000,unstructured,mixed,0.8,0,ld_q4,374,0.9921535417284911,0.0481283422459893,0.013368983957219251,0.0
1,2,4,2,1,ldak-kvik,19,/Users/au507860/REPOS/mixmogam/benchmarks/results/20261003-hapnest-kvik-n50000/rho0.8_fst0_rep01/unstructured_mixed,20262486,50000,12000,unstructured,mixed,0.8,0,ld_q5,417,0.9464820443928215,0.05995203836930456,0.011990407673860911,0.002398081534772182
1,2,4,2,2,mixmogam-he,20,/Users/au507860/REPOS/mixmogam/benchmarks/results/20261003-hapnest-kvik-n50000/rho0.8_fst0_rep01/unstructured_mixed,20262486,50000,12000,unstructured,mixed,0.8,0,all_null,2000,0.936383520706268,0.045,0.0095,0.001
1,2,4,2,2,mixmogam-he,20,/Users/au507860/REPOS/mixmogam/benchmarks/results/20261003-hapnest-kvik-n50000/rho0.8_fst0_rep01/unstructured_mixed,20262486,50000,12000,unstructured,mixed,0.8,0,loading_q1,401,1.0589787680045535,0.04987531172069826,0.017456359102244388,0.004987531172069825
1,2,4,2,2,mixmogam-he,20,/Users/au507860/REPOS/mixmogam/benchmarks/results/20261003-hapnest-kvik-n50000/rho0.8_fst0_rep01/unstructured_mixed,20262486,50000,12000,unstructured,mixed,0.8,0,loading_q2,374,0.9180306022086213,0.06417112299465241,0.0106951871657754,0.0
1,2,4,2,2,mixmogam-he,20,/Users/au507860/REPOS/mixmogam/benchmarks/results/20261003-hapnest-kvik-n50000/rho0.8_fst0_rep01/unstructured_mixed,20262486,50000,12000,unstructured,mixed,0.8,0,loading_q3,414,0.977683690879068,0.036231884057971016,0.007246376811594203,0.0
1,2,4,2,2,mixmogam-he,20,/Users/au507860/REPOS/mixmogam/benchmarks/results/20261003-hapnest-kvik-n50000/rho0.8_fst0_rep01/unstructured_mixed,20262486,50000,12000,unstructured,mixed,0.8,0,loading_q4,391,0.8761428526082138,0.03836317135549872,0.0025575447570332483,0.0
1,2,4,2,2,mixmogam-he,20,/Users/au507860/REPOS/mixmogam/benchmarks/results/20261003-hapnest-kvik-n50000/rho0.8_fst0_rep01/unstructured_mixed,20262486,50000,12000,unstructured,mixed,0.8,0,loading_q5,420,0.9211641538290644,0.0380952380952381,0.009523809523809525,0.0
1,2,4,2,2,mixmogam-he,20,/Users/au507860/REPOS/mixmogam/benchmarks/results/20261003-hapnest-kvik-n50000/rho0.8_fst0_rep01/unstructured_mixed,20262486,50000,12000,unstructured,mixed,0.8,0,maf_q1,392,1.0176970897971886,0.04336734693877551,0.012755102040816327,0.002551020408163265
1,2,4,2,2,mixmogam-he,20,/Users/au507860/REPOS/mixmogam/benchmarks/results/20261003-hapnest-kvik-n50000/rho0.8_fst0_rep01/unstructured_mixed,20262486,50000,12000,unstructured,mixed,0.8,0,maf_q2,418,1.0346903941252885,0.03588516746411483,0.009569377990430622,0.0
1,2,4,2,2,mixmogam-he,20,/Users/au507860/REPOS/mixmogam/benchmarks/results/20261003-hapnest-kvik-n50000/rho0.8_fst0_rep01/unstructured_mixed,20262486,50000,12000,unstructured,mixed,0.8,0,maf_q3,370,0.8367811244382305,0.04864864864864865,0.005405405405405406,0.0
1,2,4,2,2,mixmogam-he,20,/Users/au507860/REPOS/mixmogam/benchmarks/results/20261003-hapnest-kvik-n50000/rho0.8_fst0_rep01/unstructured_mixed,20262486,50000,12000,unstructured,mixed,0.8,0,maf_q4,421,0.9103851809802688,0.040380047505938245,0.011876484560570071,0.0023752969121140144
1,2,4,2,2,mixmogam-he,20,/Users/au507860/REPOS/mixmogam/benchmarks/results/20261003-hapnest-kvik-n50000/rho0.8_fst0_rep01/unstructured_mixed,20262486,50000,12000,unstructured,mixed,0.8,0,maf_q5,399,0.7527574421281915,0.05764411027568922,0.007518796992481203,0.0
1,2,4,2,2,mixmogam-he,20,/Users/au507860/REPOS/mixmogam/benchmarks/results/20261003-hapnest-kvik-n50000/rho0.8_fst0_rep01/unstructured_mixed,20262486,50000,12000,unstructured,mixed,0.8,0,ld_q1,424,0.8667315689947078,0.04481132075471698,0.01179245283018868,0.0023584905660377358
1,2,4,2,2,mixmogam-he,20,/Users/au507860/REPOS/mixmogam/benchmarks/results/20261003-hapnest-kvik-n50000/rho0.8_fst0_rep01/unstructured_mixed,20262486,50000,12000,unstructured,mixed,0.8,0,ld_q2,410,0.9813730434418403,0.03170731707317073,0.004878048780487805,0.0
1,2,4,2,2,mixmogam-he,20,/Users/au507860/REPOS/mixmogam/benchmarks/results/20261003-hapnest-kvik-n50000/rho0.8_fst0_rep01/unstructured_mixed,20262486,50000,12000,unstructured,mixed,0.8,0,ld_q3,375,0.8866101905877439,0.037333333333333336,0.010666666666666666,0.0
1,2,4,2,2,mixmogam-he,20,/Users/au507860/REPOS/mixmogam/benchmarks/results/20261003-hapnest-kvik-n50000/rho0.8_fst0_rep01/unstructured_mixed,20262486,50000,12000,unstructured,mixed,0.8,0,ld_q4,374,0.9991645459655947,0.0481283422459893,0.008021390374331552,0.0
1,2,4,2,2,mixmogam-he,20,/Users/au507860/REPOS/mixmogam/benchmarks/results/20261003-hapnest-kvik-n50000/rho0.8_fst0_rep01/unstructured_mixed,20262486,50000,12000,unstructured,mixed,0.8,0,ld_q5,417,0.9368961892717119,0.06235011990407674,0.011990407673860911,0.002398081534772182
1,2,1,3,1,ldak-kvik,21,/Users/au507860/REPOS/mixmogam/benchmarks/results/20261003-hapnest-kvik-n50000/rho0.8_fst0_rep01/unstructured_mixed,20262486,50000,12000,unstructured,mixed,0.8,0,all_null,2000,0.963178973222567,0.046,0.011,0.001
1,2,1,3,1,ldak-kvik,21,/Users/au507860/REPOS/mixmogam/benchmarks/results/20261003-hapnest-kvik-n50000/rho0.8_fst0_rep01/unstructured_mixed,20262486,50000,12000,unstructured,mixed,0.8,0,loading_q1,401,1.0235743301278808,0.059850374064837904,0.017456359102244388,0.004987531172069825
1,2,1,3,1,ldak-kvik,21,/Users/au507860/REPOS/mixmogam/benchmarks/results/20261003-hapnest-kvik-n50000/rho0.8_fst0_rep01/unstructured_mixed,20262486,50000,12000,unstructured,mixed,0.8,0,loading_q2,374,0.9032249094452184,0.06149732620320856,0.013368983957219251,0.0
1,2,1,3,1,ldak-kvik,21,/Users/au507860/REPOS/mixmogam/benchmarks/results/20261003-hapnest-kvik-n50000/rho0.8_fst0_rep01/unstructured_mixed,20262486,50000,12000,unstructured,mixed,0.8,0,loading_q3,414,0.9969942019340658,0.036231884057971016,0.007246376811594203,0.0
1,2,1,3,1,ldak-kvik,21,/Users/au507860/REPOS/mixmogam/benchmarks/results/20261003-hapnest-kvik-n50000/rho0.8_fst0_rep01/unstructured_mixed,20262486,50000,12000,unstructured,mixed,0.8,0,loading_q4,391,0.8985836709344376,0.03580562659846547,0.005115089514066497,0.0
1,2,1,3,1,ldak-kvik,21,/Users/au507860/REPOS/mixmogam/benchmarks/results/20261003-hapnest-kvik-n50000/rho0.8_fst0_rep01/unstructured_mixed,20262486,50000,12000,unstructured,mixed,0.8,0,loading_q5,420,0.976411090307321,0.0380952380952381,0.011904761904761904,0.0
1,2,1,3,1,ldak-kvik,21,/Users/au507860/REPOS/mixmogam/benchmarks/results/20261003-hapnest-kvik-n50000/rho0.8_fst0_rep01/unstructured_mixed,20262486,50000,12000,unstructured,mixed,0.8,0,maf_q1,392,1.0064195221144563,0.04081632653061224,0.012755102040816327,0.002551020408163265
1,2,1,3,1,ldak-kvik,21,/Users/au507860/REPOS/mixmogam/benchmarks/results/20261003-hapnest-kvik-n50000/rho0.8_fst0_rep01/unstructured_mixed,20262486,50000,12000,unstructured,mixed,0.8,0,maf_q2,418,1.1086163479141249,0.04066985645933014,0.009569377990430622,0.0
1,2,1,3,1,ldak-kvik,21,/Users/au507860/REPOS/mixmogam/benchmarks/results/20261003-hapnest-kvik-n50000/rho0.8_fst0_rep01/unstructured_mixed,20262486,50000,12000,unstructured,mixed,0.8,0,maf_q3,370,0.8866487634659683,0.051351351351351354,0.013513513513513514,0.0
1,2,1,3,1,ldak-kvik,21,/Users/au507860/REPOS/mixmogam/benchmarks/results/20261003-hapnest-kvik-n50000/rho0.8_fst0_rep01/unstructured_mixed,20262486,50000,12000,unstructured,mixed,0.8,0,maf_q4,421,0.9412460734909796,0.040380047505938245,0.009501187648456057,0.0023752969121140144
1,2,1,3,1,ldak-kvik,21,/Users/au507860/REPOS/mixmogam/benchmarks/results/20261003-hapnest-kvik-n50000/rho0.8_fst0_rep01/unstructured_mixed,20262486,50000,12000,unstructured,mixed,0.8,0,maf_q5,399,0.8100959237347752,0.05764411027568922,0.010025062656641603,0.0
1,2,1,3,1,ldak-kvik,21,/Users/au507860/REPOS/mixmogam/benchmarks/results/20261003-hapnest-kvik-n50000/rho0.8_fst0_rep01/unstructured_mixed,20262486,50000,12000,unstructured,mixed,0.8,0,ld_q1,424,0.9133424389353665,0.04481132075471698,0.014150943396226415,0.0023584905660377358
1,2,1,3,1,ldak-kvik,21,/Users/au507860/REPOS/mixmogam/benchmarks/results/20261003-hapnest-kvik-n50000/rho0.8_fst0_rep01/unstructured_mixed,20262486,50000,12000,unstructured,mixed,0.8,0,ld_q2,410,1.0147521301916798,0.03170731707317073,0.004878048780487805,0.0
1,2,1,3,1,ldak-kvik,21,/Users/au507860/REPOS/mixmogam/benchmarks/results/20261003-hapnest-kvik-n50000/rho0.8_fst0_rep01/unstructured_mixed,20262486,50000,12000,unstructured,mixed,0.8,0,ld_q3,375,0.91730336997222,0.04533333333333334,0.010666666666666666,0.0
1,2,1,3,1,ldak-kvik,21,/Users/au507860/REPOS/mixmogam/benchmarks/results/20261003-hapnest-kvik-n50000/rho0.8_fst0_rep01/unstructured_mixed,20262486,50000,12000,unstructured,mixed,0.8,0,ld_q4,374,0.9921535417284911,0.0481283422459893,0.013368983957219251,0.0
1,2,1,3,1,ldak-kvik,21,/Users/au507860/REPOS/mixmogam/benchmarks/results/20261003-hapnest-kvik-n50000/rho0.8_fst0_rep01/unstructured_mixed,20262486,50000,12000,unstructured,mixed,0.8,0,ld_q5,417,0.9464820443928215,0.05995203836930456,0.011990407673860911,0.002398081534772182
1,2,1,3,2,mixmogam-he,22,/Users/au507860/REPOS/mixmogam/benchmarks/results/20261003-hapnest-kvik-n50000/rho0.8_fst0_rep01/unstructured_mixed,20262486,50000,12000,unstructured,mixed,0.8,0,all_null,2000,0.936383520706268,0.045,0.0095,0.001
1,2,1,3,2,mixmogam-he,22,/Users/au507860/REPOS/mixmogam/benchmarks/results/20261003-hapnest-kvik-n50000/rho0.8_fst0_rep01/unstructured_mixed,20262486,50000,12000,unstructured,mixed,0.8,0,loading_q1,401,1.0589787680045535,0.04987531172069826,0.017456359102244388,0.004987531172069825
1,2,1,3,2,mixmogam-he,22,/Users/au507860/REPOS/mixmogam/benchmarks/results/20261003-hapnest-kvik-n50000/rho0.8_fst0_rep01/unstructured_mixed,20262486,50000,12000,unstructured,mixed,0.8,0,loading_q2,374,0.9180306022086213,0.06417112299465241,0.0106951871657754,0.0
1,2,1,3,2,mixmogam-he,22,/Users/au507860/REPOS/mixmogam/benchmarks/results/20261003-hapnest-kvik-n50000/rho0.8_fst0_rep01/unstructured_mixed,20262486,50000,12000,unstructured,mixed,0.8,0,loading_q3,414,0.977683690879068,0.036231884057971016,0.007246376811594203,0.0
1,2,1,3,2,mixmogam-he,22,/Users/au507860/REPOS/mixmogam/benchmarks/results/20261003-hapnest-kvik-n50000/rho0.8_fst0_rep01/unstructured_mixed,20262486,50000,12000,unstructured,mixed,0.8,0,loading_q4,391,0.8761428526082138,0.03836317135549872,0.0025575447570332483,0.0
1,2,1,3,2,mixmogam-he,22,/Users/au507860/REPOS/mixmogam/benchmarks/results/20261003-hapnest-kvik-n50000/rho0.8_fst0_rep01/unstructured_mixed,20262486,50000,12000,unstructured,mixed,0.8,0,loading_q5,420,0.9211641538290644,0.0380952380952381,0.009523809523809525,0.0
1,2,1,3,2,mixmogam-he,22,/Users/au507860/REPOS/mixmogam/benchmarks/results/20261003-hapnest-kvik-n50000/rho0.8_fst0_rep01/unstructured_mixed,20262486,50000,12000,unstructured,mixed,0.8,0,maf_q1,392,1.0176970897971886,0.04336734693877551,0.012755102040816327,0.002551020408163265
1,2,1,3,2,mixmogam-he,22,/Users/au507860/REPOS/mixmogam/benchmarks/results/20261003-hapnest-kvik-n50000/rho0.8_fst0_rep01/unstructured_mixed,20262486,50000,12000,unstructured,mixed,0.8,0,maf_q2,418,1.0346903941252885,0.03588516746411483,0.009569377990430622,0.0
1,2,1,3,2,mixmogam-he,22,/Users/au507860/REPOS/mixmogam/benchmarks/results/20261003-hapnest-kvik-n50000/rho0.8_fst0_rep01/unstructured_mixed,20262486,50000,12000,unstructured,mixed,0.8,0,maf_q3,370,0.8367811244382305,0.04864864864864865,0.005405405405405406,0.0
1,2,1,3,2,mixmogam-he,22,/Users/au507860/REPOS/mixmogam/benchmarks/results/20261003-hapnest-kvik-n50000/rho0.8_fst0_rep01/unstructured_mixed,20262486,50000,12000,unstructured,mixed,0.8,0,maf_q4,421,0.9103851809802688,0.040380047505938245,0.011876484560570071,0.0023752969121140144
1,2,1,3,2,mixmogam-he,22,/Users/au507860/REPOS/mixmogam/benchmarks/results/20261003-hapnest-kvik-n50000/rho0.8_fst0_rep01/unstructured_mixed,20262486,50000,12000,unstructured,mixed,0.8,0,maf_q5,399,0.7527574421281915,0.05764411027568922,0.007518796992481203,0.0
1,2,1,3,2,mixmogam-he,22,/Users/au507860/REPOS/mixmogam/benchmarks/results/20261003-hapnest-kvik-n50000/rho0.8_fst0_rep01/unstructured_mixed,20262486,50000,12000,unstructured,mixed,0.8,0,ld_q1,424,0.8667315689947078,0.04481132075471698,0.01179245283018868,0.0023584905660377358
1,2,1,3,2,mixmogam-he,22,/Users/au507860/REPOS/mixmogam/benchmarks/results/20261003-hapnest-kvik-n50000/rho0.8_fst0_rep01/unstructured_mixed,20262486,50000,12000,unstructured,mixed,0.8,0,ld_q2,410,0.9813730434418403,0.03170731707317073,0.004878048780487805,0.0
1,2,1,3,2,mixmogam-he,22,/Users/au507860/REPOS/mixmogam/benchmarks/results/20261003-hapnest-kvik-n50000/rho0.8_fst0_rep01/unstructured_mixed,20262486,50000,12000,unstructured,mixed,0.8,0,ld_q3,375,0.8866101905877439,0.037333333333333336,0.010666666666666666,0.0
1,2,1,3,2,mixmogam-he,22,/Users/au507860/REPOS/mixmogam/benchmarks/results/20261003-hapnest-kvik-n50000/rho0.8_fst0_rep01/unstructured_mixed,20262486,50000,12000,unstructured,mixed,0.8,0,ld_q4,374,0.9991645459655947,0.0481283422459893,0.008021390374331552,0.0
1,2,1,3,2,mixmogam-he,22,/Users/au507860/REPOS/mixmogam/benchmarks/results/20261003-hapnest-kvik-n50000/rho0.8_fst0_rep01/unstructured_mixed,20262486,50000,12000,unstructured,mixed,0.8,0,ld_q5,417,0.9368961892717119,0.06235011990407674,0.011990407673860911,0.002398081534772182
1,2,8,4,1,mixmogam-he,23,/Users/au507860/REPOS/mixmogam/benchmarks/results/20261003-hapnest-kvik-n50000/rho0.8_fst0_rep01/unstructured_mixed,20262486,50000,12000,unstructured,mixed,0.8,0,all_null,2000,0.936383520706268,0.045,0.0095,0.001
1,2,8,4,1,mixmogam-he,23,/Users/au507860/REPOS/mixmogam/benchmarks/results/20261003-hapnest-kvik-n50000/rho0.8_fst0_rep01/unstructured_mixed,20262486,50000,12000,unstructured,mixed,0.8,0,loading_q1,401,1.0589787680045535,0.04987531172069826,0.017456359102244388,0.004987531172069825
1,2,8,4,1,mixmogam-he,23,/Users/au507860/REPOS/mixmogam/benchmarks/results/20261003-hapnest-kvik-n50000/rho0.8_fst0_rep01/unstructured_mixed,20262486,50000,12000,unstructured,mixed,0.8,0,loading_q2,374,0.9180306022086213,0.06417112299465241,0.0106951871657754,0.0
1,2,8,4,1,mixmogam-he,23,/Users/au507860/REPOS/mixmogam/benchmarks/results/20261003-hapnest-kvik-n50000/rho0.8_fst0_rep01/unstructured_mixed,20262486,50000,12000,unstructured,mixed,0.8,0,loading_q3,414,0.977683690879068,0.036231884057971016,0.007246376811594203,0.0
1,2,8,4,1,mixmogam-he,23,/Users/au507860/REPOS/mixmogam/benchmarks/results/20261003-hapnest-kvik-n50000/rho0.8_fst0_rep01/unstructured_mixed,20262486,50000,12000,unstructured,mixed,0.8,0,loading_q4,391,0.8761428526082138,0.03836317135549872,0.0025575447570332483,0.0
1,2,8,4,1,mixmogam-he,23,/Users/au507860/REPOS/mixmogam/benchmarks/results/20261003-hapnest-kvik-n50000/rho0.8_fst0_rep01/unstructured_mixed,20262486,50000,12000,unstructured,mixed,0.8,0,loading_q5,420,0.9211641538290644,0.0380952380952381,0.009523809523809525,0.0
1,2,8,4,1,mixmogam-he,23,/Users/au507860/REPOS/mixmogam/benchmarks/results/20261003-hapnest-kvik-n50000/rho0.8_fst0_rep01/unstructured_mixed,20262486,50000,12000,unstructured,mixed,0.8,0,maf_q1,392,1.0176970897971886,0.04336734693877551,0.012755102040816327,0.002551020408163265
1,2,8,4,1,mixmogam-he,23,/Users/au507860/REPOS/mixmogam/benchmarks/results/20261003-hapnest-kvik-n50000/rho0.8_fst0_rep01/unstructured_mixed,20262486,50000,12000,unstructured,mixed,0.8,0,maf_q2,418,1.0346903941252885,0.03588516746411483,0.009569377990430622,0.0
1,2,8,4,1,mixmogam-he,23,/Users/au507860/REPOS/mixmogam/benchmarks/results/20261003-hapnest-kvik-n50000/rho0.8_fst0_rep01/unstructured_mixed,20262486,50000,12000,unstructured,mixed,0.8,0,maf_q3,370,0.8367811244382305,0.04864864864864865,0.005405405405405406,0.0
1,2,8,4,1,mixmogam-he,23,/Users/au507860/REPOS/mixmogam/benchmarks/results/20261003-hapnest-kvik-n50000/rho0.8_fst0_rep01/unstructured_mixed,20262486,50000,12000,unstructured,mixed,0.8,0,maf_q4,421,0.9103851809802688,0.040380047505938245,0.011876484560570071,0.0023752969121140144
1,2,8,4,1,mixmogam-he,23,/Users/au507860/REPOS/mixmogam/benchmarks/results/20261003-hapnest-kvik-n50000/rho0.8_fst0_rep01/unstructured_mixed,20262486,50000,12000,unstructured,mixed,0.8,0,maf_q5,399,0.7527574421281915,0.05764411027568922,0.007518796992481203,0.0
1,2,8,4,1,mixmogam-he,23,/Users/au507860/REPOS/mixmogam/benchmarks/results/20261003-hapnest-kvik-n50000/rho0.8_fst0_rep01/unstructured_mixed,20262486,50000,12000,unstructured,mixed,0.8,0,ld_q1,424,0.8667315689947078,0.04481132075471698,0.01179245283018868,0.0023584905660377358
1,2,8,4,1,mixmogam-he,23,/Users/au507860/REPOS/mixmogam/benchmarks/results/20261003-hapnest-kvik-n50000/rho0.8_fst0_rep01/unstructured_mixed,20262486,50000,12000,unstructured,mixed,0.8,0,ld_q2,410,0.9813730434418403,0.03170731707317073,0.004878048780487805,0.0
1,2,8,4,1,mixmogam-he,23,/Users/au507860/REPOS/mixmogam/benchmarks/results/20261003-hapnest-kvik-n50000/rho0.8_fst0_rep01/unstructured_mixed,20262486,50000,12000,unstructured,mixed,0.8,0,ld_q3,375,0.8866101905877439,0.037333333333333336,0.010666666666666666,0.0
1,2,8,4,1,mixmogam-he,23,/Users/au507860/REPOS/mixmogam/benchmarks/results/20261003-hapnest-kvik-n50000/rho0.8_fst0_rep01/unstructured_mixed,20262486,50000,12000,unstructured,mixed,0.8,0,ld_q4,374,0.9991645459655947,0.0481283422459893,0.008021390374331552,0.0
1,2,8,4,1,mixmogam-he,23,/Users/au507860/REPOS/mixmogam/benchmarks/results/20261003-hapnest-kvik-n50000/rho0.8_fst0_rep01/unstructured_mixed,20262486,50000,12000,unstructured,mixed,0.8,0,ld_q5,417,0.9368961892717119,0.06235011990407674,0.011990407673860911,0.002398081534772182
1,2,8,4,2,ldak-kvik,24,/Users/au507860/REPOS/mixmogam/benchmarks/results/20261003-hapnest-kvik-n50000/rho0.8_fst0_rep01/unstructured_mixed,20262486,50000,12000,unstructured,mixed,0.8,0,all_null,2000,0.963178973222567,0.046,0.011,0.001
1,2,8,4,2,ldak-kvik,24,/Users/au507860/REPOS/mixmogam/benchmarks/results/20261003-hapnest-kvik-n50000/rho0.8_fst0_rep01/unstructured_mixed,20262486,50000,12000,unstructured,mixed,0.8,0,loading_q1,401,1.0235743301278808,0.059850374064837904,0.017456359102244388,0.004987531172069825
1,2,8,4,2,ldak-kvik,24,/Users/au507860/REPOS/mixmogam/benchmarks/results/20261003-hapnest-kvik-n50000/rho0.8_fst0_rep01/unstructured_mixed,20262486,50000,12000,unstructured,mixed,0.8,0,loading_q2,374,0.9032249094452184,0.06149732620320856,0.013368983957219251,0.0
1,2,8,4,2,ldak-kvik,24,/Users/au507860/REPOS/mixmogam/benchmarks/results/20261003-hapnest-kvik-n50000/rho0.8_fst0_rep01/unstructured_mixed,20262486,50000,12000,unstructured,mixed,0.8,0,loading_q3,414,0.9969942019340658,0.036231884057971016,0.007246376811594203,0.0
1,2,8,4,2,ldak-kvik,24,/Users/au507860/REPOS/mixmogam/benchmarks/results/20261003-hapnest-kvik-n50000/rho0.8_fst0_rep01/unstructured_mixed,20262486,50000,12000,unstructured,mixed,0.8,0,loading_q4,391,0.8985836709344376,0.03580562659846547,0.005115089514066497,0.0
1,2,8,4,2,ldak-kvik,24,/Users/au507860/REPOS/mixmogam/benchmarks/results/20261003-hapnest-kvik-n50000/rho0.8_fst0_rep01/unstructured_mixed,20262486,50000,12000,unstructured,mixed,0.8,0,loading_q5,420,0.976411090307321,0.0380952380952381,0.011904761904761904,0.0
1,2,8,4,2,ldak-kvik,24,/Users/au507860/REPOS/mixmogam/benchmarks/results/20261003-hapnest-kvik-n50000/rho0.8_fst0_rep01/unstructured_mixed,20262486,50000,12000,unstructured,mixed,0.8,0,maf_q1,392,1.0064195221144563,0.04081632653061224,0.012755102040816327,0.002551020408163265
1,2,8,4,2,ldak-kvik,24,/Users/au507860/REPOS/mixmogam/benchmarks/results/20261003-hapnest-kvik-n50000/rho0.8_fst0_rep01/unstructured_mixed,20262486,50000,12000,unstructured,mixed,0.8,0,maf_q2,418,1.1086163479141249,0.04066985645933014,0.009569377990430622,0.0
1,2,8,4,2,ldak-kvik,24,/Users/au507860/REPOS/mixmogam/benchmarks/results/20261003-hapnest-kvik-n50000/rho0.8_fst0_rep01/unstructured_mixed,20262486,50000,12000,unstructured,mixed,0.8,0,maf_q3,370,0.8866487634659683,0.051351351351351354,0.013513513513513514,0.0
1,2,8,4,2,ldak-kvik,24,/Users/au507860/REPOS/mixmogam/benchmarks/results/20261003-hapnest-kvik-n50000/rho0.8_fst0_rep01/unstructured_mixed,20262486,50000,12000,unstructured,mixed,0.8,0,maf_q4,421,0.9412460734909796,0.040380047505938245,0.009501187648456057,0.0023752969121140144
1,2,8,4,2,ldak-kvik,24,/Users/au507860/REPOS/mixmogam/benchmarks/results/20261003-hapnest-kvik-n50000/rho0.8_fst0_rep01/unstructured_mixed,20262486,50000,12000,unstructured,mixed,0.8,0,maf_q5,399,0.8100959237347752,0.05764411027568922,0.010025062656641603,0.0
1,2,8,4,2,ldak-kvik,24,/Users/au507860/REPOS/mixmogam/benchmarks/results/20261003-hapnest-kvik-n50000/rho0.8_fst0_rep01/unstructured_mixed,20262486,50000,12000,unstructured,mixed,0.8,0,ld_q1,424,0.9133424389353665,0.04481132075471698,0.014150943396226415,0.0023584905660377358
1,2,8,4,2,ldak-kvik,24,/Users/au507860/REPOS/mixmogam/benchmarks/results/20261003-hapnest-kvik-n50000/rho0.8_fst0_rep01/unstructured_mixed,20262486,50000,12000,unstructured,mixed,0.8,0,ld_q2,410,1.0147521301916798,0.03170731707317073,0.004878048780487805,0.0
1,2,8,4,2,ldak-kvik,24,/Users/au507860/REPOS/mixmogam/benchmarks/results/20261003-hapnest-kvik-n50000/rho0.8_fst0_rep01/unstructured_mixed,20262486,50000,12000,unstructured,mixed,0.8,0,ld_q3,375,0.91730336997222,0.04533333333333334,0.010666666666666666,0.0
1,2,8,4,2,ldak-kvik,24,/Users/au507860/REPOS/mixmogam/benchmarks/results/20261003-hapnest-kvik-n50000/rho0.8_fst0_rep01/unstructured_mixed,20262486,50000,12000,unstructured,mixed,0.8,0,ld_q4,374,0.9921535417284911,0.0481283422459893,0.013368983957219251,0.0
1,2,8,4,2,ldak-kvik,24,/Users/au507860/REPOS/mixmogam/benchmarks/results/20261003-hapnest-kvik-n50000/rho0.8_fst0_rep01/unstructured_mixed,20262486,50000,12000,unstructured,mixed,0.8,0,ld_q5,417,0.9464820443928215,0.05995203836930456,0.011990407673860911,0.002398081534772182
2,2,8,1,1,ldak-kvik,25,/Users/au507860/REPOS/mixmogam/benchmarks/results/20261003-hapnest-kvik-n50000/rho0.8_fst0.05_rep01/confounded-pc_mixed,20262486,50000,12000,confounded-pc,mixed,0.8,0.05,all_null,2000,0.9654054323901633,0.04,0.013,0.0005
2,2,8,1,1,ldak-kvik,25,/Users/au507860/REPOS/mixmogam/benchmarks/results/20261003-hapnest-kvik-n50000/rho0.8_fst0.05_rep01/confounded-pc_mixed,20262486,50000,12000,confounded-pc,mixed,0.8,0.05,loading_q1,396,0.8184821357763808,0.06060606060606061,0.017676767676767676,0.0
2,2,8,1,1,ldak-kvik,25,/Users/au507860/REPOS/mixmogam/benchmarks/results/20261003-hapnest-kvik-n50000/rho0.8_fst0.05_rep01/confounded-pc_mixed,20262486,50000,12000,confounded-pc,mixed,0.8,0.05,loading_q2,398,1.113887720700215,0.032663316582914576,0.010050251256281407,0.0
2,2,8,1,1,ldak-kvik,25,/Users/au507860/REPOS/mixmogam/benchmarks/results/20261003-hapnest-kvik-n50000/rho0.8_fst0.05_rep01/confounded-pc_mixed,20262486,50000,12000,confounded-pc,mixed,0.8,0.05,loading_q3,383,1.0949588628472857,0.04699738903394256,0.013054830287206266,0.0
2,2,8,1,1,ldak-kvik,25,/Users/au507860/REPOS/mixmogam/benchmarks/results/20261003-hapnest-kvik-n50000/rho0.8_fst0.05_rep01/confounded-pc_mixed,20262486,50000,12000,confounded-pc,mixed,0.8,0.05,loading_q4,413,1.0242863518776717,0.04116222760290557,0.014527845036319613,0.0
2,2,8,1,1,ldak-kvik,25,/Users/au507860/REPOS/mixmogam/benchmarks/results/20261003-hapnest-kvik-n50000/rho0.8_fst0.05_rep01/confounded-pc_mixed,20262486,50000,12000,confounded-pc,mixed,0.8,0.05,loading_q5,410,0.8419091729221987,0.01951219512195122,0.00975609756097561,0.0024390243902439024
2,2,8,1,1,ldak-kvik,25,/Users/au507860/REPOS/mixmogam/benchmarks/results/20261003-hapnest-kvik-n50000/rho0.8_fst0.05_rep01/confounded-pc_mixed,20262486,50000,12000,confounded-pc,mixed,0.8,0.05,maf_q1,392,0.8729157810686404,0.04336734693877551,0.017857142857142856,0.0
2,2,8,1,1,ldak-kvik,25,/Users/au507860/REPOS/mixmogam/benchmarks/results/20261003-hapnest-kvik-n50000/rho0.8_fst0.05_rep01/confounded-pc_mixed,20262486,50000,12000,confounded-pc,mixed,0.8,0.05,maf_q2,372,1.0068848707980835,0.024193548387096774,0.005376344086021506,0.0
2,2,8,1,1,ldak-kvik,25,/Users/au507860/REPOS/mixmogam/benchmarks/results/20261003-hapnest-kvik-n50000/rho0.8_fst0.05_rep01/confounded-pc_mixed,20262486,50000,12000,confounded-pc,mixed,0.8,0.05,maf_q3,429,1.0067348368481672,0.04428904428904429,0.016317016317016316,0.0
2,2,8,1,1,ldak-kvik,25,/Users/au507860/REPOS/mixmogam/benchmarks/results/20261003-hapnest-kvik-n50000/rho0.8_fst0.05_rep01/confounded-pc_mixed,20262486,50000,12000,confounded-pc,mixed,0.8,0.05,maf_q4,403,1.0242863518776717,0.04218362282878412,0.01240694789081886,0.0024813895781637717
2,2,8,1,1,ldak-kvik,25,/Users/au507860/REPOS/mixmogam/benchmarks/results/20261003-hapnest-kvik-n50000/rho0.8_fst0.05_rep01/confounded-pc_mixed,20262486,50000,12000,confounded-pc,mixed,0.8,0.05,maf_q5,404,1.0389988113962436,0.04455445544554455,0.012376237623762377,0.0
2,2,8,1,1,ldak-kvik,25,/Users/au507860/REPOS/mixmogam/benchmarks/results/20261003-hapnest-kvik-n50000/rho0.8_fst0.05_rep01/confounded-pc_mixed,20262486,50000,12000,confounded-pc,mixed,0.8,0.05,ld_q1,372,0.9785696620597499,0.04838709677419355,0.02956989247311828,0.0
2,2,8,1,1,ldak-kvik,25,/Users/au507860/REPOS/mixmogam/benchmarks/results/20261003-hapnest-kvik-n50000/rho0.8_fst0.05_rep01/confounded-pc_mixed,20262486,50000,12000,confounded-pc,mixed,0.8,0.05,ld_q2,403,0.7179693311670973,0.02729528535980149,0.009925558312655087,0.0024813895781637717
2,2,8,1,1,ldak-kvik,25,/Users/au507860/REPOS/mixmogam/benchmarks/results/20261003-hapnest-kvik-n50000/rho0.8_fst0.05_rep01/confounded-pc_mixed,20262486,50000,12000,confounded-pc,mixed,0.8,0.05,ld_q3,407,1.0512267507976394,0.036855036855036855,0.007371007371007371,0.0
2,2,8,1,1,ldak-kvik,25,/Users/au507860/REPOS/mixmogam/benchmarks/results/20261003-hapnest-kvik-n50000/rho0.8_fst0.05_rep01/confounded-pc_mixed,20262486,50000,12000,confounded-pc,mixed,0.8,0.05,ld_q4,401,1.1461205023870917,0.04488778054862843,0.007481296758104738,0.0
2,2,8,1,1,ldak-kvik,25,/Users/au507860/REPOS/mixmogam/benchmarks/results/20261003-hapnest-kvik-n50000/rho0.8_fst0.05_rep01/confounded-pc_mixed,20262486,50000,12000,confounded-pc,mixed,0.8,0.05,ld_q5,417,1.0799211279539969,0.04316546762589928,0.011990407673860911,0.0
2,2,8,1,2,mixmogam-he,26,/Users/au507860/REPOS/mixmogam/benchmarks/results/20261003-hapnest-kvik-n50000/rho0.8_fst0.05_rep01/confounded-pc_mixed,20262486,50000,12000,confounded-pc,mixed,0.8,0.05,all_null,2000,1.0592567973037161,0.0525,0.0105,0.0005
2,2,8,1,2,mixmogam-he,26,/Users/au507860/REPOS/mixmogam/benchmarks/results/20261003-hapnest-kvik-n50000/rho0.8_fst0.05_rep01/confounded-pc_mixed,20262486,50000,12000,confounded-pc,mixed,0.8,0.05,loading_q1,396,0.870143763972557,0.06313131313131314,0.007575757575757576,0.0
2,2,8,1,2,mixmogam-he,26,/Users/au507860/REPOS/mixmogam/benchmarks/results/20261003-hapnest-kvik-n50000/rho0.8_fst0.05_rep01/confounded-pc_mixed,20262486,50000,12000,confounded-pc,mixed,0.8,0.05,loading_q2,398,1.0996650406523125,0.035175879396984924,0.007537688442211055,0.0
2,2,8,1,2,mixmogam-he,26,/Users/au507860/REPOS/mixmogam/benchmarks/results/20261003-hapnest-kvik-n50000/rho0.8_fst0.05_rep01/confounded-pc_mixed,20262486,50000,12000,confounded-pc,mixed,0.8,0.05,loading_q3,383,1.2168922114499616,0.057441253263707574,0.015665796344647518,0.0
2,2,8,1,2,mixmogam-he,26,/Users/au507860/REPOS/mixmogam/benchmarks/results/20261003-hapnest-kvik-n50000/rho0.8_fst0.05_rep01/confounded-pc_mixed,20262486,50000,12000,confounded-pc,mixed,0.8,0.05,loading_q4,413,1.1149957227789196,0.053268765133171914,0.014527845036319613,0.0
2,2,8,1,2,mixmogam-he,26,/Users/au507860/REPOS/mixmogam/benchmarks/results/20261003-hapnest-kvik-n50000/rho0.8_fst0.05_rep01/confounded-pc_mixed,20262486,50000,12000,confounded-pc,mixed,0.8,0.05,loading_q5,410,0.9404246743019306,0.05365853658536585,0.007317073170731708,0.0024390243902439024
2,2,8,1,2,mixmogam-he,26,/Users/au507860/REPOS/mixmogam/benchmarks/results/20261003-hapnest-kvik-n50000/rho0.8_fst0.05_rep01/confounded-pc_mixed,20262486,50000,12000,confounded-pc,mixed,0.8,0.05,maf_q1,392,1.0280134617539913,0.05102040816326531,0.017857142857142856,0.0
2,2,8,1,2,mixmogam-he,26,/Users/au507860/REPOS/mixmogam/benchmarks/results/20261003-hapnest-kvik-n50000/rho0.8_fst0.05_rep01/confounded-pc_mixed,20262486,50000,12000,confounded-pc,mixed,0.8,0.05,maf_q2,372,0.975241210181497,0.04032258064516129,0.005376344086021506,0.0
2,2,8,1,2,mixmogam-he,26,/Users/au507860/REPOS/mixmogam/benchmarks/results/20261003-hapnest-kvik-n50000/rho0.8_fst0.05_rep01/confounded-pc_mixed,20262486,50000,12000,confounded-pc,mixed,0.8,0.05,maf_q3,429,1.0711261669126109,0.0675990675990676,0.009324009324009324,0.0
2,2,8,1,2,mixmogam-he,26,/Users/au507860/REPOS/mixmogam/benchmarks/results/20261003-hapnest-kvik-n50000/rho0.8_fst0.05_rep01/confounded-pc_mixed,20262486,50000,12000,confounded-pc,mixed,0.8,0.05,maf_q4,403,1.1279976379278986,0.05707196029776675,0.007444168734491315,0.0024813895781637717
2,2,8,1,2,mixmogam-he,26,/Users/au507860/REPOS/mixmogam/benchmarks/results/20261003-hapnest-kvik-n50000/rho0.8_fst0.05_rep01/confounded-pc_mixed,20262486,50000,12000,confounded-pc,mixed,0.8,0.05,maf_q5,404,1.0649687562937038,0.04455445544554455,0.012376237623762377,0.0
2,2,8,1,2,mixmogam-he,26,/Users/au507860/REPOS/mixmogam/benchmarks/results/20261003-hapnest-kvik-n50000/rho0.8_fst0.05_rep01/confounded-pc_mixed,20262486,50000,12000,confounded-pc,mixed,0.8,0.05,ld_q1,372,1.0960208409143513,0.06451612903225806,0.024193548387096774,0.0
2,2,8,1,2,mixmogam-he,26,/Users/au507860/REPOS/mixmogam/benchmarks/results/20261003-hapnest-kvik-n50000/rho0.8_fst0.05_rep01/confounded-pc_mixed,20262486,50000,12000,confounded-pc,mixed,0.8,0.05,ld_q2,403,0.7396297876340656,0.04218362282878412,0.009925558312655087,0.0024813895781637717
2,2,8,1,2,mixmogam-he,26,/Users/au507860/REPOS/mixmogam/benchmarks/results/20261003-hapnest-kvik-n50000/rho0.8_fst0.05_rep01/confounded-pc_mixed,20262486,50000,12000,confounded-pc,mixed,0.8,0.05,ld_q3,407,1.1227296954574641,0.04176904176904177,0.009828009828009828,0.0
2,2,8,1,2,mixmogam-he,26,/Users/au507860/REPOS/mixmogam/benchmarks/results/20261003-hapnest-kvik-n50000/rho0.8_fst0.05_rep01/confounded-pc_mixed,20262486,50000,12000,confounded-pc,mixed,0.8,0.05,ld_q4,401,1.1631572843226818,0.06733167082294264,0.0024937655860349127,0.0
2,2,8,1,2,mixmogam-he,26,/Users/au507860/REPOS/mixmogam/benchmarks/results/20261003-hapnest-kvik-n50000/rho0.8_fst0.05_rep01/confounded-pc_mixed,20262486,50000,12000,confounded-pc,mixed,0.8,0.05,ld_q5,417,1.2116168770919564,0.047961630695443645,0.007194244604316547,0.0
2,2,1,2,1,mixmogam-he,27,/Users/au507860/REPOS/mixmogam/benchmarks/results/20261003-hapnest-kvik-n50000/rho0.8_fst0.05_rep01/confounded-pc_mixed,20262486,50000,12000,confounded-pc,mixed,0.8,0.05,all_null,2000,1.0592567973037161,0.0525,0.0105,0.0005
2,2,1,2,1,mixmogam-he,27,/Users/au507860/REPOS/mixmogam/benchmarks/results/20261003-hapnest-kvik-n50000/rho0.8_fst0.05_rep01/confounded-pc_mixed,20262486,50000,12000,confounded-pc,mixed,0.8,0.05,loading_q1,396,0.870143763972557,0.06313131313131314,0.007575757575757576,0.0
2,2,1,2,1,mixmogam-he,27,/Users/au507860/REPOS/mixmogam/benchmarks/results/20261003-hapnest-kvik-n50000/rho0.8_fst0.05_rep01/confounded-pc_mixed,20262486,50000,12000,confounded-pc,mixed,0.8,0.05,loading_q2,398,1.0996650406523125,0.035175879396984924,0.007537688442211055,0.0
2,2,1,2,1,mixmogam-he,27,/Users/au507860/REPOS/mixmogam/benchmarks/results/20261003-hapnest-kvik-n50000/rho0.8_fst0.05_rep01/confounded-pc_mixed,20262486,50000,12000,confounded-pc,mixed,0.8,0.05,loading_q3,383,1.2168922114499616,0.057441253263707574,0.015665796344647518,0.0
2,2,1,2,1,mixmogam-he,27,/Users/au507860/REPOS/mixmogam/benchmarks/results/20261003-hapnest-kvik-n50000/rho0.8_fst0.05_rep01/confounded-pc_mixed,20262486,50000,12000,confounded-pc,mixed,0.8,0.05,loading_q4,413,1.1149957227789196,0.053268765133171914,0.014527845036319613,0.0
2,2,1,2,1,mixmogam-he,27,/Users/au507860/REPOS/mixmogam/benchmarks/results/20261003-hapnest-kvik-n50000/rho0.8_fst0.05_rep01/confounded-pc_mixed,20262486,50000,12000,confounded-pc,mixed,0.8,0.05,loading_q5,410,0.9404246743019306,0.05365853658536585,0.007317073170731708,0.0024390243902439024
2,2,1,2,1,mixmogam-he,27,/Users/au507860/REPOS/mixmogam/benchmarks/results/20261003-hapnest-kvik-n50000/rho0.8_fst0.05_rep01/confounded-pc_mixed,20262486,50000,12000,confounded-pc,mixed,0.8,0.05,maf_q1,392,1.0280134617539913,0.05102040816326531,0.017857142857142856,0.0
2,2,1,2,1,mixmogam-he,27,/Users/au507860/REPOS/mixmogam/benchmarks/results/20261003-hapnest-kvik-n50000/rho0.8_fst0.05_rep01/confounded-pc_mixed,20262486,50000,12000,confounded-pc,mixed,0.8,0.05,maf_q2,372,0.975241210181497,0.04032258064516129,0.005376344086021506,0.0
2,2,1,2,1,mixmogam-he,27,/Users/au507860/REPOS/mixmogam/benchmarks/results/20261003-hapnest-kvik-n50000/rho0.8_fst0.05_rep01/confounded-pc_mixed,20262486,50000,12000,confounded-pc,mixed,0.8,0.05,maf_q3,429,1.0711261669126109,0.0675990675990676,0.009324009324009324,0.0
2,2,1,2,1,mixmogam-he,27,/Users/au507860/REPOS/mixmogam/benchmarks/results/20261003-hapnest-kvik-n50000/rho0.8_fst0.05_rep01/confounded-pc_mixed,20262486,50000,12000,confounded-pc,mixed,0.8,0.05,maf_q4,403,1.1279976379278986,0.05707196029776675,0.007444168734491315,0.0024813895781637717
2,2,1,2,1,mixmogam-he,27,/Users/au507860/REPOS/mixmogam/benchmarks/results/20261003-hapnest-kvik-n50000/rho0.8_fst0.05_rep01/confounded-pc_mixed,20262486,50000,12000,confounded-pc,mixed,0.8,0.05,maf_q5,404,1.0649687562937038,0.04455445544554455,0.012376237623762377,0.0
2,2,1,2,1,mixmogam-he,27,/Users/au507860/REPOS/mixmogam/benchmarks/results/20261003-hapnest-kvik-n50000/rho0.8_fst0.05_rep01/confounded-pc_mixed,20262486,50000,12000,confounded-pc,mixed,0.8,0.05,ld_q1,372,1.0960208409143513,0.06451612903225806,0.024193548387096774,0.0
2,2,1,2,1,mixmogam-he,27,/Users/au507860/REPOS/mixmogam/benchmarks/results/20261003-hapnest-kvik-n50000/rho0.8_fst0.05_rep01/confounded-pc_mixed,20262486,50000,12000,confounded-pc,mixed,0.8,0.05,ld_q2,403,0.7396297876340656,0.04218362282878412,0.009925558312655087,0.0024813895781637717
2,2,1,2,1,mixmogam-he,27,/Users/au507860/REPOS/mixmogam/benchmarks/results/20261003-hapnest-kvik-n50000/rho0.8_fst0.05_rep01/confounded-pc_mixed,20262486,50000,12000,confounded-pc,mixed,0.8,0.05,ld_q3,407,1.1227296954574641,0.04176904176904177,0.009828009828009828,0.0
2,2,1,2,1,mixmogam-he,27,/Users/au507860/REPOS/mixmogam/benchmarks/results/20261003-hapnest-kvik-n50000/rho0.8_fst0.05_rep01/confounded-pc_mixed,20262486,50000,12000,confounded-pc,mixed,0.8,0.05,ld_q4,401,1.1631572843226818,0.06733167082294264,0.0024937655860349127,0.0
2,2,1,2,1,mixmogam-he,27,/Users/au507860/REPOS/mixmogam/benchmarks/results/20261003-hapnest-kvik-n50000/rho0.8_fst0.05_rep01/confounded-pc_mixed,20262486,50000,12000,confounded-pc,mixed,0.8,0.05,ld_q5,417,1.2116168770919564,0.047961630695443645,0.007194244604316547,0.0
2,2,1,2,2,ldak-kvik,28,/Users/au507860/REPOS/mixmogam/benchmarks/results/20261003-hapnest-kvik-n50000/rho0.8_fst0.05_rep01/confounded-pc_mixed,20262486,50000,12000,confounded-pc,mixed,0.8,0.05,all_null,2000,0.9654054323901633,0.04,0.013,0.0005
2,2,1,2,2,ldak-kvik,28,/Users/au507860/REPOS/mixmogam/benchmarks/results/20261003-hapnest-kvik-n50000/rho0.8_fst0.05_rep01/confounded-pc_mixed,20262486,50000,12000,confounded-pc,mixed,0.8,0.05,loading_q1,396,0.8184821357763808,0.06060606060606061,0.017676767676767676,0.0
2,2,1,2,2,ldak-kvik,28,/Users/au507860/REPOS/mixmogam/benchmarks/results/20261003-hapnest-kvik-n50000/rho0.8_fst0.05_rep01/confounded-pc_mixed,20262486,50000,12000,confounded-pc,mixed,0.8,0.05,loading_q2,398,1.113887720700215,0.032663316582914576,0.010050251256281407,0.0
2,2,1,2,2,ldak-kvik,28,/Users/au507860/REPOS/mixmogam/benchmarks/results/20261003-hapnest-kvik-n50000/rho0.8_fst0.05_rep01/confounded-pc_mixed,20262486,50000,12000,confounded-pc,mixed,0.8,0.05,loading_q3,383,1.0949588628472857,0.04699738903394256,0.013054830287206266,0.0
2,2,1,2,2,ldak-kvik,28,/Users/au507860/REPOS/mixmogam/benchmarks/results/20261003-hapnest-kvik-n50000/rho0.8_fst0.05_rep01/confounded-pc_mixed,20262486,50000,12000,confounded-pc,mixed,0.8,0.05,loading_q4,413,1.0242863518776717,0.04116222760290557,0.014527845036319613,0.0
2,2,1,2,2,ldak-kvik,28,/Users/au507860/REPOS/mixmogam/benchmarks/results/20261003-hapnest-kvik-n50000/rho0.8_fst0.05_rep01/confounded-pc_mixed,20262486,50000,12000,confounded-pc,mixed,0.8,0.05,loading_q5,410,0.8419091729221987,0.01951219512195122,0.00975609756097561,0.0024390243902439024
2,2,1,2,2,ldak-kvik,28,/Users/au507860/REPOS/mixmogam/benchmarks/results/20261003-hapnest-kvik-n50000/rho0.8_fst0.05_rep01/confounded-pc_mixed,20262486,50000,12000,confounded-pc,mixed,0.8,0.05,maf_q1,392,0.8729157810686404,0.04336734693877551,0.017857142857142856,0.0
2,2,1,2,2,ldak-kvik,28,/Users/au507860/REPOS/mixmogam/benchmarks/results/20261003-hapnest-kvik-n50000/rho0.8_fst0.05_rep01/confounded-pc_mixed,20262486,50000,12000,confounded-pc,mixed,0.8,0.05,maf_q2,372,1.0068848707980835,0.024193548387096774,0.005376344086021506,0.0
2,2,1,2,2,ldak-kvik,28,/Users/au507860/REPOS/mixmogam/benchmarks/results/20261003-hapnest-kvik-n50000/rho0.8_fst0.05_rep01/confounded-pc_mixed,20262486,50000,12000,confounded-pc,mixed,0.8,0.05,maf_q3,429,1.0067348368481672,0.04428904428904429,0.016317016317016316,0.0
2,2,1,2,2,ldak-kvik,28,/Users/au507860/REPOS/mixmogam/benchmarks/results/20261003-hapnest-kvik-n50000/rho0.8_fst0.05_rep01/confounded-pc_mixed,20262486,50000,12000,confounded-pc,mixed,0.8,0.05,maf_q4,403,1.0242863518776717,0.04218362282878412,0.01240694789081886,0.0024813895781637717
2,2,1,2,2,ldak-kvik,28,/Users/au507860/REPOS/mixmogam/benchmarks/results/20261003-hapnest-kvik-n50000/rho0.8_fst0.05_rep01/confounded-pc_mixed,20262486,50000,12000,confounded-pc,mixed,0.8,0.05,maf_q5,404,1.0389988113962436,0.04455445544554455,0.012376237623762377,0.0
2,2,1,2,2,ldak-kvik,28,/Users/au507860/REPOS/mixmogam/benchmarks/results/20261003-hapnest-kvik-n50000/rho0.8_fst0.05_rep01/confounded-pc_mixed,20262486,50000,12000,confounded-pc,mixed,0.8,0.05,ld_q1,372,0.9785696620597499,0.04838709677419355,0.02956989247311828,0.0
2,2,1,2,2,ldak-kvik,28,/Users/au507860/REPOS/mixmogam/benchmarks/results/20261003-hapnest-kvik-n50000/rho0.8_fst0.05_rep01/confounded-pc_mixed,20262486,50000,12000,confounded-pc,mixed,0.8,0.05,ld_q2,403,0.7179693311670973,0.02729528535980149,0.009925558312655087,0.0024813895781637717
2,2,1,2,2,ldak-kvik,28,/Users/au507860/REPOS/mixmogam/benchmarks/results/20261003-hapnest-kvik-n50000/rho0.8_fst0.05_rep01/confounded-pc_mixed,20262486,50000,12000,confounded-pc,mixed,0.8,0.05,ld_q3,407,1.0512267507976394,0.036855036855036855,0.007371007371007371,0.0
2,2,1,2,2,ldak-kvik,28,/Users/au507860/REPOS/mixmogam/benchmarks/results/20261003-hapnest-kvik-n50000/rho0.8_fst0.05_rep01/confounded-pc_mixed,20262486,50000,12000,confounded-pc,mixed,0.8,0.05,ld_q4,401,1.1461205023870917,0.04488778054862843,0.007481296758104738,0.0
2,2,1,2,2,ldak-kvik,28,/Users/au507860/REPOS/mixmogam/benchmarks/results/20261003-hapnest-kvik-n50000/rho0.8_fst0.05_rep01/confounded-pc_mixed,20262486,50000,12000,confounded-pc,mixed,0.8,0.05,ld_q5,417,1.0799211279539969,0.04316546762589928,0.011990407673860911,0.0
2,2,4,3,1,mixmogam-he,29,/Users/au507860/REPOS/mixmogam/benchmarks/results/20261003-hapnest-kvik-n50000/rho0.8_fst0.05_rep01/confounded-pc_mixed,20262486,50000,12000,confounded-pc,mixed,0.8,0.05,all_null,2000,1.0592567973037161,0.0525,0.0105,0.0005
2,2,4,3,1,mixmogam-he,29,/Users/au507860/REPOS/mixmogam/benchmarks/results/20261003-hapnest-kvik-n50000/rho0.8_fst0.05_rep01/confounded-pc_mixed,20262486,50000,12000,confounded-pc,mixed,0.8,0.05,loading_q1,396,0.870143763972557,0.06313131313131314,0.007575757575757576,0.0
2,2,4,3,1,mixmogam-he,29,/Users/au507860/REPOS/mixmogam/benchmarks/results/20261003-hapnest-kvik-n50000/rho0.8_fst0.05_rep01/confounded-pc_mixed,20262486,50000,12000,confounded-pc,mixed,0.8,0.05,loading_q2,398,1.0996650406523125,0.035175879396984924,0.007537688442211055,0.0
2,2,4,3,1,mixmogam-he,29,/Users/au507860/REPOS/mixmogam/benchmarks/results/20261003-hapnest-kvik-n50000/rho0.8_fst0.05_rep01/confounded-pc_mixed,20262486,50000,12000,confounded-pc,mixed,0.8,0.05,loading_q3,383,1.2168922114499616,0.057441253263707574,0.015665796344647518,0.0
2,2,4,3,1,mixmogam-he,29,/Users/au507860/REPOS/mixmogam/benchmarks/results/20261003-hapnest-kvik-n50000/rho0.8_fst0.05_rep01/confounded-pc_mixed,20262486,50000,12000,confounded-pc,mixed,0.8,0.05,loading_q4,413,1.1149957227789196,0.053268765133171914,0.014527845036319613,0.0
2,2,4,3,1,mixmogam-he,29,/Users/au507860/REPOS/mixmogam/benchmarks/results/20261003-hapnest-kvik-n50000/rho0.8_fst0.05_rep01/confounded-pc_mixed,20262486,50000,12000,confounded-pc,mixed,0.8,0.05,loading_q5,410,0.9404246743019306,0.05365853658536585,0.007317073170731708,0.0024390243902439024
2,2,4,3,1,mixmogam-he,29,/Users/au507860/REPOS/mixmogam/benchmarks/results/20261003-hapnest-kvik-n50000/rho0.8_fst0.05_rep01/confounded-pc_mixed,20262486,50000,12000,confounded-pc,mixed,0.8,0.05,maf_q1,392,1.0280134617539913,0.05102040816326531,0.017857142857142856,0.0
2,2,4,3,1,mixmogam-he,29,/Users/au507860/REPOS/mixmogam/benchmarks/results/20261003-hapnest-kvik-n50000/rho0.8_fst0.05_rep01/confounded-pc_mixed,20262486,50000,12000,confounded-pc,mixed,0.8,0.05,maf_q2,372,0.975241210181497,0.04032258064516129,0.005376344086021506,0.0
2,2,4,3,1,mixmogam-he,29,/Users/au507860/REPOS/mixmogam/benchmarks/results/20261003-hapnest-kvik-n50000/rho0.8_fst0.05_rep01/confounded-pc_mixed,20262486,50000,12000,confounded-pc,mixed,0.8,0.05,maf_q3,429,1.0711261669126109,0.0675990675990676,0.009324009324009324,0.0
2,2,4,3,1,mixmogam-he,29,/Users/au507860/REPOS/mixmogam/benchmarks/results/20261003-hapnest-kvik-n50000/rho0.8_fst0.05_rep01/confounded-pc_mixed,20262486,50000,12000,confounded-pc,mixed,0.8,0.05,maf_q4,403,1.1279976379278986,0.05707196029776675,0.007444168734491315,0.0024813895781637717
2,2,4,3,1,mixmogam-he,29,/Users/au507860/REPOS/mixmogam/benchmarks/results/20261003-hapnest-kvik-n50000/rho0.8_fst0.05_rep01/confounded-pc_mixed,20262486,50000,12000,confounded-pc,mixed,0.8,0.05,maf_q5,404,1.0649687562937038,0.04455445544554455,0.012376237623762377,0.0
2,2,4,3,1,mixmogam-he,29,/Users/au507860/REPOS/mixmogam/benchmarks/results/20261003-hapnest-kvik-n50000/rho0.8_fst0.05_rep01/confounded-pc_mixed,20262486,50000,12000,confounded-pc,mixed,0.8,0.05,ld_q1,372,1.0960208409143513,0.06451612903225806,0.024193548387096774,0.0
2,2,4,3,1,mixmogam-he,29,/Users/au507860/REPOS/mixmogam/benchmarks/results/20261003-hapnest-kvik-n50000/rho0.8_fst0.05_rep01/confounded-pc_mixed,20262486,50000,12000,confounded-pc,mixed,0.8,0.05,ld_q2,403,0.7396297876340656,0.04218362282878412,0.009925558312655087,0.0024813895781637717
2,2,4,3,1,mixmogam-he,29,/Users/au507860/REPOS/mixmogam/benchmarks/results/20261003-hapnest-kvik-n50000/rho0.8_fst0.05_rep01/confounded-pc_mixed,20262486,50000,12000,confounded-pc,mixed,0.8,0.05,ld_q3,407,1.1227296954574641,0.04176904176904177,0.009828009828009828,0.0
2,2,4,3,1,mixmogam-he,29,/Users/au507860/REPOS/mixmogam/benchmarks/results/20261003-hapnest-kvik-n50000/rho0.8_fst0.05_rep01/confounded-pc_mixed,20262486,50000,12000,confounded-pc,mixed,0.8,0.05,ld_q4,401,1.1631572843226818,0.06733167082294264,0.0024937655860349127,0.0
2,2,4,3,1,mixmogam-he,29,/Users/au507860/REPOS/mixmogam/benchmarks/results/20261003-hapnest-kvik-n50000/rho0.8_fst0.05_rep01/confounded-pc_mixed,20262486,50000,12000,confounded-pc,mixed,0.8,0.05,ld_q5,417,1.2116168770919564,0.047961630695443645,0.007194244604316547,0.0
2,2,4,3,2,ldak-kvik,30,/Users/au507860/REPOS/mixmogam/benchmarks/results/20261003-hapnest-kvik-n50000/rho0.8_fst0.05_rep01/confounded-pc_mixed,20262486,50000,12000,confounded-pc,mixed,0.8,0.05,all_null,2000,0.9654054323901633,0.04,0.013,0.0005
2,2,4,3,2,ldak-kvik,30,/Users/au507860/REPOS/mixmogam/benchmarks/results/20261003-hapnest-kvik-n50000/rho0.8_fst0.05_rep01/confounded-pc_mixed,20262486,50000,12000,confounded-pc,mixed,0.8,0.05,loading_q1,396,0.8184821357763808,0.06060606060606061,0.017676767676767676,0.0
2,2,4,3,2,ldak-kvik,30,/Users/au507860/REPOS/mixmogam/benchmarks/results/20261003-hapnest-kvik-n50000/rho0.8_fst0.05_rep01/confounded-pc_mixed,20262486,50000,12000,confounded-pc,mixed,0.8,0.05,loading_q2,398,1.113887720700215,0.032663316582914576,0.010050251256281407,0.0
2,2,4,3,2,ldak-kvik,30,/Users/au507860/REPOS/mixmogam/benchmarks/results/20261003-hapnest-kvik-n50000/rho0.8_fst0.05_rep01/confounded-pc_mixed,20262486,50000,12000,confounded-pc,mixed,0.8,0.05,loading_q3,383,1.0949588628472857,0.04699738903394256,0.013054830287206266,0.0
2,2,4,3,2,ldak-kvik,30,/Users/au507860/REPOS/mixmogam/benchmarks/results/20261003-hapnest-kvik-n50000/rho0.8_fst0.05_rep01/confounded-pc_mixed,20262486,50000,12000,confounded-pc,mixed,0.8,0.05,loading_q4,413,1.0242863518776717,0.04116222760290557,0.014527845036319613,0.0
2,2,4,3,2,ldak-kvik,30,/Users/au507860/REPOS/mixmogam/benchmarks/results/20261003-hapnest-kvik-n50000/rho0.8_fst0.05_rep01/confounded-pc_mixed,20262486,50000,12000,confounded-pc,mixed,0.8,0.05,loading_q5,410,0.8419091729221987,0.01951219512195122,0.00975609756097561,0.0024390243902439024
2,2,4,3,2,ldak-kvik,30,/Users/au507860/REPOS/mixmogam/benchmarks/results/20261003-hapnest-kvik-n50000/rho0.8_fst0.05_rep01/confounded-pc_mixed,20262486,50000,12000,confounded-pc,mixed,0.8,0.05,maf_q1,392,0.8729157810686404,0.04336734693877551,0.017857142857142856,0.0
2,2,4,3,2,ldak-kvik,30,/Users/au507860/REPOS/mixmogam/benchmarks/results/20261003-hapnest-kvik-n50000/rho0.8_fst0.05_rep01/confounded-pc_mixed,20262486,50000,12000,confounded-pc,mixed,0.8,0.05,maf_q2,372,1.0068848707980835,0.024193548387096774,0.005376344086021506,0.0
2,2,4,3,2,ldak-kvik,30,/Users/au507860/REPOS/mixmogam/benchmarks/results/20261003-hapnest-kvik-n50000/rho0.8_fst0.05_rep01/confounded-pc_mixed,20262486,50000,12000,confounded-pc,mixed,0.8,0.05,maf_q3,429,1.0067348368481672,0.04428904428904429,0.016317016317016316,0.0
2,2,4,3,2,ldak-kvik,30,/Users/au507860/REPOS/mixmogam/benchmarks/results/20261003-hapnest-kvik-n50000/rho0.8_fst0.05_rep01/confounded-pc_mixed,20262486,50000,12000,confounded-pc,mixed,0.8,0.05,maf_q4,403,1.0242863518776717,0.04218362282878412,0.01240694789081886,0.0024813895781637717
2,2,4,3,2,ldak-kvik,30,/Users/au507860/REPOS/mixmogam/benchmarks/results/20261003-hapnest-kvik-n50000/rho0.8_fst0.05_rep01/confounded-pc_mixed,20262486,50000,12000,confounded-pc,mixed,0.8,0.05,maf_q5,404,1.0389988113962436,0.04455445544554455,0.012376237623762377,0.0
2,2,4,3,2,ldak-kvik,30,/Users/au507860/REPOS/mixmogam/benchmarks/results/20261003-hapnest-kvik-n50000/rho0.8_fst0.05_rep01/confounded-pc_mixed,20262486,50000,12000,confounded-pc,mixed,0.8,0.05,ld_q1,372,0.9785696620597499,0.04838709677419355,0.02956989247311828,0.0
2,2,4,3,2,ldak-kvik,30,/Users/au507860/REPOS/mixmogam/benchmarks/results/20261003-hapnest-kvik-n50000/rho0.8_fst0.05_rep01/confounded-pc_mixed,20262486,50000,12000,confounded-pc,mixed,0.8,0.05,ld_q2,403,0.7179693311670973,0.02729528535980149,0.009925558312655087,0.0024813895781637717
2,2,4,3,2,ldak-kvik,30,/Users/au507860/REPOS/mixmogam/benchmarks/results/20261003-hapnest-kvik-n50000/rho0.8_fst0.05_rep01/confounded-pc_mixed,20262486,50000,12000,confounded-pc,mixed,0.8,0.05,ld_q3,407,1.0512267507976394,0.036855036855036855,0.007371007371007371,0.0
2,2,4,3,2,ldak-kvik,30,/Users/au507860/REPOS/mixmogam/benchmarks/results/20261003-hapnest-kvik-n50000/rho0.8_fst0.05_rep01/confounded-pc_mixed,20262486,50000,12000,confounded-pc,mixed,0.8,0.05,ld_q4,401,1.1461205023870917,0.04488778054862843,0.007481296758104738,0.0
2,2,4,3,2,ldak-kvik,30,/Users/au507860/REPOS/mixmogam/benchmarks/results/20261003-hapnest-kvik-n50000/rho0.8_fst0.05_rep01/confounded-pc_mixed,20262486,50000,12000,confounded-pc,mixed,0.8,0.05,ld_q5,417,1.0799211279539969,0.04316546762589928,0.011990407673860911,0.0
2,2,2,4,1,ldak-kvik,31,/Users/au507860/REPOS/mixmogam/benchmarks/results/20261003-hapnest-kvik-n50000/rho0.8_fst0.05_rep01/confounded-pc_mixed,20262486,50000,12000,confounded-pc,mixed,0.8,0.05,all_null,2000,0.9654054323901633,0.04,0.013,0.0005
2,2,2,4,1,ldak-kvik,31,/Users/au507860/REPOS/mixmogam/benchmarks/results/20261003-hapnest-kvik-n50000/rho0.8_fst0.05_rep01/confounded-pc_mixed,20262486,50000,12000,confounded-pc,mixed,0.8,0.05,loading_q1,396,0.8184821357763808,0.06060606060606061,0.017676767676767676,0.0
2,2,2,4,1,ldak-kvik,31,/Users/au507860/REPOS/mixmogam/benchmarks/results/20261003-hapnest-kvik-n50000/rho0.8_fst0.05_rep01/confounded-pc_mixed,20262486,50000,12000,confounded-pc,mixed,0.8,0.05,loading_q2,398,1.113887720700215,0.032663316582914576,0.010050251256281407,0.0
2,2,2,4,1,ldak-kvik,31,/Users/au507860/REPOS/mixmogam/benchmarks/results/20261003-hapnest-kvik-n50000/rho0.8_fst0.05_rep01/confounded-pc_mixed,20262486,50000,12000,confounded-pc,mixed,0.8,0.05,loading_q3,383,1.0949588628472857,0.04699738903394256,0.013054830287206266,0.0
2,2,2,4,1,ldak-kvik,31,/Users/au507860/REPOS/mixmogam/benchmarks/results/20261003-hapnest-kvik-n50000/rho0.8_fst0.05_rep01/confounded-pc_mixed,20262486,50000,12000,confounded-pc,mixed,0.8,0.05,loading_q4,413,1.0242863518776717,0.04116222760290557,0.014527845036319613,0.0
2,2,2,4,1,ldak-kvik,31,/Users/au507860/REPOS/mixmogam/benchmarks/results/20261003-hapnest-kvik-n50000/rho0.8_fst0.05_rep01/confounded-pc_mixed,20262486,50000,12000,confounded-pc,mixed,0.8,0.05,loading_q5,410,0.8419091729221987,0.01951219512195122,0.00975609756097561,0.0024390243902439024
2,2,2,4,1,ldak-kvik,31,/Users/au507860/REPOS/mixmogam/benchmarks/results/20261003-hapnest-kvik-n50000/rho0.8_fst0.05_rep01/confounded-pc_mixed,20262486,50000,12000,confounded-pc,mixed,0.8,0.05,maf_q1,392,0.8729157810686404,0.04336734693877551,0.017857142857142856,0.0
2,2,2,4,1,ldak-kvik,31,/Users/au507860/REPOS/mixmogam/benchmarks/results/20261003-hapnest-kvik-n50000/rho0.8_fst0.05_rep01/confounded-pc_mixed,20262486,50000,12000,confounded-pc,mixed,0.8,0.05,maf_q2,372,1.0068848707980835,0.024193548387096774,0.005376344086021506,0.0
2,2,2,4,1,ldak-kvik,31,/Users/au507860/REPOS/mixmogam/benchmarks/results/20261003-hapnest-kvik-n50000/rho0.8_fst0.05_rep01/confounded-pc_mixed,20262486,50000,12000,confounded-pc,mixed,0.8,0.05,maf_q3,429,1.0067348368481672,0.04428904428904429,0.016317016317016316,0.0
2,2,2,4,1,ldak-kvik,31,/Users/au507860/REPOS/mixmogam/benchmarks/results/20261003-hapnest-kvik-n50000/rho0.8_fst0.05_rep01/confounded-pc_mixed,20262486,50000,12000,confounded-pc,mixed,0.8,0.05,maf_q4,403,1.0242863518776717,0.04218362282878412,0.01240694789081886,0.0024813895781637717
2,2,2,4,1,ldak-kvik,31,/Users/au507860/REPOS/mixmogam/benchmarks/results/20261003-hapnest-kvik-n50000/rho0.8_fst0.05_rep01/confounded-pc_mixed,20262486,50000,12000,confounded-pc,mixed,0.8,0.05,maf_q5,404,1.0389988113962436,0.04455445544554455,0.012376237623762377,0.0
2,2,2,4,1,ldak-kvik,31,/Users/au507860/REPOS/mixmogam/benchmarks/results/20261003-hapnest-kvik-n50000/rho0.8_fst0.05_rep01/confounded-pc_mixed,20262486,50000,12000,confounded-pc,mixed,0.8,0.05,ld_q1,372,0.9785696620597499,0.04838709677419355,0.02956989247311828,0.0
2,2,2,4,1,ldak-kvik,31,/Users/au507860/REPOS/mixmogam/benchmarks/results/20261003-hapnest-kvik-n50000/rho0.8_fst0.05_rep01/confounded-pc_mixed,20262486,50000,12000,confounded-pc,mixed,0.8,0.05,ld_q2,403,0.7179693311670973,0.02729528535980149,0.009925558312655087,0.0024813895781637717
2,2,2,4,1,ldak-kvik,31,/Users/au507860/REPOS/mixmogam/benchmarks/results/20261003-hapnest-kvik-n50000/rho0.8_fst0.05_rep01/confounded-pc_mixed,20262486,50000,12000,confounded-pc,mixed,0.8,0.05,ld_q3,407,1.0512267507976394,0.036855036855036855,0.007371007371007371,0.0
2,2,2,4,1,ldak-kvik,31,/Users/au507860/REPOS/mixmogam/benchmarks/results/20261003-hapnest-kvik-n50000/rho0.8_fst0.05_rep01/confounded-pc_mixed,20262486,50000,12000,confounded-pc,mixed,0.8,0.05,ld_q4,401,1.1461205023870917,0.04488778054862843,0.007481296758104738,0.0
2,2,2,4,1,ldak-kvik,31,/Users/au507860/REPOS/mixmogam/benchmarks/results/20261003-hapnest-kvik-n50000/rho0.8_fst0.05_rep01/confounded-pc_mixed,20262486,50000,12000,confounded-pc,mixed,0.8,0.05,ld_q5,417,1.0799211279539969,0.04316546762589928,0.011990407673860911,0.0
2,2,2,4,2,mixmogam-he,32,/Users/au507860/REPOS/mixmogam/benchmarks/results/20261003-hapnest-kvik-n50000/rho0.8_fst0.05_rep01/confounded-pc_mixed,20262486,50000,12000,confounded-pc,mixed,0.8,0.05,all_null,2000,1.0592567973037161,0.0525,0.0105,0.0005
2,2,2,4,2,mixmogam-he,32,/Users/au507860/REPOS/mixmogam/benchmarks/results/20261003-hapnest-kvik-n50000/rho0.8_fst0.05_rep01/confounded-pc_mixed,20262486,50000,12000,confounded-pc,mixed,0.8,0.05,loading_q1,396,0.870143763972557,0.06313131313131314,0.007575757575757576,0.0
2,2,2,4,2,mixmogam-he,32,/Users/au507860/REPOS/mixmogam/benchmarks/results/20261003-hapnest-kvik-n50000/rho0.8_fst0.05_rep01/confounded-pc_mixed,20262486,50000,12000,confounded-pc,mixed,0.8,0.05,loading_q2,398,1.0996650406523125,0.035175879396984924,0.007537688442211055,0.0
2,2,2,4,2,mixmogam-he,32,/Users/au507860/REPOS/mixmogam/benchmarks/results/20261003-hapnest-kvik-n50000/rho0.8_fst0.05_rep01/confounded-pc_mixed,20262486,50000,12000,confounded-pc,mixed,0.8,0.05,loading_q3,383,1.2168922114499616,0.057441253263707574,0.015665796344647518,0.0
2,2,2,4,2,mixmogam-he,32,/Users/au507860/REPOS/mixmogam/benchmarks/results/20261003-hapnest-kvik-n50000/rho0.8_fst0.05_rep01/confounded-pc_mixed,20262486,50000,12000,confounded-pc,mixed,0.8,0.05,loading_q4,413,1.1149957227789196,0.053268765133171914,0.014527845036319613,0.0
2,2,2,4,2,mixmogam-he,32,/Users/au507860/REPOS/mixmogam/benchmarks/results/20261003-hapnest-kvik-n50000/rho0.8_fst0.05_rep01/confounded-pc_mixed,20262486,50000,12000,confounded-pc,mixed,0.8,0.05,loading_q5,410,0.9404246743019306,0.05365853658536585,0.007317073170731708,0.0024390243902439024
2,2,2,4,2,mixmogam-he,32,/Users/au507860/REPOS/mixmogam/benchmarks/results/20261003-hapnest-kvik-n50000/rho0.8_fst0.05_rep01/confounded-pc_mixed,20262486,50000,12000,confounded-pc,mixed,0.8,0.05,maf_q1,392,1.0280134617539913,0.05102040816326531,0.017857142857142856,0.0
2,2,2,4,2,mixmogam-he,32,/Users/au507860/REPOS/mixmogam/benchmarks/results/20261003-hapnest-kvik-n50000/rho0.8_fst0.05_rep01/confounded-pc_mixed,20262486,50000,12000,confounded-pc,mixed,0.8,0.05,maf_q2,372,0.975241210181497,0.04032258064516129,0.005376344086021506,0.0
2,2,2,4,2,mixmogam-he,32,/Users/au507860/REPOS/mixmogam/benchmarks/results/20261003-hapnest-kvik-n50000/rho0.8_fst0.05_rep01/confounded-pc_mixed,20262486,50000,12000,confounded-pc,mixed,0.8,0.05,maf_q3,429,1.0711261669126109,0.0675990675990676,0.009324009324009324,0.0
2,2,2,4,2,mixmogam-he,32,/Users/au507860/REPOS/mixmogam/benchmarks/results/20261003-hapnest-kvik-n50000/rho0.8_fst0.05_rep01/confounded-pc_mixed,20262486,50000,12000,confounded-pc,mixed,0.8,0.05,maf_q4,403,1.1279976379278986,0.05707196029776675,0.007444168734491315,0.0024813895781637717
2,2,2,4,2,mixmogam-he,32,/Users/au507860/REPOS/mixmogam/benchmarks/results/20261003-hapnest-kvik-n50000/rho0.8_fst0.05_rep01/confounded-pc_mixed,20262486,50000,12000,confounded-pc,mixed,0.8,0.05,maf_q5,404,1.0649687562937038,0.04455445544554455,0.012376237623762377,0.0
2,2,2,4,2,mixmogam-he,32,/Users/au507860/REPOS/mixmogam/benchmarks/results/20261003-hapnest-kvik-n50000/rho0.8_fst0.05_rep01/confounded-pc_mixed,20262486,50000,12000,confounded-pc,mixed,0.8,0.05,ld_q1,372,1.0960208409143513,0.06451612903225806,0.024193548387096774,0.0
2,2,2,4,2,mixmogam-he,32,/Users/au507860/REPOS/mixmogam/benchmarks/results/20261003-hapnest-kvik-n50000/rho0.8_fst0.05_rep01/confounded-pc_mixed,20262486,50000,12000,confounded-pc,mixed,0.8,0.05,ld_q2,403,0.7396297876340656,0.04218362282878412,0.009925558312655087,0.0024813895781637717
2,2,2,4,2,mixmogam-he,32,/Users/au507860/REPOS/mixmogam/benchmarks/results/20261003-hapnest-kvik-n50000/rho0.8_fst0.05_rep01/confounded-pc_mixed,20262486,50000,12000,confounded-pc,mixed,0.8,0.05,ld_q3,407,1.1227296954574641,0.04176904176904177,0.009828009828009828,0.0
2,2,2,4,2,mixmogam-he,32,/Users/au507860/REPOS/mixmogam/benchmarks/results/20261003-hapnest-kvik-n50000/rho0.8_fst0.05_rep01/confounded-pc_mixed,20262486,50000,12000,confounded-pc,mixed,0.8,0.05,ld_q4,401,1.1631572843226818,0.06733167082294264,0.0024937655860349127,0.0
2,2,2,4,2,mixmogam-he,32,/Users/au507860/REPOS/mixmogam/benchmarks/results/20261003-hapnest-kvik-n50000/rho0.8_fst0.05_rep01/confounded-pc_mixed,20262486,50000,12000,confounded-pc,mixed,0.8,0.05,ld_q5,417,1.2116168770919564,0.047961630695443645,0.007194244604316547,0.0
1,3,4,1,1,mixmogam-he,33,/Users/au507860/REPOS/mixmogam/benchmarks/results/20261003-hapnest-kvik-n50000/rho0.8_fst0_rep01/unstructured_mixed,20262486,50000,12000,unstructured,mixed,0.8,0,all_null,2000,0.936383520706268,0.045,0.0095,0.001
1,3,4,1,1,mixmogam-he,33,/Users/au507860/REPOS/mixmogam/benchmarks/results/20261003-hapnest-kvik-n50000/rho0.8_fst0_rep01/unstructured_mixed,20262486,50000,12000,unstructured,mixed,0.8,0,loading_q1,401,1.0589787680045535,0.04987531172069826,0.017456359102244388,0.004987531172069825
1,3,4,1,1,mixmogam-he,33,/Users/au507860/REPOS/mixmogam/benchmarks/results/20261003-hapnest-kvik-n50000/rho0.8_fst0_rep01/unstructured_mixed,20262486,50000,12000,unstructured,mixed,0.8,0,loading_q2,374,0.9180306022086213,0.06417112299465241,0.0106951871657754,0.0
1,3,4,1,1,mixmogam-he,33,/Users/au507860/REPOS/mixmogam/benchmarks/results/20261003-hapnest-kvik-n50000/rho0.8_fst0_rep01/unstructured_mixed,20262486,50000,12000,unstructured,mixed,0.8,0,loading_q3,414,0.977683690879068,0.036231884057971016,0.007246376811594203,0.0
1,3,4,1,1,mixmogam-he,33,/Users/au507860/REPOS/mixmogam/benchmarks/results/20261003-hapnest-kvik-n50000/rho0.8_fst0_rep01/unstructured_mixed,20262486,50000,12000,unstructured,mixed,0.8,0,loading_q4,391,0.8761428526082138,0.03836317135549872,0.0025575447570332483,0.0
1,3,4,1,1,mixmogam-he,33,/Users/au507860/REPOS/mixmogam/benchmarks/results/20261003-hapnest-kvik-n50000/rho0.8_fst0_rep01/unstructured_mixed,20262486,50000,12000,unstructured,mixed,0.8,0,loading_q5,420,0.9211641538290644,0.0380952380952381,0.009523809523809525,0.0
1,3,4,1,1,mixmogam-he,33,/Users/au507860/REPOS/mixmogam/benchmarks/results/20261003-hapnest-kvik-n50000/rho0.8_fst0_rep01/unstructured_mixed,20262486,50000,12000,unstructured,mixed,0.8,0,maf_q1,392,1.0176970897971886,0.04336734693877551,0.012755102040816327,0.002551020408163265
1,3,4,1,1,mixmogam-he,33,/Users/au507860/REPOS/mixmogam/benchmarks/results/20261003-hapnest-kvik-n50000/rho0.8_fst0_rep01/unstructured_mixed,20262486,50000,12000,unstructured,mixed,0.8,0,maf_q2,418,1.0346903941252885,0.03588516746411483,0.009569377990430622,0.0
1,3,4,1,1,mixmogam-he,33,/Users/au507860/REPOS/mixmogam/benchmarks/results/20261003-hapnest-kvik-n50000/rho0.8_fst0_rep01/unstructured_mixed,20262486,50000,12000,unstructured,mixed,0.8,0,maf_q3,370,0.8367811244382305,0.04864864864864865,0.005405405405405406,0.0
1,3,4,1,1,mixmogam-he,33,/Users/au507860/REPOS/mixmogam/benchmarks/results/20261003-hapnest-kvik-n50000/rho0.8_fst0_rep01/unstructured_mixed,20262486,50000,12000,unstructured,mixed,0.8,0,maf_q4,421,0.9103851809802688,0.040380047505938245,0.011876484560570071,0.0023752969121140144
1,3,4,1,1,mixmogam-he,33,/Users/au507860/REPOS/mixmogam/benchmarks/results/20261003-hapnest-kvik-n50000/rho0.8_fst0_rep01/unstructured_mixed,20262486,50000,12000,unstructured,mixed,0.8,0,maf_q5,399,0.7527574421281915,0.05764411027568922,0.007518796992481203,0.0
1,3,4,1,1,mixmogam-he,33,/Users/au507860/REPOS/mixmogam/benchmarks/results/20261003-hapnest-kvik-n50000/rho0.8_fst0_rep01/unstructured_mixed,20262486,50000,12000,unstructured,mixed,0.8,0,ld_q1,424,0.8667315689947078,0.04481132075471698,0.01179245283018868,0.0023584905660377358
1,3,4,1,1,mixmogam-he,33,/Users/au507860/REPOS/mixmogam/benchmarks/results/20261003-hapnest-kvik-n50000/rho0.8_fst0_rep01/unstructured_mixed,20262486,50000,12000,unstructured,mixed,0.8,0,ld_q2,410,0.9813730434418403,0.03170731707317073,0.004878048780487805,0.0
1,3,4,1,1,mixmogam-he,33,/Users/au507860/REPOS/mixmogam/benchmarks/results/20261003-hapnest-kvik-n50000/rho0.8_fst0_rep01/unstructured_mixed,20262486,50000,12000,unstructured,mixed,0.8,0,ld_q3,375,0.8866101905877439,0.037333333333333336,0.010666666666666666,0.0
1,3,4,1,1,mixmogam-he,33,/Users/au507860/REPOS/mixmogam/benchmarks/results/20261003-hapnest-kvik-n50000/rho0.8_fst0_rep01/unstructured_mixed,20262486,50000,12000,unstructured,mixed,0.8,0,ld_q4,374,0.9991645459655947,0.0481283422459893,0.008021390374331552,0.0
1,3,4,1,1,mixmogam-he,33,/Users/au507860/REPOS/mixmogam/benchmarks/results/20261003-hapnest-kvik-n50000/rho0.8_fst0_rep01/unstructured_mixed,20262486,50000,12000,unstructured,mixed,0.8,0,ld_q5,417,0.9368961892717119,0.06235011990407674,0.011990407673860911,0.002398081534772182
1,3,4,1,2,ldak-kvik,34,/Users/au507860/REPOS/mixmogam/benchmarks/results/20261003-hapnest-kvik-n50000/rho0.8_fst0_rep01/unstructured_mixed,20262486,50000,12000,unstructured,mixed,0.8,0,all_null,2000,0.963178973222567,0.046,0.011,0.001
1,3,4,1,2,ldak-kvik,34,/Users/au507860/REPOS/mixmogam/benchmarks/results/20261003-hapnest-kvik-n50000/rho0.8_fst0_rep01/unstructured_mixed,20262486,50000,12000,unstructured,mixed,0.8,0,loading_q1,401,1.0235743301278808,0.059850374064837904,0.017456359102244388,0.004987531172069825
1,3,4,1,2,ldak-kvik,34,/Users/au507860/REPOS/mixmogam/benchmarks/results/20261003-hapnest-kvik-n50000/rho0.8_fst0_rep01/unstructured_mixed,20262486,50000,12000,unstructured,mixed,0.8,0,loading_q2,374,0.9032249094452184,0.06149732620320856,0.013368983957219251,0.0
1,3,4,1,2,ldak-kvik,34,/Users/au507860/REPOS/mixmogam/benchmarks/results/20261003-hapnest-kvik-n50000/rho0.8_fst0_rep01/unstructured_mixed,20262486,50000,12000,unstructured,mixed,0.8,0,loading_q3,414,0.9969942019340658,0.036231884057971016,0.007246376811594203,0.0
1,3,4,1,2,ldak-kvik,34,/Users/au507860/REPOS/mixmogam/benchmarks/results/20261003-hapnest-kvik-n50000/rho0.8_fst0_rep01/unstructured_mixed,20262486,50000,12000,unstructured,mixed,0.8,0,loading_q4,391,0.8985836709344376,0.03580562659846547,0.005115089514066497,0.0
1,3,4,1,2,ldak-kvik,34,/Users/au507860/REPOS/mixmogam/benchmarks/results/20261003-hapnest-kvik-n50000/rho0.8_fst0_rep01/unstructured_mixed,20262486,50000,12000,unstructured,mixed,0.8,0,loading_q5,420,0.976411090307321,0.0380952380952381,0.011904761904761904,0.0
1,3,4,1,2,ldak-kvik,34,/Users/au507860/REPOS/mixmogam/benchmarks/results/20261003-hapnest-kvik-n50000/rho0.8_fst0_rep01/unstructured_mixed,20262486,50000,12000,unstructured,mixed,0.8,0,maf_q1,392,1.0064195221144563,0.04081632653061224,0.012755102040816327,0.002551020408163265
1,3,4,1,2,ldak-kvik,34,/Users/au507860/REPOS/mixmogam/benchmarks/results/20261003-hapnest-kvik-n50000/rho0.8_fst0_rep01/unstructured_mixed,20262486,50000,12000,unstructured,mixed,0.8,0,maf_q2,418,1.1086163479141249,0.04066985645933014,0.009569377990430622,0.0
1,3,4,1,2,ldak-kvik,34,/Users/au507860/REPOS/mixmogam/benchmarks/results/20261003-hapnest-kvik-n50000/rho0.8_fst0_rep01/unstructured_mixed,20262486,50000,12000,unstructured,mixed,0.8,0,maf_q3,370,0.8866487634659683,0.051351351351351354,0.013513513513513514,0.0
1,3,4,1,2,ldak-kvik,34,/Users/au507860/REPOS/mixmogam/benchmarks/results/20261003-hapnest-kvik-n50000/rho0.8_fst0_rep01/unstructured_mixed,20262486,50000,12000,unstructured,mixed,0.8,0,maf_q4,421,0.9412460734909796,0.040380047505938245,0.009501187648456057,0.0023752969121140144
1,3,4,1,2,ldak-kvik,34,/Users/au507860/REPOS/mixmogam/benchmarks/results/20261003-hapnest-kvik-n50000/rho0.8_fst0_rep01/unstructured_mixed,20262486,50000,12000,unstructured,mixed,0.8,0,maf_q5,399,0.8100959237347752,0.05764411027568922,0.010025062656641603,0.0
1,3,4,1,2,ldak-kvik,34,/Users/au507860/REPOS/mixmogam/benchmarks/results/20261003-hapnest-kvik-n50000/rho0.8_fst0_rep01/unstructured_mixed,20262486,50000,12000,unstructured,mixed,0.8,0,ld_q1,424,0.9133424389353665,0.04481132075471698,0.014150943396226415,0.0023584905660377358
1,3,4,1,2,ldak-kvik,34,/Users/au507860/REPOS/mixmogam/benchmarks/results/20261003-hapnest-kvik-n50000/rho0.8_fst0_rep01/unstructured_mixed,20262486,50000,12000,unstructured,mixed,0.8,0,ld_q2,410,1.0147521301916798,0.03170731707317073,0.004878048780487805,0.0
1,3,4,1,2,ldak-kvik,34,/Users/au507860/REPOS/mixmogam/benchmarks/results/20261003-hapnest-kvik-n50000/rho0.8_fst0_rep01/unstructured_mixed,20262486,50000,12000,unstructured,mixed,0.8,0,ld_q3,375,0.91730336997222,0.04533333333333334,0.010666666666666666,0.0
1,3,4,1,2,ldak-kvik,34,/Users/au507860/REPOS/mixmogam/benchmarks/results/20261003-hapnest-kvik-n50000/rho0.8_fst0_rep01/unstructured_mixed,20262486,50000,12000,unstructured,mixed,0.8,0,ld_q4,374,0.9921535417284911,0.0481283422459893,0.013368983957219251,0.0
1,3,4,1,2,ldak-kvik,34,/Users/au507860/REPOS/mixmogam/benchmarks/results/20261003-hapnest-kvik-n50000/rho0.8_fst0_rep01/unstructured_mixed,20262486,50000,12000,unstructured,mixed,0.8,0,ld_q5,417,0.9464820443928215,0.05995203836930456,0.011990407673860911,0.002398081534772182
1,3,8,2,1,ldak-kvik,35,/Users/au507860/REPOS/mixmogam/benchmarks/results/20261003-hapnest-kvik-n50000/rho0.8_fst0_rep01/unstructured_mixed,20262486,50000,12000,unstructured,mixed,0.8,0,all_null,2000,0.963178973222567,0.046,0.011,0.001
1,3,8,2,1,ldak-kvik,35,/Users/au507860/REPOS/mixmogam/benchmarks/results/20261003-hapnest-kvik-n50000/rho0.8_fst0_rep01/unstructured_mixed,20262486,50000,12000,unstructured,mixed,0.8,0,loading_q1,401,1.0235743301278808,0.059850374064837904,0.017456359102244388,0.004987531172069825
1,3,8,2,1,ldak-kvik,35,/Users/au507860/REPOS/mixmogam/benchmarks/results/20261003-hapnest-kvik-n50000/rho0.8_fst0_rep01/unstructured_mixed,20262486,50000,12000,unstructured,mixed,0.8,0,loading_q2,374,0.9032249094452184,0.06149732620320856,0.013368983957219251,0.0
1,3,8,2,1,ldak-kvik,35,/Users/au507860/REPOS/mixmogam/benchmarks/results/20261003-hapnest-kvik-n50000/rho0.8_fst0_rep01/unstructured_mixed,20262486,50000,12000,unstructured,mixed,0.8,0,loading_q3,414,0.9969942019340658,0.036231884057971016,0.007246376811594203,0.0
1,3,8,2,1,ldak-kvik,35,/Users/au507860/REPOS/mixmogam/benchmarks/results/20261003-hapnest-kvik-n50000/rho0.8_fst0_rep01/unstructured_mixed,20262486,50000,12000,unstructured,mixed,0.8,0,loading_q4,391,0.8985836709344376,0.03580562659846547,0.005115089514066497,0.0
1,3,8,2,1,ldak-kvik,35,/Users/au507860/REPOS/mixmogam/benchmarks/results/20261003-hapnest-kvik-n50000/rho0.8_fst0_rep01/unstructured_mixed,20262486,50000,12000,unstructured,mixed,0.8,0,loading_q5,420,0.976411090307321,0.0380952380952381,0.011904761904761904,0.0
1,3,8,2,1,ldak-kvik,35,/Users/au507860/REPOS/mixmogam/benchmarks/results/20261003-hapnest-kvik-n50000/rho0.8_fst0_rep01/unstructured_mixed,20262486,50000,12000,unstructured,mixed,0.8,0,maf_q1,392,1.0064195221144563,0.04081632653061224,0.012755102040816327,0.002551020408163265
1,3,8,2,1,ldak-kvik,35,/Users/au507860/REPOS/mixmogam/benchmarks/results/20261003-hapnest-kvik-n50000/rho0.8_fst0_rep01/unstructured_mixed,20262486,50000,12000,unstructured,mixed,0.8,0,maf_q2,418,1.1086163479141249,0.04066985645933014,0.009569377990430622,0.0
1,3,8,2,1,ldak-kvik,35,/Users/au507860/REPOS/mixmogam/benchmarks/results/20261003-hapnest-kvik-n50000/rho0.8_fst0_rep01/unstructured_mixed,20262486,50000,12000,unstructured,mixed,0.8,0,maf_q3,370,0.8866487634659683,0.051351351351351354,0.013513513513513514,0.0
1,3,8,2,1,ldak-kvik,35,/Users/au507860/REPOS/mixmogam/benchmarks/results/20261003-hapnest-kvik-n50000/rho0.8_fst0_rep01/unstructured_mixed,20262486,50000,12000,unstructured,mixed,0.8,0,maf_q4,421,0.9412460734909796,0.040380047505938245,0.009501187648456057,0.0023752969121140144
1,3,8,2,1,ldak-kvik,35,/Users/au507860/REPOS/mixmogam/benchmarks/results/20261003-hapnest-kvik-n50000/rho0.8_fst0_rep01/unstructured_mixed,20262486,50000,12000,unstructured,mixed,0.8,0,maf_q5,399,0.8100959237347752,0.05764411027568922,0.010025062656641603,0.0
1,3,8,2,1,ldak-kvik,35,/Users/au507860/REPOS/mixmogam/benchmarks/results/20261003-hapnest-kvik-n50000/rho0.8_fst0_rep01/unstructured_mixed,20262486,50000,12000,unstructured,mixed,0.8,0,ld_q1,424,0.9133424389353665,0.04481132075471698,0.014150943396226415,0.0023584905660377358
1,3,8,2,1,ldak-kvik,35,/Users/au507860/REPOS/mixmogam/benchmarks/results/20261003-hapnest-kvik-n50000/rho0.8_fst0_rep01/unstructured_mixed,20262486,50000,12000,unstructured,mixed,0.8,0,ld_q2,410,1.0147521301916798,0.03170731707317073,0.004878048780487805,0.0
1,3,8,2,1,ldak-kvik,35,/Users/au507860/REPOS/mixmogam/benchmarks/results/20261003-hapnest-kvik-n50000/rho0.8_fst0_rep01/unstructured_mixed,20262486,50000,12000,unstructured,mixed,0.8,0,ld_q3,375,0.91730336997222,0.04533333333333334,0.010666666666666666,0.0
1,3,8,2,1,ldak-kvik,35,/Users/au507860/REPOS/mixmogam/benchmarks/results/20261003-hapnest-kvik-n50000/rho0.8_fst0_rep01/unstructured_mixed,20262486,50000,12000,unstructured,mixed,0.8,0,ld_q4,374,0.9921535417284911,0.0481283422459893,0.013368983957219251,0.0
1,3,8,2,1,ldak-kvik,35,/Users/au507860/REPOS/mixmogam/benchmarks/results/20261003-hapnest-kvik-n50000/rho0.8_fst0_rep01/unstructured_mixed,20262486,50000,12000,unstructured,mixed,0.8,0,ld_q5,417,0.9464820443928215,0.05995203836930456,0.011990407673860911,0.002398081534772182
1,3,8,2,2,mixmogam-he,36,/Users/au507860/REPOS/mixmogam/benchmarks/results/20261003-hapnest-kvik-n50000/rho0.8_fst0_rep01/unstructured_mixed,20262486,50000,12000,unstructured,mixed,0.8,0,all_null,2000,0.936383520706268,0.045,0.0095,0.001
1,3,8,2,2,mixmogam-he,36,/Users/au507860/REPOS/mixmogam/benchmarks/results/20261003-hapnest-kvik-n50000/rho0.8_fst0_rep01/unstructured_mixed,20262486,50000,12000,unstructured,mixed,0.8,0,loading_q1,401,1.0589787680045535,0.04987531172069826,0.017456359102244388,0.004987531172069825
1,3,8,2,2,mixmogam-he,36,/Users/au507860/REPOS/mixmogam/benchmarks/results/20261003-hapnest-kvik-n50000/rho0.8_fst0_rep01/unstructured_mixed,20262486,50000,12000,unstructured,mixed,0.8,0,loading_q2,374,0.9180306022086213,0.06417112299465241,0.0106951871657754,0.0
1,3,8,2,2,mixmogam-he,36,/Users/au507860/REPOS/mixmogam/benchmarks/results/20261003-hapnest-kvik-n50000/rho0.8_fst0_rep01/unstructured_mixed,20262486,50000,12000,unstructured,mixed,0.8,0,loading_q3,414,0.977683690879068,0.036231884057971016,0.007246376811594203,0.0
1,3,8,2,2,mixmogam-he,36,/Users/au507860/REPOS/mixmogam/benchmarks/results/20261003-hapnest-kvik-n50000/rho0.8_fst0_rep01/unstructured_mixed,20262486,50000,12000,unstructured,mixed,0.8,0,loading_q4,391,0.8761428526082138,0.03836317135549872,0.0025575447570332483,0.0
1,3,8,2,2,mixmogam-he,36,/Users/au507860/REPOS/mixmogam/benchmarks/results/20261003-hapnest-kvik-n50000/rho0.8_fst0_rep01/unstructured_mixed,20262486,50000,12000,unstructured,mixed,0.8,0,loading_q5,420,0.9211641538290644,0.0380952380952381,0.009523809523809525,0.0
1,3,8,2,2,mixmogam-he,36,/Users/au507860/REPOS/mixmogam/benchmarks/results/20261003-hapnest-kvik-n50000/rho0.8_fst0_rep01/unstructured_mixed,20262486,50000,12000,unstructured,mixed,0.8,0,maf_q1,392,1.0176970897971886,0.04336734693877551,0.012755102040816327,0.002551020408163265
1,3,8,2,2,mixmogam-he,36,/Users/au507860/REPOS/mixmogam/benchmarks/results/20261003-hapnest-kvik-n50000/rho0.8_fst0_rep01/unstructured_mixed,20262486,50000,12000,unstructured,mixed,0.8,0,maf_q2,418,1.0346903941252885,0.03588516746411483,0.009569377990430622,0.0
1,3,8,2,2,mixmogam-he,36,/Users/au507860/REPOS/mixmogam/benchmarks/results/20261003-hapnest-kvik-n50000/rho0.8_fst0_rep01/unstructured_mixed,20262486,50000,12000,unstructured,mixed,0.8,0,maf_q3,370,0.8367811244382305,0.04864864864864865,0.005405405405405406,0.0
1,3,8,2,2,mixmogam-he,36,/Users/au507860/REPOS/mixmogam/benchmarks/results/20261003-hapnest-kvik-n50000/rho0.8_fst0_rep01/unstructured_mixed,20262486,50000,12000,unstructured,mixed,0.8,0,maf_q4,421,0.9103851809802688,0.040380047505938245,0.011876484560570071,0.0023752969121140144
1,3,8,2,2,mixmogam-he,36,/Users/au507860/REPOS/mixmogam/benchmarks/results/20261003-hapnest-kvik-n50000/rho0.8_fst0_rep01/unstructured_mixed,20262486,50000,12000,unstructured,mixed,0.8,0,maf_q5,399,0.7527574421281915,0.05764411027568922,0.007518796992481203,0.0
1,3,8,2,2,mixmogam-he,36,/Users/au507860/REPOS/mixmogam/benchmarks/results/20261003-hapnest-kvik-n50000/rho0.8_fst0_rep01/unstructured_mixed,20262486,50000,12000,unstructured,mixed,0.8,0,ld_q1,424,0.8667315689947078,0.04481132075471698,0.01179245283018868,0.0023584905660377358
1,3,8,2,2,mixmogam-he,36,/Users/au507860/REPOS/mixmogam/benchmarks/results/20261003-hapnest-kvik-n50000/rho0.8_fst0_rep01/unstructured_mixed,20262486,50000,12000,unstructured,mixed,0.8,0,ld_q2,410,0.9813730434418403,0.03170731707317073,0.004878048780487805,0.0
1,3,8,2,2,mixmogam-he,36,/Users/au507860/REPOS/mixmogam/benchmarks/results/20261003-hapnest-kvik-n50000/rho0.8_fst0_rep01/unstructured_mixed,20262486,50000,12000,unstructured,mixed,0.8,0,ld_q3,375,0.8866101905877439,0.037333333333333336,0.010666666666666666,0.0
1,3,8,2,2,mixmogam-he,36,/Users/au507860/REPOS/mixmogam/benchmarks/results/20261003-hapnest-kvik-n50000/rho0.8_fst0_rep01/unstructured_mixed,20262486,50000,12000,unstructured,mixed,0.8,0,ld_q4,374,0.9991645459655947,0.0481283422459893,0.008021390374331552,0.0
1,3,8,2,2,mixmogam-he,36,/Users/au507860/REPOS/mixmogam/benchmarks/results/20261003-hapnest-kvik-n50000/rho0.8_fst0_rep01/unstructured_mixed,20262486,50000,12000,unstructured,mixed,0.8,0,ld_q5,417,0.9368961892717119,0.06235011990407674,0.011990407673860911,0.002398081534772182
1,3,2,3,1,ldak-kvik,37,/Users/au507860/REPOS/mixmogam/benchmarks/results/20261003-hapnest-kvik-n50000/rho0.8_fst0_rep01/unstructured_mixed,20262486,50000,12000,unstructured,mixed,0.8,0,all_null,2000,0.963178973222567,0.046,0.011,0.001
1,3,2,3,1,ldak-kvik,37,/Users/au507860/REPOS/mixmogam/benchmarks/results/20261003-hapnest-kvik-n50000/rho0.8_fst0_rep01/unstructured_mixed,20262486,50000,12000,unstructured,mixed,0.8,0,loading_q1,401,1.0235743301278808,0.059850374064837904,0.017456359102244388,0.004987531172069825
1,3,2,3,1,ldak-kvik,37,/Users/au507860/REPOS/mixmogam/benchmarks/results/20261003-hapnest-kvik-n50000/rho0.8_fst0_rep01/unstructured_mixed,20262486,50000,12000,unstructured,mixed,0.8,0,loading_q2,374,0.9032249094452184,0.06149732620320856,0.013368983957219251,0.0
1,3,2,3,1,ldak-kvik,37,/Users/au507860/REPOS/mixmogam/benchmarks/results/20261003-hapnest-kvik-n50000/rho0.8_fst0_rep01/unstructured_mixed,20262486,50000,12000,unstructured,mixed,0.8,0,loading_q3,414,0.9969942019340658,0.036231884057971016,0.007246376811594203,0.0
1,3,2,3,1,ldak-kvik,37,/Users/au507860/REPOS/mixmogam/benchmarks/results/20261003-hapnest-kvik-n50000/rho0.8_fst0_rep01/unstructured_mixed,20262486,50000,12000,unstructured,mixed,0.8,0,loading_q4,391,0.8985836709344376,0.03580562659846547,0.005115089514066497,0.0
1,3,2,3,1,ldak-kvik,37,/Users/au507860/REPOS/mixmogam/benchmarks/results/20261003-hapnest-kvik-n50000/rho0.8_fst0_rep01/unstructured_mixed,20262486,50000,12000,unstructured,mixed,0.8,0,loading_q5,420,0.976411090307321,0.0380952380952381,0.011904761904761904,0.0
1,3,2,3,1,ldak-kvik,37,/Users/au507860/REPOS/mixmogam/benchmarks/results/20261003-hapnest-kvik-n50000/rho0.8_fst0_rep01/unstructured_mixed,20262486,50000,12000,unstructured,mixed,0.8,0,maf_q1,392,1.0064195221144563,0.04081632653061224,0.012755102040816327,0.002551020408163265
1,3,2,3,1,ldak-kvik,37,/Users/au507860/REPOS/mixmogam/benchmarks/results/20261003-hapnest-kvik-n50000/rho0.8_fst0_rep01/unstructured_mixed,20262486,50000,12000,unstructured,mixed,0.8,0,maf_q2,418,1.1086163479141249,0.04066985645933014,0.009569377990430622,0.0
1,3,2,3,1,ldak-kvik,37,/Users/au507860/REPOS/mixmogam/benchmarks/results/20261003-hapnest-kvik-n50000/rho0.8_fst0_rep01/unstructured_mixed,20262486,50000,12000,unstructured,mixed,0.8,0,maf_q3,370,0.8866487634659683,0.051351351351351354,0.013513513513513514,0.0
1,3,2,3,1,ldak-kvik,37,/Users/au507860/REPOS/mixmogam/benchmarks/results/20261003-hapnest-kvik-n50000/rho0.8_fst0_rep01/unstructured_mixed,20262486,50000,12000,unstructured,mixed,0.8,0,maf_q4,421,0.9412460734909796,0.040380047505938245,0.009501187648456057,0.0023752969121140144
1,3,2,3,1,ldak-kvik,37,/Users/au507860/REPOS/mixmogam/benchmarks/results/20261003-hapnest-kvik-n50000/rho0.8_fst0_rep01/unstructured_mixed,20262486,50000,12000,unstructured,mixed,0.8,0,maf_q5,399,0.8100959237347752,0.05764411027568922,0.010025062656641603,0.0
1,3,2,3,1,ldak-kvik,37,/Users/au507860/REPOS/mixmogam/benchmarks/results/20261003-hapnest-kvik-n50000/rho0.8_fst0_rep01/unstructured_mixed,20262486,50000,12000,unstructured,mixed,0.8,0,ld_q1,424,0.9133424389353665,0.04481132075471698,0.014150943396226415,0.0023584905660377358
1,3,2,3,1,ldak-kvik,37,/Users/au507860/REPOS/mixmogam/benchmarks/results/20261003-hapnest-kvik-n50000/rho0.8_fst0_rep01/unstructured_mixed,20262486,50000,12000,unstructured,mixed,0.8,0,ld_q2,410,1.0147521301916798,0.03170731707317073,0.004878048780487805,0.0
1,3,2,3,1,ldak-kvik,37,/Users/au507860/REPOS/mixmogam/benchmarks/results/20261003-hapnest-kvik-n50000/rho0.8_fst0_rep01/unstructured_mixed,20262486,50000,12000,unstructured,mixed,0.8,0,ld_q3,375,0.91730336997222,0.04533333333333334,0.010666666666666666,0.0
1,3,2,3,1,ldak-kvik,37,/Users/au507860/REPOS/mixmogam/benchmarks/results/20261003-hapnest-kvik-n50000/rho0.8_fst0_rep01/unstructured_mixed,20262486,50000,12000,unstructured,mixed,0.8,0,ld_q4,374,0.9921535417284911,0.0481283422459893,0.013368983957219251,0.0
1,3,2,3,1,ldak-kvik,37,/Users/au507860/REPOS/mixmogam/benchmarks/results/20261003-hapnest-kvik-n50000/rho0.8_fst0_rep01/unstructured_mixed,20262486,50000,12000,unstructured,mixed,0.8,0,ld_q5,417,0.9464820443928215,0.05995203836930456,0.011990407673860911,0.002398081534772182
1,3,2,3,2,mixmogam-he,38,/Users/au507860/REPOS/mixmogam/benchmarks/results/20261003-hapnest-kvik-n50000/rho0.8_fst0_rep01/unstructured_mixed,20262486,50000,12000,unstructured,mixed,0.8,0,all_null,2000,0.936383520706268,0.045,0.0095,0.001
1,3,2,3,2,mixmogam-he,38,/Users/au507860/REPOS/mixmogam/benchmarks/results/20261003-hapnest-kvik-n50000/rho0.8_fst0_rep01/unstructured_mixed,20262486,50000,12000,unstructured,mixed,0.8,0,loading_q1,401,1.0589787680045535,0.04987531172069826,0.017456359102244388,0.004987531172069825
1,3,2,3,2,mixmogam-he,38,/Users/au507860/REPOS/mixmogam/benchmarks/results/20261003-hapnest-kvik-n50000/rho0.8_fst0_rep01/unstructured_mixed,20262486,50000,12000,unstructured,mixed,0.8,0,loading_q2,374,0.9180306022086213,0.06417112299465241,0.0106951871657754,0.0
1,3,2,3,2,mixmogam-he,38,/Users/au507860/REPOS/mixmogam/benchmarks/results/20261003-hapnest-kvik-n50000/rho0.8_fst0_rep01/unstructured_mixed,20262486,50000,12000,unstructured,mixed,0.8,0,loading_q3,414,0.977683690879068,0.036231884057971016,0.007246376811594203,0.0
1,3,2,3,2,mixmogam-he,38,/Users/au507860/REPOS/mixmogam/benchmarks/results/20261003-hapnest-kvik-n50000/rho0.8_fst0_rep01/unstructured_mixed,20262486,50000,12000,unstructured,mixed,0.8,0,loading_q4,391,0.8761428526082138,0.03836317135549872,0.0025575447570332483,0.0
1,3,2,3,2,mixmogam-he,38,/Users/au507860/REPOS/mixmogam/benchmarks/results/20261003-hapnest-kvik-n50000/rho0.8_fst0_rep01/unstructured_mixed,20262486,50000,12000,unstructured,mixed,0.8,0,loading_q5,420,0.9211641538290644,0.0380952380952381,0.009523809523809525,0.0
1,3,2,3,2,mixmogam-he,38,/Users/au507860/REPOS/mixmogam/benchmarks/results/20261003-hapnest-kvik-n50000/rho0.8_fst0_rep01/unstructured_mixed,20262486,50000,12000,unstructured,mixed,0.8,0,maf_q1,392,1.0176970897971886,0.04336734693877551,0.012755102040816327,0.002551020408163265
1,3,2,3,2,mixmogam-he,38,/Users/au507860/REPOS/mixmogam/benchmarks/results/20261003-hapnest-kvik-n50000/rho0.8_fst0_rep01/unstructured_mixed,20262486,50000,12000,unstructured,mixed,0.8,0,maf_q2,418,1.0346903941252885,0.03588516746411483,0.009569377990430622,0.0
1,3,2,3,2,mixmogam-he,38,/Users/au507860/REPOS/mixmogam/benchmarks/results/20261003-hapnest-kvik-n50000/rho0.8_fst0_rep01/unstructured_mixed,20262486,50000,12000,unstructured,mixed,0.8,0,maf_q3,370,0.8367811244382305,0.04864864864864865,0.005405405405405406,0.0
1,3,2,3,2,mixmogam-he,38,/Users/au507860/REPOS/mixmogam/benchmarks/results/20261003-hapnest-kvik-n50000/rho0.8_fst0_rep01/unstructured_mixed,20262486,50000,12000,unstructured,mixed,0.8,0,maf_q4,421,0.9103851809802688,0.040380047505938245,0.011876484560570071,0.0023752969121140144
1,3,2,3,2,mixmogam-he,38,/Users/au507860/REPOS/mixmogam/benchmarks/results/20261003-hapnest-kvik-n50000/rho0.8_fst0_rep01/unstructured_mixed,20262486,50000,12000,unstructured,mixed,0.8,0,maf_q5,399,0.7527574421281915,0.05764411027568922,0.007518796992481203,0.0
1,3,2,3,2,mixmogam-he,38,/Users/au507860/REPOS/mixmogam/benchmarks/results/20261003-hapnest-kvik-n50000/rho0.8_fst0_rep01/unstructured_mixed,20262486,50000,12000,unstructured,mixed,0.8,0,ld_q1,424,0.8667315689947078,0.04481132075471698,0.01179245283018868,0.0023584905660377358
1,3,2,3,2,mixmogam-he,38,/Users/au507860/REPOS/mixmogam/benchmarks/results/20261003-hapnest-kvik-n50000/rho0.8_fst0_rep01/unstructured_mixed,20262486,50000,12000,unstructured,mixed,0.8,0,ld_q2,410,0.9813730434418403,0.03170731707317073,0.004878048780487805,0.0
1,3,2,3,2,mixmogam-he,38,/Users/au507860/REPOS/mixmogam/benchmarks/results/20261003-hapnest-kvik-n50000/rho0.8_fst0_rep01/unstructured_mixed,20262486,50000,12000,unstructured,mixed,0.8,0,ld_q3,375,0.8866101905877439,0.037333333333333336,0.010666666666666666,0.0
1,3,2,3,2,mixmogam-he,38,/Users/au507860/REPOS/mixmogam/benchmarks/results/20261003-hapnest-kvik-n50000/rho0.8_fst0_rep01/unstructured_mixed,20262486,50000,12000,unstructured,mixed,0.8,0,ld_q4,374,0.9991645459655947,0.0481283422459893,0.008021390374331552,0.0
1,3,2,3,2,mixmogam-he,38,/Users/au507860/REPOS/mixmogam/benchmarks/results/20261003-hapnest-kvik-n50000/rho0.8_fst0_rep01/unstructured_mixed,20262486,50000,12000,unstructured,mixed,0.8,0,ld_q5,417,0.9368961892717119,0.06235011990407674,0.011990407673860911,0.002398081534772182
1,3,1,4,1,mixmogam-he,39,/Users/au507860/REPOS/mixmogam/benchmarks/results/20261003-hapnest-kvik-n50000/rho0.8_fst0_rep01/unstructured_mixed,20262486,50000,12000,unstructured,mixed,0.8,0,all_null,2000,0.936383520706268,0.045,0.0095,0.001
1,3,1,4,1,mixmogam-he,39,/Users/au507860/REPOS/mixmogam/benchmarks/results/20261003-hapnest-kvik-n50000/rho0.8_fst0_rep01/unstructured_mixed,20262486,50000,12000,unstructured,mixed,0.8,0,loading_q1,401,1.0589787680045535,0.04987531172069826,0.017456359102244388,0.004987531172069825
1,3,1,4,1,mixmogam-he,39,/Users/au507860/REPOS/mixmogam/benchmarks/results/20261003-hapnest-kvik-n50000/rho0.8_fst0_rep01/unstructured_mixed,20262486,50000,12000,unstructured,mixed,0.8,0,loading_q2,374,0.9180306022086213,0.06417112299465241,0.0106951871657754,0.0
1,3,1,4,1,mixmogam-he,39,/Users/au507860/REPOS/mixmogam/benchmarks/results/20261003-hapnest-kvik-n50000/rho0.8_fst0_rep01/unstructured_mixed,20262486,50000,12000,unstructured,mixed,0.8,0,loading_q3,414,0.977683690879068,0.036231884057971016,0.007246376811594203,0.0
1,3,1,4,1,mixmogam-he,39,/Users/au507860/REPOS/mixmogam/benchmarks/results/20261003-hapnest-kvik-n50000/rho0.8_fst0_rep01/unstructured_mixed,20262486,50000,12000,unstructured,mixed,0.8,0,loading_q4,391,0.8761428526082138,0.03836317135549872,0.0025575447570332483,0.0
1,3,1,4,1,mixmogam-he,39,/Users/au507860/REPOS/mixmogam/benchmarks/results/20261003-hapnest-kvik-n50000/rho0.8_fst0_rep01/unstructured_mixed,20262486,50000,12000,unstructured,mixed,0.8,0,loading_q5,420,0.9211641538290644,0.0380952380952381,0.009523809523809525,0.0
1,3,1,4,1,mixmogam-he,39,/Users/au507860/REPOS/mixmogam/benchmarks/results/20261003-hapnest-kvik-n50000/rho0.8_fst0_rep01/unstructured_mixed,20262486,50000,12000,unstructured,mixed,0.8,0,maf_q1,392,1.0176970897971886,0.04336734693877551,0.012755102040816327,0.002551020408163265
1,3,1,4,1,mixmogam-he,39,/Users/au507860/REPOS/mixmogam/benchmarks/results/20261003-hapnest-kvik-n50000/rho0.8_fst0_rep01/unstructured_mixed,20262486,50000,12000,unstructured,mixed,0.8,0,maf_q2,418,1.0346903941252885,0.03588516746411483,0.009569377990430622,0.0
1,3,1,4,1,mixmogam-he,39,/Users/au507860/REPOS/mixmogam/benchmarks/results/20261003-hapnest-kvik-n50000/rho0.8_fst0_rep01/unstructured_mixed,20262486,50000,12000,unstructured,mixed,0.8,0,maf_q3,370,0.8367811244382305,0.04864864864864865,0.005405405405405406,0.0
1,3,1,4,1,mixmogam-he,39,/Users/au507860/REPOS/mixmogam/benchmarks/results/20261003-hapnest-kvik-n50000/rho0.8_fst0_rep01/unstructured_mixed,20262486,50000,12000,unstructured,mixed,0.8,0,maf_q4,421,0.9103851809802688,0.040380047505938245,0.011876484560570071,0.0023752969121140144
1,3,1,4,1,mixmogam-he,39,/Users/au507860/REPOS/mixmogam/benchmarks/results/20261003-hapnest-kvik-n50000/rho0.8_fst0_rep01/unstructured_mixed,20262486,50000,12000,unstructured,mixed,0.8,0,maf_q5,399,0.7527574421281915,0.05764411027568922,0.007518796992481203,0.0
1,3,1,4,1,mixmogam-he,39,/Users/au507860/REPOS/mixmogam/benchmarks/results/20261003-hapnest-kvik-n50000/rho0.8_fst0_rep01/unstructured_mixed,20262486,50000,12000,unstructured,mixed,0.8,0,ld_q1,424,0.8667315689947078,0.04481132075471698,0.01179245283018868,0.0023584905660377358
1,3,1,4,1,mixmogam-he,39,/Users/au507860/REPOS/mixmogam/benchmarks/results/20261003-hapnest-kvik-n50000/rho0.8_fst0_rep01/unstructured_mixed,20262486,50000,12000,unstructured,mixed,0.8,0,ld_q2,410,0.9813730434418403,0.03170731707317073,0.004878048780487805,0.0
1,3,1,4,1,mixmogam-he,39,/Users/au507860/REPOS/mixmogam/benchmarks/results/20261003-hapnest-kvik-n50000/rho0.8_fst0_rep01/unstructured_mixed,20262486,50000,12000,unstructured,mixed,0.8,0,ld_q3,375,0.8866101905877439,0.037333333333333336,0.010666666666666666,0.0
1,3,1,4,1,mixmogam-he,39,/Users/au507860/REPOS/mixmogam/benchmarks/results/20261003-hapnest-kvik-n50000/rho0.8_fst0_rep01/unstructured_mixed,20262486,50000,12000,unstructured,mixed,0.8,0,ld_q4,374,0.9991645459655947,0.0481283422459893,0.008021390374331552,0.0
1,3,1,4,1,mixmogam-he,39,/Users/au507860/REPOS/mixmogam/benchmarks/results/20261003-hapnest-kvik-n50000/rho0.8_fst0_rep01/unstructured_mixed,20262486,50000,12000,unstructured,mixed,0.8,0,ld_q5,417,0.9368961892717119,0.06235011990407674,0.011990407673860911,0.002398081534772182
1,3,1,4,2,ldak-kvik,40,/Users/au507860/REPOS/mixmogam/benchmarks/results/20261003-hapnest-kvik-n50000/rho0.8_fst0_rep01/unstructured_mixed,20262486,50000,12000,unstructured,mixed,0.8,0,all_null,2000,0.963178973222567,0.046,0.011,0.001
1,3,1,4,2,ldak-kvik,40,/Users/au507860/REPOS/mixmogam/benchmarks/results/20261003-hapnest-kvik-n50000/rho0.8_fst0_rep01/unstructured_mixed,20262486,50000,12000,unstructured,mixed,0.8,0,loading_q1,401,1.0235743301278808,0.059850374064837904,0.017456359102244388,0.004987531172069825
1,3,1,4,2,ldak-kvik,40,/Users/au507860/REPOS/mixmogam/benchmarks/results/20261003-hapnest-kvik-n50000/rho0.8_fst0_rep01/unstructured_mixed,20262486,50000,12000,unstructured,mixed,0.8,0,loading_q2,374,0.9032249094452184,0.06149732620320856,0.013368983957219251,0.0
1,3,1,4,2,ldak-kvik,40,/Users/au507860/REPOS/mixmogam/benchmarks/results/20261003-hapnest-kvik-n50000/rho0.8_fst0_rep01/unstructured_mixed,20262486,50000,12000,unstructured,mixed,0.8,0,loading_q3,414,0.9969942019340658,0.036231884057971016,0.007246376811594203,0.0
1,3,1,4,2,ldak-kvik,40,/Users/au507860/REPOS/mixmogam/benchmarks/results/20261003-hapnest-kvik-n50000/rho0.8_fst0_rep01/unstructured_mixed,20262486,50000,12000,unstructured,mixed,0.8,0,loading_q4,391,0.8985836709344376,0.03580562659846547,0.005115089514066497,0.0
1,3,1,4,2,ldak-kvik,40,/Users/au507860/REPOS/mixmogam/benchmarks/results/20261003-hapnest-kvik-n50000/rho0.8_fst0_rep01/unstructured_mixed,20262486,50000,12000,unstructured,mixed,0.8,0,loading_q5,420,0.976411090307321,0.0380952380952381,0.011904761904761904,0.0
1,3,1,4,2,ldak-kvik,40,/Users/au507860/REPOS/mixmogam/benchmarks/results/20261003-hapnest-kvik-n50000/rho0.8_fst0_rep01/unstructured_mixed,20262486,50000,12000,unstructured,mixed,0.8,0,maf_q1,392,1.0064195221144563,0.04081632653061224,0.012755102040816327,0.002551020408163265
1,3,1,4,2,ldak-kvik,40,/Users/au507860/REPOS/mixmogam/benchmarks/results/20261003-hapnest-kvik-n50000/rho0.8_fst0_rep01/unstructured_mixed,20262486,50000,12000,unstructured,mixed,0.8,0,maf_q2,418,1.1086163479141249,0.04066985645933014,0.009569377990430622,0.0
1,3,1,4,2,ldak-kvik,40,/Users/au507860/REPOS/mixmogam/benchmarks/results/20261003-hapnest-kvik-n50000/rho0.8_fst0_rep01/unstructured_mixed,20262486,50000,12000,unstructured,mixed,0.8,0,maf_q3,370,0.8866487634659683,0.051351351351351354,0.013513513513513514,0.0
1,3,1,4,2,ldak-kvik,40,/Users/au507860/REPOS/mixmogam/benchmarks/results/20261003-hapnest-kvik-n50000/rho0.8_fst0_rep01/unstructured_mixed,20262486,50000,12000,unstructured,mixed,0.8,0,maf_q4,421,0.9412460734909796,0.040380047505938245,0.009501187648456057,0.0023752969121140144
1,3,1,4,2,ldak-kvik,40,/Users/au507860/REPOS/mixmogam/benchmarks/results/20261003-hapnest-kvik-n50000/rho0.8_fst0_rep01/unstructured_mixed,20262486,50000,12000,unstructured,mixed,0.8,0,maf_q5,399,0.8100959237347752,0.05764411027568922,0.010025062656641603,0.0
1,3,1,4,2,ldak-kvik,40,/Users/au507860/REPOS/mixmogam/benchmarks/results/20261003-hapnest-kvik-n50000/rho0.8_fst0_rep01/unstructured_mixed,20262486,50000,12000,unstructured,mixed,0.8,0,ld_q1,424,0.9133424389353665,0.04481132075471698,0.014150943396226415,0.0023584905660377358
1,3,1,4,2,ldak-kvik,40,/Users/au507860/REPOS/mixmogam/benchmarks/results/20261003-hapnest-kvik-n50000/rho0.8_fst0_rep01/unstructured_mixed,20262486,50000,12000,unstructured,mixed,0.8,0,ld_q2,410,1.0147521301916798,0.03170731707317073,0.004878048780487805,0.0
1,3,1,4,2,ldak-kvik,40,/Users/au507860/REPOS/mixmogam/benchmarks/results/20261003-hapnest-kvik-n50000/rho0.8_fst0_rep01/unstructured_mixed,20262486,50000,12000,unstructured,mixed,0.8,0,ld_q3,375,0.91730336997222,0.04533333333333334,0.010666666666666666,0.0
1,3,1,4,2,ldak-kvik,40,/Users/au507860/REPOS/mixmogam/benchmarks/results/20261003-hapnest-kvik-n50000/rho0.8_fst0_rep01/unstructured_mixed,20262486,50000,12000,unstructured,mixed,0.8,0,ld_q4,374,0.9921535417284911,0.0481283422459893,0.013368983957219251,0.0
1,3,1,4,2,ldak-kvik,40,/Users/au507860/REPOS/mixmogam/benchmarks/results/20261003-hapnest-kvik-n50000/rho0.8_fst0_rep01/unstructured_mixed,20262486,50000,12000,unstructured,mixed,0.8,0,ld_q5,417,0.9464820443928215,0.05995203836930456,0.011990407673860911,0.002398081534772182
2,3,1,1,1,ldak-kvik,41,/Users/au507860/REPOS/mixmogam/benchmarks/results/20261003-hapnest-kvik-n50000/rho0.8_fst0.05_rep01/confounded-pc_mixed,20262486,50000,12000,confounded-pc,mixed,0.8,0.05,all_null,2000,0.9654054323901633,0.04,0.013,0.0005
2,3,1,1,1,ldak-kvik,41,/Users/au507860/REPOS/mixmogam/benchmarks/results/20261003-hapnest-kvik-n50000/rho0.8_fst0.05_rep01/confounded-pc_mixed,20262486,50000,12000,confounded-pc,mixed,0.8,0.05,loading_q1,396,0.8184821357763808,0.06060606060606061,0.017676767676767676,0.0
2,3,1,1,1,ldak-kvik,41,/Users/au507860/REPOS/mixmogam/benchmarks/results/20261003-hapnest-kvik-n50000/rho0.8_fst0.05_rep01/confounded-pc_mixed,20262486,50000,12000,confounded-pc,mixed,0.8,0.05,loading_q2,398,1.113887720700215,0.032663316582914576,0.010050251256281407,0.0
2,3,1,1,1,ldak-kvik,41,/Users/au507860/REPOS/mixmogam/benchmarks/results/20261003-hapnest-kvik-n50000/rho0.8_fst0.05_rep01/confounded-pc_mixed,20262486,50000,12000,confounded-pc,mixed,0.8,0.05,loading_q3,383,1.0949588628472857,0.04699738903394256,0.013054830287206266,0.0
2,3,1,1,1,ldak-kvik,41,/Users/au507860/REPOS/mixmogam/benchmarks/results/20261003-hapnest-kvik-n50000/rho0.8_fst0.05_rep01/confounded-pc_mixed,20262486,50000,12000,confounded-pc,mixed,0.8,0.05,loading_q4,413,1.0242863518776717,0.04116222760290557,0.014527845036319613,0.0
2,3,1,1,1,ldak-kvik,41,/Users/au507860/REPOS/mixmogam/benchmarks/results/20261003-hapnest-kvik-n50000/rho0.8_fst0.05_rep01/confounded-pc_mixed,20262486,50000,12000,confounded-pc,mixed,0.8,0.05,loading_q5,410,0.8419091729221987,0.01951219512195122,0.00975609756097561,0.0024390243902439024
2,3,1,1,1,ldak-kvik,41,/Users/au507860/REPOS/mixmogam/benchmarks/results/20261003-hapnest-kvik-n50000/rho0.8_fst0.05_rep01/confounded-pc_mixed,20262486,50000,12000,confounded-pc,mixed,0.8,0.05,maf_q1,392,0.8729157810686404,0.04336734693877551,0.017857142857142856,0.0
2,3,1,1,1,ldak-kvik,41,/Users/au507860/REPOS/mixmogam/benchmarks/results/20261003-hapnest-kvik-n50000/rho0.8_fst0.05_rep01/confounded-pc_mixed,20262486,50000,12000,confounded-pc,mixed,0.8,0.05,maf_q2,372,1.0068848707980835,0.024193548387096774,0.005376344086021506,0.0
2,3,1,1,1,ldak-kvik,41,/Users/au507860/REPOS/mixmogam/benchmarks/results/20261003-hapnest-kvik-n50000/rho0.8_fst0.05_rep01/confounded-pc_mixed,20262486,50000,12000,confounded-pc,mixed,0.8,0.05,maf_q3,429,1.0067348368481672,0.04428904428904429,0.016317016317016316,0.0
2,3,1,1,1,ldak-kvik,41,/Users/au507860/REPOS/mixmogam/benchmarks/results/20261003-hapnest-kvik-n50000/rho0.8_fst0.05_rep01/confounded-pc_mixed,20262486,50000,12000,confounded-pc,mixed,0.8,0.05,maf_q4,403,1.0242863518776717,0.04218362282878412,0.01240694789081886,0.0024813895781637717
2,3,1,1,1,ldak-kvik,41,/Users/au507860/REPOS/mixmogam/benchmarks/results/20261003-hapnest-kvik-n50000/rho0.8_fst0.05_rep01/confounded-pc_mixed,20262486,50000,12000,confounded-pc,mixed,0.8,0.05,maf_q5,404,1.0389988113962436,0.04455445544554455,0.012376237623762377,0.0
2,3,1,1,1,ldak-kvik,41,/Users/au507860/REPOS/mixmogam/benchmarks/results/20261003-hapnest-kvik-n50000/rho0.8_fst0.05_rep01/confounded-pc_mixed,20262486,50000,12000,confounded-pc,mixed,0.8,0.05,ld_q1,372,0.9785696620597499,0.04838709677419355,0.02956989247311828,0.0
2,3,1,1,1,ldak-kvik,41,/Users/au507860/REPOS/mixmogam/benchmarks/results/20261003-hapnest-kvik-n50000/rho0.8_fst0.05_rep01/confounded-pc_mixed,20262486,50000,12000,confounded-pc,mixed,0.8,0.05,ld_q2,403,0.7179693311670973,0.02729528535980149,0.009925558312655087,0.0024813895781637717
2,3,1,1,1,ldak-kvik,41,/Users/au507860/REPOS/mixmogam/benchmarks/results/20261003-hapnest-kvik-n50000/rho0.8_fst0.05_rep01/confounded-pc_mixed,20262486,50000,12000,confounded-pc,mixed,0.8,0.05,ld_q3,407,1.0512267507976394,0.036855036855036855,0.007371007371007371,0.0
2,3,1,1,1,ldak-kvik,41,/Users/au507860/REPOS/mixmogam/benchmarks/results/20261003-hapnest-kvik-n50000/rho0.8_fst0.05_rep01/confounded-pc_mixed,20262486,50000,12000,confounded-pc,mixed,0.8,0.05,ld_q4,401,1.1461205023870917,0.04488778054862843,0.007481296758104738,0.0
2,3,1,1,1,ldak-kvik,41,/Users/au507860/REPOS/mixmogam/benchmarks/results/20261003-hapnest-kvik-n50000/rho0.8_fst0.05_rep01/confounded-pc_mixed,20262486,50000,12000,confounded-pc,mixed,0.8,0.05,ld_q5,417,1.0799211279539969,0.04316546762589928,0.011990407673860911,0.0
2,3,1,1,2,mixmogam-he,42,/Users/au507860/REPOS/mixmogam/benchmarks/results/20261003-hapnest-kvik-n50000/rho0.8_fst0.05_rep01/confounded-pc_mixed,20262486,50000,12000,confounded-pc,mixed,0.8,0.05,all_null,2000,1.0592567973037161,0.0525,0.0105,0.0005
2,3,1,1,2,mixmogam-he,42,/Users/au507860/REPOS/mixmogam/benchmarks/results/20261003-hapnest-kvik-n50000/rho0.8_fst0.05_rep01/confounded-pc_mixed,20262486,50000,12000,confounded-pc,mixed,0.8,0.05,loading_q1,396,0.870143763972557,0.06313131313131314,0.007575757575757576,0.0
2,3,1,1,2,mixmogam-he,42,/Users/au507860/REPOS/mixmogam/benchmarks/results/20261003-hapnest-kvik-n50000/rho0.8_fst0.05_rep01/confounded-pc_mixed,20262486,50000,12000,confounded-pc,mixed,0.8,0.05,loading_q2,398,1.0996650406523125,0.035175879396984924,0.007537688442211055,0.0
2,3,1,1,2,mixmogam-he,42,/Users/au507860/REPOS/mixmogam/benchmarks/results/20261003-hapnest-kvik-n50000/rho0.8_fst0.05_rep01/confounded-pc_mixed,20262486,50000,12000,confounded-pc,mixed,0.8,0.05,loading_q3,383,1.2168922114499616,0.057441253263707574,0.015665796344647518,0.0
2,3,1,1,2,mixmogam-he,42,/Users/au507860/REPOS/mixmogam/benchmarks/results/20261003-hapnest-kvik-n50000/rho0.8_fst0.05_rep01/confounded-pc_mixed,20262486,50000,12000,confounded-pc,mixed,0.8,0.05,loading_q4,413,1.1149957227789196,0.053268765133171914,0.014527845036319613,0.0
2,3,1,1,2,mixmogam-he,42,/Users/au507860/REPOS/mixmogam/benchmarks/results/20261003-hapnest-kvik-n50000/rho0.8_fst0.05_rep01/confounded-pc_mixed,20262486,50000,12000,confounded-pc,mixed,0.8,0.05,loading_q5,410,0.9404246743019306,0.05365853658536585,0.007317073170731708,0.0024390243902439024
2,3,1,1,2,mixmogam-he,42,/Users/au507860/REPOS/mixmogam/benchmarks/results/20261003-hapnest-kvik-n50000/rho0.8_fst0.05_rep01/confounded-pc_mixed,20262486,50000,12000,confounded-pc,mixed,0.8,0.05,maf_q1,392,1.0280134617539913,0.05102040816326531,0.017857142857142856,0.0
2,3,1,1,2,mixmogam-he,42,/Users/au507860/REPOS/mixmogam/benchmarks/results/20261003-hapnest-kvik-n50000/rho0.8_fst0.05_rep01/confounded-pc_mixed,20262486,50000,12000,confounded-pc,mixed,0.8,0.05,maf_q2,372,0.975241210181497,0.04032258064516129,0.005376344086021506,0.0
2,3,1,1,2,mixmogam-he,42,/Users/au507860/REPOS/mixmogam/benchmarks/results/20261003-hapnest-kvik-n50000/rho0.8_fst0.05_rep01/confounded-pc_mixed,20262486,50000,12000,confounded-pc,mixed,0.8,0.05,maf_q3,429,1.0711261669126109,0.0675990675990676,0.009324009324009324,0.0
2,3,1,1,2,mixmogam-he,42,/Users/au507860/REPOS/mixmogam/benchmarks/results/20261003-hapnest-kvik-n50000/rho0.8_fst0.05_rep01/confounded-pc_mixed,20262486,50000,12000,confounded-pc,mixed,0.8,0.05,maf_q4,403,1.1279976379278986,0.05707196029776675,0.007444168734491315,0.0024813895781637717
2,3,1,1,2,mixmogam-he,42,/Users/au507860/REPOS/mixmogam/benchmarks/results/20261003-hapnest-kvik-n50000/rho0.8_fst0.05_rep01/confounded-pc_mixed,20262486,50000,12000,confounded-pc,mixed,0.8,0.05,maf_q5,404,1.0649687562937038,0.04455445544554455,0.012376237623762377,0.0
2,3,1,1,2,mixmogam-he,42,/Users/au507860/REPOS/mixmogam/benchmarks/results/20261003-hapnest-kvik-n50000/rho0.8_fst0.05_rep01/confounded-pc_mixed,20262486,50000,12000,confounded-pc,mixed,0.8,0.05,ld_q1,372,1.0960208409143513,0.06451612903225806,0.024193548387096774,0.0
2,3,1,1,2,mixmogam-he,42,/Users/au507860/REPOS/mixmogam/benchmarks/results/20261003-hapnest-kvik-n50000/rho0.8_fst0.05_rep01/confounded-pc_mixed,20262486,50000,12000,confounded-pc,mixed,0.8,0.05,ld_q2,403,0.7396297876340656,0.04218362282878412,0.009925558312655087,0.0024813895781637717
2,3,1,1,2,mixmogam-he,42,/Users/au507860/REPOS/mixmogam/benchmarks/results/20261003-hapnest-kvik-n50000/rho0.8_fst0.05_rep01/confounded-pc_mixed,20262486,50000,12000,confounded-pc,mixed,0.8,0.05,ld_q3,407,1.1227296954574641,0.04176904176904177,0.009828009828009828,0.0
2,3,1,1,2,mixmogam-he,42,/Users/au507860/REPOS/mixmogam/benchmarks/results/20261003-hapnest-kvik-n50000/rho0.8_fst0.05_rep01/confounded-pc_mixed,20262486,50000,12000,confounded-pc,mixed,0.8,0.05,ld_q4,401,1.1631572843226818,0.06733167082294264,0.0024937655860349127,0.0
2,3,1,1,2,mixmogam-he,42,/Users/au507860/REPOS/mixmogam/benchmarks/results/20261003-hapnest-kvik-n50000/rho0.8_fst0.05_rep01/confounded-pc_mixed,20262486,50000,12000,confounded-pc,mixed,0.8,0.05,ld_q5,417,1.2116168770919564,0.047961630695443645,0.007194244604316547,0.0
2,3,2,2,1,mixmogam-he,43,/Users/au507860/REPOS/mixmogam/benchmarks/results/20261003-hapnest-kvik-n50000/rho0.8_fst0.05_rep01/confounded-pc_mixed,20262486,50000,12000,confounded-pc,mixed,0.8,0.05,all_null,2000,1.0592567973037161,0.0525,0.0105,0.0005
2,3,2,2,1,mixmogam-he,43,/Users/au507860/REPOS/mixmogam/benchmarks/results/20261003-hapnest-kvik-n50000/rho0.8_fst0.05_rep01/confounded-pc_mixed,20262486,50000,12000,confounded-pc,mixed,0.8,0.05,loading_q1,396,0.870143763972557,0.06313131313131314,0.007575757575757576,0.0
2,3,2,2,1,mixmogam-he,43,/Users/au507860/REPOS/mixmogam/benchmarks/results/20261003-hapnest-kvik-n50000/rho0.8_fst0.05_rep01/confounded-pc_mixed,20262486,50000,12000,confounded-pc,mixed,0.8,0.05,loading_q2,398,1.0996650406523125,0.035175879396984924,0.007537688442211055,0.0
2,3,2,2,1,mixmogam-he,43,/Users/au507860/REPOS/mixmogam/benchmarks/results/20261003-hapnest-kvik-n50000/rho0.8_fst0.05_rep01/confounded-pc_mixed,20262486,50000,12000,confounded-pc,mixed,0.8,0.05,loading_q3,383,1.2168922114499616,0.057441253263707574,0.015665796344647518,0.0
2,3,2,2,1,mixmogam-he,43,/Users/au507860/REPOS/mixmogam/benchmarks/results/20261003-hapnest-kvik-n50000/rho0.8_fst0.05_rep01/confounded-pc_mixed,20262486,50000,12000,confounded-pc,mixed,0.8,0.05,loading_q4,413,1.1149957227789196,0.053268765133171914,0.014527845036319613,0.0
2,3,2,2,1,mixmogam-he,43,/Users/au507860/REPOS/mixmogam/benchmarks/results/20261003-hapnest-kvik-n50000/rho0.8_fst0.05_rep01/confounded-pc_mixed,20262486,50000,12000,confounded-pc,mixed,0.8,0.05,loading_q5,410,0.9404246743019306,0.05365853658536585,0.007317073170731708,0.0024390243902439024
2,3,2,2,1,mixmogam-he,43,/Users/au507860/REPOS/mixmogam/benchmarks/results/20261003-hapnest-kvik-n50000/rho0.8_fst0.05_rep01/confounded-pc_mixed,20262486,50000,12000,confounded-pc,mixed,0.8,0.05,maf_q1,392,1.0280134617539913,0.05102040816326531,0.017857142857142856,0.0
2,3,2,2,1,mixmogam-he,43,/Users/au507860/REPOS/mixmogam/benchmarks/results/20261003-hapnest-kvik-n50000/rho0.8_fst0.05_rep01/confounded-pc_mixed,20262486,50000,12000,confounded-pc,mixed,0.8,0.05,maf_q2,372,0.975241210181497,0.04032258064516129,0.005376344086021506,0.0
2,3,2,2,1,mixmogam-he,43,/Users/au507860/REPOS/mixmogam/benchmarks/results/20261003-hapnest-kvik-n50000/rho0.8_fst0.05_rep01/confounded-pc_mixed,20262486,50000,12000,confounded-pc,mixed,0.8,0.05,maf_q3,429,1.0711261669126109,0.0675990675990676,0.009324009324009324,0.0
2,3,2,2,1,mixmogam-he,43,/Users/au507860/REPOS/mixmogam/benchmarks/results/20261003-hapnest-kvik-n50000/rho0.8_fst0.05_rep01/confounded-pc_mixed,20262486,50000,12000,confounded-pc,mixed,0.8,0.05,maf_q4,403,1.1279976379278986,0.05707196029776675,0.007444168734491315,0.0024813895781637717
2,3,2,2,1,mixmogam-he,43,/Users/au507860/REPOS/mixmogam/benchmarks/results/20261003-hapnest-kvik-n50000/rho0.8_fst0.05_rep01/confounded-pc_mixed,20262486,50000,12000,confounded-pc,mixed,0.8,0.05,maf_q5,404,1.0649687562937038,0.04455445544554455,0.012376237623762377,0.0
2,3,2,2,1,mixmogam-he,43,/Users/au507860/REPOS/mixmogam/benchmarks/results/20261003-hapnest-kvik-n50000/rho0.8_fst0.05_rep01/confounded-pc_mixed,20262486,50000,12000,confounded-pc,mixed,0.8,0.05,ld_q1,372,1.0960208409143513,0.06451612903225806,0.024193548387096774,0.0
2,3,2,2,1,mixmogam-he,43,/Users/au507860/REPOS/mixmogam/benchmarks/results/20261003-hapnest-kvik-n50000/rho0.8_fst0.05_rep01/confounded-pc_mixed,20262486,50000,12000,confounded-pc,mixed,0.8,0.05,ld_q2,403,0.7396297876340656,0.04218362282878412,0.009925558312655087,0.0024813895781637717
2,3,2,2,1,mixmogam-he,43,/Users/au507860/REPOS/mixmogam/benchmarks/results/20261003-hapnest-kvik-n50000/rho0.8_fst0.05_rep01/confounded-pc_mixed,20262486,50000,12000,confounded-pc,mixed,0.8,0.05,ld_q3,407,1.1227296954574641,0.04176904176904177,0.009828009828009828,0.0
2,3,2,2,1,mixmogam-he,43,/Users/au507860/REPOS/mixmogam/benchmarks/results/20261003-hapnest-kvik-n50000/rho0.8_fst0.05_rep01/confounded-pc_mixed,20262486,50000,12000,confounded-pc,mixed,0.8,0.05,ld_q4,401,1.1631572843226818,0.06733167082294264,0.0024937655860349127,0.0
2,3,2,2,1,mixmogam-he,43,/Users/au507860/REPOS/mixmogam/benchmarks/results/20261003-hapnest-kvik-n50000/rho0.8_fst0.05_rep01/confounded-pc_mixed,20262486,50000,12000,confounded-pc,mixed,0.8,0.05,ld_q5,417,1.2116168770919564,0.047961630695443645,0.007194244604316547,0.0
2,3,2,2,2,ldak-kvik,44,/Users/au507860/REPOS/mixmogam/benchmarks/results/20261003-hapnest-kvik-n50000/rho0.8_fst0.05_rep01/confounded-pc_mixed,20262486,50000,12000,confounded-pc,mixed,0.8,0.05,all_null,2000,0.9654054323901633,0.04,0.013,0.0005
2,3,2,2,2,ldak-kvik,44,/Users/au507860/REPOS/mixmogam/benchmarks/results/20261003-hapnest-kvik-n50000/rho0.8_fst0.05_rep01/confounded-pc_mixed,20262486,50000,12000,confounded-pc,mixed,0.8,0.05,loading_q1,396,0.8184821357763808,0.06060606060606061,0.017676767676767676,0.0
2,3,2,2,2,ldak-kvik,44,/Users/au507860/REPOS/mixmogam/benchmarks/results/20261003-hapnest-kvik-n50000/rho0.8_fst0.05_rep01/confounded-pc_mixed,20262486,50000,12000,confounded-pc,mixed,0.8,0.05,loading_q2,398,1.113887720700215,0.032663316582914576,0.010050251256281407,0.0
2,3,2,2,2,ldak-kvik,44,/Users/au507860/REPOS/mixmogam/benchmarks/results/20261003-hapnest-kvik-n50000/rho0.8_fst0.05_rep01/confounded-pc_mixed,20262486,50000,12000,confounded-pc,mixed,0.8,0.05,loading_q3,383,1.0949588628472857,0.04699738903394256,0.013054830287206266,0.0
2,3,2,2,2,ldak-kvik,44,/Users/au507860/REPOS/mixmogam/benchmarks/results/20261003-hapnest-kvik-n50000/rho0.8_fst0.05_rep01/confounded-pc_mixed,20262486,50000,12000,confounded-pc,mixed,0.8,0.05,loading_q4,413,1.0242863518776717,0.04116222760290557,0.014527845036319613,0.0
2,3,2,2,2,ldak-kvik,44,/Users/au507860/REPOS/mixmogam/benchmarks/results/20261003-hapnest-kvik-n50000/rho0.8_fst0.05_rep01/confounded-pc_mixed,20262486,50000,12000,confounded-pc,mixed,0.8,0.05,loading_q5,410,0.8419091729221987,0.01951219512195122,0.00975609756097561,0.0024390243902439024
2,3,2,2,2,ldak-kvik,44,/Users/au507860/REPOS/mixmogam/benchmarks/results/20261003-hapnest-kvik-n50000/rho0.8_fst0.05_rep01/confounded-pc_mixed,20262486,50000,12000,confounded-pc,mixed,0.8,0.05,maf_q1,392,0.8729157810686404,0.04336734693877551,0.017857142857142856,0.0
2,3,2,2,2,ldak-kvik,44,/Users/au507860/REPOS/mixmogam/benchmarks/results/20261003-hapnest-kvik-n50000/rho0.8_fst0.05_rep01/confounded-pc_mixed,20262486,50000,12000,confounded-pc,mixed,0.8,0.05,maf_q2,372,1.0068848707980835,0.024193548387096774,0.005376344086021506,0.0
2,3,2,2,2,ldak-kvik,44,/Users/au507860/REPOS/mixmogam/benchmarks/results/20261003-hapnest-kvik-n50000/rho0.8_fst0.05_rep01/confounded-pc_mixed,20262486,50000,12000,confounded-pc,mixed,0.8,0.05,maf_q3,429,1.0067348368481672,0.04428904428904429,0.016317016317016316,0.0
2,3,2,2,2,ldak-kvik,44,/Users/au507860/REPOS/mixmogam/benchmarks/results/20261003-hapnest-kvik-n50000/rho0.8_fst0.05_rep01/confounded-pc_mixed,20262486,50000,12000,confounded-pc,mixed,0.8,0.05,maf_q4,403,1.0242863518776717,0.04218362282878412,0.01240694789081886,0.0024813895781637717
2,3,2,2,2,ldak-kvik,44,/Users/au507860/REPOS/mixmogam/benchmarks/results/20261003-hapnest-kvik-n50000/rho0.8_fst0.05_rep01/confounded-pc_mixed,20262486,50000,12000,confounded-pc,mixed,0.8,0.05,maf_q5,404,1.0389988113962436,0.04455445544554455,0.012376237623762377,0.0
2,3,2,2,2,ldak-kvik,44,/Users/au507860/REPOS/mixmogam/benchmarks/results/20261003-hapnest-kvik-n50000/rho0.8_fst0.05_rep01/confounded-pc_mixed,20262486,50000,12000,confounded-pc,mixed,0.8,0.05,ld_q1,372,0.9785696620597499,0.04838709677419355,0.02956989247311828,0.0
2,3,2,2,2,ldak-kvik,44,/Users/au507860/REPOS/mixmogam/benchmarks/results/20261003-hapnest-kvik-n50000/rho0.8_fst0.05_rep01/confounded-pc_mixed,20262486,50000,12000,confounded-pc,mixed,0.8,0.05,ld_q2,403,0.7179693311670973,0.02729528535980149,0.009925558312655087,0.0024813895781637717
2,3,2,2,2,ldak-kvik,44,/Users/au507860/REPOS/mixmogam/benchmarks/results/20261003-hapnest-kvik-n50000/rho0.8_fst0.05_rep01/confounded-pc_mixed,20262486,50000,12000,confounded-pc,mixed,0.8,0.05,ld_q3,407,1.0512267507976394,0.036855036855036855,0.007371007371007371,0.0
2,3,2,2,2,ldak-kvik,44,/Users/au507860/REPOS/mixmogam/benchmarks/results/20261003-hapnest-kvik-n50000/rho0.8_fst0.05_rep01/confounded-pc_mixed,20262486,50000,12000,confounded-pc,mixed,0.8,0.05,ld_q4,401,1.1461205023870917,0.04488778054862843,0.007481296758104738,0.0
2,3,2,2,2,ldak-kvik,44,/Users/au507860/REPOS/mixmogam/benchmarks/results/20261003-hapnest-kvik-n50000/rho0.8_fst0.05_rep01/confounded-pc_mixed,20262486,50000,12000,confounded-pc,mixed,0.8,0.05,ld_q5,417,1.0799211279539969,0.04316546762589928,0.011990407673860911,0.0
2,3,8,3,1,mixmogam-he,45,/Users/au507860/REPOS/mixmogam/benchmarks/results/20261003-hapnest-kvik-n50000/rho0.8_fst0.05_rep01/confounded-pc_mixed,20262486,50000,12000,confounded-pc,mixed,0.8,0.05,all_null,2000,1.0592567973037161,0.0525,0.0105,0.0005
2,3,8,3,1,mixmogam-he,45,/Users/au507860/REPOS/mixmogam/benchmarks/results/20261003-hapnest-kvik-n50000/rho0.8_fst0.05_rep01/confounded-pc_mixed,20262486,50000,12000,confounded-pc,mixed,0.8,0.05,loading_q1,396,0.870143763972557,0.06313131313131314,0.007575757575757576,0.0
2,3,8,3,1,mixmogam-he,45,/Users/au507860/REPOS/mixmogam/benchmarks/results/20261003-hapnest-kvik-n50000/rho0.8_fst0.05_rep01/confounded-pc_mixed,20262486,50000,12000,confounded-pc,mixed,0.8,0.05,loading_q2,398,1.0996650406523125,0.035175879396984924,0.007537688442211055,0.0
2,3,8,3,1,mixmogam-he,45,/Users/au507860/REPOS/mixmogam/benchmarks/results/20261003-hapnest-kvik-n50000/rho0.8_fst0.05_rep01/confounded-pc_mixed,20262486,50000,12000,confounded-pc,mixed,0.8,0.05,loading_q3,383,1.2168922114499616,0.057441253263707574,0.015665796344647518,0.0
2,3,8,3,1,mixmogam-he,45,/Users/au507860/REPOS/mixmogam/benchmarks/results/20261003-hapnest-kvik-n50000/rho0.8_fst0.05_rep01/confounded-pc_mixed,20262486,50000,12000,confounded-pc,mixed,0.8,0.05,loading_q4,413,1.1149957227789196,0.053268765133171914,0.014527845036319613,0.0
2,3,8,3,1,mixmogam-he,45,/Users/au507860/REPOS/mixmogam/benchmarks/results/20261003-hapnest-kvik-n50000/rho0.8_fst0.05_rep01/confounded-pc_mixed,20262486,50000,12000,confounded-pc,mixed,0.8,0.05,loading_q5,410,0.9404246743019306,0.05365853658536585,0.007317073170731708,0.0024390243902439024
2,3,8,3,1,mixmogam-he,45,/Users/au507860/REPOS/mixmogam/benchmarks/results/20261003-hapnest-kvik-n50000/rho0.8_fst0.05_rep01/confounded-pc_mixed,20262486,50000,12000,confounded-pc,mixed,0.8,0.05,maf_q1,392,1.0280134617539913,0.05102040816326531,0.017857142857142856,0.0
2,3,8,3,1,mixmogam-he,45,/Users/au507860/REPOS/mixmogam/benchmarks/results/20261003-hapnest-kvik-n50000/rho0.8_fst0.05_rep01/confounded-pc_mixed,20262486,50000,12000,confounded-pc,mixed,0.8,0.05,maf_q2,372,0.975241210181497,0.04032258064516129,0.005376344086021506,0.0
2,3,8,3,1,mixmogam-he,45,/Users/au507860/REPOS/mixmogam/benchmarks/results/20261003-hapnest-kvik-n50000/rho0.8_fst0.05_rep01/confounded-pc_mixed,20262486,50000,12000,confounded-pc,mixed,0.8,0.05,maf_q3,429,1.0711261669126109,0.0675990675990676,0.009324009324009324,0.0
2,3,8,3,1,mixmogam-he,45,/Users/au507860/REPOS/mixmogam/benchmarks/results/20261003-hapnest-kvik-n50000/rho0.8_fst0.05_rep01/confounded-pc_mixed,20262486,50000,12000,confounded-pc,mixed,0.8,0.05,maf_q4,403,1.1279976379278986,0.05707196029776675,0.007444168734491315,0.0024813895781637717
2,3,8,3,1,mixmogam-he,45,/Users/au507860/REPOS/mixmogam/benchmarks/results/20261003-hapnest-kvik-n50000/rho0.8_fst0.05_rep01/confounded-pc_mixed,20262486,50000,12000,confounded-pc,mixed,0.8,0.05,maf_q5,404,1.0649687562937038,0.04455445544554455,0.012376237623762377,0.0
2,3,8,3,1,mixmogam-he,45,/Users/au507860/REPOS/mixmogam/benchmarks/results/20261003-hapnest-kvik-n50000/rho0.8_fst0.05_rep01/confounded-pc_mixed,20262486,50000,12000,confounded-pc,mixed,0.8,0.05,ld_q1,372,1.0960208409143513,0.06451612903225806,0.024193548387096774,0.0
2,3,8,3,1,mixmogam-he,45,/Users/au507860/REPOS/mixmogam/benchmarks/results/20261003-hapnest-kvik-n50000/rho0.8_fst0.05_rep01/confounded-pc_mixed,20262486,50000,12000,confounded-pc,mixed,0.8,0.05,ld_q2,403,0.7396297876340656,0.04218362282878412,0.009925558312655087,0.0024813895781637717
2,3,8,3,1,mixmogam-he,45,/Users/au507860/REPOS/mixmogam/benchmarks/results/20261003-hapnest-kvik-n50000/rho0.8_fst0.05_rep01/confounded-pc_mixed,20262486,50000,12000,confounded-pc,mixed,0.8,0.05,ld_q3,407,1.1227296954574641,0.04176904176904177,0.009828009828009828,0.0
2,3,8,3,1,mixmogam-he,45,/Users/au507860/REPOS/mixmogam/benchmarks/results/20261003-hapnest-kvik-n50000/rho0.8_fst0.05_rep01/confounded-pc_mixed,20262486,50000,12000,confounded-pc,mixed,0.8,0.05,ld_q4,401,1.1631572843226818,0.06733167082294264,0.0024937655860349127,0.0
2,3,8,3,1,mixmogam-he,45,/Users/au507860/REPOS/mixmogam/benchmarks/results/20261003-hapnest-kvik-n50000/rho0.8_fst0.05_rep01/confounded-pc_mixed,20262486,50000,12000,confounded-pc,mixed,0.8,0.05,ld_q5,417,1.2116168770919564,0.047961630695443645,0.007194244604316547,0.0
2,3,8,3,2,ldak-kvik,46,/Users/au507860/REPOS/mixmogam/benchmarks/results/20261003-hapnest-kvik-n50000/rho0.8_fst0.05_rep01/confounded-pc_mixed,20262486,50000,12000,confounded-pc,mixed,0.8,0.05,all_null,2000,0.9654054323901633,0.04,0.013,0.0005
2,3,8,3,2,ldak-kvik,46,/Users/au507860/REPOS/mixmogam/benchmarks/results/20261003-hapnest-kvik-n50000/rho0.8_fst0.05_rep01/confounded-pc_mixed,20262486,50000,12000,confounded-pc,mixed,0.8,0.05,loading_q1,396,0.8184821357763808,0.06060606060606061,0.017676767676767676,0.0
2,3,8,3,2,ldak-kvik,46,/Users/au507860/REPOS/mixmogam/benchmarks/results/20261003-hapnest-kvik-n50000/rho0.8_fst0.05_rep01/confounded-pc_mixed,20262486,50000,12000,confounded-pc,mixed,0.8,0.05,loading_q2,398,1.113887720700215,0.032663316582914576,0.010050251256281407,0.0
2,3,8,3,2,ldak-kvik,46,/Users/au507860/REPOS/mixmogam/benchmarks/results/20261003-hapnest-kvik-n50000/rho0.8_fst0.05_rep01/confounded-pc_mixed,20262486,50000,12000,confounded-pc,mixed,0.8,0.05,loading_q3,383,1.0949588628472857,0.04699738903394256,0.013054830287206266,0.0
2,3,8,3,2,ldak-kvik,46,/Users/au507860/REPOS/mixmogam/benchmarks/results/20261003-hapnest-kvik-n50000/rho0.8_fst0.05_rep01/confounded-pc_mixed,20262486,50000,12000,confounded-pc,mixed,0.8,0.05,loading_q4,413,1.0242863518776717,0.04116222760290557,0.014527845036319613,0.0
2,3,8,3,2,ldak-kvik,46,/Users/au507860/REPOS/mixmogam/benchmarks/results/20261003-hapnest-kvik-n50000/rho0.8_fst0.05_rep01/confounded-pc_mixed,20262486,50000,12000,confounded-pc,mixed,0.8,0.05,loading_q5,410,0.8419091729221987,0.01951219512195122,0.00975609756097561,0.0024390243902439024
2,3,8,3,2,ldak-kvik,46,/Users/au507860/REPOS/mixmogam/benchmarks/results/20261003-hapnest-kvik-n50000/rho0.8_fst0.05_rep01/confounded-pc_mixed,20262486,50000,12000,confounded-pc,mixed,0.8,0.05,maf_q1,392,0.8729157810686404,0.04336734693877551,0.017857142857142856,0.0
2,3,8,3,2,ldak-kvik,46,/Users/au507860/REPOS/mixmogam/benchmarks/results/20261003-hapnest-kvik-n50000/rho0.8_fst0.05_rep01/confounded-pc_mixed,20262486,50000,12000,confounded-pc,mixed,0.8,0.05,maf_q2,372,1.0068848707980835,0.024193548387096774,0.005376344086021506,0.0
2,3,8,3,2,ldak-kvik,46,/Users/au507860/REPOS/mixmogam/benchmarks/results/20261003-hapnest-kvik-n50000/rho0.8_fst0.05_rep01/confounded-pc_mixed,20262486,50000,12000,confounded-pc,mixed,0.8,0.05,maf_q3,429,1.0067348368481672,0.04428904428904429,0.016317016317016316,0.0
2,3,8,3,2,ldak-kvik,46,/Users/au507860/REPOS/mixmogam/benchmarks/results/20261003-hapnest-kvik-n50000/rho0.8_fst0.05_rep01/confounded-pc_mixed,20262486,50000,12000,confounded-pc,mixed,0.8,0.05,maf_q4,403,1.0242863518776717,0.04218362282878412,0.01240694789081886,0.0024813895781637717
2,3,8,3,2,ldak-kvik,46,/Users/au507860/REPOS/mixmogam/benchmarks/results/20261003-hapnest-kvik-n50000/rho0.8_fst0.05_rep01/confounded-pc_mixed,20262486,50000,12000,confounded-pc,mixed,0.8,0.05,maf_q5,404,1.0389988113962436,0.04455445544554455,0.012376237623762377,0.0
2,3,8,3,2,ldak-kvik,46,/Users/au507860/REPOS/mixmogam/benchmarks/results/20261003-hapnest-kvik-n50000/rho0.8_fst0.05_rep01/confounded-pc_mixed,20262486,50000,12000,confounded-pc,mixed,0.8,0.05,ld_q1,372,0.9785696620597499,0.04838709677419355,0.02956989247311828,0.0
2,3,8,3,2,ldak-kvik,46,/Users/au507860/REPOS/mixmogam/benchmarks/results/20261003-hapnest-kvik-n50000/rho0.8_fst0.05_rep01/confounded-pc_mixed,20262486,50000,12000,confounded-pc,mixed,0.8,0.05,ld_q2,403,0.7179693311670973,0.02729528535980149,0.009925558312655087,0.0024813895781637717
2,3,8,3,2,ldak-kvik,46,/Users/au507860/REPOS/mixmogam/benchmarks/results/20261003-hapnest-kvik-n50000/rho0.8_fst0.05_rep01/confounded-pc_mixed,20262486,50000,12000,confounded-pc,mixed,0.8,0.05,ld_q3,407,1.0512267507976394,0.036855036855036855,0.007371007371007371,0.0
2,3,8,3,2,ldak-kvik,46,/Users/au507860/REPOS/mixmogam/benchmarks/results/20261003-hapnest-kvik-n50000/rho0.8_fst0.05_rep01/confounded-pc_mixed,20262486,50000,12000,confounded-pc,mixed,0.8,0.05,ld_q4,401,1.1461205023870917,0.04488778054862843,0.007481296758104738,0.0
2,3,8,3,2,ldak-kvik,46,/Users/au507860/REPOS/mixmogam/benchmarks/results/20261003-hapnest-kvik-n50000/rho0.8_fst0.05_rep01/confounded-pc_mixed,20262486,50000,12000,confounded-pc,mixed,0.8,0.05,ld_q5,417,1.0799211279539969,0.04316546762589928,0.011990407673860911,0.0
2,3,4,4,1,ldak-kvik,47,/Users/au507860/REPOS/mixmogam/benchmarks/results/20261003-hapnest-kvik-n50000/rho0.8_fst0.05_rep01/confounded-pc_mixed,20262486,50000,12000,confounded-pc,mixed,0.8,0.05,all_null,2000,0.9654054323901633,0.04,0.013,0.0005
2,3,4,4,1,ldak-kvik,47,/Users/au507860/REPOS/mixmogam/benchmarks/results/20261003-hapnest-kvik-n50000/rho0.8_fst0.05_rep01/confounded-pc_mixed,20262486,50000,12000,confounded-pc,mixed,0.8,0.05,loading_q1,396,0.8184821357763808,0.06060606060606061,0.017676767676767676,0.0
2,3,4,4,1,ldak-kvik,47,/Users/au507860/REPOS/mixmogam/benchmarks/results/20261003-hapnest-kvik-n50000/rho0.8_fst0.05_rep01/confounded-pc_mixed,20262486,50000,12000,confounded-pc,mixed,0.8,0.05,loading_q2,398,1.113887720700215,0.032663316582914576,0.010050251256281407,0.0
2,3,4,4,1,ldak-kvik,47,/Users/au507860/REPOS/mixmogam/benchmarks/results/20261003-hapnest-kvik-n50000/rho0.8_fst0.05_rep01/confounded-pc_mixed,20262486,50000,12000,confounded-pc,mixed,0.8,0.05,loading_q3,383,1.0949588628472857,0.04699738903394256,0.013054830287206266,0.0
2,3,4,4,1,ldak-kvik,47,/Users/au507860/REPOS/mixmogam/benchmarks/results/20261003-hapnest-kvik-n50000/rho0.8_fst0.05_rep01/confounded-pc_mixed,20262486,50000,12000,confounded-pc,mixed,0.8,0.05,loading_q4,413,1.0242863518776717,0.04116222760290557,0.014527845036319613,0.0
2,3,4,4,1,ldak-kvik,47,/Users/au507860/REPOS/mixmogam/benchmarks/results/20261003-hapnest-kvik-n50000/rho0.8_fst0.05_rep01/confounded-pc_mixed,20262486,50000,12000,confounded-pc,mixed,0.8,0.05,loading_q5,410,0.8419091729221987,0.01951219512195122,0.00975609756097561,0.0024390243902439024
2,3,4,4,1,ldak-kvik,47,/Users/au507860/REPOS/mixmogam/benchmarks/results/20261003-hapnest-kvik-n50000/rho0.8_fst0.05_rep01/confounded-pc_mixed,20262486,50000,12000,confounded-pc,mixed,0.8,0.05,maf_q1,392,0.8729157810686404,0.04336734693877551,0.017857142857142856,0.0
2,3,4,4,1,ldak-kvik,47,/Users/au507860/REPOS/mixmogam/benchmarks/results/20261003-hapnest-kvik-n50000/rho0.8_fst0.05_rep01/confounded-pc_mixed,20262486,50000,12000,confounded-pc,mixed,0.8,0.05,maf_q2,372,1.0068848707980835,0.024193548387096774,0.005376344086021506,0.0
2,3,4,4,1,ldak-kvik,47,/Users/au507860/REPOS/mixmogam/benchmarks/results/20261003-hapnest-kvik-n50000/rho0.8_fst0.05_rep01/confounded-pc_mixed,20262486,50000,12000,confounded-pc,mixed,0.8,0.05,maf_q3,429,1.0067348368481672,0.04428904428904429,0.016317016317016316,0.0
2,3,4,4,1,ldak-kvik,47,/Users/au507860/REPOS/mixmogam/benchmarks/results/20261003-hapnest-kvik-n50000/rho0.8_fst0.05_rep01/confounded-pc_mixed,20262486,50000,12000,confounded-pc,mixed,0.8,0.05,maf_q4,403,1.0242863518776717,0.04218362282878412,0.01240694789081886,0.0024813895781637717
2,3,4,4,1,ldak-kvik,47,/Users/au507860/REPOS/mixmogam/benchmarks/results/20261003-hapnest-kvik-n50000/rho0.8_fst0.05_rep01/confounded-pc_mixed,20262486,50000,12000,confounded-pc,mixed,0.8,0.05,maf_q5,404,1.0389988113962436,0.04455445544554455,0.012376237623762377,0.0
2,3,4,4,1,ldak-kvik,47,/Users/au507860/REPOS/mixmogam/benchmarks/results/20261003-hapnest-kvik-n50000/rho0.8_fst0.05_rep01/confounded-pc_mixed,20262486,50000,12000,confounded-pc,mixed,0.8,0.05,ld_q1,372,0.9785696620597499,0.04838709677419355,0.02956989247311828,0.0
2,3,4,4,1,ldak-kvik,47,/Users/au507860/REPOS/mixmogam/benchmarks/results/20261003-hapnest-kvik-n50000/rho0.8_fst0.05_rep01/confounded-pc_mixed,20262486,50000,12000,confounded-pc,mixed,0.8,0.05,ld_q2,403,0.7179693311670973,0.02729528535980149,0.009925558312655087,0.0024813895781637717
2,3,4,4,1,ldak-kvik,47,/Users/au507860/REPOS/mixmogam/benchmarks/results/20261003-hapnest-kvik-n50000/rho0.8_fst0.05_rep01/confounded-pc_mixed,20262486,50000,12000,confounded-pc,mixed,0.8,0.05,ld_q3,407,1.0512267507976394,0.036855036855036855,0.007371007371007371,0.0
2,3,4,4,1,ldak-kvik,47,/Users/au507860/REPOS/mixmogam/benchmarks/results/20261003-hapnest-kvik-n50000/rho0.8_fst0.05_rep01/confounded-pc_mixed,20262486,50000,12000,confounded-pc,mixed,0.8,0.05,ld_q4,401,1.1461205023870917,0.04488778054862843,0.007481296758104738,0.0
2,3,4,4,1,ldak-kvik,47,/Users/au507860/REPOS/mixmogam/benchmarks/results/20261003-hapnest-kvik-n50000/rho0.8_fst0.05_rep01/confounded-pc_mixed,20262486,50000,12000,confounded-pc,mixed,0.8,0.05,ld_q5,417,1.0799211279539969,0.04316546762589928,0.011990407673860911,0.0
2,3,4,4,2,mixmogam-he,48,/Users/au507860/REPOS/mixmogam/benchmarks/results/20261003-hapnest-kvik-n50000/rho0.8_fst0.05_rep01/confounded-pc_mixed,20262486,50000,12000,confounded-pc,mixed,0.8,0.05,all_null,2000,1.0592567973037161,0.0525,0.0105,0.0005
2,3,4,4,2,mixmogam-he,48,/Users/au507860/REPOS/mixmogam/benchmarks/results/20261003-hapnest-kvik-n50000/rho0.8_fst0.05_rep01/confounded-pc_mixed,20262486,50000,12000,confounded-pc,mixed,0.8,0.05,loading_q1,396,0.870143763972557,0.06313131313131314,0.007575757575757576,0.0
2,3,4,4,2,mixmogam-he,48,/Users/au507860/REPOS/mixmogam/benchmarks/results/20261003-hapnest-kvik-n50000/rho0.8_fst0.05_rep01/confounded-pc_mixed,20262486,50000,12000,confounded-pc,mixed,0.8,0.05,loading_q2,398,1.0996650406523125,0.035175879396984924,0.007537688442211055,0.0
2,3,4,4,2,mixmogam-he,48,/Users/au507860/REPOS/mixmogam/benchmarks/results/20261003-hapnest-kvik-n50000/rho0.8_fst0.05_rep01/confounded-pc_mixed,20262486,50000,12000,confounded-pc,mixed,0.8,0.05,loading_q3,383,1.2168922114499616,0.057441253263707574,0.015665796344647518,0.0
2,3,4,4,2,mixmogam-he,48,/Users/au507860/REPOS/mixmogam/benchmarks/results/20261003-hapnest-kvik-n50000/rho0.8_fst0.05_rep01/confounded-pc_mixed,20262486,50000,12000,confounded-pc,mixed,0.8,0.05,loading_q4,413,1.1149957227789196,0.053268765133171914,0.014527845036319613,0.0
2,3,4,4,2,mixmogam-he,48,/Users/au507860/REPOS/mixmogam/benchmarks/results/20261003-hapnest-kvik-n50000/rho0.8_fst0.05_rep01/confounded-pc_mixed,20262486,50000,12000,confounded-pc,mixed,0.8,0.05,loading_q5,410,0.9404246743019306,0.05365853658536585,0.007317073170731708,0.0024390243902439024
2,3,4,4,2,mixmogam-he,48,/Users/au507860/REPOS/mixmogam/benchmarks/results/20261003-hapnest-kvik-n50000/rho0.8_fst0.05_rep01/confounded-pc_mixed,20262486,50000,12000,confounded-pc,mixed,0.8,0.05,maf_q1,392,1.0280134617539913,0.05102040816326531,0.017857142857142856,0.0
2,3,4,4,2,mixmogam-he,48,/Users/au507860/REPOS/mixmogam/benchmarks/results/20261003-hapnest-kvik-n50000/rho0.8_fst0.05_rep01/confounded-pc_mixed,20262486,50000,12000,confounded-pc,mixed,0.8,0.05,maf_q2,372,0.975241210181497,0.04032258064516129,0.005376344086021506,0.0
2,3,4,4,2,mixmogam-he,48,/Users/au507860/REPOS/mixmogam/benchmarks/results/20261003-hapnest-kvik-n50000/rho0.8_fst0.05_rep01/confounded-pc_mixed,20262486,50000,12000,confounded-pc,mixed,0.8,0.05,maf_q3,429,1.0711261669126109,0.0675990675990676,0.009324009324009324,0.0
2,3,4,4,2,mixmogam-he,48,/Users/au507860/REPOS/mixmogam/benchmarks/results/20261003-hapnest-kvik-n50000/rho0.8_fst0.05_rep01/confounded-pc_mixed,20262486,50000,12000,confounded-pc,mixed,0.8,0.05,maf_q4,403,1.1279976379278986,0.05707196029776675,0.007444168734491315,0.0024813895781637717
2,3,4,4,2,mixmogam-he,48,/Users/au507860/REPOS/mixmogam/benchmarks/results/20261003-hapnest-kvik-n50000/rho0.8_fst0.05_rep01/confounded-pc_mixed,20262486,50000,12000,confounded-pc,mixed,0.8,0.05,maf_q5,404,1.0649687562937038,0.04455445544554455,0.012376237623762377,0.0
2,3,4,4,2,mixmogam-he,48,/Users/au507860/REPOS/mixmogam/benchmarks/results/20261003-hapnest-kvik-n50000/rho0.8_fst0.05_rep01/confounded-pc_mixed,20262486,50000,12000,confounded-pc,mixed,0.8,0.05,ld_q1,372,1.0960208409143513,0.06451612903225806,0.024193548387096774,0.0
2,3,4,4,2,mixmogam-he,48,/Users/au507860/REPOS/mixmogam/benchmarks/results/20261003-hapnest-kvik-n50000/rho0.8_fst0.05_rep01/confounded-pc_mixed,20262486,50000,12000,confounded-pc,mixed,0.8,0.05,ld_q2,403,0.7396297876340656,0.04218362282878412,0.009925558312655087,0.0024813895781637717
2,3,4,4,2,mixmogam-he,48,/Users/au507860/REPOS/mixmogam/benchmarks/results/20261003-hapnest-kvik-n50000/rho0.8_fst0.05_rep01/confounded-pc_mixed,20262486,50000,12000,confounded-pc,mixed,0.8,0.05,ld_q3,407,1.1227296954574641,0.04176904176904177,0.009828009828009828,0.0
2,3,4,4,2,mixmogam-he,48,/Users/au507860/REPOS/mixmogam/benchmarks/results/20261003-hapnest-kvik-n50000/rho0.8_fst0.05_rep01/confounded-pc_mixed,20262486,50000,12000,confounded-pc,mixed,0.8,0.05,ld_q4,401,1.1631572843226818,0.06733167082294264,0.0024937655860349127,0.0
2,3,4,4,2,mixmogam-he,48,/Users/au507860/REPOS/mixmogam/benchmarks/results/20261003-hapnest-kvik-n50000/rho0.8_fst0.05_rep01/confounded-pc_mixed,20262486,50000,12000,confounded-pc,mixed,0.8,0.05,ld_q5,417,1.2116168770919564,0.047961630695443645,0.007194244604316547,0.0
