bin,calibration,calibration_cv,calibration_method,dataset,fpr_001,fpr_01,fpr_05,kvik_lambda,kvik_strong,lambda_gc,mean_chi2,mean_chi2_qtl,method,n_null,rep,seconds,use_mixture
all,,,,sim_none,0.00025,0.0105,0.0515,,,1.0341339526638806,1.0212408750985016,16.1284687784296,exact,4000,1,2.66,
q1,,,,sim_none,0.0,0.006297229219143577,0.041561712846347604,,,1.0273683139685335,0.9882653948312647,,exact,794,1,2.66,
q2,,,,sim_none,0.0,0.004889975550122249,0.0488997555012225,,,1.0989461380144097,1.0018845706380721,,exact,818,1,2.66,
q3,,,,sim_none,0.0,0.018518518518518517,0.056790123456790124,,,0.996685597441206,1.0373354830842472,,exact,810,1,2.66,
q4,,,,sim_none,0.0,0.015247776365946633,0.05590851334180432,,,1.1250124335593605,1.0832324904871207,,exact,787,1,2.66,
q5,,,,sim_none,0.0012642225031605564,0.007585335018963337,0.05436156763590392,,,0.9325187712302891,0.9961990983621174,,exact,791,1,2.66,
all,0.9963704320333023,0.0054498501019567425,,sim_none,0.00025,0.01075,0.05225,,,1.0434053998537671,1.0251217597816769,16.11098649703717,bolt-inf,4000,1,8.79,
q1,0.9963704320333023,0.0054498501019567425,,sim_none,0.0,0.006297229219143577,0.041561712846347604,,,1.033969179116251,0.992935404530499,,bolt-inf,794,1,8.79,
q2,0.9963704320333023,0.0054498501019567425,,sim_none,0.0,0.004889975550122249,0.0488997555012225,,,1.1003928289744158,1.0060310538879675,,bolt-inf,818,1,8.79,
q3,0.9963704320333023,0.0054498501019567425,,sim_none,0.0,0.018518518518518517,0.05925925925925926,,,1.001560135433031,1.0414988168450867,,bolt-inf,810,1,8.79,
q4,0.9963704320333023,0.0054498501019567425,,sim_none,0.0,0.015247776365946633,0.05590851334180432,,,1.125015208447195,1.087130565609614,,bolt-inf,787,1,8.79,
q5,0.9963704320333023,0.0054498501019567425,,sim_none,0.0012642225031605564,0.008849557522123894,0.05562579013906448,,,0.935446005276061,0.9987068635522727,,bolt-inf,791,1,8.79,
all,1.0178766016960508,0.004687117167777027,,sim_none,0.00025,0.01025,0.052,,,1.0396896193906726,1.0222336998352723,16.134699614123885,bolt-inf-spectral,4000,1,9.09,
q1,1.0178766016960508,0.004687117167777027,,sim_none,0.0,0.006297229219143577,0.041561712846347604,,,1.0318871203813176,0.9899323001919659,,bolt-inf-spectral,794,1,9.09,
q2,1.0178766016960508,0.004687117167777027,,sim_none,0.0,0.004889975550122249,0.0488997555012225,,,1.0985800388124731,1.0032743263401604,,bolt-inf-spectral,818,1,9.09,
q3,1.0178766016960508,0.004687117167777027,,sim_none,0.0,0.01728395061728395,0.05802469135802469,,,0.9975421626613845,1.038554715817832,,bolt-inf-spectral,810,1,9.09,
q4,1.0178766016960508,0.004687117167777027,,sim_none,0.0,0.015247776365946633,0.05590851334180432,,,1.1212946610012684,1.0839533252253557,,bolt-inf-spectral,787,1,9.09,
q5,1.0178766016960508,0.004687117167777027,,sim_none,0.0012642225031605564,0.007585335018963337,0.05562579013906448,,,0.934055010649355,0.9961435743079882,,bolt-inf-spectral,791,1,9.09,
all,0.9710462096929545,0.0054498501019567425,median (LD scores uninformative),sim_none,0.00075,0.0115,0.05425,,,1.0546807626074015,1.0470020812082435,17.537226129876515,bolt,4000,1,17.75,True
q1,0.9710462096929545,0.0054498501019567425,median (LD scores uninformative),sim_none,0.0,0.005037783375314861,0.05163727959697733,,,1.0494560119755112,1.032668110093154,,bolt,794,1,17.75,True
q2,0.9710462096929545,0.0054498501019567425,median (LD scores uninformative),sim_none,0.0012224938875305623,0.006112469437652812,0.04767726161369193,,,1.1296036243201006,1.026418463261379,,bolt,818,1,17.75,True
q3,0.9710462096929545,0.0054498501019567425,median (LD scores uninformative),sim_none,0.0012345679012345679,0.020987654320987655,0.05925925925925926,,,0.9591904081773787,1.0602160337392004,,bolt,810,1,17.75,True
q4,0.9710462096929545,0.0054498501019567425,median (LD scores uninformative),sim_none,0.0,0.015247776365946633,0.06480304955527319,,,1.1349171111509049,1.0980556235758039,,bolt,787,1,17.75,True
q5,0.9710462096929545,0.0054498501019567425,median (LD scores uninformative),sim_none,0.0012642225031605564,0.010113780025284451,0.04804045512010114,,,0.9363733822682624,1.0183499107310892,,bolt,791,1,17.75,True
all,0.9734612613601461,0.004687117167777027,median (LD scores uninformative),sim_none,0.00075,0.01075,0.054,,,1.0486159676444702,1.041450274465516,17.520662123372965,bolt-spectral,4000,1,19.3,True
q1,0.9734612613601461,0.004687117167777027,median (LD scores uninformative),sim_none,0.0,0.005037783375314861,0.05163727959697733,,,1.0436223029218044,1.026993415943221,,bolt-spectral,794,1,19.3,True
q2,0.9734612613601461,0.004687117167777027,median (LD scores uninformative),sim_none,0.0012224938875305623,0.006112469437652812,0.04767726161369193,,,1.1244567159058318,1.0210658375576867,,bolt-spectral,818,1,19.3,True
q3,0.9734612613601461,0.004687117167777027,median (LD scores uninformative),sim_none,0.0012345679012345679,0.020987654320987655,0.05925925925925926,,,0.9530253411211631,1.054601321855359,,bolt-spectral,810,1,19.3,True
q4,0.9734612613601461,0.004687117167777027,median (LD scores uninformative),sim_none,0.0,0.01397712833545108,0.06353240152477764,,,1.1287361693437294,1.092090368668053,,bolt-spectral,787,1,19.3,True
q5,0.9734612613601461,0.004687117167777027,median (LD scores uninformative),sim_none,0.0012642225031605564,0.007585335018963337,0.04804045512010114,,,0.9308395493532703,1.0131912511205559,,bolt-spectral,791,1,19.3,True
all,,,,sim_none,0.00025,0.00975,0.05125,1.0,False,1.0247205210098176,1.0209706211164196,16.837647206920902,kvik,4000,1,44.8,
q1,,,,sim_none,0.0,0.006297229219143577,0.04659949622166247,1.0,False,1.04697345536077,1.000825654492438,,kvik,794,1,44.8,
q2,,,,sim_none,0.0,0.004889975550122249,0.05134474327628362,1.0,False,1.0896863298386796,0.9957848647630665,,kvik,818,1,44.8,
q3,,,,sim_none,0.0,0.01728395061728395,0.05802469135802469,1.0,False,0.9269000220488552,1.0373668286578128,,kvik,810,1,44.8,
q4,,,,sim_none,0.0,0.015247776365946633,0.05082592121982211,1.0,False,1.116879939435084,1.0790286207503013,,kvik,787,1,44.8,
q5,,,,sim_none,0.0012642225031605564,0.0050568900126422255,0.0493046776232617,1.0,False,0.9128398166047607,0.9926829831595182,,kvik,791,1,44.8,
all,,,,sim_none,0.00025,0.00975,0.05125,1.0,False,1.0247205210098176,1.0209706211164196,16.837647206920902,kvik-spectral,4000,1,46.04,
q1,,,,sim_none,0.0,0.006297229219143577,0.04659949622166247,1.0,False,1.04697345536077,1.000825654492438,,kvik-spectral,794,1,46.04,
q2,,,,sim_none,0.0,0.004889975550122249,0.05134474327628362,1.0,False,1.0896863298386796,0.9957848647630665,,kvik-spectral,818,1,46.04,
q3,,,,sim_none,0.0,0.01728395061728395,0.05802469135802469,1.0,False,0.9269000220488552,1.0373668286578128,,kvik-spectral,810,1,46.04,
q4,,,,sim_none,0.0,0.015247776365946633,0.05082592121982211,1.0,False,1.116879939435084,1.0790286207503013,,kvik-spectral,787,1,46.04,
q5,,,,sim_none,0.0012642225031605564,0.0050568900126422255,0.0493046776232617,1.0,False,0.9128398166047607,0.9926829831595182,,kvik-spectral,791,1,46.04,
all,,,,sim_none,0.002,0.00825,0.0515,,,1.0206095666406307,1.0076238396905708,14.496095293126222,exact,4000,2,2.52,
q1,,,,sim_none,0.003778337531486146,0.010075566750629723,0.061712846347607056,,,1.0497821064742,1.0789219074785195,,exact,794,2,2.52,
q2,,,,sim_none,0.0,0.003667481662591687,0.040342298288508556,,,1.0107019332871021,0.9347824034218664,,exact,818,2,2.52,
q3,,,,sim_none,0.0012345679012345679,0.006172839506172839,0.04691358024691358,,,1.1171954622158913,1.0330369847307186,,exact,810,2,2.52,
q4,,,,sim_none,0.0025412960609911056,0.0063532401524777635,0.052096569250317665,,,0.9330931358798048,0.9808445626645695,,exact,787,2,2.52,
q5,,,,sim_none,0.0025284450063211127,0.015170670037926675,0.056890012642225034,,,1.0139733772425654,1.0120034510446954,,exact,791,2,2.52,
all,0.9956277088001063,0.006770202125206714,,sim_none,0.002,0.0085,0.0535,,,1.032014385215637,1.012067823776051,14.44968654363239,bolt-inf,4000,2,8.72,
q1,0.9956277088001063,0.006770202125206714,,sim_none,0.003778337531486146,0.011335012594458438,0.061712846347607056,,,1.0594334805688148,1.0838794015533992,,bolt-inf,794,2,8.72,
q2,0.9956277088001063,0.006770202125206714,,sim_none,0.0,0.003667481662591687,0.042787286063569685,,,1.0134713806068112,0.9395134667588052,,bolt-inf,818,2,8.72,
q3,0.9956277088001063,0.006770202125206714,,sim_none,0.0012345679012345679,0.006172839506172839,0.04938271604938271,,,1.1192387852065209,1.0386050805384381,,bolt-inf,810,2,8.72,
q4,0.9956277088001063,0.006770202125206714,,sim_none,0.0025412960609911056,0.0063532401524777635,0.05717916137229987,,,0.9353874118865417,0.9849625830364022,,bolt-inf,787,2,8.72,
q5,0.9956277088001063,0.006770202125206714,,sim_none,0.0025284450063211127,0.015170670037926675,0.056890012642225034,,,1.025450634657802,1.0148083013607057,,bolt-inf,791,2,8.72,
all,1.0160735858977212,0.004057329627944572,,sim_none,0.002,0.008,0.05275,,,1.0262392627989685,1.0073169448190908,14.516490500307771,bolt-inf-spectral,4000,2,9.09,
q1,1.0160735858977212,0.004057329627944572,,sim_none,0.003778337531486146,0.010075566750629723,0.061712846347607056,,,1.0536484624546507,1.0786356319353634,,bolt-inf-spectral,794,2,9.09,
q2,1.0160735858977212,0.004057329627944572,,sim_none,0.0,0.003667481662591687,0.042787286063569685,,,1.0088864753448885,0.9350173918846958,,bolt-inf-spectral,818,2,9.09,
q3,1.0160735858977212,0.004057329627944572,,sim_none,0.0012345679012345679,0.006172839506172839,0.04814814814814815,,,1.1130555743909116,1.03361736027005,,bolt-inf-spectral,810,2,9.09,
q4,1.0160735858977212,0.004057329627944572,,sim_none,0.0025412960609911056,0.0063532401524777635,0.054637865311308764,,,0.9322391884663469,0.9803613566924235,,bolt-inf-spectral,787,2,9.09,
q5,1.0160735858977212,0.004057329627944572,,sim_none,0.0025284450063211127,0.01390644753476612,0.056890012642225034,,,1.0247959717734076,1.0103823153253175,,bolt-inf-spectral,791,2,9.09,
all,0.9877698317005503,0.006770202125206714,median (LD scores uninformative),sim_none,0.0015,0.007,0.049,,,1.0427462846315183,1.0084646036210037,14.16431803500621,bolt,4000,2,13.7,True
q1,0.9877698317005503,0.006770202125206714,median (LD scores uninformative),sim_none,0.0025188916876574307,0.007556675062972292,0.060453400503778336,,,1.1224752246508545,1.068725353084255,,bolt,794,2,13.7,True
q2,0.9877698317005503,0.006770202125206714,median (LD scores uninformative),sim_none,0.0,0.003667481662591687,0.034229828850855744,,,1.0347112614971032,0.9528231545214079,,bolt,818,2,13.7,True
q3,0.9877698317005503,0.006770202125206714,median (LD scores uninformative),sim_none,0.0012345679012345679,0.003703703703703704,0.04814814814814815,,,1.2063104794443145,1.0402136618760625,,bolt,810,2,13.7,True
q4,0.9877698317005503,0.006770202125206714,median (LD scores uninformative),sim_none,0.0025412960609911056,0.0063532401524777635,0.052096569250317665,,,0.9238428537220645,0.9824285824790863,,bolt,787,2,13.7,True
q5,0.9877698317005503,0.006770202125206714,median (LD scores uninformative),sim_none,0.0012642225031605564,0.01390644753476612,0.05056890012642225,,,0.9785202597478684,0.9989087019038602,,bolt,791,2,13.7,True
all,0.987225781854011,0.004057329627944572,median (LD scores uninformative),sim_none,0.0015,0.007,0.048,,,1.0379627853469218,1.0042812534444272,14.242238372991846,bolt-spectral,4000,2,14.42,True
q1,0.987225781854011,0.004057329627944572,median (LD scores uninformative),sim_none,0.0025188916876574307,0.007556675062972292,0.05919395465994962,,,1.116968948436173,1.0641795642739098,,bolt-spectral,794,2,14.42,True
q2,0.987225781854011,0.004057329627944572,median (LD scores uninformative),sim_none,0.0,0.003667481662591687,0.034229828850855744,,,1.0321551702120266,0.9487560842596816,,bolt-spectral,818,2,14.42,True
q3,0.987225781854011,0.004057329627944572,median (LD scores uninformative),sim_none,0.0012345679012345679,0.003703703703703704,0.04814814814814815,,,1.1992617518299444,1.0357731183671652,,bolt-spectral,810,2,14.42,True
q4,0.987225781854011,0.004057329627944572,median (LD scores uninformative),sim_none,0.0025412960609911056,0.0063532401524777635,0.048284625158831,,,0.919355937011389,0.9783736446268411,,bolt-spectral,787,2,14.42,True
q5,0.987225781854011,0.004057329627944572,median (LD scores uninformative),sim_none,0.0012642225031605564,0.01390644753476612,0.05056890012642225,,,0.974568055035933,0.9951045241732958,,bolt-spectral,791,2,14.42,True
all,,,,sim_none,0.00175,0.00725,0.0485,1.0,False,1.020303763097558,0.9999684892242073,14.311321311312401,kvik,4000,2,43.4,
q1,,,,sim_none,0.003778337531486146,0.008816120906801008,0.05667506297229219,1.0,False,1.083083799040697,1.067164430676984,,kvik,794,2,43.4,
q2,,,,sim_none,0.0,0.0012224938875305623,0.034229828850855744,1.0,False,1.029042254738123,0.9396240460703895,,kvik,818,2,43.4,
q3,,,,sim_none,0.0012345679012345679,0.003703703703703704,0.04814814814814815,1.0,False,1.175972884557826,1.0263406114135636,,kvik,810,2,43.4,
q4,,,,sim_none,0.0025412960609911056,0.007623888182973317,0.05082592121982211,1.0,False,0.9251882016154774,0.9727972892113614,,kvik,787,2,43.4,
q5,,,,sim_none,0.0012642225031605564,0.015170670037926675,0.05309734513274336,1.0,False,0.9173043704027627,0.9949501484189605,,kvik,791,2,43.4,
all,,,,sim_none,0.00175,0.00725,0.0485,1.0,False,1.020303763097558,0.9999684892242073,14.311321311312401,kvik-spectral,4000,2,43.05,
q1,,,,sim_none,0.003778337531486146,0.008816120906801008,0.05667506297229219,1.0,False,1.083083799040697,1.067164430676984,,kvik-spectral,794,2,43.05,
q2,,,,sim_none,0.0,0.0012224938875305623,0.034229828850855744,1.0,False,1.029042254738123,0.9396240460703895,,kvik-spectral,818,2,43.05,
q3,,,,sim_none,0.0012345679012345679,0.003703703703703704,0.04814814814814815,1.0,False,1.175972884557826,1.0263406114135636,,kvik-spectral,810,2,43.05,
q4,,,,sim_none,0.0025412960609911056,0.007623888182973317,0.05082592121982211,1.0,False,0.9251882016154774,0.9727972892113614,,kvik-spectral,787,2,43.05,
q5,,,,sim_none,0.0012642225031605564,0.015170670037926675,0.05309734513274336,1.0,False,0.9173043704027627,0.9949501484189605,,kvik-spectral,791,2,43.05,
all,,,,sim_none,0.00175,0.01075,0.0505,,,0.9702959947913018,0.9861508661265485,17.278987798052828,exact,4000,3,2.54,
q1,,,,sim_none,0.0,0.007556675062972292,0.06423173803526448,,,1.038825386342342,1.0305626489166897,,exact,794,3,2.54,
q2,,,,sim_none,0.003667481662591687,0.011002444987775062,0.04645476772616137,,,0.8582096474192767,0.9479207885283653,,exact,818,3,2.54,
q3,,,,sim_none,0.0,0.003703703703703704,0.040740740740740744,,,0.9568821177879844,0.9009966917057761,,exact,810,3,2.54,
q4,,,,sim_none,0.0038119440914866584,0.010165184243964422,0.043202033036848796,,,0.9828800433771365,0.9817461557333117,,exact,787,3,2.54,
q5,,,,sim_none,0.0012642225031605564,0.021491782553729456,0.05815423514538559,,,1.0405253744725569,1.072687700892976,,exact,791,3,2.54,
all,0.9952976840570246,0.0072486793058096155,,sim_none,0.00175,0.01025,0.051,,,0.9641380375697357,0.9915206140985795,17.35367157293171,bolt-inf,4000,3,8.76,
q1,0.9952976840570246,0.0072486793058096155,,sim_none,0.0,0.007556675062972292,0.06423173803526448,,,1.012892478184172,1.0373403386593592,,bolt-inf,794,3,8.76,
q2,0.9952976840570246,0.0072486793058096155,,sim_none,0.003667481662591687,0.011002444987775062,0.0488997555012225,,,0.869505083051775,0.9524969362584693,,bolt-inf,818,3,8.76,
q3,0.9952976840570246,0.0072486793058096155,,sim_none,0.0,0.0024691358024691358,0.043209876543209874,,,0.9502427952710527,0.9051716400611038,,bolt-inf,810,3,8.76,
q4,0.9952976840570246,0.0072486793058096155,,sim_none,0.0038119440914866584,0.010165184243964422,0.04066073697585769,,,0.9999840978916875,0.9870222684439378,,bolt-inf,787,3,8.76,
q5,0.9952976840570246,0.0072486793058096155,,sim_none,0.0012642225031605564,0.020227560050568902,0.05815423514538559,,,1.040261175704874,1.0787815169715371,,bolt-inf,791,3,8.76,
all,1.0107971134832343,0.004152121751242563,,sim_none,0.00175,0.01025,0.05025,,,0.9548875363034235,0.9826594408435095,17.424726788673457,bolt-inf-spectral,4000,3,9.08,
q1,1.0107971134832343,0.004152121751242563,,sim_none,0.0,0.007556675062972292,0.06423173803526448,,,1.0039232050168756,1.0279941543108644,,bolt-inf-spectral,794,3,9.08,
q2,1.0107971134832343,0.004152121751242563,,sim_none,0.003667481662591687,0.011002444987775062,0.04767726161369193,,,0.8627002148818023,0.9440284693716648,,bolt-inf-spectral,818,3,9.08,
q3,1.0107971134832343,0.004152121751242563,,sim_none,0.0,0.0024691358024691358,0.04197530864197531,,,0.9425750018770824,0.8969701125076348,,bolt-inf-spectral,810,3,9.08,
q4,1.0107971134832343,0.004152121751242563,,sim_none,0.0038119440914866584,0.010165184243964422,0.04066073697585769,,,0.9900975560692363,0.9781304937466243,,bolt-inf-spectral,787,3,9.08,
q5,1.0107971134832343,0.004152121751242563,,sim_none,0.0012642225031605564,0.020227560050568902,0.056890012642225034,,,1.0312838650883218,1.0693560394379422,,bolt-inf-spectral,791,3,9.08,
all,1.0031141163949395,0.0072486793058096155,median (LD scores uninformative),sim_none,0.00175,0.0105,0.05025,,,0.9674069434047521,0.9875778882733646,18.08502185777798,bolt,4000,3,12.27,True
q1,1.0031141163949395,0.0072486793058096155,median (LD scores uninformative),sim_none,0.0,0.007556675062972292,0.05793450881612091,,,0.9898363834182514,1.0214448942567296,,bolt,794,3,12.27,True
q2,1.0031141163949395,0.0072486793058096155,median (LD scores uninformative),sim_none,0.003667481662591687,0.007334963325183374,0.0488997555012225,,,0.9042753220042385,0.9598803824068196,,bolt,818,3,12.27,True
q3,1.0031141163949395,0.0072486793058096155,median (LD scores uninformative),sim_none,0.0,0.008641975308641974,0.044444444444444446,,,0.9336593537280876,0.9145949144251068,,bolt,810,3,12.27,True
q4,1.0031141163949395,0.0072486793058096155,median (LD scores uninformative),sim_none,0.0038119440914866584,0.007623888182973317,0.043202033036848796,,,0.9973742779766774,0.9832885208089318,,bolt,787,3,12.27,True
q5,1.0031141163949395,0.0072486793058096155,median (LD scores uninformative),sim_none,0.0012642225031605564,0.021491782553729456,0.056890012642225034,,,0.9721517892308384,1.0612290868316947,,bolt,791,3,12.27,True
all,1.0046406265662053,0.004152121751242563,median (LD scores uninformative),sim_none,0.00175,0.01025,0.049,,,0.957543263609354,0.977270205137923,18.131754825183087,bolt-spectral,4000,3,13.26,True
q1,1.0046406265662053,0.004152121751242563,median (LD scores uninformative),sim_none,0.0,0.007556675062972292,0.05667506297229219,,,0.9790847043454017,1.010706892834079,,bolt-spectral,794,3,13.26,True
q2,1.0046406265662053,0.004152121751242563,median (LD scores uninformative),sim_none,0.003667481662591687,0.007334963325183374,0.04645476772616137,,,0.8939599429752472,0.949932092284959,,bolt-spectral,818,3,13.26,True
q3,1.0046406265662053,0.004152121751242563,median (LD scores uninformative),sim_none,0.0,0.008641975308641974,0.043209876543209874,,,0.9239423166465283,0.9049292504852744,,bolt-spectral,810,3,13.26,True
q4,1.0046406265662053,0.004152121751242563,median (LD scores uninformative),sim_none,0.0038119440914866584,0.0063532401524777635,0.043202033036848796,,,0.9865242436539492,0.9729338253948685,,bolt-spectral,787,3,13.26,True
q5,1.0046406265662053,0.004152121751242563,median (LD scores uninformative),sim_none,0.0012642225031605564,0.021491782553729456,0.05562579013906448,,,0.961829568237703,1.0503710274001306,,bolt-spectral,791,3,13.26,True
all,,,,sim_none,0.00175,0.0105,0.0525,1.0,False,0.9760928854884683,0.9923319861159084,17.942853552289154,kvik,4000,3,42.54,
q1,,,,sim_none,0.0,0.006297229219143577,0.05667506297229219,1.0,False,1.0016512291027821,1.0141998043277372,,kvik,794,3,42.54,
q2,,,,sim_none,0.003667481662591687,0.008557457212713936,0.05134474327628362,1.0,False,0.928294530236707,0.9687935363015892,,kvik,818,3,42.54,
q3,,,,sim_none,0.0,0.009876543209876543,0.050617283950617285,1.0,False,0.9552134069027012,0.9228449798452248,,kvik,810,3,42.54,
q4,,,,sim_none,0.0038119440914866584,0.008894536213468869,0.04701397712833545,1.0,False,1.0019929433697239,0.998127315014099,,kvik,787,3,42.54,
q5,,,,sim_none,0.0012642225031605564,0.018963337547408345,0.056890012642225034,1.0,False,0.9780627111997479,1.0601132193956797,,kvik,791,3,42.54,
all,,,,sim_none,0.00175,0.0105,0.0525,1.0,False,0.9760928854884683,0.9923319861159084,17.942853552289154,kvik-spectral,4000,3,43.3,
q1,,,,sim_none,0.0,0.006297229219143577,0.05667506297229219,1.0,False,1.0016512291027821,1.0141998043277372,,kvik-spectral,794,3,43.3,
q2,,,,sim_none,0.003667481662591687,0.008557457212713936,0.05134474327628362,1.0,False,0.928294530236707,0.9687935363015892,,kvik-spectral,818,3,43.3,
q3,,,,sim_none,0.0,0.009876543209876543,0.050617283950617285,1.0,False,0.9552134069027012,0.9228449798452248,,kvik-spectral,810,3,43.3,
q4,,,,sim_none,0.0038119440914866584,0.008894536213468869,0.04701397712833545,1.0,False,1.0019929433697239,0.998127315014099,,kvik-spectral,787,3,43.3,
q5,,,,sim_none,0.0012642225031605564,0.018963337547408345,0.056890012642225034,1.0,False,0.9780627111997479,1.0601132193956797,,kvik-spectral,791,3,43.3,
all,,,,sim_none,0.0015,0.01175,0.05275,,,0.9837861866091113,1.000303433579053,14.099526871596757,exact,4000,4,2.55,
q1,,,,sim_none,0.0,0.010075566750629723,0.05415617128463476,,,1.0648915443977458,1.0204845560071325,,exact,794,4,2.55,
q2,,,,sim_none,0.004889975550122249,0.01589242053789731,0.05745721271393643,,,0.8930780248823853,1.0297846602849132,,exact,818,4,2.55,
q3,,,,sim_none,0.0,0.008641975308641974,0.04814814814814815,,,0.847228689680975,0.9522969654826776,,exact,810,4,2.55,
q4,,,,sim_none,0.0025412960609911056,0.016518424396442185,0.05844980940279543,,,1.0263906374964933,1.0259623945338343,,exact,787,4,2.55,
q5,,,,sim_none,0.0,0.007585335018963337,0.045512010113780026,,,1.0961051805760527,0.9731886197147833,,exact,791,4,2.55,
all,0.998476764460656,0.006222085547568467,,sim_none,0.0015,0.01175,0.05225,,,0.9893639473443042,1.0009728366080943,14.081137173924384,bolt-inf,4000,4,8.79,
q1,0.998476764460656,0.006222085547568467,,sim_none,0.0,0.011335012594458438,0.055415617128463476,,,1.072438630945709,1.0248056981102804,,bolt-inf,794,4,8.79,
q2,0.998476764460656,0.006222085547568467,,sim_none,0.004889975550122249,0.01589242053789731,0.05623471882640587,,,0.8903943860424973,1.0281828196085696,,bolt-inf,818,4,8.79,
q3,0.998476764460656,0.006222085547568467,,sim_none,0.0,0.008641975308641974,0.04691358024691358,,,0.8501632356121732,0.9524463558276167,,bolt-inf,810,4,8.79,
q4,0.998476764460656,0.006222085547568467,,sim_none,0.0025412960609911056,0.016518424396442185,0.05590851334180432,,,1.0450473596558052,1.0241121646117075,,bolt-inf,787,4,8.79,
q5,0.998476764460656,0.006222085547568467,,sim_none,0.0,0.006321112515802781,0.04677623261694058,,,1.098299227367487,0.9755805991444007,,bolt-inf,791,4,8.79,
all,1.009434735045573,0.004451083739331635,,sim_none,0.0015,0.01175,0.05175,,,0.9861631439860814,0.9969638338141208,14.133877461088485,bolt-inf-spectral,4000,4,9.12,
q1,1.009434735045573,0.004451083739331635,,sim_none,0.0,0.011335012594458438,0.05289672544080604,,,1.0678378682933072,1.0206627682361935,,bolt-inf-spectral,794,4,9.12,
q2,1.009434735045573,0.004451083739331635,,sim_none,0.004889975550122249,0.01589242053789731,0.05623471882640587,,,0.8867419648271303,1.0240145491097248,,bolt-inf-spectral,818,4,9.12,
q3,1.009434735045573,0.004451083739331635,,sim_none,0.0,0.008641975308641974,0.04691358024691358,,,0.8459954385612556,0.9484923202083095,,bolt-inf-spectral,810,4,9.12,
q4,1.009434735045573,0.004451083739331635,,sim_none,0.0025412960609911056,0.016518424396442185,0.05590851334180432,,,1.040268382778013,1.0200565294940953,,bolt-inf-spectral,787,4,9.12,
q5,1.009434735045573,0.004451083739331635,,sim_none,0.0,0.006321112515802781,0.04677623261694058,,,1.0946103352241607,0.9718608445317408,,bolt-inf-spectral,791,4,9.12,
all,0.9915991003073681,0.006222085547568467,median (LD scores uninformative),sim_none,0.0015,0.0125,0.05325,,,1.0251303359758484,1.0190518252302923,14.091260228306325,bolt,4000,4,11.89,True
q1,0.9915991003073681,0.006222085547568467,median (LD scores uninformative),sim_none,0.0,0.011335012594458438,0.061712846347607056,,,1.0381574107230527,1.0494650029187398,,bolt,794,4,11.89,True
q2,0.9915991003073681,0.006222085547568467,median (LD scores uninformative),sim_none,0.003667481662591687,0.018337408312958436,0.0550122249388753,,,0.9937099760151713,1.041196699053119,,bolt,818,4,11.89,True
q3,0.9915991003073681,0.006222085547568467,median (LD scores uninformative),sim_none,0.0012345679012345679,0.008641975308641974,0.04814814814814815,,,0.9246844361019776,0.9631484613615878,,bolt,810,4,11.89,True
q4,0.9915991003073681,0.006222085547568467,median (LD scores uninformative),sim_none,0.0025412960609911056,0.017789072426937738,0.05844980940279543,,,1.0461191680014335,1.0455003833952445,,bolt,787,4,11.89,True
q5,0.9915991003073681,0.006222085547568467,median (LD scores uninformative),sim_none,0.0,0.006321112515802781,0.04298356510745891,,,1.095389866038328,0.9965538980319782,,bolt,791,4,11.89,True
all,0.9926829523003294,0.004451083739331635,median (LD scores uninformative),sim_none,0.00125,0.0125,0.0525,,,1.0207996123605316,1.0138606095483056,14.127321118946503,bolt-spectral,4000,4,12.2,True
q1,0.9926829523003294,0.004451083739331635,median (LD scores uninformative),sim_none,0.0,0.011335012594458438,0.061712846347607056,,,1.032101024863458,1.0440741129540387,,bolt-spectral,794,4,12.2,True
q2,0.9926829523003294,0.004451083739331635,median (LD scores uninformative),sim_none,0.0024449877750611247,0.018337408312958436,0.05378973105134474,,,0.9901441670676044,1.0358341160807805,,bolt-spectral,818,4,12.2,True
q3,0.9926829523003294,0.004451083739331635,median (LD scores uninformative),sim_none,0.0012345679012345679,0.008641975308641974,0.04567901234567901,,,0.9199902860231725,0.9580852104199121,,bolt-spectral,810,4,12.2,True
q4,0.9926829523003294,0.004451083739331635,median (LD scores uninformative),sim_none,0.0025412960609911056,0.017789072426937738,0.05844980940279543,,,1.0399280304690979,1.040241312160519,,bolt-spectral,787,4,12.2,True
q5,0.9926829523003294,0.004451083739331635,median (LD scores uninformative),sim_none,0.0,0.006321112515802781,0.04298356510745891,,,1.090571870693656,0.9916768046057903,,bolt-spectral,791,4,12.2,True
all,,,,sim_none,0.00175,0.01275,0.05225,1.0,False,1.0243480151206585,1.015859980567059,13.493187177967636,kvik,4000,4,43.03,
q1,,,,sim_none,0.0,0.012594458438287154,0.05919395465994962,1.0,False,1.0700858131700732,1.0411837855174442,,kvik,794,4,43.03,
q2,,,,sim_none,0.003667481662591687,0.019559902200488997,0.05256723716381418,1.0,False,0.9472858497296321,1.0405133218168523,,kvik,818,4,43.03,
q3,,,,sim_none,0.0012345679012345679,0.008641975308641974,0.04567901234567901,1.0,False,0.9342777124279983,0.9600942273921139,,kvik,810,4,43.03,
q4,,,,sim_none,0.0025412960609911056,0.016518424396442185,0.060991105463786534,1.0,False,1.0442472818016046,1.0423208450460513,,kvik,787,4,43.03,
q5,,,,sim_none,0.0012642225031605564,0.006321112515802781,0.04298356510745891,1.0,False,1.177574288964625,0.9957234767159863,,kvik,791,4,43.03,
all,,,,sim_none,0.00175,0.01275,0.05225,1.0,False,1.0243480151206585,1.015859980567059,13.493187177967636,kvik-spectral,4000,4,46.4,
q1,,,,sim_none,0.0,0.012594458438287154,0.05919395465994962,1.0,False,1.0700858131700732,1.0411837855174442,,kvik-spectral,794,4,46.4,
q2,,,,sim_none,0.003667481662591687,0.019559902200488997,0.05256723716381418,1.0,False,0.9472858497296321,1.0405133218168523,,kvik-spectral,818,4,46.4,
q3,,,,sim_none,0.0012345679012345679,0.008641975308641974,0.04567901234567901,1.0,False,0.9342777124279983,0.9600942273921139,,kvik-spectral,810,4,46.4,
q4,,,,sim_none,0.0025412960609911056,0.016518424396442185,0.060991105463786534,1.0,False,1.0442472818016046,1.0423208450460513,,kvik-spectral,787,4,46.4,
q5,,,,sim_none,0.0012642225031605564,0.006321112515802781,0.04298356510745891,1.0,False,1.177574288964625,0.9957234767159863,,kvik-spectral,791,4,46.4,
all,,,,sim_none,0.0005,0.01025,0.04525,,,0.9762711941800719,0.9692174469815957,14.486481097782399,exact,4000,5,2.62,
q1,,,,sim_none,0.0,0.005037783375314861,0.036523929471032744,,,0.8478721693729371,0.9099301037987707,,exact,794,5,2.62,
q2,,,,sim_none,0.0012224938875305623,0.011002444987775062,0.03300733496332518,,,0.9646728988936815,0.9055265031055484,,exact,818,5,2.62,
q3,,,,sim_none,0.0,0.011111111111111112,0.05555555555555555,,,1.0186053412179636,0.9897134853887314,,exact,810,5,2.62,
q4,,,,sim_none,0.0,0.012706480304955527,0.053367217280813214,,,1.021099241119601,1.0396498812148227,,exact,787,5,2.62,
q5,,,,sim_none,0.0012642225031605564,0.011378002528445006,0.04804045512010114,,,1.0212132071419853,1.0035299953083212,,exact,791,5,2.62,
all,1.0000009996636399,7.651915988793446e-07,,sim_none,0.0005,0.01,0.04525,,,0.9566660812244184,0.9668108935363446,14.386196343113639,bolt-inf,4000,5,8.77,
q1,1.0000009996636399,7.651915988793446e-07,,sim_none,0.0,0.006297229219143577,0.03904282115869018,,,0.8557114960461991,0.911786448389535,,bolt-inf,794,5,8.77,
q2,1.0000009996636399,7.651915988793446e-07,,sim_none,0.0012224938875305623,0.008557457212713936,0.03300733496332518,,,0.9640643701488752,0.9008856198700328,,bolt-inf,818,5,8.77,
q3,1.0000009996636399,7.651915988793446e-07,,sim_none,0.0,0.009876543209876543,0.04938271604938271,,,0.986394737908524,0.9786668864662295,,bolt-inf,810,5,8.77,
q4,1.0000009996636399,7.651915988793446e-07,,sim_none,0.0,0.01397712833545108,0.05590851334180432,,,0.9827803478187844,1.039690789432371,,bolt-inf,787,5,8.77,
q5,1.0000009996636399,7.651915988793446e-07,,sim_none,0.0012642225031605564,0.011378002528445006,0.0493046776232617,,,0.9983350820693138,1.0055674687098344,,bolt-inf,791,5,8.77,
all,0.9999999515425063,4.965279265137525e-07,,sim_none,0.0005,0.01,0.04525,,,0.9566651714069374,0.966809804038233,14.38620416135625,bolt-inf-spectral,4000,5,9.7,
q1,0.9999999515425063,4.965279265137525e-07,,sim_none,0.0,0.006297229219143577,0.03904282115869018,,,0.8557106091172793,0.9117853977850982,,bolt-inf-spectral,794,5,9.7,
q2,0.9999999515425063,4.965279265137525e-07,,sim_none,0.0012224938875305623,0.008557457212713936,0.03300733496332518,,,0.9640634553929115,0.9008845945332044,,bolt-inf-spectral,818,5,9.7,
q3,0.9999999515425063,4.965279265137525e-07,,sim_none,0.0,0.009876543209876543,0.04938271604938271,,,0.9863936182537633,0.9786657746765354,,bolt-inf-spectral,810,5,9.7,
q4,0.9999999515425063,4.965279265137525e-07,,sim_none,0.0,0.01397712833545108,0.05590851334180432,,,0.9827791390358909,1.0396896319766589,,bolt-inf-spectral,787,5,9.7,
q5,0.9999999515425063,4.965279265137525e-07,,sim_none,0.0012642225031605564,0.011378002528445006,0.0493046776232617,,,0.9983337262586157,1.0055663642601504,,bolt-inf-spectral,791,5,9.7,
all,,7.651915988793446e-07,,sim_none,0.0005,0.01,0.04525,,,0.9566660812244184,0.9668108935363446,14.386196343113639,bolt,4000,5,9.81,False
q1,,7.651915988793446e-07,,sim_none,0.0,0.006297229219143577,0.03904282115869018,,,0.8557114960461991,0.911786448389535,,bolt,794,5,9.81,False
q2,,7.651915988793446e-07,,sim_none,0.0012224938875305623,0.008557457212713936,0.03300733496332518,,,0.9640643701488752,0.9008856198700328,,bolt,818,5,9.81,False
q3,,7.651915988793446e-07,,sim_none,0.0,0.009876543209876543,0.04938271604938271,,,0.986394737908524,0.9786668864662295,,bolt,810,5,9.81,False
q4,,7.651915988793446e-07,,sim_none,0.0,0.01397712833545108,0.05590851334180432,,,0.9827803478187844,1.039690789432371,,bolt,787,5,9.81,False
q5,,7.651915988793446e-07,,sim_none,0.0012642225031605564,0.011378002528445006,0.0493046776232617,,,0.9983350820693138,1.0055674687098344,,bolt,791,5,9.81,False
all,,4.965279265137525e-07,,sim_none,0.0005,0.01,0.04525,,,0.9566651714069374,0.966809804038233,14.38620416135625,bolt-spectral,4000,5,10.57,False
q1,,4.965279265137525e-07,,sim_none,0.0,0.006297229219143577,0.03904282115869018,,,0.8557106091172793,0.9117853977850982,,bolt-spectral,794,5,10.57,False
q2,,4.965279265137525e-07,,sim_none,0.0012224938875305623,0.008557457212713936,0.03300733496332518,,,0.9640634553929115,0.9008845945332044,,bolt-spectral,818,5,10.57,False
q3,,4.965279265137525e-07,,sim_none,0.0,0.009876543209876543,0.04938271604938271,,,0.9863936182537633,0.9786657746765354,,bolt-spectral,810,5,10.57,False
q4,,4.965279265137525e-07,,sim_none,0.0,0.01397712833545108,0.05590851334180432,,,0.9827791390358909,1.0396896319766589,,bolt-spectral,787,5,10.57,False
q5,,4.965279265137525e-07,,sim_none,0.0012642225031605564,0.011378002528445006,0.0493046776232617,,,0.9983337262586157,1.0055663642601504,,bolt-spectral,791,5,10.57,False
all,,,,sim_none,0.0005,0.01,0.04525,1.0,False,0.9566750542802042,0.9668118689802484,14.386207559719903,kvik,4000,5,45.35,
q1,,,,sim_none,0.0,0.006297229219143577,0.03904282115869018,1.0,False,0.8557004454137894,0.9117875184280564,,kvik,794,5,45.35,
q2,,,,sim_none,0.0012224938875305623,0.008557457212713936,0.03300733496332518,1.0,False,0.9640706206465675,0.900886489644904,,kvik,818,5,45.35,
q3,,,,sim_none,0.0,0.009876543209876543,0.04938271604938271,1.0,False,0.9863992868862561,0.9786677011883476,,kvik,810,5,45.35,
q4,,,,sim_none,0.0,0.01397712833545108,0.05590851334180432,1.0,False,0.982785655389596,1.039691932501463,,kvik,787,5,45.35,
q5,,,,sim_none,0.0012642225031605564,0.011378002528445006,0.0493046776232617,1.0,False,0.9983434835274873,1.0055684562811282,,kvik,791,5,45.35,
all,,,,sim_none,0.0005,0.01,0.04525,1.0,False,0.9566750542802042,0.9668118689802484,14.386207559719903,kvik-spectral,4000,5,53.46,
q1,,,,sim_none,0.0,0.006297229219143577,0.03904282115869018,1.0,False,0.8557004454137894,0.9117875184280564,,kvik-spectral,794,5,53.46,
q2,,,,sim_none,0.0012224938875305623,0.008557457212713936,0.03300733496332518,1.0,False,0.9640706206465675,0.900886489644904,,kvik-spectral,818,5,53.46,
q3,,,,sim_none,0.0,0.009876543209876543,0.04938271604938271,1.0,False,0.9863992868862561,0.9786677011883476,,kvik-spectral,810,5,53.46,
q4,,,,sim_none,0.0,0.01397712833545108,0.05590851334180432,1.0,False,0.982785655389596,1.039691932501463,,kvik-spectral,787,5,53.46,
q5,,,,sim_none,0.0012642225031605564,0.011378002528445006,0.0493046776232617,1.0,False,0.9983434835274873,1.0055684562811282,,kvik-spectral,791,5,53.46,
all,,,,sim_none,0.0005,0.00775,0.047,,,1.0086463473763736,0.9839272644593174,14.578482207269385,exact,4000,6,3.42,
q1,,,,sim_none,0.0,0.005037783375314861,0.04534005037783375,,,0.8869943747332439,0.8844511768510557,,exact,794,6,3.42,
q2,,,,sim_none,0.0,0.011002444987775062,0.05990220048899755,,,1.2319672746769363,1.1173902517758298,,exact,818,6,3.42,
q3,,,,sim_none,0.0012345679012345679,0.007407407407407408,0.04691358024691358,,,0.9708506152567795,0.952908513916415,,exact,810,6,3.42,
q4,,,,sim_none,0.0,0.0063532401524777635,0.03939008894536213,,,1.0226740796401963,0.96358114225991,,exact,787,6,3.42,
q5,,,,sim_none,0.0012642225031605564,0.008849557522123894,0.04298356510745891,,,0.9738197068110107,0.9977690799419188,,exact,791,6,3.42,
all,0.9976762488536723,0.006949475378286111,,sim_none,0.00025,0.008,0.04725,,,1.0127842538794254,0.9890185016747015,14.46769775143891,bolt-inf,4000,6,12.16,
q1,0.9976762488536723,0.006949475378286111,,sim_none,0.0,0.005037783375314861,0.04408060453400504,,,0.9131978853095293,0.8882030707643431,,bolt-inf,794,6,12.16,
q2,0.9976762488536723,0.006949475378286111,,sim_none,0.0,0.011002444987775062,0.06356968215158924,,,1.2387473610280721,1.1218109258480675,,bolt-inf,818,6,12.16,
q3,0.9976762488536723,0.006949475378286111,,sim_none,0.0,0.007407407407407408,0.04567901234567901,,,0.9996955829240018,0.9595654844011366,,bolt-inf,810,6,12.16,
q4,0.9976762488536723,0.006949475378286111,,sim_none,0.0,0.007623888182973317,0.04066073697585769,,,1.0560537386275677,0.9724281141146086,,bolt-inf,787,6,12.16,
q5,0.9976762488536723,0.006949475378286111,,sim_none,0.0012642225031605564,0.008849557522123894,0.041719342604298354,,,0.942995939864276,0.999558107452694,,bolt-inf,791,6,12.16,
all,1.0109734498551066,0.004874110705336409,,sim_none,0.00025,0.00775,0.0455,,,1.0050231080296297,0.9812063352485944,14.51111220204453,bolt-inf-spectral,4000,6,13.59,
q1,1.0109734498551066,0.004874110705336409,,sim_none,0.0,0.005037783375314861,0.042821158690176324,,,0.9067655199075694,0.8810505092888687,,bolt-inf-spectral,794,6,13.59,
q2,1.0109734498551066,0.004874110705336409,,sim_none,0.0,0.011002444987775062,0.05867970660146699,,,1.2288930631804909,1.1128923027962896,,bolt-inf-spectral,818,6,13.59,
q3,1.0109734498551066,0.004874110705336409,,sim_none,0.0,0.006172839506172839,0.04567901234567901,,,0.9913242012205282,0.9519231864457299,,bolt-inf-spectral,810,6,13.59,
q4,1.0109734498551066,0.004874110705336409,,sim_none,0.0,0.007623888182973317,0.03811944091486658,,,1.0479771201783852,0.9647549355841369,,bolt-inf-spectral,787,6,13.59,
q5,1.0109734498551066,0.004874110705336409,,sim_none,0.0012642225031605564,0.008849557522123894,0.041719342604298354,,,0.9348286483143847,0.9919158250390558,,bolt-inf-spectral,791,6,13.59,
all,1.006203327847767,0.006949475378286111,median (LD scores uninformative),sim_none,0.00025,0.00775,0.04425,,,1.0270605828536006,0.9831430857135774,14.46948127777444,bolt,4000,6,15.99,True
q1,1.006203327847767,0.006949475378286111,median (LD scores uninformative),sim_none,0.0,0.003778337531486146,0.036523929471032744,,,0.8971312490190219,0.8808737606153687,,bolt,794,6,15.99,True
q2,1.006203327847767,0.006949475378286111,median (LD scores uninformative),sim_none,0.0012224938875305623,0.009779951100244499,0.06356968215158924,,,1.2178142144207338,1.1352523925314144,,bolt,818,6,15.99,True
q3,1.006203327847767,0.006949475378286111,median (LD scores uninformative),sim_none,0.0,0.006172839506172839,0.03950617283950617,,,0.9670574632157115,0.9482224983537844,,bolt,810,6,15.99,True
q4,1.006203327847767,0.006949475378286111,median (LD scores uninformative),sim_none,0.0,0.008894536213468869,0.04193138500635324,,,1.0751078257393978,0.9776741764005712,,bolt,787,6,15.99,True
q5,1.006203327847767,0.006949475378286111,median (LD scores uninformative),sim_none,0.0,0.010113780025284451,0.039190897597977246,,,1.0239998329555156,0.9696995187625729,,bolt,791,6,15.99,True
all,1.006148119106698,0.004874110705336409,median (LD scores uninformative),sim_none,0.00025,0.0075,0.04375,,,1.018337461031054,0.9754304069402048,14.513144544780648,bolt-spectral,4000,6,16.49,True
q1,1.006148119106698,0.004874110705336409,median (LD scores uninformative),sim_none,0.0,0.0025188916876574307,0.03526448362720403,,,0.8892684496286795,0.8738395391713143,,bolt-spectral,794,6,16.49,True
q2,1.006148119106698,0.004874110705336409,median (LD scores uninformative),sim_none,0.0012224938875305623,0.009779951100244499,0.06356968215158924,,,1.2080911533166683,1.1262864050235752,,bolt-spectral,818,6,16.49,True
q3,1.006148119106698,0.004874110705336409,median (LD scores uninformative),sim_none,0.0,0.006172839506172839,0.03950617283950617,,,0.9598267690648753,0.9407300829703442,,bolt-spectral,810,6,16.49,True
q4,1.006148119106698,0.004874110705336409,median (LD scores uninformative),sim_none,0.0,0.008894536213468869,0.04066073697585769,,,1.0666965983925278,0.9700058770998946,,bolt-spectral,787,6,16.49,True
q5,1.006148119106698,0.004874110705336409,median (LD scores uninformative),sim_none,0.0,0.010113780025284451,0.039190897597977246,,,1.0147408911629272,0.9623321894638621,,bolt-spectral,791,6,16.49,True
all,,,,sim_none,0.00075,0.008,0.04575,1.0,False,1.0369300995299207,0.989540351330782,14.02740675243938,kvik,4000,6,61.35,
q1,,,,sim_none,0.0,0.003778337531486146,0.04030226700251889,1.0,False,0.9210976667149082,0.8912316745788065,,kvik,794,6,61.35,
q2,,,,sim_none,0.0024449877750611247,0.009779951100244499,0.06601466992665037,1.0,False,1.270956009400276,1.14645490800563,,kvik,818,6,61.35,
q3,,,,sim_none,0.0012345679012345679,0.006172839506172839,0.04197530864197531,1.0,False,1.0034569299978693,0.9558966205395196,,kvik,810,6,61.35,
q4,,,,sim_none,0.0,0.010165184243964422,0.03811944091486658,1.0,False,1.0654154192827694,0.9904669189844645,,kvik,787,6,61.35,
q5,,,,sim_none,0.0,0.010113780025284451,0.041719342604298354,1.0,False,1.0539688488479415,0.9594811796222068,,kvik,791,6,61.35,
all,,,,sim_none,0.00075,0.008,0.04575,1.0,False,1.0369300995299207,0.989540351330782,14.02740675243938,kvik-spectral,4000,6,65.83,
q1,,,,sim_none,0.0,0.003778337531486146,0.04030226700251889,1.0,False,0.9210976667149082,0.8912316745788065,,kvik-spectral,794,6,65.83,
q2,,,,sim_none,0.0024449877750611247,0.009779951100244499,0.06601466992665037,1.0,False,1.270956009400276,1.14645490800563,,kvik-spectral,818,6,65.83,
q3,,,,sim_none,0.0012345679012345679,0.006172839506172839,0.04197530864197531,1.0,False,1.0034569299978693,0.9558966205395196,,kvik-spectral,810,6,65.83,
q4,,,,sim_none,0.0,0.010165184243964422,0.03811944091486658,1.0,False,1.0654154192827694,0.9904669189844645,,kvik-spectral,787,6,65.83,
q5,,,,sim_none,0.0,0.010113780025284451,0.041719342604298354,1.0,False,1.0539688488479415,0.9594811796222068,,kvik-spectral,791,6,65.83,
all,,,,sim_strong,0.00025,0.01025,0.04775,,,0.976554248073935,0.9753192236272978,12.392952957954643,exact,4000,1,3.11,
q1,,,,sim_strong,0.0,0.004866180048661801,0.0364963503649635,,,0.9741761100906511,0.9431356563072497,,exact,822,1,3.11,
q2,,,,sim_strong,0.0,0.010882708585247884,0.056831922611850064,,,1.0425073610284872,1.0171626103645277,,exact,827,1,3.11,
q3,,,,sim_strong,0.0012330456226880395,0.016029593094944512,0.05055487053020962,,,1.0250468093913674,0.9902968933199046,,exact,811,1,3.11,
q4,,,,sim_strong,0.0,0.014230271668822769,0.0517464424320828,,,1.050412971816857,1.0143963426556344,,exact,773,1,3.11,
q5,,,,sim_strong,0.0,0.005215123859191656,0.04302477183833116,,,0.8326286234672426,0.9094742541041972,,exact,767,1,3.11,
all,0.7027577022524848,0.20124947668984397,,sim_strong,0.0005,0.01225,0.05425,,,0.962808310086867,1.0087613325217986,13.029101999043457,bolt-inf,4000,1,11.13,
q1,0.7027577022524848,0.20124947668984397,,sim_strong,0.0,0.0170316301703163,0.08029197080291971,,,1.30310218939637,1.2341700101964217,,bolt-inf,822,1,11.13,
q2,0.7027577022524848,0.20124947668984397,,sim_strong,0.0012091898428053204,0.016928657799274487,0.07496977025392987,,,1.2246817777962926,1.1904013312916637,,bolt-inf,827,1,11.13,
q3,0.7027577022524848,0.20124947668984397,,sim_strong,0.0012330456226880395,0.01726263871763255,0.05672009864364982,,,1.0434381117647744,1.0404993341028788,,bolt-inf,811,1,11.13,
q4,0.7027577022524848,0.20124947668984397,,sim_strong,0.0,0.009055627425614488,0.04657179818887452,,,0.9450195524474035,0.9270562324874956,,bolt-inf,773,1,11.13,
q5,0.7027577022524848,0.20124947668984397,,sim_strong,0.0,0.0,0.009126466753585397,,,0.5463348798331868,0.6201254929038608,,bolt-inf,767,1,11.13,
all,1.0036428190261173,0.0023495897852712166,,sim_strong,0.00025,0.01,0.0475,,,0.9817158389433568,0.9709465840383479,12.40922653864494,bolt-inf-spectral,4000,1,13.13,
q1,1.0036428190261173,0.0023495897852712166,,sim_strong,0.0,0.006082725060827251,0.037712895377128956,,,0.9992479850086475,0.9373207625806034,,bolt-inf-spectral,822,1,13.13,
q2,1.0036428190261173,0.0023495897852712166,,sim_strong,0.0,0.012091898428053204,0.0592503022974607,,,1.0531645986350653,1.0156795487193913,,bolt-inf-spectral,827,1,13.13,
q3,1.0036428190261173,0.0023495897852712166,,sim_strong,0.0012330456226880395,0.014796547472256474,0.04932182490752158,,,0.9938922456950303,0.9855056489997355,,bolt-inf-spectral,811,1,13.13,
q4,1.0036428190261173,0.0023495897852712166,,sim_strong,0.0,0.01164294954721863,0.04915912031047866,,,1.0357286723327852,1.0094038253494617,,bolt-inf-spectral,773,1,13.13,
q5,1.0036428190261173,0.0023495897852712166,,sim_strong,0.0,0.005215123859191656,0.041720990873533245,,,0.8527123591070909,0.9045990145857624,,bolt-inf-spectral,767,1,13.13,
all,0.7127880565732534,0.20124947668984397,ldsc,sim_strong,0.00125,0.012,0.05625,,,0.9587975437065108,1.0141551311485222,13.107177017139673,bolt,4000,1,34.77,True
q1,0.7127880565732534,0.20124947668984397,ldsc,sim_strong,0.0012165450121654502,0.021897810218978103,0.07907542579075426,,,1.3397459972264454,1.2454912836837921,,bolt,822,1,34.77,True
q2,0.7127880565732534,0.20124947668984397,ldsc,sim_strong,0.0036275695284159614,0.016928657799274487,0.07859733978234583,,,1.2111034261889662,1.1940081126642408,,bolt,827,1,34.77,True
q3,0.7127880565732534,0.20124947668984397,ldsc,sim_strong,0.0012330456226880395,0.014796547472256474,0.05672009864364982,,,0.9591389488993894,1.0340597699497103,,bolt,811,1,34.77,True
q4,0.7127880565732534,0.20124947668984397,ldsc,sim_strong,0.0,0.00517464424320828,0.047865459249676584,,,0.8870153333368239,0.9286734310813903,,bolt,773,1,34.77,True
q5,0.7127880565732534,0.20124947668984397,ldsc,sim_strong,0.0,0.0,0.01564537157757497,,,0.6303966107555038,0.6374119225261471,,bolt,767,1,34.77,True
all,0.7120247492568005,0.0023495897852712166,ldsc,sim_strong,0.0,0.009,0.0485,,,0.9756482681097572,0.978307706246881,12.450909763083136,bolt-spectral,4000,1,33.1,True
q1,0.7120247492568005,0.0023495897852712166,ldsc,sim_strong,0.0,0.0024330900243309003,0.045012165450121655,,,0.994715256148576,0.9466788779419576,,bolt-spectral,822,1,33.1,True
q2,0.7120247492568005,0.0023495897852712166,ldsc,sim_strong,0.0,0.009673518742442563,0.05562273276904474,,,1.0315596213054923,1.020626534758848,,bolt-spectral,827,1,33.1,True
q3,0.7120247492568005,0.0023495897852712166,ldsc,sim_strong,0.0,0.013563501849568433,0.05055487053020962,,,0.9117128487232141,0.980852297425778,,bolt-spectral,811,1,33.1,True
q4,0.7120247492568005,0.0023495897852712166,ldsc,sim_strong,0.0,0.014230271668822769,0.0517464424320828,,,0.97584466950978,1.012124196375041,,bolt-spectral,773,1,33.1,True
q5,0.7120247492568005,0.0023495897852712166,ldsc,sim_strong,0.0,0.005215123859191656,0.03911342894393742,,,0.9549084804400998,0.9298036845677383,,bolt-spectral,767,1,33.1,True
all,,0.20169788176448122,,sim_strong,0.00025,0.01075,0.04975,1.3361597801119975,True,0.9169250459573949,0.9486914963371578,12.288231742749284,kvik,4000,1,67.12,
q1,,0.20169788176448122,,sim_strong,0.0,0.0170316301703163,0.07542579075425791,1.3361597801119975,True,1.2426970943775382,1.1820213368161092,,kvik,822,1,67.12,
q2,,0.20169788176448122,,sim_strong,0.0,0.013301088270858524,0.06771463119709795,1.3361597801119975,True,1.183243627424118,1.1181218528099661,,kvik,827,1,67.12,
q3,,0.20169788176448122,,sim_strong,0.0012330456226880395,0.016029593094944512,0.055487053020961775,1.3361597801119975,True,0.9502030631829517,0.9784448983816161,,kvik,811,1,67.12,
q4,,0.20169788176448122,,sim_strong,0.0,0.00646830530401035,0.03622250970245795,1.3361597801119975,True,0.7795387865515984,0.863612902768078,,kvik,773,1,67.12,
q5,,0.20169788176448122,,sim_strong,0.0,0.0,0.010430247718383311,1.3361597801119975,True,0.568217487393937,0.5702295799018676,,kvik,767,1,67.12,
all,,0.002615896875611696,,sim_strong,0.00025,0.01075,0.053,1.3387537920976287,True,1.0076142805462653,0.9979760915007747,12.87674902485126,kvik-spectral,4000,1,62.42,
q1,,0.002615896875611696,,sim_strong,0.0,0.006082725060827251,0.046228710462287104,1.3387537920976287,True,1.0532981356053563,0.9837915450717981,,kvik-spectral,822,1,62.42,
q2,,0.002615896875611696,,sim_strong,0.0,0.009673518742442563,0.06408706166868199,1.3387537920976287,True,1.1137415204062997,1.0457407851845457,,kvik-spectral,827,1,62.42,
q3,,0.002615896875611696,,sim_strong,0.0012330456226880395,0.018495684340320593,0.05795314426633785,1.3387537920976287,True,0.9870723372010298,1.0165346904086592,,kvik-spectral,811,1,62.42,
q4,,0.002615896875611696,,sim_strong,0.0,0.014230271668822769,0.056921086675291076,1.3387537920976287,True,0.957624617038092,1.0310516319978502,,kvik-spectral,773,1,62.42,
q5,,0.002615896875611696,,sim_strong,0.0,0.005215123859191656,0.03911342894393742,1.3387537920976287,True,0.9436194858245438,0.9087190888535861,,kvik-spectral,767,1,62.42,
all,,,,sim_strong,0.0005,0.012,0.05125,,,0.9688864497847505,0.9943092795548928,9.03686429193019,exact,4000,2,2.31,
q1,,,,sim_strong,0.0,0.015815085158150853,0.057177615571776155,,,1.0694043888038385,1.0447724192145083,,exact,822,2,2.31,
q2,,,,sim_strong,0.0,0.012091898428053204,0.06650544135429262,,,0.9116222016282411,1.0677468986313792,,exact,827,2,2.31,
q3,,,,sim_strong,0.002466091245376079,0.012330456226880395,0.04562268803945746,,,1.042356869396638,0.9910189776668763,,exact,811,2,2.31,
q4,,,,sim_strong,0.0,0.007761966364812419,0.040103492884864166,,,0.8163303584514522,0.8980445841297979,,exact,773,2,2.31,
q5,,,,sim_strong,0.0,0.011734028683181226,0.04563233376792699,,,0.9607338560529627,0.961541916606159,,exact,767,2,2.31,
all,0.7769036155938512,0.19469830746594585,,sim_strong,0.0015,0.0115,0.043,,,0.8695363787170823,0.93309350112996,8.287568094923698,bolt-inf,4000,2,8.65,
q1,0.7769036155938512,0.19469830746594585,,sim_strong,0.004866180048661801,0.024330900243309004,0.07420924574209246,,,1.2674982904911622,1.2350255864168995,,bolt-inf,822,2,8.65,
q2,0.7769036155938512,0.19469830746594585,,sim_strong,0.0,0.016928657799274487,0.06771463119709795,,,0.9846836886126951,1.1277270059925981,,bolt-inf,827,2,8.65,
q3,0.7769036155938512,0.19469830746594585,,sim_strong,0.002466091245376079,0.011097410604192354,0.03822441430332922,,,0.9765583382082738,0.938368417316778,,bolt-inf,811,2,8.65,
q4,0.7769036155938512,0.19469830746594585,,sim_strong,0.0,0.00258732212160414,0.02199223803363519,,,0.6870787910298038,0.7416165228384464,,bolt-inf,773,2,8.65,
q5,0.7769036155938512,0.19469830746594585,,sim_strong,0.0,0.001303780964797914,0.009126466753585397,,,0.5473078967837363,0.5870487352428212,,bolt-inf,767,2,8.65,
all,1.0170102567580757,0.003623982030868316,,sim_strong,0.0005,0.01225,0.05025,,,0.9713171846970813,0.9937026923531138,9.10925112464093,bolt-inf-spectral,4000,2,9.09,
q1,1.0170102567580757,0.003623982030868316,,sim_strong,0.0,0.015815085158150853,0.057177615571776155,,,1.0652315046532534,1.0432321035257888,,bolt-inf-spectral,822,2,9.09,
q2,1.0170102567580757,0.003623982030868316,,sim_strong,0.0,0.012091898428053204,0.06408706166868199,,,0.9385490862288881,1.067040856825646,,bolt-inf-spectral,827,2,9.09,
q3,1.0170102567580757,0.003623982030868316,,sim_strong,0.002466091245376079,0.013563501849568433,0.04438964241676942,,,1.0385803124040889,0.9906082792821407,,bolt-inf-spectral,811,2,9.09,
q4,1.0170102567580757,0.003623982030868316,,sim_strong,0.0,0.007761966364812419,0.03880983182406209,,,0.8291954640294592,0.8976446670265431,,bolt-inf-spectral,773,2,9.09,
q5,1.0170102567580757,0.003623982030868316,,sim_strong,0.0,0.011734028683181226,0.04563233376792699,,,0.9504921380255741,0.9616278352152726,,bolt-inf-spectral,767,2,9.09,
all,0.777265990446793,0.19469830746594585,ldsc,sim_strong,0.0015,0.01175,0.042,,,0.8560037814408427,0.9347065224824749,8.178273155884082,bolt,4000,2,37.51,True
q1,0.777265990446793,0.19469830746594585,ldsc,sim_strong,0.004866180048661801,0.025547445255474453,0.07177615571776155,,,1.2556285362189268,1.2268532135066041,,bolt,822,2,37.51,True
q2,0.777265990446793,0.19469830746594585,ldsc,sim_strong,0.0,0.015719467956469165,0.06650544135429262,,,1.0440704901762439,1.1326056411925232,,bolt,827,2,37.51,True
q3,0.777265990446793,0.19469830746594585,ldsc,sim_strong,0.002466091245376079,0.011097410604192354,0.035758323057953144,,,0.9163223488866042,0.9391838716628825,,bolt,811,2,37.51,True
q4,0.777265990446793,0.19469830746594585,ldsc,sim_strong,0.0,0.0038809831824062097,0.02328589909443726,,,0.6701876001549336,0.7463637498289534,,bolt,773,2,37.51,True
q5,0.777265990446793,0.19469830746594585,ldsc,sim_strong,0.0,0.001303780964797914,0.009126466753585397,,,0.600770944526937,0.5933123658733713,,bolt,767,2,37.51,True
all,0.7767967828652598,0.003623982030868316,ldsc,sim_strong,0.0005,0.01175,0.04925,,,0.9743025679692976,0.9971908839237519,9.061246789075161,bolt-spectral,4000,2,38.72,True
q1,0.7767967828652598,0.003623982030868316,ldsc,sim_strong,0.0,0.015815085158150853,0.057177615571776155,,,1.0648205816291119,1.0368721946975794,,bolt-spectral,822,2,38.72,True
q2,0.7767967828652598,0.003623982030868316,ldsc,sim_strong,0.0,0.013301088270858524,0.06287787182587666,,,0.9809323138706608,1.0724472141342676,,bolt-spectral,827,2,38.72,True
q3,0.7767967828652598,0.003623982030868316,ldsc,sim_strong,0.002466091245376079,0.012330456226880395,0.03945745992601726,,,0.9934527525052671,0.9921479710711777,,bolt-spectral,811,2,38.72,True
q4,0.7767967828652598,0.003623982030868316,ldsc,sim_strong,0.0,0.007761966364812419,0.040103492884864166,,,0.8206736266941365,0.9038337233122569,,bolt-spectral,773,2,38.72,True
q5,0.7767967828652598,0.003623982030868316,ldsc,sim_strong,0.0,0.009126466753585397,0.04563233376792699,,,0.9932590013373107,0.972940381884561,,bolt-spectral,767,2,38.72,True
all,,0.2325077068997726,,sim_strong,0.0035,0.01875,0.06,1.5085256274731138,True,1.025697845316772,1.105949635129928,8.726022860701779,kvik,4000,2,78.35,
q1,,0.2325077068997726,,sim_strong,0.0072992700729927005,0.0340632603406326,0.09124087591240876,1.5085256274731138,True,1.4216629273598258,1.4297529191562108,,kvik,822,2,78.35,
q2,,0.2325077068997726,,sim_strong,0.006045949214026602,0.02902055622732769,0.09552599758162031,1.5085256274731138,True,1.3060297149431854,1.3632672630767142,,kvik,827,2,78.35,
q3,,0.2325077068997726,,sim_strong,0.0036991368680641184,0.01726263871763255,0.04932182490752158,1.5085256274731138,True,1.2091430045041802,1.0949543602587444,,kvik,811,2,78.35,
q4,,0.2325077068997726,,sim_strong,0.0,0.01034928848641656,0.03880983182406209,1.5085256274731138,True,0.8560728956926839,0.8920198609516402,,kvik,773,2,78.35,
q5,,0.2325077068997726,,sim_strong,0.0,0.001303780964797914,0.020860495436766623,1.5085256274731138,True,0.661951757932757,0.7087096163277773,,kvik,767,2,78.35,
all,,0.004594442816315639,,sim_strong,0.00275,0.01825,0.06075,1.5042213622608953,True,1.1034780239298787,1.1174973020666743,9.206853171550353,kvik-spectral,4000,2,76.1,
q1,,0.004594442816315639,,sim_strong,0.004866180048661801,0.025547445255474453,0.06326034063260341,1.5042213622608953,True,1.1435623762780969,1.142156950224877,,kvik-spectral,822,2,76.1,
q2,,0.004594442816315639,,sim_strong,0.0024183796856106408,0.02176541717049577,0.07496977025392987,1.5042213622608953,True,1.1424732828935265,1.220032129079018,,kvik-spectral,827,2,76.1,
q3,,0.004594442816315639,,sim_strong,0.004932182490752158,0.01726263871763255,0.04562268803945746,1.5042213622608953,True,1.1909737815083976,1.0935392737568812,,kvik-spectral,811,2,76.1,
q4,,0.004594442816315639,,sim_strong,0.0,0.01164294954721863,0.05304010349288486,1.5042213622608953,True,1.0015729937718167,1.0215123001970592,,kvik-spectral,773,2,76.1,
q5,,0.004594442816315639,,sim_strong,0.001303780964797914,0.014341590612777053,0.06649282920469361,1.5042213622608953,True,1.102496056726994,1.1025818322872794,,kvik-spectral,767,2,76.1,
all,,,,sim_strong,0.001,0.01175,0.046,,,1.0045925140601724,0.9901346094108924,15.483720616109277,exact,4000,3,3.42,
q1,,,,sim_strong,0.0012165450121654502,0.014598540145985401,0.052311435523114354,,,1.1302668476327882,1.0671250660545313,,exact,822,3,3.42,
q2,,,,sim_strong,0.0,0.008464328899637243,0.041112454655380895,,,0.9245631477709026,0.940440140450355,,exact,827,3,3.42,
q3,,,,sim_strong,0.0,0.014796547472256474,0.03945745992601726,,,1.0467916888436652,0.9784256816929725,,exact,811,3,3.42,
q4,,,,sim_strong,0.0038809831824062097,0.009055627425614488,0.03880983182406209,,,0.8419055713691319,0.9449528902557526,,exact,773,3,3.42,
q5,,,,sim_strong,0.0,0.011734028683181226,0.05867014341590613,,,1.1109748622416677,1.0191210236943988,,exact,767,3,3.42,
all,0.758456015232077,0.25537998332594114,,sim_strong,0.0015,0.0105,0.0445,,,0.9152170884054261,0.9457584327682533,15.528418996276448,bolt-inf,4000,3,12.03,
q1,0.758456015232077,0.25537998332594114,,sim_strong,0.006082725060827251,0.02068126520681265,0.09002433090024331,,,1.3804921169753004,1.2937124502744604,,bolt-inf,822,3,12.03,
q2,0.758456015232077,0.25537998332594114,,sim_strong,0.0,0.010882708585247884,0.05078597339782346,,,1.0369766713665716,1.0227145394765198,,bolt-inf,827,3,12.03,
q3,0.758456015232077,0.25537998332594114,,sim_strong,0.0,0.013563501849568433,0.0345252774352651,,,1.0106022083770756,0.9474623568589926,,bolt-inf,811,3,12.03,
q4,0.758456015232077,0.25537998332594114,,sim_strong,0.00129366106080207,0.00646830530401035,0.027166882276843468,,,0.7282785400389544,0.7961590043395391,,bolt-inf,773,3,12.03,
q5,0.758456015232077,0.25537998332594114,,sim_strong,0.0,0.0,0.01694915254237288,,,0.6680155076877936,0.6388452295087588,,bolt-inf,767,3,12.03,
all,1.002903188032464,0.002008649027865286,,sim_strong,0.001,0.01175,0.04625,,,0.9950236334997565,0.9830544226515576,15.481340122542502,bolt-inf-spectral,4000,3,13.01,
q1,1.002903188032464,0.002008649027865286,,sim_strong,0.0012165450121654502,0.014598540145985401,0.0535279805352798,,,1.118989358818727,1.0626109841539513,,bolt-inf-spectral,822,3,13.01,
q2,1.002903188032464,0.002008649027865286,,sim_strong,0.0,0.009673518742442563,0.04353083434099154,,,0.9391123894829803,0.9377267498375675,,bolt-inf-spectral,827,3,13.01,
q3,1.002903188032464,0.002008649027865286,,sim_strong,0.0,0.014796547472256474,0.03945745992601726,,,1.0150213924615519,0.972644259232625,,bolt-inf-spectral,811,3,13.01,
q4,1.002903188032464,0.002008649027865286,,sim_strong,0.0038809831824062097,0.009055627425614488,0.03880983182406209,,,0.843240838132306,0.9362652790171383,,bolt-inf-spectral,773,3,13.01,
q5,1.002903188032464,0.002008649027865286,,sim_strong,0.0,0.010430247718383311,0.0560625814863103,,,1.124050456539734,1.0048290542348206,,bolt-inf-spectral,767,3,13.01,
all,0.7576372192586708,0.25537998332594114,ldsc,sim_strong,0.00175,0.01025,0.047,,,0.9306689080994935,0.9723308805365999,16.077852492176476,bolt,4000,3,20.33,True
q1,0.7576372192586708,0.25537998332594114,ldsc,sim_strong,0.0072992700729927005,0.019464720194647202,0.07664233576642336,,,1.3785227120278087,1.2940064502117268,,bolt,822,3,20.33,True
q2,0.7576372192586708,0.25537998332594114,ldsc,sim_strong,0.0,0.009673518742442563,0.056831922611850064,,,0.9261337487366559,1.016216808370017,,bolt,827,3,20.33,True
q3,0.7576372192586708,0.25537998332594114,ldsc,sim_strong,0.0,0.011097410604192354,0.04562268803945746,,,1.0050643958867842,0.9952002775318114,,bolt,811,3,20.33,True
q4,0.7576372192586708,0.25537998332594114,ldsc,sim_strong,0.00129366106080207,0.009055627425614488,0.037516170763260026,,,0.7720223705548235,0.8423896669209092,,bolt,773,3,20.33,True
q5,0.7576372192586708,0.25537998332594114,ldsc,sim_strong,0.0,0.001303780964797914,0.01564537157757497,,,0.663128959091678,0.6870459999246341,,bolt,767,3,20.33,True
all,0.7555334293118664,0.002008649027865286,ldsc,sim_strong,0.0015,0.0105,0.0545,,,1.0111511703404312,1.0197238709110235,16.073781484288375,bolt-spectral,4000,3,20.89,True
q1,0.7555334293118664,0.002008649027865286,ldsc,sim_strong,0.0012165450121654502,0.014598540145985401,0.06082725060827251,,,1.1436154043289524,1.06493994984588,,bolt-spectral,822,3,20.89,True
q2,0.7555334293118664,0.002008649027865286,ldsc,sim_strong,0.0,0.007255139056831923,0.04232164449818621,,,0.8561960103703843,0.9345057871821065,,bolt-spectral,827,3,20.89,True
q3,0.7555334293118664,0.002008649027865286,ldsc,sim_strong,0.0012330456226880395,0.011097410604192354,0.04808877928483354,,,1.0281600216066185,1.0246052569404818,,bolt-spectral,811,3,20.89,True
q4,0.7555334293118664,0.002008649027865286,ldsc,sim_strong,0.0038809831824062097,0.01034928848641656,0.0517464424320828,,,0.9012482389437224,0.9933669158889733,,bolt-spectral,773,3,20.89,True
q5,0.7555334293118664,0.002008649027865286,ldsc,sim_strong,0.001303780964797914,0.009126466753585397,0.07040417209908735,,,1.0967784860120016,1.0845515899742777,,bolt-spectral,767,3,20.89,True
all,,0.24548511485771754,,sim_strong,0.00325,0.01375,0.0595,1.428405246915401,True,0.9995918470117093,1.0700955744954903,17.58506519304829,kvik,4000,3,59.74,
q1,,0.24548511485771754,,sim_strong,0.0072992700729927005,0.030413625304136254,0.09124087591240876,1.428405246915401,True,1.477920969932208,1.4112163541239664,,kvik,822,3,59.74,
q2,,0.24548511485771754,,sim_strong,0.0024183796856106408,0.010882708585247884,0.06771463119709795,1.428405246915401,True,0.9690537670761992,1.106042038728514,,kvik,827,3,59.74,
q3,,0.24548511485771754,,sim_strong,0.002466091245376079,0.013563501849568433,0.06165228113440197,1.428405246915401,True,1.0579518258520755,1.0966830521299242,,kvik,811,3,59.74,
q4,,0.24548511485771754,,sim_strong,0.0038809831824062097,0.01164294954721863,0.047865459249676584,1.428405246915401,True,0.8617557672788907,0.9386169645268434,,kvik,773,3,59.74,
q5,,0.24548511485771754,,sim_strong,0.0,0.001303780964797914,0.02607561929595828,1.428405246915401,True,0.8103209843327204,0.7701497001394542,,kvik,767,3,59.74,
all,,0.002742746192016129,,sim_strong,0.00225,0.01325,0.0625,1.42083792491309,True,1.085101141722557,1.0924122861300407,17.10259087465306,kvik-spectral,4000,3,63.34,
q1,,0.002742746192016129,,sim_strong,0.0024330900243309003,0.0170316301703163,0.05961070559610705,1.42083792491309,True,1.1702794009968103,1.1224455550469905,,kvik-spectral,822,3,63.34,
q2,,0.002742746192016129,,sim_strong,0.0,0.008464328899637243,0.05441354292623942,1.42083792491309,True,0.8614637444786946,0.9848140523327101,,kvik-spectral,827,3,63.34,
q3,,0.002742746192016129,,sim_strong,0.002466091245376079,0.012330456226880395,0.06288532675709001,1.42083792491309,True,1.0414753360603113,1.0944916875893431,,kvik-spectral,811,3,63.34,
q4,,0.002742746192016129,,sim_strong,0.0038809831824062097,0.01164294954721863,0.059508408796895215,1.42083792491309,True,0.9932890536200677,1.0748498952716288,,kvik-spectral,773,3,63.34,
q5,,0.002742746192016129,,sim_strong,0.002607561929595828,0.01694915254237288,0.07692307692307693,1.42083792491309,True,1.237966576246754,1.1917417852835195,,kvik-spectral,767,3,63.34,
all,,,,sim_strong,0.00175,0.0135,0.05575,,,1.0439137267897192,1.0264770751700698,14.249653953281689,exact,4000,4,3.44,
q1,,,,sim_strong,0.0036496350364963502,0.010948905109489052,0.057177615571776155,,,1.0582134277458293,1.0485055412578759,,exact,822,4,3.44,
q2,,,,sim_strong,0.0,0.010882708585247884,0.05562273276904474,,,0.9594125812344397,1.0059177068771403,,exact,827,4,3.44,
q3,,,,sim_strong,0.0012330456226880395,0.014796547472256474,0.051787916152897656,,,1.1809204937612137,1.0427243051663933,,exact,811,4,3.44,
q4,,,,sim_strong,0.00258732212160414,0.016817593790426907,0.054333764553686936,,,0.8797326998220746,0.9897841349345833,,exact,773,4,3.44,
q5,,,,sim_strong,0.001303780964797914,0.014341590612777053,0.05997392438070404,,,1.064354550861911,1.0448373590411115,,exact,767,4,3.44,
all,0.7019966263671502,0.25710831779906285,,sim_strong,0.0025,0.0145,0.05675,,,1.0250558135026846,1.0590999097243932,14.156493210020333,bolt-inf,4000,4,11.68,
q1,0.7019966263671502,0.25710831779906285,,sim_strong,0.0072992700729927005,0.027980535279805353,0.08637469586374696,,,1.372620353473537,1.3779267983701686,,bolt-inf,822,4,11.68,
q2,0.7019966263671502,0.25710831779906285,,sim_strong,0.0036275695284159614,0.013301088270858524,0.07134220072551391,,,1.1540928461683426,1.1747668888990508,,bolt-inf,827,4,11.68,
q3,0.7019966263671502,0.25710831779906285,,sim_strong,0.0012330456226880395,0.014796547472256474,0.05425400739827373,,,1.2480156232499335,1.0959055205054216,,bolt-inf,811,4,11.68,
q4,0.7019966263671502,0.25710831779906285,,sim_strong,0.0,0.0129366106080207,0.04915912031047866,,,0.8141034982057305,0.9077082815012141,,bolt-inf,773,4,11.68,
q5,0.7019966263671502,0.25710831779906285,,sim_strong,0.0,0.002607561929595828,0.01955671447196871,,,0.6749811887531442,0.7063542565677241,,bolt-inf,767,4,11.68,
all,1.0079719313750446,0.00330546246409853,,sim_strong,0.0015,0.0135,0.056,,,1.0410697965326812,1.028593126819624,14.141469699239781,bolt-inf-spectral,4000,4,12.19,
q1,1.0079719313750446,0.00330546246409853,,sim_strong,0.0036496350364963502,0.010948905109489052,0.057177615571776155,,,1.0681295568078462,1.0504404390654656,,bolt-inf-spectral,822,4,12.19,
q2,1.0079719313750446,0.00330546246409853,,sim_strong,0.0,0.010882708585247884,0.056831922611850064,,,0.9764024982363062,1.0086544496968173,,bolt-inf-spectral,827,4,12.19,
q3,1.0079719313750446,0.00330546246409853,,sim_strong,0.0012330456226880395,0.014796547472256474,0.051787916152897656,,,1.2011298075722932,1.0450537383900464,,bolt-inf-spectral,811,4,12.19,
q4,1.0079719313750446,0.00330546246409853,,sim_strong,0.00129366106080207,0.016817593790426907,0.054333764553686936,,,0.8787731630866366,0.9924614492767108,,bolt-inf-spectral,773,4,12.19,
q5,1.0079719313750446,0.00330546246409853,,sim_strong,0.001303780964797914,0.014341590612777053,0.05997392438070404,,,1.0618955759945605,1.045687033040667,,bolt-inf-spectral,767,4,12.19,
all,0.7049517450179094,0.25710831779906285,ldsc,sim_strong,0.003,0.017,0.062,,,1.0611141539770617,1.076466079784855,13.712394823336538,bolt,4000,4,38.76,True
q1,0.7049517450179094,0.25710831779906285,ldsc,sim_strong,0.009732360097323601,0.032846715328467155,0.09610705596107055,,,1.4210530931135037,1.4282854733809995,,bolt,822,4,38.76,True
q2,0.7049517450179094,0.25710831779906285,ldsc,sim_strong,0.0036275695284159614,0.02418379685610641,0.08585247883917775,,,1.1918923703683872,1.222983242143113,,bolt,827,4,38.76,True
q3,0.7049517450179094,0.25710831779906285,ldsc,sim_strong,0.0012330456226880395,0.014796547472256474,0.05795314426633785,,,1.2388522953964956,1.0919011340731124,,bolt,811,4,38.76,True
q4,0.7049517450179094,0.25710831779906285,ldsc,sim_strong,0.0,0.01034928848641656,0.04139715394566624,,,0.8162935698996285,0.8937663102023051,,bolt,773,4,38.76,True
q5,0.7049517450179094,0.25710831779906285,ldsc,sim_strong,0.0,0.001303780964797914,0.024771838331160364,,,0.7349700929732469,0.7092481632962309,,bolt,767,4,38.76,True
all,0.7060491954326193,0.00330546246409853,ldsc,sim_strong,0.0015,0.01125,0.057,,,1.0613055472782964,1.0407747429124774,13.75702618608167,bolt-spectral,4000,4,40.46,True
q1,0.7060491954326193,0.00330546246409853,ldsc,sim_strong,0.004866180048661801,0.010948905109489052,0.06204379562043796,,,1.1063084719631187,1.086591073571669,,bolt-spectral,822,4,40.46,True
q2,0.7060491954326193,0.00330546246409853,ldsc,sim_strong,0.0012091898428053204,0.008464328899637243,0.06166868198307134,,,1.0374866770154632,1.048887849229578,,bolt-spectral,827,4,40.46,True
q3,0.7060491954326193,0.00330546246409853,ldsc,sim_strong,0.0,0.009864364981504316,0.055487053020961775,,,1.1775162003998838,1.0387121280113467,,bolt-spectral,811,4,40.46,True
q4,0.7060491954326193,0.00330546246409853,ldsc,sim_strong,0.0,0.014230271668822769,0.047865459249676584,,,0.9153482663413285,0.9754430227612435,,bolt-spectral,773,4,40.46,True
q5,0.7060491954326193,0.00330546246409853,ldsc,sim_strong,0.001303780964797914,0.01303780964797914,0.05736636245110821,,,1.0795658748171764,1.0509489771179839,,bolt-spectral,767,4,40.46,True
all,,0.147701880357913,,sim_strong,0.00175,0.01175,0.049,1.3281013088499531,True,0.9465648748787588,0.9832683181635559,13.152390921841606,kvik,4000,4,62.98,
q1,,0.147701880357913,,sim_strong,0.0072992700729927005,0.02068126520681265,0.07907542579075426,1.3281013088499531,True,1.270780700868516,1.2904204357222278,,kvik,822,4,62.98,
q2,,0.147701880357913,,sim_strong,0.0,0.013301088270858524,0.060459492140266025,1.3281013088499531,True,1.115457804625668,1.098566799688591,,kvik,827,4,62.98,
q3,,0.147701880357913,,sim_strong,0.0012330456226880395,0.013563501849568433,0.04562268803945746,1.3281013088499531,True,1.1890795142533122,1.0201599269894484,,kvik,811,4,62.98,
q4,,0.147701880357913,,sim_strong,0.0,0.009055627425614488,0.042690815006468305,1.3281013088499531,True,0.7437176772352956,0.8337534102597863,,kvik,773,4,62.98,
q5,,0.147701880357913,,sim_strong,0.0,0.001303780964797914,0.014341590612777053,1.3281013088499531,True,0.6189408435228052,0.641449601341369,,kvik,767,4,62.98,
all,,0.002324316001563153,,sim_strong,0.0015,0.01325,0.0555,1.3305091153026396,True,1.0583718680714043,1.044065575007765,14.336309863418347,kvik-spectral,4000,4,68.59,
q1,,0.002324316001563153,,sim_strong,0.0036496350364963502,0.010948905109489052,0.06204379562043796,1.3305091153026396,True,1.0461973444568078,1.0773953049390494,,kvik-spectral,822,4,68.59,
q2,,0.002324316001563153,,sim_strong,0.0,0.012091898428053204,0.056831922611850064,1.3305091153026396,True,1.054276718963047,1.0331812038108097,,kvik-spectral,827,4,68.59,
q3,,0.002324316001563153,,sim_strong,0.0012330456226880395,0.014796547472256474,0.04932182490752158,1.3305091153026396,True,1.240765416143264,1.0657909985780776,,kvik-spectral,811,4,68.59,
q4,,0.002324316001563153,,sim_strong,0.00258732212160414,0.016817593790426907,0.05821474773609314,1.3305091153026396,True,0.8867000005106428,0.9981952850337613,,kvik-spectral,773,4,68.59,
q5,,0.002324316001563153,,sim_strong,0.0,0.011734028683181226,0.05084745762711865,1.3305091153026396,True,1.008834848674949,1.0433390464689745,,kvik-spectral,767,4,68.59,
all,,,,sim_strong,0.00125,0.01425,0.05725,,,1.0137110121560435,1.0463056180329937,13.966726535988176,exact,4000,5,3.34,
q1,,,,sim_strong,0.0024330900243309003,0.012165450121654502,0.058394160583941604,,,1.0498067159835207,1.0642510424593632,,exact,822,5,3.34,
q2,,,,sim_strong,0.0012091898428053204,0.020556227327690448,0.056831922611850064,,,0.914458825911952,1.0347229651835552,,exact,827,5,3.34,
q3,,,,sim_strong,0.0012330456226880395,0.013563501849568433,0.055487053020961775,,,1.047736465721796,1.0338305484578527,,exact,811,5,3.34,
q4,,,,sim_strong,0.0,0.01164294954721863,0.05304010349288486,,,1.009424082055912,1.0193740670592355,,exact,773,5,3.34,
q5,,,,sim_strong,0.001303780964797914,0.01303780964797914,0.06258148631029987,,,1.0879305308440372,1.0798950383148245,,exact,767,5,3.34,
all,0.6871471760734089,0.23701934992369733,,sim_strong,0.003,0.0185,0.06125,,,1.0473499017351244,1.0993676626958173,15.105411977658132,bolt-inf,4000,5,11.62,
q1,0.6871471760734089,0.23701934992369733,,sim_strong,0.00851581508515815,0.0364963503649635,0.09975669099756691,,,1.406130801732184,1.4218306214340175,,bolt-inf,822,5,11.62,
q2,0.6871471760734089,0.23701934992369733,,sim_strong,0.0048367593712212815,0.02781136638452237,0.0761789600967352,,,1.0762820919575038,1.2374063073852903,,bolt-inf,827,5,11.62,
q3,0.6871471760734089,0.23701934992369733,,sim_strong,0.0012330456226880395,0.016029593094944512,0.05795314426633785,,,1.1121541612211143,1.106670146717787,,bolt-inf,811,5,11.62,
q4,0.6871471760734089,0.23701934992369733,,sim_strong,0.0,0.009055627425614488,0.04398447606727038,,,0.9269726639673522,0.9539087957557675,,bolt-inf,773,5,11.62,
q5,0.6871471760734089,0.23701934992369733,,sim_strong,0.0,0.001303780964797914,0.024771838331160364,,,0.7066669492429097,0.7438199161010924,,bolt-inf,767,5,11.62,
all,1.0160908179863997,0.004243782612273987,,sim_strong,0.00125,0.0145,0.058,,,1.019206242257668,1.0542207247203959,13.998015501376921,bolt-inf-spectral,4000,5,12.31,
q1,1.0160908179863997,0.004243782612273987,,sim_strong,0.0024330900243309003,0.012165450121654502,0.05961070559610705,,,1.0619543669332434,1.0702896691649535,,bolt-inf-spectral,822,5,12.31,
q2,1.0160908179863997,0.004243782612273987,,sim_strong,0.0012091898428053204,0.020556227327690448,0.05804111245465538,,,0.8939979235348641,1.0421793941476845,,bolt-inf-spectral,827,5,12.31,
q3,1.0160908179863997,0.004243782612273987,,sim_strong,0.0012330456226880395,0.014796547472256474,0.05425400739827373,,,1.063559281158017,1.0415670521605493,,bolt-inf-spectral,811,5,12.31,
q4,1.0160908179863997,0.004243782612273987,,sim_strong,0.0,0.01164294954721863,0.056921086675291076,,,0.9888212714978157,1.0281660423976537,,bolt-inf-spectral,773,5,12.31,
q5,1.0160908179863997,0.004243782612273987,,sim_strong,0.001303780964797914,0.01303780964797914,0.061277705345501955,,,1.0666175833757852,1.0896208628321569,,bolt-inf-spectral,767,5,12.31,
all,0.6894420192842304,0.23701934992369733,ldsc,sim_strong,0.002,0.01675,0.058,,,1.0790069613212,1.09721322928385,14.540401424054755,bolt,4000,5,41.43,True
q1,0.6894420192842304,0.23701934992369733,ldsc,sim_strong,0.004866180048661801,0.0340632603406326,0.09732360097323602,,,1.3746919248092415,1.4127191675222603,,bolt,822,5,41.43,True
q2,0.6894420192842304,0.23701934992369733,ldsc,sim_strong,0.0024183796856106408,0.020556227327690448,0.07255139056831923,,,1.1352065143602257,1.2128970851215188,,bolt,827,5,41.43,True
q3,0.6894420192842304,0.23701934992369733,ldsc,sim_strong,0.0012330456226880395,0.012330456226880395,0.05672009864364982,,,1.1808179042466762,1.0937664108673604,,bolt,811,5,41.43,True
q4,0.6894420192842304,0.23701934992369733,ldsc,sim_strong,0.0,0.0129366106080207,0.03880983182406209,,,0.9880974572982374,0.9618550629946491,,bolt,773,5,41.43,True
q5,0.6894420192842304,0.23701934992369733,ldsc,sim_strong,0.001303780964797914,0.002607561929595828,0.020860495436766623,,,0.7500121310510951,0.7744111461907589,,bolt,767,5,41.43,True
all,0.6848556338013921,0.004243782612273987,ldsc,sim_strong,0.001,0.0135,0.056,,,1.059540768074782,1.0630906416021595,13.419108017865259,bolt-spectral,4000,5,40.3,True
q1,0.6848556338013921,0.004243782612273987,ldsc,sim_strong,0.0,0.015815085158150853,0.06204379562043796,,,1.0520934519437408,1.0696325106532445,,bolt-spectral,822,5,40.3,True
q2,0.6848556338013921,0.004243782612273987,ldsc,sim_strong,0.0012091898428053204,0.016928657799274487,0.056831922611850064,,,0.9747023033655606,1.0288834536001292,,bolt-spectral,827,5,40.3,True
q3,0.6848556338013921,0.004243782612273987,ldsc,sim_strong,0.0012330456226880395,0.012330456226880395,0.0530209617755857,,,1.1146109940167017,1.0370974988941113,,bolt-spectral,811,5,40.3,True
q4,0.6848556338013921,0.004243782612273987,ldsc,sim_strong,0.00129366106080207,0.014230271668822769,0.047865459249676584,,,1.0677566073453735,1.0451661406431765,,bolt-spectral,773,5,40.3,True
q5,0.6848556338013921,0.004243782612273987,ldsc,sim_strong,0.001303780964797914,0.007822685788787484,0.05997392438070404,,,1.182549477648213,1.1385117708006054,,bolt-spectral,767,5,40.3,True
all,,0.18300890919197121,,sim_strong,0.0035,0.0245,0.07625,1.6494489674648691,True,1.174068508441671,1.225343123617316,14.98310379795455,kvik,4000,5,63.06,
q1,,0.18300890919197121,,sim_strong,0.0072992700729927005,0.0535279805352798,0.12530413625304138,1.6494489674648691,True,1.5275568483955555,1.5929659479177947,,kvik,822,5,63.06,
q2,,0.18300890919197121,,sim_strong,0.0048367593712212815,0.032648125755743655,0.1003627569528416,1.6494489674648691,True,1.1594586785834606,1.3363466056571571,,kvik,827,5,63.06,
q3,,0.18300890919197121,,sim_strong,0.002466091245376079,0.01972872996300863,0.06781750924784218,1.6494489674648691,True,1.3171042135907414,1.2022461254485892,,kvik,811,5,63.06,
q4,,0.18300890919197121,,sim_strong,0.00258732212160414,0.01164294954721863,0.054333764553686936,1.6494489674648691,True,1.1243338174346782,1.0974451622705612,,kvik,773,5,63.06,
q5,,0.18300890919197121,,sim_strong,0.0,0.002607561929595828,0.028683181225554105,1.6494489674648691,True,0.9081050526087445,0.8649923392808578,,kvik,767,5,63.06,
all,,0.004809339334252509,,sim_strong,0.00125,0.015,0.07025,1.6371198302714898,True,1.1469372839138912,1.1587777248434552,13.402915235426931,kvik-spectral,4000,5,64.9,
q1,,0.004809339334252509,,sim_strong,0.0,0.019464720194647202,0.07664233576642336,1.6371198302714898,True,1.143032706776702,1.1773119926410809,,kvik-spectral,822,5,64.9,
q2,,0.004809339334252509,,sim_strong,0.0012091898428053204,0.015719467956469165,0.07376058041112454,1.6371198302714898,True,0.9626157090903281,1.1076661733844801,,kvik-spectral,827,5,64.9,
q3,,0.004809339334252509,,sim_strong,0.0012330456226880395,0.012330456226880395,0.06041923551171394,1.6371198302714898,True,1.2130867735854298,1.114392984938301,,kvik-spectral,811,5,64.9,
q4,,0.004809339334252509,,sim_strong,0.00258732212160414,0.014230271668822769,0.062095730918499355,1.6371198302714898,True,1.2195215498727838,1.1648705036212987,,kvik-spectral,773,5,64.9,
q5,,0.004809339334252509,,sim_strong,0.001303780964797914,0.01303780964797914,0.07822685788787484,1.6371198302714898,True,1.2905799189166074,1.2348147404819578,,kvik-spectral,767,5,64.9,
all,,,,sim_strong,0.00125,0.0095,0.048,,,1.0056950646050336,1.0006608328954398,12.695289123642734,exact,4000,6,2.91,
q1,,,,sim_strong,0.0,0.00851581508515815,0.0413625304136253,,,1.0069690536992641,0.9738084070417805,,exact,822,6,2.91,
q2,,,,sim_strong,0.0024183796856106408,0.015719467956469165,0.05199516324062878,,,1.1032040668546033,1.0738372788270671,,exact,827,6,2.91,
q3,,,,sim_strong,0.0,0.0036991368680641184,0.04315659679408138,,,0.979295594695601,0.9614576462076634,,exact,811,6,2.91,
q4,,,,sim_strong,0.00258732212160414,0.009055627425614488,0.045278137128072445,,,0.9322136522373415,0.9702680533491485,,exact,773,6,2.91,
q5,,,,sim_strong,0.001303780964797914,0.010430247718383311,0.05867014341590613,,,1.0548836504449548,1.0226206454890798,,exact,767,6,2.91,
all,0.7294180086016252,0.24099981034337178,,sim_strong,0.00125,0.01125,0.04975,,,1.0039164363273907,1.006374856727969,13.862900604901796,bolt-inf,4000,6,10.63,
q1,0.7294180086016252,0.24099981034337178,,sim_strong,0.0036496350364963502,0.02068126520681265,0.06934306569343066,,,1.2907820115743645,1.2314287981635106,,bolt-inf,822,6,10.63,
q2,0.7294180086016252,0.24099981034337178,,sim_strong,0.0024183796856106408,0.02176541717049577,0.07134220072551391,,,1.2449284417568562,1.215480102311009,,bolt-inf,827,6,10.63,
q3,0.7294180086016252,0.24099981034337178,,sim_strong,0.0,0.0036991368680641184,0.0468557336621455,,,1.013085289995487,0.9831882685760505,,bolt-inf,811,6,10.63,
q4,0.7294180086016252,0.24099981034337178,,sim_strong,0.0,0.007761966364812419,0.037516170763260026,,,0.8311168575188422,0.8719234685147268,,bolt-inf,773,6,10.63,
q5,0.7294180086016252,0.24099981034337178,,sim_strong,0.0,0.001303780964797914,0.020860495436766623,,,0.6726684934345795,0.6997397434591975,,bolt-inf,767,6,10.63,
all,1.0009857813243797,0.0013962147520036514,,sim_strong,0.001,0.0095,0.04825,,,1.0089964825780473,1.001724721071582,12.644180406632357,bolt-inf-spectral,4000,6,11.51,
q1,1.0009857813243797,0.0013962147520036514,,sim_strong,0.0,0.00851581508515815,0.0413625304136253,,,1.006424933390565,0.9734402834008749,,bolt-inf-spectral,822,6,11.51,
q2,1.0009857813243797,0.0013962147520036514,,sim_strong,0.0024183796856106408,0.016928657799274487,0.05562273276904474,,,1.109785751653225,1.0758246607245716,,bolt-inf-spectral,827,6,11.51,
q3,1.0009857813243797,0.0013962147520036514,,sim_strong,0.0,0.0036991368680641184,0.04438964241676942,,,0.9911786324180354,0.9642764247568912,,bolt-inf-spectral,811,6,11.51,
q4,1.0009857813243797,0.0013962147520036514,,sim_strong,0.00258732212160414,0.009055627425614488,0.040103492884864166,,,0.94542571117463,0.9717254576986735,,bolt-inf-spectral,773,6,11.51,
q5,1.0009857813243797,0.0013962147520036514,,sim_strong,0.0,0.009126466753585397,0.05997392438070404,,,1.0296477248824192,1.0219713398079204,,bolt-inf-spectral,767,6,11.51,
all,0.7356622466460724,0.24099981034337178,ldsc,sim_strong,0.00125,0.01325,0.0575,,,1.086649932930168,1.0693072016552658,13.476202018286035,bolt,4000,6,18.84,True
q1,0.7356622466460724,0.24099981034337178,ldsc,sim_strong,0.0024330900243309003,0.02068126520681265,0.06447688564476886,,,1.3465261078718944,1.2242437490800573,,bolt,822,6,18.84,True
q2,0.7356622466460724,0.24099981034337178,ldsc,sim_strong,0.0024183796856106408,0.02418379685610641,0.07859733978234583,,,1.3112925886876463,1.2605420027468073,,bolt,827,6,18.84,True
q3,0.7356622466460724,0.24099981034337178,ldsc,sim_strong,0.0012330456226880395,0.009864364981504316,0.06658446362515413,,,1.0382942132481972,1.0555983461645586,,bolt,811,6,18.84,True
q4,0.7356622466460724,0.24099981034337178,ldsc,sim_strong,0.0,0.01034928848641656,0.047865459249676584,,,0.9691304280803981,0.9650695254143169,,bolt,773,6,18.84,True
q5,0.7356622466460724,0.24099981034337178,ldsc,sim_strong,0.0,0.0,0.027379400260756193,,,0.8094559205910076,0.8166143503532232,,bolt,767,6,18.84,True
all,0.7238832636935416,0.0013962147520036514,ldsc,sim_strong,0.0015,0.0145,0.0595,,,1.1216050345365527,1.0968283013160451,12.354008792989454,bolt-spectral,4000,6,19.68,True
q1,0.7238832636935416,0.0013962147520036514,ldsc,sim_strong,0.0,0.012165450121654502,0.037712895377128956,,,1.0645069090620545,0.9833459631880558,,bolt-spectral,822,6,19.68,True
q2,0.7238832636935416,0.0013962147520036514,ldsc,sim_strong,0.0024183796856106408,0.018137847642079808,0.06408706166868199,,,1.1707428964693405,1.1329147362937473,,bolt-spectral,827,6,19.68,True
q3,0.7238832636935416,0.0013962147520036514,ldsc,sim_strong,0.0,0.011097410604192354,0.06535141800246609,,,1.0554820904735758,1.0536564186698507,,bolt-spectral,811,6,19.68,True
q4,0.7238832636935416,0.0013962147520036514,ldsc,sim_strong,0.00517464424320828,0.015523932729624839,0.050452781371280724,,,1.0918255688783254,1.095550851263432,,bolt-spectral,773,6,19.68,True
q5,0.7238832636935416,0.0013962147520036514,ldsc,sim_strong,0.0,0.01564537157757497,0.08083441981747067,,,1.2264679635908267,1.2264748018784712,,bolt-spectral,767,6,19.68,True
all,,0.23440915379999092,,sim_strong,0.00125,0.0125,0.056,1.3369633401067522,True,1.0711520878026763,1.0490204802680136,13.16443946832654,kvik,4000,6,49.38,
q1,,0.23440915379999092,,sim_strong,0.0024330900243309003,0.019464720194647202,0.06326034063260341,1.3369633401067522,True,1.3023059276916926,1.1962815779173035,,kvik,822,6,49.38,
q2,,0.23440915379999092,,sim_strong,0.0024183796856106408,0.02176541717049577,0.07496977025392987,1.3369633401067522,True,1.2689687414844089,1.2369319016980036,,kvik,827,6,49.38,
q3,,0.23440915379999092,,sim_strong,0.0012330456226880395,0.009864364981504316,0.06535141800246609,1.3369633401067522,True,1.0032920836263872,1.0366429309854386,,kvik,811,6,49.38,
q4,,0.23440915379999092,,sim_strong,0.0,0.01034928848641656,0.047865459249676584,1.3369633401067522,True,0.9721127300427036,0.94858441600275,,kvik,773,6,49.38,
q5,,0.23440915379999092,,sim_strong,0.0,0.0,0.02607561929595828,1.3369633401067522,True,0.7917946963354533,0.8028977975494977,,kvik,767,6,49.38,
all,,0.001940435748264832,,sim_strong,0.001,0.01075,0.052,1.3204214433987442,True,1.0252457155108792,1.0075309134231631,11.285907744900305,kvik-spectral,4000,6,55.82,
q1,,0.001940435748264832,,sim_strong,0.0,0.00851581508515815,0.032846715328467155,1.3204214433987442,True,0.9868430017074051,0.8969766942717518,,kvik-spectral,822,6,55.82,
q2,,0.001940435748264832,,sim_strong,0.0024183796856106408,0.012091898428053204,0.05441354292623942,1.3204214433987442,True,1.0748846639761975,1.0384393273609485,,kvik-spectral,827,6,55.82,
q3,,0.001940435748264832,,sim_strong,0.0,0.008631319358816275,0.05672009864364982,1.3204214433987442,True,0.9229172015774108,0.9675394235398382,,kvik-spectral,811,6,55.82,
q4,,0.001940435748264832,,sim_strong,0.00258732212160414,0.01164294954721863,0.047865459249676584,1.3204214433987442,True,1.0121027378055192,1.0079178700574702,,kvik-spectral,773,6,55.82,
q5,,0.001940435748264832,,sim_strong,0.0,0.01303780964797914,0.06910039113428944,1.3204214433987442,True,1.1323664089976668,1.134582139802522,,kvik-spectral,767,6,55.82,
all,,,,at_regmap,0.0011355893708834886,0.00885759709289121,0.054962525550760845,,,1.0093340407235374,1.0281022294270006,13.960288965014646,exact,13209,1,4.85,
q1,,,,at_regmap,0.0004798464491362764,0.0067178502879078695,0.05470249520153551,,,1.096753244122339,1.0354208355217318,,exact,2084,1,4.85,
q2,,,,at_regmap,0.0012014417300760913,0.00841009211053264,0.056868241890268324,,,0.9941398695382755,1.042781002709845,,exact,2497,1,4.85,
q3,,,,at_regmap,0.001841620626151013,0.009576427255985266,0.053406998158379376,,,0.9725921971426651,1.0077016843145281,,exact,2715,1,4.85,
q4,,,,at_regmap,0.0009668063164679343,0.009023525620367387,0.05478569126651627,,,0.9660645690191382,1.0168864490184744,,exact,3103,1,4.85,
q5,,,,at_regmap,0.0010676156583629894,0.0099644128113879,0.05516014234875445,,,1.0467693193099652,1.0417268467221386,,exact,2810,1,4.85,
all,0.7086634545507823,0.12070131458684295,,at_regmap,0.0010598834128245894,0.0099174805057158,0.05390264213793625,,,0.9974614512804999,1.0207071080083123,14.705139108354444,bolt-inf,13209,1,29.84,
q1,0.7086634545507823,0.12070131458684295,,at_regmap,0.0019193857965451055,0.01055662188099808,0.07149712092130518,,,1.2449135446364057,1.1724499517320561,,bolt-inf,2084,1,29.84,
q2,0.7086634545507823,0.12070131458684295,,at_regmap,0.0016019223067681217,0.013616339607529036,0.06287545054064878,,,1.0690925312597863,1.1112453624432654,,bolt-inf,2497,1,29.84,
q3,0.7086634545507823,0.12070131458684295,,at_regmap,0.001841620626151013,0.010681399631675874,0.056721915285451195,,,0.9915058682677892,1.0299717973126927,,bolt-inf,2715,1,29.84,
q4,0.7086634545507823,0.12070131458684295,,at_regmap,0.0003222687721559781,0.008701256848211408,0.048340315823396714,,,0.9529649143762899,0.9741753764164134,,bolt-inf,3103,1,29.84,
q5,0.7086634545507823,0.12070131458684295,,at_regmap,0.0,0.006761565836298933,0.036298932384341634,,,0.8403805603514284,0.8701477571271421,,bolt-inf,2810,1,29.84,
all,0.9608431646482195,0.03308148102280232,,at_regmap,0.0012112953289423877,0.009084714967067909,0.05443258384434855,,,1.0166211454167569,1.0248993757156832,14.003969132982878,bolt-inf-spectral,13209,1,32.13,
q1,0.9608431646482195,0.03308148102280232,,at_regmap,0.0004798464491362764,0.0067178502879078695,0.05470249520153551,,,1.0833328614218753,1.0375012223805002,,bolt-inf-spectral,2084,1,32.13,
q2,0.9608431646482195,0.03308148102280232,,at_regmap,0.0012014417300760913,0.00881057268722467,0.05606728073688426,,,1.0049157132993807,1.0409488505017006,,bolt-inf-spectral,2497,1,32.13,
q3,0.9608431646482195,0.03308148102280232,,at_regmap,0.001841620626151013,0.009576427255985266,0.05303867403314917,,,0.9702840816283709,1.0043278740772001,,bolt-inf-spectral,2715,1,32.13,
q4,0.9608431646482195,0.03308148102280232,,at_regmap,0.0012890750886239124,0.009668063164679342,0.053496616177892364,,,0.9646471836280189,1.0136449385105137,,bolt-inf-spectral,3103,1,32.13,
q5,0.9608431646482195,0.03308148102280232,,at_regmap,0.0010676156583629894,0.0099644128113879,0.05516014234875445,,,1.0329938448934548,1.0335955887427142,,bolt-inf-spectral,2810,1,32.13,
all,,0.12070131458684295,,at_regmap,0.0010598834128245894,0.0099174805057158,0.05390264213793625,,,0.9974614512804999,1.0207071080083123,14.705139108354444,bolt,13209,1,53.02,False
q1,,0.12070131458684295,,at_regmap,0.0019193857965451055,0.01055662188099808,0.07149712092130518,,,1.2449135446364057,1.1724499517320561,,bolt,2084,1,53.02,False
q2,,0.12070131458684295,,at_regmap,0.0016019223067681217,0.013616339607529036,0.06287545054064878,,,1.0690925312597863,1.1112453624432654,,bolt,2497,1,53.02,False
q3,,0.12070131458684295,,at_regmap,0.001841620626151013,0.010681399631675874,0.056721915285451195,,,0.9915058682677892,1.0299717973126927,,bolt,2715,1,53.02,False
q4,,0.12070131458684295,,at_regmap,0.0003222687721559781,0.008701256848211408,0.048340315823396714,,,0.9529649143762899,0.9741753764164134,,bolt,3103,1,53.02,False
q5,,0.12070131458684295,,at_regmap,0.0,0.006761565836298933,0.036298932384341634,,,0.8403805603514284,0.8701477571271421,,bolt,2810,1,53.02,False
all,,0.03308148102280232,,at_regmap,0.0012112953289423877,0.009084714967067909,0.05443258384434855,,,1.0166211454167569,1.0248993757156832,14.003969132982878,bolt-spectral,13209,1,50.8,False
q1,,0.03308148102280232,,at_regmap,0.0004798464491362764,0.0067178502879078695,0.05470249520153551,,,1.0833328614218753,1.0375012223805002,,bolt-spectral,2084,1,50.8,False
q2,,0.03308148102280232,,at_regmap,0.0012014417300760913,0.00881057268722467,0.05606728073688426,,,1.0049157132993807,1.0409488505017006,,bolt-spectral,2497,1,50.8,False
q3,,0.03308148102280232,,at_regmap,0.001841620626151013,0.009576427255985266,0.05303867403314917,,,0.9702840816283709,1.0043278740772001,,bolt-spectral,2715,1,50.8,False
q4,,0.03308148102280232,,at_regmap,0.0012890750886239124,0.009668063164679342,0.053496616177892364,,,0.9646471836280189,1.0136449385105137,,bolt-spectral,3103,1,50.8,False
q5,,0.03308148102280232,,at_regmap,0.0010676156583629894,0.0099644128113879,0.05516014234875445,,,1.0329938448934548,1.0335955887427142,,bolt-spectral,2810,1,50.8,False
all,,0.11095848131091025,,at_regmap,0.00098417745476569,0.009690362631539102,0.05011734423499129,1.2513450843140412,True,1.0100292569342277,1.0072146925905314,14.682390188210295,kvik,13209,1,154.37,
q1,,0.11095848131091025,,at_regmap,0.0014395393474088292,0.014395393474088292,0.06861804222648753,1.2513450843140412,True,1.2934569391141924,1.1677190337565235,,kvik,2084,1,154.37,
q2,,0.11095848131091025,,at_regmap,0.0016019223067681217,0.010812975570684821,0.05646776131357629,1.2513450843140412,True,1.1310273637094521,1.1025044849684758,,kvik,2497,1,154.37,
q3,,0.11095848131091025,,at_regmap,0.0014732965009208103,0.012154696132596685,0.05414364640883978,1.2513450843140412,True,0.9503615176215837,1.0096898841932458,,kvik,2715,1,154.37,
q4,,0.11095848131091025,,at_regmap,0.0006445375443119562,0.00837898807605543,0.0470512407347728,1.2513450843140412,True,1.0094856742933027,0.9794062135060335,,kvik,3103,1,154.37,
q5,,0.11095848131091025,,at_regmap,0.0,0.004270462633451958,0.030249110320284697,1.2513450843140412,True,0.8427483942499774,0.8318196416439733,,kvik,2810,1,154.37,
all,,0.02359323425815727,,at_regmap,0.0009084714967067908,0.00802483155424332,0.048073283367401014,1.2504873791346873,True,1.0061973606804266,0.9889324636601194,13.630016331669655,kvik-spectral,13209,1,130.03,
q1,,0.02359323425815727,,at_regmap,0.0004798464491362764,0.00527831094049904,0.0508637236084453,1.2504873791346873,True,1.1263619521199972,1.0113706226056254,,kvik-spectral,2084,1,130.03,
q2,,0.02359323425815727,,at_regmap,0.0016019223067681217,0.007208650380456548,0.04765718862635162,1.2504873791346873,True,1.041924728981994,1.010144357963057,,kvik-spectral,2497,1,130.03,
q3,,0.02359323425815727,,at_regmap,0.0011049723756906078,0.008839779005524863,0.05082872928176796,1.2504873791346873,True,0.9068977335415392,0.9633355960640099,,kvik-spectral,2715,1,130.03,
q4,,0.02359323425815727,,at_regmap,0.0009668063164679343,0.009990331936835321,0.0470512407347728,1.2504873791346873,True,1.0096352984335921,0.9972642633203979,,kvik-spectral,3103,1,130.03,
q5,,0.02359323425815727,,at_regmap,0.00035587188612099647,0.007829181494661922,0.044839857651245554,1.2504873791346873,True,0.993096879480393,0.9689732814041488,,kvik-spectral,2810,1,130.03,
all,,,,at_regmap,0.002649708532061473,0.013475660534484063,0.058899235369823603,,,1.055005161736103,1.076999099510485,10.311635144893566,exact,13209,2,3.46,
q1,,,,at_regmap,0.0009596928982725527,0.0067178502879078695,0.05662188099808062,,,0.9925019046515282,1.0184627890410034,,exact,2084,2,3.46,
q2,,,,at_regmap,0.0024028834601521826,0.015618742490989187,0.05566680016019223,,,1.0450065205135137,1.0609399198469993,,exact,2497,2,3.46,
q3,,,,at_regmap,0.0033149171270718232,0.01841620626151013,0.06556169429097605,,,0.9664424134180861,1.1045260556993814,,exact,2715,2,3.46,
q4,,,,at_regmap,0.004189494038027715,0.014179825974863036,0.058652916532388015,,,1.0828477359258968,1.0809384097141184,,exact,3103,2,3.46,
q5,,,,at_regmap,0.0017793594306049821,0.01103202846975089,0.057295373665480424,,,1.159067316075273,1.1037357817252167,,exact,2810,2,3.46,
all,0.6867194968938801,0.16079217718340766,,at_regmap,0.002574002574002574,0.015065485653720947,0.06056476644711939,,,1.0606419756542955,1.0883595409900113,10.179520728425285,bolt-inf,13209,2,23.93,
q1,0.6867194968938801,0.16079217718340766,,at_regmap,0.0014395393474088292,0.01727447216890595,0.07869481765834933,,,1.1580344988479572,1.1814956638779937,,bolt-inf,2084,2,23.93,
q2,0.6867194968938801,0.16079217718340766,,at_regmap,0.002803364036844213,0.01962354825790949,0.06768121746095314,,,1.145091921725561,1.1599735159009203,,bolt-inf,2497,2,23.93,
q3,0.6867194968938801,0.16079217718340766,,at_regmap,0.004051565377532229,0.02136279926335175,0.06998158379373849,,,1.000317216277784,1.1519444860717636,,bolt-inf,2715,2,23.93,
q4,0.6867194968938801,0.16079217718340766,,at_regmap,0.003544956493715759,0.012246213341927168,0.056397035127296165,,,1.0808968215167782,1.0587493818608105,,bolt-inf,3103,2,23.93,
q5,0.6867194968938801,0.16079217718340766,,at_regmap,0.0007117437722419929,0.006405693950177936,0.036298932384341634,,,0.9758140131896326,0.9269116486162955,,bolt-inf,2810,2,23.93,
all,0.9579642489095385,0.03221208985017461,,at_regmap,0.002574002574002574,0.014081308198955257,0.05859641153758801,,,1.0533393179995751,1.07654206459458,10.240194004461165,bolt-inf-spectral,13209,2,24.78,
q1,0.9579642489095385,0.03221208985017461,,at_regmap,0.0004798464491362764,0.008157389635316698,0.05470249520153551,,,1.012256902143916,1.0234265653602397,,bolt-inf-spectral,2084,2,24.78,
q2,0.9579642489095385,0.03221208985017461,,at_regmap,0.0024028834601521826,0.016419703644373247,0.05566680016019223,,,1.0533393179995751,1.063642164088788,,bolt-inf-spectral,2497,2,24.78,
q3,0.9579642489095385,0.03221208985017461,,at_regmap,0.0033149171270718232,0.01878453038674033,0.06593001841620626,,,0.958931618210324,1.1038850386386232,,bolt-inf-spectral,2715,2,24.78,
q4,0.9579642489095385,0.03221208985017461,,at_regmap,0.004189494038027715,0.013857557202707057,0.058652916532388015,,,1.0864938413790224,1.0793398279532889,,bolt-inf-spectral,3103,2,24.78,
q5,0.9579642489095385,0.03221208985017461,,at_regmap,0.0017793594306049821,0.012099644128113879,0.05693950177935943,,,1.1552225886707874,1.097889437454252,,bolt-inf-spectral,2810,2,24.78,
all,,0.16079217718340766,,at_regmap,0.002574002574002574,0.015065485653720947,0.06056476644711939,,,1.0606419756542955,1.0883595409900113,10.179520728425285,bolt,13209,2,42.71,False
q1,,0.16079217718340766,,at_regmap,0.0014395393474088292,0.01727447216890595,0.07869481765834933,,,1.1580344988479572,1.1814956638779937,,bolt,2084,2,42.71,False
q2,,0.16079217718340766,,at_regmap,0.002803364036844213,0.01962354825790949,0.06768121746095314,,,1.145091921725561,1.1599735159009203,,bolt,2497,2,42.71,False
q3,,0.16079217718340766,,at_regmap,0.004051565377532229,0.02136279926335175,0.06998158379373849,,,1.000317216277784,1.1519444860717636,,bolt,2715,2,42.71,False
q4,,0.16079217718340766,,at_regmap,0.003544956493715759,0.012246213341927168,0.056397035127296165,,,1.0808968215167782,1.0587493818608105,,bolt,3103,2,42.71,False
q5,,0.16079217718340766,,at_regmap,0.0007117437722419929,0.006405693950177936,0.036298932384341634,,,0.9758140131896326,0.9269116486162955,,bolt,2810,2,42.71,False
all,,0.03221208985017461,,at_regmap,0.002574002574002574,0.014081308198955257,0.05859641153758801,,,1.0533393179995751,1.07654206459458,10.240194004461165,bolt-spectral,13209,2,44.98,False
q1,,0.03221208985017461,,at_regmap,0.0004798464491362764,0.008157389635316698,0.05470249520153551,,,1.012256902143916,1.0234265653602397,,bolt-spectral,2084,2,44.98,False
q2,,0.03221208985017461,,at_regmap,0.0024028834601521826,0.016419703644373247,0.05566680016019223,,,1.0533393179995751,1.063642164088788,,bolt-spectral,2497,2,44.98,False
q3,,0.03221208985017461,,at_regmap,0.0033149171270718232,0.01878453038674033,0.06593001841620626,,,0.958931618210324,1.1038850386386232,,bolt-spectral,2715,2,44.98,False
q4,,0.03221208985017461,,at_regmap,0.004189494038027715,0.013857557202707057,0.058652916532388015,,,1.0864938413790224,1.0793398279532889,,bolt-spectral,3103,2,44.98,False
q5,,0.03221208985017461,,at_regmap,0.0017793594306049821,0.012099644128113879,0.05693950177935943,,,1.1552225886707874,1.097889437454252,,bolt-spectral,2810,2,44.98,False
all,,0.11190245979191675,,at_regmap,0.002195472783708078,0.012340071163600575,0.05148005148005148,1.278605016444947,True,0.9821504544101011,1.0123646318881676,9.226338399092928,kvik,13209,2,148.77,
q1,,0.11190245979191675,,at_regmap,0.0009596928982725527,0.01199616122840691,0.0647792706333973,1.278605016444947,True,1.0530455760551551,1.0871673698029503,,kvik,2084,2,148.77,
q2,,0.11190245979191675,,at_regmap,0.0024028834601521826,0.017220664797757308,0.05806968362034441,1.278605016444947,True,1.01840119217876,1.0764230812429814,,kvik,2497,2,148.77,
q3,,0.11190245979191675,,at_regmap,0.0033149171270718232,0.018047882136279926,0.060405156537753225,1.278605016444947,True,0.9257019158047806,1.0702568409609328,,kvik,2715,2,148.77,
q4,,0.11190245979191675,,at_regmap,0.003222687721559781,0.009990331936835321,0.04866258459555269,1.278605016444947,True,0.9981356948519647,0.9898580405335857,,kvik,3103,2,148.77,
q5,,0.11190245979191675,,at_regmap,0.0007117437722419929,0.005338078291814947,0.030249110320284697,1.278605016444947,True,0.9330421311923619,0.8688834046594603,,kvik,2810,2,148.77,
all,,0.03545047060303365,,at_regmap,0.002346884699825876,0.012642894995836172,0.05526534938299644,1.2781277163420397,True,1.0205299619035817,1.0461258986572302,9.683195360210792,kvik-spectral,13209,2,147.41,
q1,,0.03545047060303365,,at_regmap,0.0004798464491362764,0.0067178502879078695,0.05182341650671785,1.2781277163420397,True,0.9557442135401232,0.9837422779415445,,kvik-spectral,2084,2,147.41,
q2,,0.03545047060303365,,at_regmap,0.0024028834601521826,0.014016820184221065,0.05326391670004005,1.2781277163420397,True,0.9819162909692161,1.030846062594438,,kvik-spectral,2497,2,147.41,
q3,,0.03545047060303365,,at_regmap,0.0029465930018416206,0.01731123388581952,0.062246777163904234,1.2781277163420397,True,0.9285052457150601,1.071222030667092,,kvik-spectral,2715,2,147.41,
q4,,0.03545047060303365,,at_regmap,0.003544956493715759,0.013213019658395102,0.056074766355140186,1.2781277163420397,True,1.0557180752760498,1.0537409262123865,,kvik-spectral,3103,2,147.41,
q5,,0.03545047060303365,,at_regmap,0.0017793594306049821,0.010676156583629894,0.05195729537366548,1.2781277163420397,True,1.1406767687551398,1.073313011578887,,kvik-spectral,2810,2,147.41,
all,,,,at_regmap,0.0024225906578847754,0.015595427360133243,0.06495571201453554,,,1.0866360390074534,1.1161379041267478,8.886735368675026,exact,13209,3,3.82,
q1,,,,at_regmap,0.0019193857965451055,0.016794625719769675,0.0647792706333973,,,1.161624719631566,1.129767768613688,,exact,2084,3,3.82,
q2,,,,at_regmap,0.002002402883460152,0.014817781337605127,0.06167400881057269,,,1.0533837929011214,1.0904456901742008,,exact,2497,3,3.82,
q3,,,,at_regmap,0.0029465930018416206,0.013996316758747698,0.06850828729281767,,,1.0161707401599749,1.1162050701243011,,exact,2715,3,3.82,
q4,,,,at_regmap,0.0016113438607798904,0.016113438607798906,0.06123106670963584,,,1.0627619152859664,1.0976173632568456,,exact,3103,3,3.82,
q5,,,,at_regmap,0.0035587188612099642,0.016370106761565837,0.06868327402135231,,,1.1595260401600083,1.149246695331259,,exact,2810,3,3.82,
all,0.7244377885888569,0.15616618398420876,,at_regmap,0.0022711787417669773,0.01574683927625104,0.06359300476947535,,,1.0740585654691541,1.1073391556029613,8.400495856712874,bolt-inf,13209,3,29.66,
q1,0.7244377885888569,0.15616618398420876,,at_regmap,0.004318618042226488,0.022552783109404992,0.08349328214971209,,,1.3230627145206677,1.275275507561339,,bolt-inf,2084,3,29.66,
q2,0.7244377885888569,0.15616618398420876,,at_regmap,0.0024028834601521826,0.01962354825790949,0.07128554265118142,,,1.1331295225122942,1.166047516167962,,bolt-inf,2497,3,29.66,
q3,0.7244377885888569,0.15616618398420876,,at_regmap,0.002578268876611418,0.014732965009208104,0.0703499079189687,,,1.0407117269350117,1.1454563287462858,,bolt-inf,2715,3,29.66,
q4,0.7244377885888569,0.15616618398420876,,at_regmap,0.0016113438607798904,0.015468901063486949,0.05800837898807606,,,1.029246290803398,1.0633689077405704,,bolt-inf,3103,3,29.66,
q5,0.7244377885888569,0.15616618398420876,,at_regmap,0.0010676156583629894,0.008540925266903915,0.041637010676156584,,,0.9708362747834892,0.9423489136886566,,bolt-inf,2810,3,29.66,
all,0.9624016296617351,0.030120108113483427,,at_regmap,0.002195472783708078,0.015444015444015444,0.06412294647588765,,,1.0855934678989885,1.1117761098984906,8.880267570214533,bolt-inf-spectral,13209,3,27.71,
q1,0.9624016296617351,0.030120108113483427,,at_regmap,0.0014395393474088292,0.016314779270633396,0.06621880998080615,,,1.1628441914640655,1.1293168137165457,,bolt-inf-spectral,2084,3,27.71,
q2,0.9624016296617351,0.030120108113483427,,at_regmap,0.002002402883460152,0.015618742490989187,0.06087304765718863,,,1.0497595669811015,1.0890865361946225,,bolt-inf-spectral,2497,3,27.71,
q3,0.9624016296617351,0.030120108113483427,,at_regmap,0.0022099447513812156,0.013259668508287293,0.06666666666666667,,,1.0096943603262591,1.1108876346619054,,bolt-inf-spectral,2715,3,27.71,
q4,0.9624016296617351,0.030120108113483427,,at_regmap,0.0016113438607798904,0.015791169835642927,0.06058652916532388,,,1.0574146771811423,1.0919794253275452,,bolt-inf-spectral,3103,3,27.71,
q5,0.9624016296617351,0.030120108113483427,,at_regmap,0.0035587188612099642,0.016370106761565837,0.06690391459074733,,,1.1522038241271508,1.1416488363300574,,bolt-inf-spectral,2810,3,27.71,
all,,0.15616618398420876,,at_regmap,0.0022711787417669773,0.01574683927625104,0.06359300476947535,,,1.0740585654691541,1.1073391556029613,8.400495856712874,bolt,13209,3,41.07,False
q1,,0.15616618398420876,,at_regmap,0.004318618042226488,0.022552783109404992,0.08349328214971209,,,1.3230627145206677,1.275275507561339,,bolt,2084,3,41.07,False
q2,,0.15616618398420876,,at_regmap,0.0024028834601521826,0.01962354825790949,0.07128554265118142,,,1.1331295225122942,1.166047516167962,,bolt,2497,3,41.07,False
q3,,0.15616618398420876,,at_regmap,0.002578268876611418,0.014732965009208104,0.0703499079189687,,,1.0407117269350117,1.1454563287462858,,bolt,2715,3,41.07,False
q4,,0.15616618398420876,,at_regmap,0.0016113438607798904,0.015468901063486949,0.05800837898807606,,,1.029246290803398,1.0633689077405704,,bolt,3103,3,41.07,False
q5,,0.15616618398420876,,at_regmap,0.0010676156583629894,0.008540925266903915,0.041637010676156584,,,0.9708362747834892,0.9423489136886566,,bolt,2810,3,41.07,False
all,,0.030120108113483427,,at_regmap,0.002195472783708078,0.015444015444015444,0.06412294647588765,,,1.0855934678989885,1.1117761098984906,8.880267570214533,bolt-spectral,13209,3,41.79,False
q1,,0.030120108113483427,,at_regmap,0.0014395393474088292,0.016314779270633396,0.06621880998080615,,,1.1628441914640655,1.1293168137165457,,bolt-spectral,2084,3,41.79,False
q2,,0.030120108113483427,,at_regmap,0.002002402883460152,0.015618742490989187,0.06087304765718863,,,1.0497595669811015,1.0890865361946225,,bolt-spectral,2497,3,41.79,False
q3,,0.030120108113483427,,at_regmap,0.0022099447513812156,0.013259668508287293,0.06666666666666667,,,1.0096943603262591,1.1108876346619054,,bolt-spectral,2715,3,41.79,False
q4,,0.030120108113483427,,at_regmap,0.0016113438607798904,0.015791169835642927,0.06058652916532388,,,1.0574146771811423,1.0919794253275452,,bolt-spectral,3103,3,41.79,False
q5,,0.030120108113483427,,at_regmap,0.0035587188612099642,0.016370106761565837,0.06690391459074733,,,1.1522038241271508,1.1416488363300574,,bolt-spectral,2810,3,41.79,False
all,,0.088771573138612,,at_regmap,0.002649708532061473,0.017033840563252328,0.0694980694980695,1.3290946455453552,True,1.1082616062234343,1.1487633764013152,8.511131476268817,kvik,13209,3,139.07,
q1,,0.088771573138612,,at_regmap,0.0047984644913627635,0.023512476007677544,0.0854126679462572,1.3290946455453552,True,1.3176841854524086,1.2931811454064606,,kvik,2084,3,139.07,
q2,,0.088771573138612,,at_regmap,0.002803364036844213,0.020024028834601523,0.07529034841810173,1.3290946455453552,True,1.109562156202181,1.1877484952150925,,kvik,2497,3,139.07,
q3,,0.088771573138612,,at_regmap,0.0029465930018416206,0.016574585635359115,0.07550644567219153,1.3290946455453552,True,1.07376984432309,1.183457126119087,,kvik,2715,3,139.07,
q4,,0.088771573138612,,at_regmap,0.0022558814050918467,0.01675797615211086,0.0647760232033516,1.3290946455453552,True,1.09121242586624,1.1030980517274125,,kvik,3103,3,139.07,
q5,,0.088771573138612,,at_regmap,0.0010676156583629894,0.010320284697508897,0.05195729537366548,1.3290946455453552,True,1.0457714171354568,1.0239212054741422,,kvik,2810,3,139.07,
all,,0.02530234424790478,,at_regmap,0.002574002574002574,0.018623665682489212,0.07305624952683776,1.327678876437165,True,1.1377019224379634,1.1802131063439654,9.155102596513156,kvik-spectral,13209,3,142.66,
q1,,0.02530234424790478,,at_regmap,0.0014395393474088292,0.01871401151631478,0.06957773512476008,1.327678876437165,True,1.1863643645891537,1.1669780406831285,,kvik-spectral,2084,3,142.66,
q2,,0.02530234424790478,,at_regmap,0.002002402883460152,0.0184221065278334,0.06688025630756908,1.327678876437165,True,1.0579309515544193,1.1301023843823077,,kvik-spectral,2497,3,142.66,
q3,,0.02530234424790478,,at_regmap,0.0029465930018416206,0.016206261510128914,0.07476979742173112,1.327678876437165,True,1.0641987244204223,1.1692958211270932,,kvik-spectral,2715,3,142.66,
q4,,0.02530234424790478,,at_regmap,0.0019336126329358686,0.018691588785046728,0.06864324846922333,1.327678876437165,True,1.1587524888176302,1.154089090014754,,kvik-spectral,3103,3,142.66,
q5,,0.02530234424790478,,at_regmap,0.004270462633451958,0.02099644128113879,0.08434163701067615,1.327678876437165,True,1.2782554898208938,1.2739538898346394,,kvik-spectral,2810,3,142.66,
all,,,,at_regmap,0.0002271178741766977,0.006510712393065334,0.04451510333863275,,,0.9551383505626864,0.9490364239555327,14.576541809354078,exact,13209,4,3.75,
q1,,,,at_regmap,0.0,0.005758157389635317,0.05230326295585413,,,1.0032977451792902,1.0229169817972508,,exact,2084,4,3.75,
q2,,,,at_regmap,0.00040048057669203043,0.010812975570684821,0.04925911093311974,,,0.9792242866622556,0.9898280305370912,,exact,2497,4,3.75,
q3,,,,at_regmap,0.0,0.0066298342541436465,0.04714548802946593,,,0.9835092499879684,0.9648736264505557,,exact,2715,4,3.75,
q4,,,,at_regmap,0.0006445375443119562,0.005800837898807605,0.03802771511440541,,,0.9667985899793412,0.9207532619222967,,exact,3103,4,3.75,
q5,,,,at_regmap,0.0,0.003914590747330961,0.03914590747330961,,,0.8284601409915562,0.873926432083238,,exact,2810,4,3.75,
all,0.6873203986229954,0.10739408348029464,,at_regmap,0.0005299417064122947,0.009160420925126807,0.04565069270951624,,,0.9510703507328154,0.9645884581574904,14.7154985824888,bolt-inf,13209,4,29.08,
q1,0.6873203986229954,0.10739408348029464,,at_regmap,0.0004798464491362764,0.014875239923224568,0.07053742802303263,,,1.1515095130940423,1.176721254405847,,bolt-inf,2084,4,29.08,
q2,0.6873203986229954,0.10739408348029464,,at_regmap,0.0016019223067681217,0.016019223067681217,0.059671605927112535,,,1.076411411866563,1.0818495896898628,,bolt-inf,2497,4,29.08,
q3,0.6873203986229954,0.10739408348029464,,at_regmap,0.0,0.00847145488029466,0.049723756906077346,,,1.0182973785707128,1.0023111495097994,,bolt-inf,2715,4,29.08,
q4,0.6873203986229954,0.10739408348029464,,at_regmap,0.0006445375443119562,0.006123106670963584,0.03609410248146955,,,0.932687958774702,0.902858866024295,,bolt-inf,3103,4,29.08,
q5,0.6873203986229954,0.10739408348029464,,at_regmap,0.0,0.0028469750889679717,0.021352313167259787,,,0.6949177992336825,0.7347820612001519,,bolt-inf,2810,4,29.08,
all,0.9543735441981447,0.02969004110951386,,at_regmap,0.0002271178741766977,0.006662124309183132,0.044212279506397154,,,0.9489587317267195,0.9438613020342443,14.562999777130969,bolt-inf-spectral,13209,4,32.63,
q1,0.9543735441981447,0.02969004110951386,,at_regmap,0.0,0.0047984644913627635,0.05326295585412668,,,1.0151660222918153,1.0211915203370818,,bolt-inf-spectral,2084,4,32.63,
q2,0.9543735441981447,0.02969004110951386,,at_regmap,0.00040048057669203043,0.011213456147376852,0.0500600720865038,,,0.980906808005549,0.9895735076256531,,bolt-inf-spectral,2497,4,32.63,
q3,0.9543735441981447,0.02969004110951386,,at_regmap,0.0,0.006998158379373849,0.046777163904235725,,,0.9794020979154725,0.9591661496667446,,bolt-inf-spectral,2715,4,32.63,
q4,0.9543735441981447,0.02969004110951386,,at_regmap,0.0006445375443119562,0.006123106670963584,0.03706090879793748,,,0.95325941993081,0.9137512136247813,,bolt-inf-spectral,3103,4,32.63,
q5,0.9543735441981447,0.02969004110951386,,at_regmap,0.0,0.004270462633451958,0.03772241992882562,,,0.8221987863125608,0.8643521884070078,,bolt-inf-spectral,2810,4,32.63,
all,,0.10739408348029464,,at_regmap,0.0005299417064122947,0.009160420925126807,0.04565069270951624,,,0.9510703507328154,0.9645884581574904,14.7154985824888,bolt,13209,4,55.86,False
q1,,0.10739408348029464,,at_regmap,0.0004798464491362764,0.014875239923224568,0.07053742802303263,,,1.1515095130940423,1.176721254405847,,bolt,2084,4,55.86,False
q2,,0.10739408348029464,,at_regmap,0.0016019223067681217,0.016019223067681217,0.059671605927112535,,,1.076411411866563,1.0818495896898628,,bolt,2497,4,55.86,False
q3,,0.10739408348029464,,at_regmap,0.0,0.00847145488029466,0.049723756906077346,,,1.0182973785707128,1.0023111495097994,,bolt,2715,4,55.86,False
q4,,0.10739408348029464,,at_regmap,0.0006445375443119562,0.006123106670963584,0.03609410248146955,,,0.932687958774702,0.902858866024295,,bolt,3103,4,55.86,False
q5,,0.10739408348029464,,at_regmap,0.0,0.0028469750889679717,0.021352313167259787,,,0.6949177992336825,0.7347820612001519,,bolt,2810,4,55.86,False
all,,0.02969004110951386,,at_regmap,0.0002271178741766977,0.006662124309183132,0.044212279506397154,,,0.9489587317267195,0.9438613020342443,14.562999777130969,bolt-spectral,13209,4,62.18,False
q1,,0.02969004110951386,,at_regmap,0.0,0.0047984644913627635,0.05326295585412668,,,1.0151660222918153,1.0211915203370818,,bolt-spectral,2084,4,62.18,False
q2,,0.02969004110951386,,at_regmap,0.00040048057669203043,0.011213456147376852,0.0500600720865038,,,0.980906808005549,0.9895735076256531,,bolt-spectral,2497,4,62.18,False
q3,,0.02969004110951386,,at_regmap,0.0,0.006998158379373849,0.046777163904235725,,,0.9794020979154725,0.9591661496667446,,bolt-spectral,2715,4,62.18,False
q4,,0.02969004110951386,,at_regmap,0.0006445375443119562,0.006123106670963584,0.03706090879793748,,,0.95325941993081,0.9137512136247813,,bolt-spectral,3103,4,62.18,False
q5,,0.02969004110951386,,at_regmap,0.0,0.004270462633451958,0.03772241992882562,,,0.8221987863125608,0.8643521884070078,,bolt-spectral,2810,4,62.18,False
all,,0.10794238807122337,,at_regmap,0.0003028238322355969,0.006813536225300931,0.04171398289045348,1.3013175966989516,True,0.9080551876006179,0.9138682565817049,13.865530891736526,kvik,13209,4,142.38,
q1,,0.10794238807122337,,at_regmap,0.0,0.008157389635316698,0.0647792706333973,1.3013175966989516,True,1.0998586679255182,1.1011975051395222,,kvik,2084,4,142.38,
q2,,0.10794238807122337,,at_regmap,0.0012014417300760913,0.014016820184221065,0.05366439727673208,1.3013175966989516,True,0.9978120073914751,1.0162656446758358,,kvik,2497,4,142.38,
q3,,0.10794238807122337,,at_regmap,0.0,0.005893186003683241,0.04456721915285451,1.3013175966989516,True,0.9859086654970768,0.947811408137832,,kvik,2715,4,142.38,
q4,,0.10794238807122337,,at_regmap,0.0003222687721559781,0.004834031582339671,0.03319368353206574,1.3013175966989516,True,0.9161262370442309,0.8599149382873648,,kvik,3103,4,142.38,
q5,,0.10794238807122337,,at_regmap,0.0,0.002491103202846975,0.020640569395017794,1.3013175966989516,True,0.6650664502203738,0.7107298431037391,,kvik,2810,4,142.38,
all,,0.018176956594462095,,at_regmap,0.0002271178741766977,0.006359300476947536,0.04269816034521917,1.2986759860759705,True,0.9442895875003554,0.9343822658646783,14.32767747370111,kvik-spectral,13209,4,145.27,
q1,,0.018176956594462095,,at_regmap,0.0,0.004318618042226488,0.04990403071017274,1.2986759860759705,True,0.9934706273467143,0.9975297879659308,,kvik-spectral,2084,4,145.27,
q2,,0.018176956594462095,,at_regmap,0.00040048057669203043,0.012014417300760914,0.048458149779735685,1.2986759860759705,True,0.9609828561822946,0.9701621812791064,,kvik-spectral,2497,4,145.27,
q3,,0.018176956594462095,,at_regmap,0.0,0.0055248618784530384,0.04419889502762431,1.2986759860759705,True,0.9862737454340368,0.9464581915762925,,kvik-spectral,2715,4,145.27,
q4,,0.018176956594462095,,at_regmap,0.0006445375443119562,0.00515630035449565,0.03706090879793748,1.2986759860759705,True,0.9702436603885276,0.9079935238982934,,kvik-spectral,3103,4,145.27,
q5,,0.018176956594462095,,at_regmap,0.0,0.00498220640569395,0.03701067615658363,1.2986759860759705,True,0.8287783357873751,0.873227904001982,,kvik-spectral,2810,4,145.27,
all,,,,at_regmap,0.0005299417064122947,0.010068892421833599,0.05125293360587478,,,0.9918415339255852,1.009457293991166,8.948750477023417,exact,13209,5,4.03,
q1,,,,at_regmap,0.0004798464491362764,0.009596928982725527,0.05230326295585413,,,0.9441982450071498,0.9981042181750206,,exact,2084,5,4.03,
q2,,,,at_regmap,0.0016019223067681217,0.012815378454144974,0.05366439727673208,,,0.9596275905739937,1.0145663083458942,,exact,2497,5,4.03,
q3,,,,at_regmap,0.0007366482504604051,0.008103130755064457,0.05009208103130755,,,1.0009527120017119,1.013080278261648,,exact,2715,5,4.03,
q4,,,,at_regmap,0.0,0.01160167579761521,0.04930712213986465,,,1.0175645241077107,1.0034245760743212,,exact,3103,5,4.03,
q5,,,,at_regmap,0.0,0.008185053380782919,0.051601423487544484,,,1.042845985944653,1.016498476396398,,exact,2810,5,4.03,
all,0.7064491816543474,0.11496815174841213,,at_regmap,0.00098417745476569,0.01097736391854039,0.05238852297675827,,,1.001597584871287,1.022876780467846,8.750047112320885,bolt-inf,13209,5,26.36,
q1,0.7064491816543474,0.11496815174841213,,at_regmap,0.0019193857965451055,0.01583493282149712,0.07005758157389635,,,1.0904546091434506,1.149574211490747,,bolt-inf,2084,5,26.36,
q2,0.7064491816543474,0.11496815174841213,,at_regmap,0.0024028834601521826,0.016419703644373247,0.062474969963956746,,,1.0439677387156125,1.1066624416609654,,bolt-inf,2497,5,26.36,
q3,0.7064491816543474,0.11496815174841213,,at_regmap,0.0011049723756906078,0.009576427255985266,0.055248618784530384,,,1.0279578700909002,1.0550400023287512,,bolt-inf,2715,5,26.36,
q4,0.7064491816543474,0.11496815174841213,,at_regmap,0.0,0.010634869481147276,0.04737350950692878,,,0.994628463680992,0.9900497360348914,,bolt-inf,3103,5,26.36,
q5,0.7064491816543474,0.11496815174841213,,at_regmap,0.0,0.004270462633451958,0.03309608540925267,,,0.8593113460500155,0.8596344065433467,,bolt-inf,2810,5,26.36,
all,0.9486001657353799,0.027450959429517086,,at_regmap,0.0004542357483533954,0.009993186463774699,0.05117722764781588,,,0.994255440520478,1.0115736384071052,9.145307563509663,bolt-inf-spectral,13209,5,25.45,
q1,0.9486001657353799,0.027450959429517086,,at_regmap,0.0004798464491362764,0.009117082533589251,0.05326295585412668,,,0.9522306864170411,1.0052812741340744,,bolt-inf-spectral,2084,5,25.45,
q2,0.9486001657353799,0.027450959429517086,,at_regmap,0.0012014417300760913,0.013616339607529036,0.054064877853424106,,,0.9678452898962889,1.0199667936904362,,bolt-inf-spectral,2497,5,25.45,
q3,0.9486001657353799,0.027450959429517086,,at_regmap,0.0007366482504604051,0.0077348066298342545,0.050460405156537755,,,0.9982851103925753,1.0155071227051202,,bolt-inf-spectral,2715,5,25.45,
q4,0.9486001657353799,0.027450959429517086,,at_regmap,0.0,0.010957138253303255,0.04866258459555269,,,1.021539764376115,1.002437863417711,,bolt-inf-spectral,3103,5,25.45,
q5,0.9486001657353799,0.027450959429517086,,at_regmap,0.0,0.008540925266903915,0.050533807829181494,,,1.025793199872771,1.0150698940389558,,bolt-inf-spectral,2810,5,25.45,
all,,0.11496815174841213,,at_regmap,0.00098417745476569,0.01097736391854039,0.05238852297675827,,,1.001597584871287,1.022876780467846,8.750047112320885,bolt,13209,5,49.12,False
q1,,0.11496815174841213,,at_regmap,0.0019193857965451055,0.01583493282149712,0.07005758157389635,,,1.0904546091434506,1.149574211490747,,bolt,2084,5,49.12,False
q2,,0.11496815174841213,,at_regmap,0.0024028834601521826,0.016419703644373247,0.062474969963956746,,,1.0439677387156125,1.1066624416609654,,bolt,2497,5,49.12,False
q3,,0.11496815174841213,,at_regmap,0.0011049723756906078,0.009576427255985266,0.055248618784530384,,,1.0279578700909002,1.0550400023287512,,bolt,2715,5,49.12,False
q4,,0.11496815174841213,,at_regmap,0.0,0.010634869481147276,0.04737350950692878,,,0.994628463680992,0.9900497360348914,,bolt,3103,5,49.12,False
q5,,0.11496815174841213,,at_regmap,0.0,0.004270462633451958,0.03309608540925267,,,0.8593113460500155,0.8596344065433467,,bolt,2810,5,49.12,False
all,,0.027450959429517086,,at_regmap,0.0004542357483533954,0.009993186463774699,0.05117722764781588,,,0.994255440520478,1.0115736384071052,9.145307563509663,bolt-spectral,13209,5,41.73,False
q1,,0.027450959429517086,,at_regmap,0.0004798464491362764,0.009117082533589251,0.05326295585412668,,,0.9522306864170411,1.0052812741340744,,bolt-spectral,2084,5,41.73,False
q2,,0.027450959429517086,,at_regmap,0.0012014417300760913,0.013616339607529036,0.054064877853424106,,,0.9678452898962889,1.0199667936904362,,bolt-spectral,2497,5,41.73,False
q3,,0.027450959429517086,,at_regmap,0.0007366482504604051,0.0077348066298342545,0.050460405156537755,,,0.9982851103925753,1.0155071227051202,,bolt-spectral,2715,5,41.73,False
q4,,0.027450959429517086,,at_regmap,0.0,0.010957138253303255,0.04866258459555269,,,1.021539764376115,1.002437863417711,,bolt-spectral,3103,5,41.73,False
q5,,0.027450959429517086,,at_regmap,0.0,0.008540925266903915,0.050533807829181494,,,1.025793199872771,1.0150698940389558,,bolt-spectral,2810,5,41.73,False
all,,0.10315361381371546,,at_regmap,0.0005299417064122947,0.008100537512302218,0.04406086759027936,1.239436431796942,True,0.9192321272427082,0.9429881797707443,7.964571964475516,kvik,13209,5,136.41,
q1,,0.10315361381371546,,at_regmap,0.0004798464491362764,0.011516314779270634,0.05950095969289827,1.239436431796942,True,1.016853236406264,1.0469383719813041,,kvik,2084,5,136.41,
q2,,0.10315361381371546,,at_regmap,0.0016019223067681217,0.013616339607529036,0.05326391670004005,1.239436431796942,True,0.9551920069967756,1.015143007406536,,kvik,2497,5,136.41,
q3,,0.10315361381371546,,at_regmap,0.0007366482504604051,0.0066298342541436465,0.045303867403314914,1.239436431796942,True,0.9700021806456658,0.9726552419045027,,kvik,2715,5,136.41,
q4,,0.10315361381371546,,at_regmap,0.0,0.009023525620367387,0.04028359651949726,1.239436431796942,True,0.9089642935358263,0.9176899947508559,,kvik,3103,5,136.41,
q5,,0.10315361381371546,,at_regmap,0.0,0.0010676156583629894,0.027402135231316727,1.239436431796942,True,0.7812520047330164,0.801049172386467,,kvik,2810,5,136.41,
all,,0.025790930872631762,,at_regmap,0.0003785297902944962,0.009009009009009009,0.04746763570292982,1.2383913260106314,True,0.9664091942248364,0.9797767125075938,8.750108109682794,kvik-spectral,13209,5,144.37,
q1,,0.025790930872631762,,at_regmap,0.0004798464491362764,0.007197696737044146,0.04894433781190019,1.2383913260106314,True,0.9288985823381817,0.9613296963380977,,kvik-spectral,2084,5,144.37,
q2,,0.025790930872631762,,at_regmap,0.0012014417300760913,0.011213456147376852,0.051261513816579896,1.2383913260106314,True,0.9273382231959809,0.982205091940475,,kvik-spectral,2497,5,144.37,
q3,,0.025790930872631762,,at_regmap,0.00036832412523020257,0.0077348066298342545,0.04604051565377532,1.2383913260106314,True,0.9801292007006049,0.9827121054162296,,kvik-spectral,2715,5,144.37,
q4,,0.025790930872631762,,at_regmap,0.0,0.010957138253303255,0.045762165646148885,1.2383913260106314,True,0.9852814255267471,0.9752226393571539,,kvik-spectral,3103,5,144.37,
q5,,0.025790930872631762,,at_regmap,0.0,0.007473309608540925,0.046263345195729534,1.2383913260106314,True,0.9904748386925826,0.993492589906951,,kvik-spectral,2810,5,144.37,
all,,,,at_regmap,0.0008327655386478915,0.009084714967067909,0.048830342947990005,,,0.9910086077420989,0.9847594681770623,12.62973262775862,exact,13209,6,3.5,
q1,,,,at_regmap,0.0014395393474088292,0.01199616122840691,0.059021113243762,,,1.028063998826411,1.044424385147176,,exact,2084,6,3.5,
q2,,,,at_regmap,0.0012014417300760913,0.0092110532639167,0.05606728073688426,,,1.0455047350829236,1.0544117651445697,,exact,2497,6,3.5,
q3,,,,at_regmap,0.0011049723756906078,0.007366482504604052,0.04567219152854512,,,0.9565993280113457,0.9840713682216827,,exact,2715,6,3.5,
q4,,,,at_regmap,0.0006445375443119562,0.008056719303899453,0.04092813406380922,,,0.963189166275177,0.9224050668279701,,exact,3103,6,3.5,
q5,,,,at_regmap,0.0,0.009608540925266904,0.04661921708185053,,,0.981010234290553,0.9481368440743948,,exact,2810,6,3.5,
all,0.6917929343336465,0.13094034198817098,,at_regmap,0.0009084714967067908,0.009993186463774699,0.05170716935422818,,,0.976765057949409,0.9977361862359757,13.187937317293446,bolt-inf,13209,6,26.77,
q1,0.6917929343336465,0.13094034198817098,,at_regmap,0.0023992322456813818,0.018234165067178502,0.07917466410748561,,,1.196671287301277,1.204071629113442,,bolt-inf,2084,6,26.77,
q2,0.6917929343336465,0.13094034198817098,,at_regmap,0.0012014417300760913,0.014817781337605127,0.06968362034441329,,,1.1475456520284921,1.148976379536199,,bolt-inf,2497,6,26.77,
q3,0.6917929343336465,0.13094034198817098,,at_regmap,0.0011049723756906078,0.00847145488029466,0.049723756906077346,,,0.990926540139623,1.021236301351371,,bolt-inf,2715,6,26.77,
q4,0.6917929343336465,0.13094034198817098,,at_regmap,0.0003222687721559781,0.00676764421527554,0.03931679020302933,,,0.9285761494829732,0.9007401995649847,,bolt-inf,3103,6,26.77,
q5,0.6917929343336465,0.13094034198817098,,at_regmap,0.0,0.004626334519572953,0.03096085409252669,,,0.8007683686775018,0.7947204953016299,,bolt-inf,2810,6,26.77,
all,0.9584217127744954,0.024406000666300658,,at_regmap,0.0006813536225300931,0.008781891134832312,0.04830040124157771,,,0.9815165456506922,0.9785592829257395,12.62662516620576,bolt-inf-spectral,13209,6,33.31,
q1,0.9584217127744954,0.024406000666300658,,at_regmap,0.0004798464491362764,0.012955854126679463,0.060460652591170824,,,1.0286519873881896,1.0439033411098781,,bolt-inf-spectral,2084,6,33.31,
q2,0.9584217127744954,0.024406000666300658,,at_regmap,0.0012014417300760913,0.0092110532639167,0.05566680016019223,,,1.051214900189697,1.05131412027545,,bolt-inf-spectral,2497,6,33.31,
q3,0.9584217127744954,0.024406000666300658,,at_regmap,0.0011049723756906078,0.007366482504604052,0.04567219152854512,,,0.9468435432413825,0.9770178807299303,,bolt-inf-spectral,2715,6,33.31,
q4,0.9584217127744954,0.024406000666300658,,at_regmap,0.0006445375443119562,0.007412181759587496,0.04060586529165324,,,0.9403134779919502,0.9147696803742575,,bolt-inf-spectral,3103,6,33.31,
q5,0.9584217127744954,0.024406000666300658,,at_regmap,0.0,0.008185053380782919,0.043772241992882564,,,0.970642775631507,0.9373771468264149,,bolt-inf-spectral,2810,6,33.31,
all,,0.13094034198817098,,at_regmap,0.0009084714967067908,0.009993186463774699,0.05170716935422818,,,0.976765057949409,0.9977361862359757,13.187937317293446,bolt,13209,6,49.82,False
q1,,0.13094034198817098,,at_regmap,0.0023992322456813818,0.018234165067178502,0.07917466410748561,,,1.196671287301277,1.204071629113442,,bolt,2084,6,49.82,False
q2,,0.13094034198817098,,at_regmap,0.0012014417300760913,0.014817781337605127,0.06968362034441329,,,1.1475456520284921,1.148976379536199,,bolt,2497,6,49.82,False
q3,,0.13094034198817098,,at_regmap,0.0011049723756906078,0.00847145488029466,0.049723756906077346,,,0.990926540139623,1.021236301351371,,bolt,2715,6,49.82,False
q4,,0.13094034198817098,,at_regmap,0.0003222687721559781,0.00676764421527554,0.03931679020302933,,,0.9285761494829732,0.9007401995649847,,bolt,3103,6,49.82,False
q5,,0.13094034198817098,,at_regmap,0.0,0.004626334519572953,0.03096085409252669,,,0.8007683686775018,0.7947204953016299,,bolt,2810,6,49.82,False
all,,0.024406000666300658,,at_regmap,0.0006813536225300931,0.008781891134832312,0.04830040124157771,,,0.9815165456506922,0.9785592829257395,12.62662516620576,bolt-spectral,13209,6,44.53,False
q1,,0.024406000666300658,,at_regmap,0.0004798464491362764,0.012955854126679463,0.060460652591170824,,,1.0286519873881896,1.0439033411098781,,bolt-spectral,2084,6,44.53,False
q2,,0.024406000666300658,,at_regmap,0.0012014417300760913,0.0092110532639167,0.05566680016019223,,,1.051214900189697,1.05131412027545,,bolt-spectral,2497,6,44.53,False
q3,,0.024406000666300658,,at_regmap,0.0011049723756906078,0.007366482504604052,0.04567219152854512,,,0.9468435432413825,0.9770178807299303,,bolt-spectral,2715,6,44.53,False
q4,,0.024406000666300658,,at_regmap,0.0006445375443119562,0.007412181759587496,0.04060586529165324,,,0.9403134779919502,0.9147696803742575,,bolt-spectral,3103,6,44.53,False
q5,,0.024406000666300658,,at_regmap,0.0,0.008185053380782919,0.043772241992882564,,,0.970642775631507,0.9373771468264149,,bolt-spectral,2810,6,44.53,False
all,,0.14497949655980255,,at_regmap,0.0010598834128245894,0.009009009009009009,0.04754334166098872,1.2742755892448663,True,0.9832212843181336,0.9754890633905556,12.922938331924318,kvik,13209,6,138.85,
q1,,0.14497949655980255,,at_regmap,0.0033589251439539347,0.01583493282149712,0.06765834932821498,1.2742755892448663,True,1.151129379506638,1.1583361609125067,,kvik,2084,6,138.85,
q2,,0.14497949655980255,,at_regmap,0.0012014417300760913,0.012414897877452943,0.06527833400080096,1.2742755892448663,True,1.1475453220250826,1.1117629940392222,,kvik,2497,6,138.85,
q3,,0.14497949655980255,,at_regmap,0.0011049723756906078,0.0077348066298342545,0.04714548802946593,1.2742755892448663,True,0.9939090722045026,0.9999426687077525,,kvik,2715,6,138.85,
q4,,0.14497949655980255,,at_regmap,0.0003222687721559781,0.00676764421527554,0.037383177570093455,1.2742755892448663,True,0.9037917243968815,0.8814840125824148,,kvik,3103,6,138.85,
q5,,0.14497949655980255,,at_regmap,0.0,0.004626334519572953,0.028469750889679714,1.2742755892448663,True,0.8075685163003216,0.7989683438731198,,kvik,2810,6,138.85,
all,,0.030984857684862047,,at_regmap,0.0006056476644711938,0.008706185176773412,0.045726398667575135,1.273062424403545,True,0.9818599169433264,0.9622605345083313,12.449455959643736,kvik-spectral,13209,6,140.86,
q1,,0.030984857684862047,,at_regmap,0.0004798464491362764,0.011036468330134356,0.051343570057581576,1.273062424403545,True,1.0083591459259367,1.0085911180480696,,kvik-spectral,2084,6,140.86,
q2,,0.030984857684862047,,at_regmap,0.0008009611533840609,0.00881057268722467,0.051261513816579896,1.273062424403545,True,1.062806362598623,1.021467352978035,,kvik-spectral,2497,6,140.86,
q3,,0.030984857684862047,,at_regmap,0.0011049723756906078,0.0066298342541436465,0.0430939226519337,1.273062424403545,True,0.9508595385512019,0.9606185572815871,,kvik-spectral,2715,6,140.86,
q4,,0.030984857684862047,,at_regmap,0.0003222687721559781,0.007734450531743474,0.04028359651949726,1.273062424403545,True,0.9231456391152006,0.8993594853475528,,kvik-spectral,3103,6,140.86,
q5,,0.030984857684862047,,at_regmap,0.00035587188612099647,0.0099644128113879,0.04519572953736655,1.273062424403545,True,0.970784069633147,0.9463343999534707,,kvik-spectral,2810,6,140.86,
